repeat,outer_fold,graph_id,parent_edc_group,y_true,predicted_probability_edc,selected_threshold,y_pred
1,1,2,2,1,0.5732819437980652,0.5099999999999999,1
1,1,10,10,1,0.5243672728538513,0.5099999999999999,1
1,1,12,12,1,0.560272753238678,0.5099999999999999,1
1,1,17,17,1,0.539652943611145,0.5099999999999999,1
1,1,18,18,1,0.5602726936340332,0.5099999999999999,1
1,1,19,19,1,0.539652943611145,0.5099999999999999,1
1,1,23,23,1,0.5453222393989563,0.5099999999999999,1
1,1,29,29,1,0.5188136696815491,0.5099999999999999,1
1,1,35,35,1,0.5453222393989563,0.5099999999999999,1
1,1,37,37,1,0.5453222393989563,0.5099999999999999,1
1,1,50,50,1,0.5259958505630493,0.5099999999999999,1
1,1,51,51,1,0.4995712339878082,0.5099999999999999,0
1,1,52,52,1,0.5132721066474915,0.5099999999999999,1
1,1,54,54,1,0.5175759196281433,0.5099999999999999,1
1,1,69,69,1,0.5211289525032043,0.5099999999999999,1
1,1,74,74,1,0.5453222393989563,0.5099999999999999,1
1,1,77,77,1,0.5162197351455688,0.5099999999999999,1
1,1,107,2,0,0.49208858609199524,0.5099999999999999,0
1,1,108,2,0,0.49208858609199524,0.5099999999999999,0
1,1,109,2,0,0.47949668765068054,0.5099999999999999,0
1,1,110,2,0,0.49368464946746826,0.5099999999999999,0
1,1,111,2,0,0.49464601278305054,0.5099999999999999,0
1,1,112,2,0,0.4778391718864441,0.5099999999999999,0
1,1,113,2,0,0.4824724495410919,0.5099999999999999,0
1,1,114,2,0,0.48155972361564636,0.5099999999999999,0
1,1,115,2,0,0.49335721135139465,0.5099999999999999,0
1,1,116,2,0,0.49335724115371704,0.5099999999999999,0
1,1,187,10,0,0.4918663203716278,0.5099999999999999,0
1,1,188,10,0,0.4931349456310272,0.5099999999999999,0
1,1,189,10,0,0.5099347829818726,0.5099999999999999,0
1,1,190,10,0,0.4762459397315979,0.5099999999999999,0
1,1,191,10,0,0.4771374762058258,0.5099999999999999,0
1,1,192,10,0,0.49609214067459106,0.5099999999999999,0
1,1,193,10,0,0.47713765501976013,0.5099999999999999,0
1,1,194,10,0,0.47563356161117554,0.5099999999999999,0
1,1,195,10,0,0.4927907884120941,0.5099999999999999,0
1,1,196,10,0,0.4762463867664337,0.5099999999999999,0
1,1,207,12,0,0.47554588317871094,0.5099999999999999,0
1,1,208,12,0,0.4760240614414215,0.5099999999999999,0
1,1,209,12,0,0.476024329662323,0.5099999999999999,0
1,1,210,12,0,0.4925680458545685,0.5099999999999999,0
1,1,211,12,0,0.4755459129810333,0.5099999999999999,0
1,1,212,12,0,0.47554588317871094,0.5099999999999999,0
1,1,213,12,0,0.4981670677661896,0.5099999999999999,0
1,1,214,12,0,0.47554564476013184,0.5099999999999999,0
1,1,215,12,0,0.4762461185455322,0.5099999999999999,0
1,1,216,12,0,0.476246178150177,0.5099999999999999,0
1,1,257,17,0,0.492089182138443,0.5099999999999999,0
1,1,258,17,0,0.49208855628967285,0.5099999999999999,0
1,1,259,17,0,0.49256888031959534,0.5099999999999999,0
1,1,260,17,0,0.49208885431289673,0.5099999999999999,0
1,1,261,17,0,0.47694677114486694,0.5099999999999999,0
1,1,262,17,0,0.4983898997306824,0.5099999999999999,0
1,1,263,17,0,0.476947546005249,0.5099999999999999,0
1,1,264,17,0,0.49138665199279785,0.5099999999999999,0
1,1,265,17,0,0.49327000975608826,0.5099999999999999,0
1,1,266,17,0,0.47764822840690613,0.5099999999999999,0
1,1,267,18,0,0.49082064628601074,0.5099999999999999,0
1,1,268,18,0,0.49368444085121155,0.5099999999999999,0
1,1,269,18,0,0.47713765501976013,0.5099999999999999,0
1,1,270,18,0,0.4767289459705353,0.5099999999999999,0
1,1,271,18,0,0.4920893609523773,0.5099999999999999,0
1,1,272,18,0,0.496795117855072,0.5099999999999999,0
1,1,273,18,0,0.48018860816955566,0.5099999999999999,0
1,1,274,18,0,0.47672486305236816,0.5099999999999999,0
1,1,275,18,0,0.4762461185455322,0.5099999999999999,0
1,1,276,18,0,0.4762461185455322,0.5099999999999999,0
1,1,277,19,0,0.47624748945236206,0.5099999999999999,0
1,1,278,19,0,0.4951840341091156,0.5099999999999999,0
1,1,279,19,0,0.4755461513996124,0.5099999999999999,0
1,1,280,19,0,0.4920891225337982,0.5099999999999999,0
1,1,281,19,0,0.47554564476013184,0.5099999999999999,0
1,1,282,19,0,0.4762461185455322,0.5099999999999999,0
1,1,283,19,0,0.4762463867664337,0.5099999999999999,0
1,1,284,19,0,0.49679499864578247,0.5099999999999999,0
1,1,285,19,0,0.49208885431289673,0.5099999999999999,0
1,1,286,19,0,0.48190534114837646,0.5099999999999999,0
1,1,317,23,0,0.47554564476013184,0.5099999999999999,0
1,1,318,23,0,0.49138686060905457,0.5099999999999999,0
1,1,319,23,0,0.47554561495780945,0.5099999999999999,0
1,1,320,23,0,0.476024329662323,0.5099999999999999,0
1,1,321,23,0,0.4760241210460663,0.5099999999999999,0
1,1,322,23,0,0.47554588317871094,0.5099999999999999,0
1,1,323,23,0,0.47554564476013184,0.5099999999999999,0
1,1,324,23,0,0.49289533495903015,0.5099999999999999,0
1,1,325,23,0,0.47694647312164307,0.5099999999999999,0
1,1,326,23,0,0.47554585337638855,0.5099999999999999,0
1,1,377,29,0,0.5139616131782532,0.5099999999999999,1
1,1,378,29,0,0.4925680160522461,0.5099999999999999,0
1,1,379,29,0,0.49209046363830566,0.5099999999999999,0
1,1,380,29,0,0.49209046363830566,0.5099999999999999,0
1,1,381,29,0,0.4925682842731476,0.5099999999999999,0
1,1,382,29,0,0.4925685226917267,0.5099999999999999,0
1,1,383,29,0,0.49635693430900574,0.5099999999999999,0
1,1,384,29,0,0.4762458801269531,0.5099999999999999,0
1,1,385,29,0,0.4762458801269531,0.5099999999999999,0
1,1,386,29,0,0.476024329662323,0.5099999999999999,0
1,1,437,35,0,0.4771377444267273,0.5099999999999999,0
1,1,438,35,0,0.47554564476013184,0.5099999999999999,0
1,1,439,35,0,0.47554564476013184,0.5099999999999999,0
1,1,440,35,0,0.5020748972892761,0.5099999999999999,0
1,1,441,35,0,0.47554564476013184,0.5099999999999999,0
1,1,442,35,0,0.4760243594646454,0.5099999999999999,0
1,1,443,35,0,0.5012319684028625,0.5099999999999999,0
1,1,444,35,0,0.5188136696815491,0.5099999999999999,1
1,1,445,35,0,0.47554585337638855,0.5099999999999999,0
1,1,446,35,0,0.47672438621520996,0.5099999999999999,0
1,1,457,37,0,0.47554564476013184,0.5099999999999999,0
1,1,458,37,0,0.4817814826965332,0.5099999999999999,0
1,1,459,37,0,0.4925687313079834,0.5099999999999999,0
1,1,460,37,0,0.4760243594646454,0.5099999999999999,0
1,1,461,37,0,0.4760245680809021,0.5099999999999999,0
1,1,462,37,0,0.476024329662323,0.5099999999999999,0
1,1,463,37,0,0.4822600781917572,0.5099999999999999,0
1,1,464,37,0,0.4760245680809021,0.5099999999999999,0
1,1,465,37,0,0.495344877243042,0.5099999999999999,0
1,1,466,37,0,0.4760245680809021,0.5099999999999999,0
1,1,587,50,0,0.4760245978832245,0.5099999999999999,0
1,1,588,50,0,0.476024329662323,0.5099999999999999,0
1,1,589,50,0,0.49311694502830505,0.5099999999999999,0
1,1,590,50,0,0.4771374762058258,0.5099999999999999,0
1,1,591,50,0,0.5119497776031494,0.5099999999999999,1
1,1,592,50,0,0.47554588317871094,0.5099999999999999,0
1,1,593,50,0,0.49768751859664917,0.5099999999999999,0
1,1,594,50,0,0.4755459129810333,0.5099999999999999,0
1,1,595,50,0,0.4760245680809021,0.5099999999999999,0
1,1,596,50,0,0.47554564476013184,0.5099999999999999,0
1,1,597,51,0,0.5099350214004517,0.5099999999999999,0
1,1,598,51,0,0.49304720759391785,0.5099999999999999,0
1,1,599,51,0,0.49138692021369934,0.5099999999999999,0
1,1,600,51,0,0.4969310164451599,0.5099999999999999,0
1,1,601,51,0,0.47878673672676086,0.5099999999999999,0
1,1,602,51,0,0.49346163868904114,0.5099999999999999,0
1,1,603,51,0,0.49304720759391785,0.5099999999999999,0
1,1,604,51,0,0.4969310164451599,0.5099999999999999,0
1,1,605,51,0,0.4771380126476288,0.5099999999999999,0
1,1,606,51,0,0.4760245680809021,0.5099999999999999,0
1,1,607,52,0,0.4760245978832245,0.5099999999999999,0
1,1,608,52,0,0.4944809377193451,0.5099999999999999,0
1,1,609,52,0,0.4760240614414215,0.5099999999999999,0
1,1,610,52,0,0.49416354298591614,0.5099999999999999,0
1,1,611,52,0,0.4776165783405304,0.5099999999999999,0
1,1,612,52,0,0.47554564476013184,0.5099999999999999,0
1,1,613,52,0,0.47554564476013184,0.5099999999999999,0
1,1,614,52,0,0.49590378999710083,0.5099999999999999,0
1,1,615,52,0,0.4979780614376068,0.5099999999999999,0
1,1,616,52,0,0.49544379115104675,0.5099999999999999,0
1,1,627,54,0,0.47554564476013184,0.5099999999999999,0
1,1,628,54,0,0.49811258912086487,0.5099999999999999,0
1,1,629,54,0,0.47554564476013184,0.5099999999999999,0
1,1,630,54,0,0.47554564476013184,0.5099999999999999,0
1,1,631,54,0,0.47554564476013184,0.5099999999999999,0
1,1,632,54,0,0.47554561495780945,0.5099999999999999,0
1,1,633,54,0,0.47554564476013184,0.5099999999999999,0
1,1,634,54,0,0.47554564476013184,0.5099999999999999,0
1,1,635,54,0,0.47554564476013184,0.5099999999999999,0
1,1,636,54,0,0.47554564476013184,0.5099999999999999,0
1,1,777,69,0,0.4930488169193268,0.5099999999999999,0
1,1,778,69,0,0.4925682842731476,0.5099999999999999,0
1,1,779,69,0,0.49208885431289673,0.5099999999999999,0
1,1,780,69,0,0.4762463867664337,0.5099999999999999,0
1,1,781,69,0,0.4925715923309326,0.5099999999999999,0
1,1,782,69,0,0.476947158575058,0.5099999999999999,0
1,1,783,69,0,0.47554564476013184,0.5099999999999999,0
1,1,784,69,0,0.5127391219139099,0.5099999999999999,1
1,1,785,69,0,0.47554588317871094,0.5099999999999999,0
1,1,786,69,0,0.4918665885925293,0.5099999999999999,0
1,1,827,74,0,0.47554588317871094,0.5099999999999999,0
1,1,828,74,0,0.49208950996398926,0.5099999999999999,0
1,1,829,74,0,0.4976879358291626,0.5099999999999999,0
1,1,830,74,0,0.49304789304733276,0.5099999999999999,0
1,1,831,74,0,0.476246178150177,0.5099999999999999,0
1,1,832,74,0,0.476246178150177,0.5099999999999999,0
1,1,833,74,0,0.47554588317871094,0.5099999999999999,0
1,1,834,74,0,0.4755459129810333,0.5099999999999999,0
1,1,835,74,0,0.4778386056423187,0.5099999999999999,0
1,1,836,74,0,0.47624656558036804,0.5099999999999999,0
1,1,857,77,0,0.49138692021369934,0.5099999999999999,0
1,1,858,77,0,0.476024329662323,0.5099999999999999,0
1,1,859,77,0,0.49138692021369934,0.5099999999999999,0
1,1,860,77,0,0.4760240614414215,0.5099999999999999,0
1,1,861,77,0,0.49304822087287903,0.5099999999999999,0
1,1,862,77,0,0.49298250675201416,0.5099999999999999,0
1,1,863,77,0,0.47554561495780945,0.5099999999999999,0
1,1,864,77,0,0.4918660521507263,0.5099999999999999,0
1,1,865,77,0,0.4760243594646454,0.5099999999999999,0
1,1,866,77,0,0.4762461185455322,0.5099999999999999,0
1,2,6,6,1,0.565732479095459,0.49499999999999994,1
1,2,7,7,1,0.5272507071495056,0.49499999999999994,1
1,2,15,15,1,0.565732479095459,0.49499999999999994,1
1,2,16,16,1,0.5480648279190063,0.49499999999999994,1
1,2,20,20,1,0.5480648279190063,0.49499999999999994,1
1,2,24,24,1,0.550558865070343,0.49499999999999994,1
1,2,25,25,1,0.565732479095459,0.49499999999999994,1
1,2,31,31,1,0.5505589246749878,0.49499999999999994,1
1,2,34,34,1,0.550558865070343,0.49499999999999994,1
1,2,48,48,1,0.5253862738609314,0.49499999999999994,1
1,2,57,57,1,0.5672087073326111,0.49499999999999994,1
1,2,60,60,1,0.5219506025314331,0.49499999999999994,1
1,2,71,71,1,0.5102499723434448,0.49499999999999994,1
1,2,73,73,1,0.550558865070343,0.49499999999999994,1
1,2,75,75,1,0.5282102823257446,0.49499999999999994,1
1,2,76,76,1,0.5282102823257446,0.49499999999999994,1
1,2,147,6,0,0.49391651153564453,0.49499999999999994,0
1,2,148,6,0,0.4959608316421509,0.49499999999999994,1
1,2,149,6,0,0.5069714188575745,0.49499999999999994,1
1,2,150,6,0,0.5067704319953918,0.49499999999999994,1
1,2,151,6,0,0.5062747001647949,0.49499999999999994,1
1,2,152,6,0,0.5069319605827332,0.49499999999999994,1
1,2,153,6,0,0.5060747861862183,0.49499999999999994,1
1,2,154,6,0,0.4945354759693146,0.49499999999999994,0
1,2,155,6,0,0.5056561231613159,0.49499999999999994,1
1,2,156,6,0,0.5085895657539368,0.49499999999999994,1
1,2,157,7,0,0.4931308627128601,0.49499999999999994,0
1,2,158,7,0,0.49313127994537354,0.49499999999999994,0
1,2,159,7,0,0.49291831254959106,0.49499999999999994,0
1,2,160,7,0,0.5062747597694397,0.49499999999999994,1
1,2,161,7,0,0.5056559443473816,0.49499999999999994,1
1,2,162,7,0,0.5056559443473816,0.49499999999999994,1
1,2,163,7,0,0.506931722164154,0.49499999999999994,1
1,2,164,7,0,0.49375030398368835,0.49499999999999994,0
1,2,165,7,0,0.5069321393966675,0.49499999999999994,1
1,2,166,7,0,0.506275475025177,0.49499999999999994,1
1,2,237,15,0,0.505656361579895,0.49499999999999994,1
1,2,238,15,0,0.4939163029193878,0.49499999999999994,0
1,2,239,15,0,0.49353665113449097,0.49499999999999994,0
1,2,240,15,0,0.5253862142562866,0.49499999999999994,1
1,2,241,15,0,0.5076791048049927,0.49499999999999994,1
1,2,242,15,0,0.5261995792388916,0.49499999999999994,1
1,2,243,15,0,0.5062751770019531,0.49499999999999994,1
1,2,244,15,0,0.5245426893234253,0.49499999999999994,1
1,2,245,15,0,0.494535356760025,0.49499999999999994,0
1,2,246,15,0,0.5062747597694397,0.49499999999999994,1
1,2,247,16,0,0.5066933035850525,0.49499999999999994,1
1,2,248,16,0,0.5060749650001526,0.49499999999999994,1
1,2,249,16,0,0.5062747597694397,0.49499999999999994,1
1,2,250,16,0,0.49251267313957214,0.49499999999999994,0
1,2,251,16,0,0.4925125241279602,0.49499999999999994,0
1,2,252,16,0,0.5062749981880188,0.49499999999999994,1
1,2,253,16,0,0.4951760172843933,0.49499999999999994,1
1,2,254,16,0,0.5080972909927368,0.49499999999999994,1
1,2,255,16,0,0.5076789855957031,0.49499999999999994,1
1,2,256,16,0,0.5062748789787292,0.49499999999999994,1
1,2,287,20,0,0.5251628160476685,0.49499999999999994,1
1,2,288,20,0,0.5066957473754883,0.49499999999999994,1
1,2,289,20,0,0.5247791409492493,0.49499999999999994,1
1,2,290,20,0,0.4931311011314392,0.49499999999999994,0
1,2,291,20,0,0.550558865070343,0.49499999999999994,1
1,2,292,20,0,0.4925123453140259,0.49499999999999994,0
1,2,293,20,0,0.49291789531707764,0.49499999999999994,0
1,2,294,20,0,0.5127375721931458,0.49499999999999994,1
1,2,295,20,0,0.4925123453140259,0.49499999999999994,0
1,2,296,20,0,0.49391672015190125,0.49499999999999994,0
1,2,327,24,0,0.4925125241279602,0.49499999999999994,0
1,2,328,24,0,0.4925125241279602,0.49499999999999994,0
1,2,329,24,0,0.49291789531707764,0.49499999999999994,0
1,2,330,24,0,0.4925125241279602,0.49499999999999994,0
1,2,331,24,0,0.5079153776168823,0.49499999999999994,1
1,2,332,24,0,0.49291810393333435,0.49499999999999994,0
1,2,333,24,0,0.49291807413101196,0.49499999999999994,0
1,2,334,24,0,0.49291813373565674,0.49499999999999994,0
1,2,335,24,0,0.4925125241279602,0.49499999999999994,0
1,2,336,24,0,0.49291807413101196,0.49499999999999994,0
1,2,337,25,0,0.49251237511634827,0.49499999999999994,0
1,2,338,25,0,0.4925123453140259,0.49499999999999994,0
1,2,339,25,0,0.4925123453140259,0.49499999999999994,0
1,2,340,25,0,0.4925123453140259,0.49499999999999994,0
1,2,341,25,0,0.4925125241279602,0.49499999999999994,0
1,2,342,25,0,0.550558865070343,0.49499999999999994,1
1,2,343,25,0,0.5062745213508606,0.49499999999999994,1
1,2,344,25,0,0.5062748789787292,0.49499999999999994,1
1,2,345,25,0,0.5066933035850525,0.49499999999999994,1
1,2,346,25,0,0.5062747597694397,0.49499999999999994,1
1,2,397,31,0,0.49291789531707764,0.49499999999999994,0
1,2,398,31,0,0.49291810393333435,0.49499999999999994,0
1,2,399,31,0,0.49291807413101196,0.49499999999999994,0
1,2,400,31,0,0.49353644251823425,0.49499999999999994,0
1,2,401,31,0,0.4925125241279602,0.49499999999999994,0
1,2,402,31,0,0.49291810393333435,0.49499999999999994,0
1,2,403,31,0,0.49291789531707764,0.49499999999999994,0
1,2,404,31,0,0.49291789531707764,0.49499999999999994,0
1,2,405,31,0,0.4939160645008087,0.49499999999999994,0
1,2,406,31,0,0.5056561231613159,0.49499999999999994,1
1,2,427,34,0,0.5236234068870544,0.49499999999999994,1
1,2,428,34,0,0.5236230492591858,0.49499999999999994,1
1,2,429,34,0,0.4925125241279602,0.49499999999999994,0
1,2,430,34,0,0.4925125539302826,0.49499999999999994,0
1,2,431,34,0,0.49291810393333435,0.49499999999999994,0
1,2,432,34,0,0.4925125241279602,0.49499999999999994,0
1,2,433,34,0,0.4925123453140259,0.49499999999999994,0
1,2,434,34,0,0.521471381187439,0.49499999999999994,1
1,2,435,34,0,0.4925125241279602,0.49499999999999994,0
1,2,436,34,0,0.4925125241279602,0.49499999999999994,0
1,2,567,48,0,0.49291810393333435,0.49499999999999994,0
1,2,568,48,0,0.4939163029193878,0.49499999999999994,0
1,2,569,48,0,0.4925123453140259,0.49499999999999994,0
1,2,570,48,0,0.5096792578697205,0.49499999999999994,1
1,2,571,48,0,0.4949404001235962,0.49499999999999994,0
1,2,572,48,0,0.49291789531707764,0.49499999999999994,0
1,2,573,48,0,0.4925130307674408,0.49499999999999994,0
1,2,574,48,0,0.49251309037208557,0.49499999999999994,0
1,2,575,48,0,0.49291807413101196,0.49499999999999994,0
1,2,576,48,0,0.4925123155117035,0.49499999999999994,0
1,2,657,57,0,0.5248430967330933,0.49499999999999994,1
1,2,658,57,0,0.5060744881629944,0.49499999999999994,1
1,2,659,57,0,0.4935366213321686,0.49499999999999994,0
1,2,660,57,0,0.4925123453140259,0.49499999999999994,0
1,2,661,57,0,0.49291789531707764,0.49499999999999994,0
1,2,662,57,0,0.49291789531707764,0.49499999999999994,0
1,2,663,57,0,0.49291789531707764,0.49499999999999994,0
1,2,664,57,0,0.5058928728103638,0.49499999999999994,1
1,2,665,57,0,0.4925123453140259,0.49499999999999994,0
1,2,666,57,0,0.4925123453140259,0.49499999999999994,0
1,2,687,60,0,0.49391624331474304,0.49499999999999994,0
1,2,688,60,0,0.49291789531707764,0.49499999999999994,0
1,2,689,60,0,0.49291789531707764,0.49499999999999994,0
1,2,690,60,0,0.4925123453140259,0.49499999999999994,0
1,2,691,60,0,0.50827556848526,0.49499999999999994,1
1,2,692,60,0,0.5079154372215271,0.49499999999999994,1
1,2,693,60,0,0.49291810393333435,0.49499999999999994,0
1,2,694,60,0,0.4925123453140259,0.49499999999999994,0
1,2,695,60,0,0.5241482257843018,0.49499999999999994,1
1,2,696,60,0,0.5063520669937134,0.49499999999999994,1
1,2,797,71,0,0.5062751770019531,0.49499999999999994,1
1,2,798,71,0,0.505656361579895,0.49499999999999994,1
1,2,799,71,0,0.5075506567955017,0.49499999999999994,1
1,2,800,71,0,0.5065704584121704,0.49499999999999994,1
1,2,801,71,0,0.5234259366989136,0.49499999999999994,1
1,2,802,71,0,0.4931311011314392,0.49499999999999994,0
1,2,803,71,0,0.510730504989624,0.49499999999999994,1
1,2,804,71,0,0.4925123453140259,0.49499999999999994,0
1,2,805,71,0,0.49315398931503296,0.49499999999999994,0
1,2,806,71,0,0.49374961853027344,0.49499999999999994,0
1,2,817,73,0,0.4931313395500183,0.49499999999999994,0
1,2,818,73,0,0.49313122034072876,0.49499999999999994,0
1,2,819,73,0,0.49313127994537354,0.49499999999999994,0
1,2,820,73,0,0.4931313395500183,0.49499999999999994,0
1,2,821,73,0,0.49313145875930786,0.49499999999999994,0
1,2,822,73,0,0.49313122034072876,0.49499999999999994,0
1,2,823,73,0,0.49313145875930786,0.49499999999999994,0
1,2,824,73,0,0.49313169717788696,0.49499999999999994,0
1,2,825,73,0,0.4925125241279602,0.49499999999999994,0
1,2,826,73,0,0.5066955089569092,0.49499999999999994,1
1,2,837,75,0,0.4931311011314392,0.49499999999999994,0
1,2,838,75,0,0.49453485012054443,0.49499999999999994,0
1,2,839,75,0,0.4925127625465393,0.49499999999999994,0
1,2,840,75,0,0.4931313395500183,0.49499999999999994,0
1,2,841,75,0,0.49313104152679443,0.49499999999999994,0
1,2,842,75,0,0.49391645193099976,0.49499999999999994,0
1,2,843,75,0,0.49391645193099976,0.49499999999999994,0
1,2,844,75,0,0.49313122034072876,0.49499999999999994,0
1,2,845,75,0,0.49313122034072876,0.49499999999999994,0
1,2,846,75,0,0.4925123453140259,0.49499999999999994,0
1,2,847,76,0,0.4931316673755646,0.49499999999999994,0
1,2,848,76,0,0.49291807413101196,0.49499999999999994,0
1,2,849,76,0,0.49313127994537354,0.49499999999999994,0
1,2,850,76,0,0.5096790790557861,0.49499999999999994,1
1,2,851,76,0,0.5088940262794495,0.49499999999999994,1
1,2,852,76,0,0.5219509601593018,0.49499999999999994,1
1,2,853,76,0,0.5056561827659607,0.49499999999999994,1
1,2,854,76,0,0.5062747597694397,0.49499999999999994,1
1,2,855,76,0,0.5056561827659607,0.49499999999999994,1
1,2,856,76,0,0.49291789531707764,0.49499999999999994,0
1,3,4,4,1,0.44752487540245056,0.48999999999999994,0
1,3,14,14,1,0.44731974601745605,0.48999999999999994,0
1,3,22,22,1,0.44731974601745605,0.48999999999999994,0
1,3,26,26,1,0.44499853253364563,0.48999999999999994,0
1,3,33,33,1,0.44731974601745605,0.48999999999999994,0
1,3,38,38,1,0.4475248456001282,0.48999999999999994,0
1,3,44,44,1,0.44458097219467163,0.48999999999999994,0
1,3,45,45,1,0.4447433650493622,0.48999999999999994,0
1,3,47,47,1,0.4499523341655731,0.48999999999999994,0
1,3,49,49,1,0.44489023089408875,0.48999999999999994,0
1,3,56,56,1,0.4475248157978058,0.48999999999999994,0
1,3,61,61,1,0.4475248157978058,0.48999999999999994,0
1,3,67,67,1,0.44731974601745605,0.48999999999999994,0
1,3,70,70,1,0.4449986219406128,0.48999999999999994,0
1,3,78,78,1,0.44927778840065,0.48999999999999994,0
1,3,80,80,1,0.4473608136177063,0.48999999999999994,0
1,3,127,4,0,0.44118982553482056,0.48999999999999994,0
1,3,128,4,0,0.4412682354450226,0.48999999999999994,0
1,3,129,4,0,0.44134974479675293,0.48999999999999994,0
1,3,130,4,0,0.44320717453956604,0.48999999999999994,0
1,3,131,4,0,0.4428360164165497,0.48999999999999994,0
1,3,132,4,0,0.4427953064441681,0.48999999999999994,0
1,3,133,4,0,0.44304534792900085,0.48999999999999994,0
1,3,134,4,0,0.44316723942756653,0.48999999999999994,0
1,3,135,4,0,0.44146108627319336,0.48999999999999994,0
1,3,136,4,0,0.4415319859981537,0.48999999999999994,0
1,3,227,14,0,0.4413493573665619,0.48999999999999994,0
1,3,228,14,0,0.4414202570915222,0.48999999999999994,0
1,3,229,14,0,0.4414203464984894,0.48999999999999994,0
1,3,230,14,0,0.4427953064441681,0.48999999999999994,0
1,3,231,14,0,0.4413493573665619,0.48999999999999994,0
1,3,232,14,0,0.4414277672767639,0.48999999999999994,0
1,3,233,14,0,0.44272422790527344,0.48999999999999994,0
1,3,234,14,0,0.4430954158306122,0.48999999999999994,0
1,3,235,14,0,0.44123050570487976,0.48999999999999994,0
1,3,236,14,0,0.4427952766418457,0.48999999999999994,0
1,3,307,22,0,0.44280412793159485,0.48999999999999994,0
1,3,308,22,0,0.44123056530952454,0.48999999999999994,0
1,3,309,22,0,0.44123050570487976,0.48999999999999994,0
1,3,310,22,0,0.44123050570487976,0.48999999999999994,0
1,3,311,22,0,0.44118979573249817,0.48999999999999994,0
1,3,312,22,0,0.44118979573249817,0.48999999999999994,0
1,3,313,22,0,0.441189706325531,0.48999999999999994,0
1,3,314,22,0,0.4413493573665619,0.48999999999999994,0
1,3,315,22,0,0.44118979573249817,0.48999999999999994,0
1,3,316,22,0,0.44118979573249817,0.48999999999999994,0
1,3,347,26,0,0.44314074516296387,0.48999999999999994,0
1,3,348,26,0,0.44123056530952454,0.48999999999999994,0
1,3,349,26,0,0.442954957485199,0.48999999999999994,0
1,3,350,26,0,0.4429277777671814,0.48999999999999994,0
1,3,351,26,0,0.4427952468395233,0.48999999999999994,0
1,3,352,26,0,0.44123053550720215,0.48999999999999994,0
1,3,353,26,0,0.44280412793159485,0.48999999999999994,0
1,3,354,26,0,0.44280412793159485,0.48999999999999994,0
1,3,355,26,0,0.44118979573249817,0.48999999999999994,0
1,3,356,26,0,0.441189706325531,0.48999999999999994,0
1,3,417,33,0,0.4414203464984894,0.48999999999999994,0
1,3,418,33,0,0.4414202570915222,0.48999999999999994,0
1,3,419,33,0,0.4428360164165497,0.48999999999999994,0
1,3,420,33,0,0.44123050570487976,0.48999999999999994,0
1,3,421,33,0,0.4412607252597809,0.48999999999999994,0
1,3,422,33,0,0.4430953860282898,0.48999999999999994,0
1,3,423,33,0,0.44123050570487976,0.48999999999999994,0
1,3,424,33,0,0.44474753737449646,0.48999999999999994,0
1,3,425,33,0,0.44118979573249817,0.48999999999999994,0
1,3,426,33,0,0.44118979573249817,0.48999999999999994,0
1,3,467,38,0,0.4414203464984894,0.48999999999999994,0
1,3,468,38,0,0.44118979573249817,0.48999999999999994,0
1,3,469,38,0,0.44554007053375244,0.48999999999999994,0
1,3,470,38,0,0.441331684589386,0.48999999999999994,0
1,3,471,38,0,0.4414610266685486,0.48999999999999994,0
1,3,472,38,0,0.4413900673389435,0.48999999999999994,0
1,3,473,38,0,0.441189706325531,0.48999999999999994,0
1,3,474,38,0,0.4429246783256531,0.48999999999999994,0
1,3,475,38,0,0.44123050570487976,0.48999999999999994,0
1,3,476,38,0,0.4414202570915222,0.48999999999999994,0
1,3,527,44,0,0.44449925422668457,0.48999999999999994,0
1,3,528,44,0,0.44118979573249817,0.48999999999999994,0
1,3,529,44,0,0.4427649974822998,0.48999999999999994,0
1,3,530,44,0,0.4429246783256531,0.48999999999999994,0
1,3,531,44,0,0.4427650272846222,0.48999999999999994,0
1,3,532,44,0,0.44146111607551575,0.48999999999999994,0
1,3,533,44,0,0.4413493275642395,0.48999999999999994,0
1,3,534,44,0,0.44118979573249817,0.48999999999999994,0
1,3,535,44,0,0.44118979573249817,0.48999999999999994,0
1,3,536,44,0,0.44118979573249817,0.48999999999999994,0
1,3,537,45,0,0.441189706325531,0.48999999999999994,0
1,3,538,45,0,0.44118979573249817,0.48999999999999994,0
1,3,539,45,0,0.44118979573249817,0.48999999999999994,0
1,3,540,45,0,0.441189706325531,0.48999999999999994,0
1,3,541,45,0,0.441189706325531,0.48999999999999994,0
1,3,542,45,0,0.4413493275642395,0.48999999999999994,0
1,3,543,45,0,0.44296541810035706,0.48999999999999994,0
1,3,544,45,0,0.4428706467151642,0.48999999999999994,0
1,3,545,45,0,0.44118979573249817,0.48999999999999994,0
1,3,546,45,0,0.444581001996994,0.48999999999999994,0
1,3,557,47,0,0.44127628207206726,0.48999999999999994,0
1,3,558,47,0,0.44118979573249817,0.48999999999999994,0
1,3,559,47,0,0.44123053550720215,0.48999999999999994,0
1,3,560,47,0,0.44123053550720215,0.48999999999999994,0
1,3,561,47,0,0.44123053550720215,0.48999999999999994,0
1,3,562,47,0,0.44123050570487976,0.48999999999999994,0
1,3,563,47,0,0.44123053550720215,0.48999999999999994,0
1,3,564,47,0,0.44123050570487976,0.48999999999999994,0
1,3,565,47,0,0.44123050570487976,0.48999999999999994,0
1,3,566,47,0,0.44123050570487976,0.48999999999999994,0
1,3,577,49,0,0.441189706325531,0.48999999999999994,0
1,3,578,49,0,0.441189706325531,0.48999999999999994,0
1,3,579,49,0,0.44118979573249817,0.48999999999999994,0
1,3,580,49,0,0.44118979573249817,0.48999999999999994,0
1,3,581,49,0,0.44279971718788147,0.48999999999999994,0
1,3,582,49,0,0.44139009714126587,0.48999999999999994,0
1,3,583,49,0,0.44287073612213135,0.48999999999999994,0
1,3,584,49,0,0.44118982553482056,0.48999999999999994,0
1,3,585,49,0,0.44118979573249817,0.48999999999999994,0
1,3,586,49,0,0.44118979573249817,0.48999999999999994,0
1,3,647,56,0,0.44287678599357605,0.48999999999999994,0
1,3,648,56,0,0.4444880187511444,0.48999999999999994,0
1,3,649,56,0,0.44123050570487976,0.48999999999999994,0
1,3,650,56,0,0.4428449273109436,0.48999999999999994,0
1,3,651,56,0,0.44118979573249817,0.48999999999999994,0
1,3,652,56,0,0.44118979573249817,0.48999999999999994,0
1,3,653,56,0,0.441189706325531,0.48999999999999994,0
1,3,654,56,0,0.4413493275642395,0.48999999999999994,0
1,3,655,56,0,0.4428040683269501,0.48999999999999994,0
1,3,656,56,0,0.4428146183490753,0.48999999999999994,0
1,3,697,61,0,0.44123050570487976,0.48999999999999994,0
1,3,698,61,0,0.44123050570487976,0.48999999999999994,0
1,3,699,61,0,0.4447433650493622,0.48999999999999994,0
1,3,700,61,0,0.4413493871688843,0.48999999999999994,0
1,3,701,61,0,0.4427952468395233,0.48999999999999994,0
1,3,702,61,0,0.44118979573249817,0.48999999999999994,0
1,3,703,61,0,0.44123050570487976,0.48999999999999994,0
1,3,704,61,0,0.44123050570487976,0.48999999999999994,0
1,3,705,61,0,0.44118982553482056,0.48999999999999994,0
1,3,706,61,0,0.44118979573249817,0.48999999999999994,0
1,3,757,67,0,0.4429081678390503,0.48999999999999994,0
1,3,758,67,0,0.4430786371231079,0.48999999999999994,0
1,3,759,67,0,0.44272422790527344,0.48999999999999994,0
1,3,760,67,0,0.44279545545578003,0.48999999999999994,0
1,3,761,67,0,0.44296377897262573,0.48999999999999994,0
1,3,762,67,0,0.4446311295032501,0.48999999999999994,0
1,3,763,67,0,0.4413493573665619,0.48999999999999994,0
1,3,764,67,0,0.44126081466674805,0.48999999999999994,0
1,3,765,67,0,0.4429638087749481,0.48999999999999994,0
1,3,766,67,0,0.4427650272846222,0.48999999999999994,0
1,3,787,70,0,0.44126081466674805,0.48999999999999994,0
1,3,788,70,0,0.44126081466674805,0.48999999999999994,0
1,3,789,70,0,0.4427952468395233,0.48999999999999994,0
1,3,790,70,0,0.44299569725990295,0.48999999999999994,0
1,3,791,70,0,0.4414610266685486,0.48999999999999994,0
1,3,792,70,0,0.4428449869155884,0.48999999999999994,0
1,3,793,70,0,0.4429158568382263,0.48999999999999994,0
1,3,794,70,0,0.4427953064441681,0.48999999999999994,0
1,3,795,70,0,0.4413493275642395,0.48999999999999994,0
1,3,796,70,0,0.4427649676799774,0.48999999999999994,0
1,3,867,78,0,0.4413493573665619,0.48999999999999994,0
1,3,868,78,0,0.44123050570487976,0.48999999999999994,0
1,3,869,78,0,0.44272422790527344,0.48999999999999994,0
1,3,870,78,0,0.44272419810295105,0.48999999999999994,0
1,3,871,78,0,0.4428856670856476,0.48999999999999994,0
1,3,872,78,0,0.4413493871688843,0.48999999999999994,0
1,3,873,78,0,0.4413493573665619,0.48999999999999994,0
1,3,874,78,0,0.4413316547870636,0.48999999999999994,0
1,3,875,78,0,0.44272422790527344,0.48999999999999994,0
1,3,876,78,0,0.44123053550720215,0.48999999999999994,0
1,3,887,80,0,0.44123050570487976,0.48999999999999994,0
1,3,888,80,0,0.4413316547870636,0.48999999999999994,0
1,3,889,80,0,0.44130146503448486,0.48999999999999994,0
1,3,890,80,0,0.44123050570487976,0.48999999999999994,0
1,3,891,80,0,0.44118979573249817,0.48999999999999994,0
1,3,892,80,0,0.44118979573249817,0.48999999999999994,0
1,3,893,80,0,0.44118979573249817,0.48999999999999994,0
1,3,894,80,0,0.44287073612213135,0.48999999999999994,0
1,3,895,80,0,0.4413493573665619,0.48999999999999994,0
1,3,896,80,0,0.44325506687164307,0.48999999999999994,0
1,4,0,0,1,0.25231099128723145,0.5249999999999999,0
1,4,1,1,1,0.25231099128723145,0.5249999999999999,0
1,4,3,3,1,0.25124749541282654,0.5249999999999999,0
1,4,5,5,1,0.2960532605648041,0.5249999999999999,0
1,4,13,13,1,0.2540420591831207,0.5249999999999999,0
1,4,21,21,1,0.3304685950279236,0.5249999999999999,0
1,4,27,27,1,0.2960532605648041,0.5249999999999999,0
1,4,32,32,1,0.25273561477661133,0.5249999999999999,0
1,4,39,39,1,0.2960532605648041,0.5249999999999999,0
1,4,40,40,1,0.2527371048927307,0.5249999999999999,0
1,4,42,42,1,0.24567736685276031,0.5249999999999999,0
1,4,43,43,1,0.2456773966550827,0.5249999999999999,0
1,4,53,53,1,0.24848049879074097,0.5249999999999999,0
1,4,59,59,1,0.24567736685276031,0.5249999999999999,0
1,4,65,65,1,0.2527371048927307,0.5249999999999999,0
1,4,72,72,1,0.29400840401649475,0.5249999999999999,0
1,4,87,0,0,0.25231102108955383,0.5249999999999999,0
1,4,88,0,0,0.2023557871580124,0.5249999999999999,0
1,4,89,0,0,0.25366804003715515,0.5249999999999999,0
1,4,90,0,0,0.19952043890953064,0.5249999999999999,0
1,4,91,0,0,0.22501720488071442,0.5249999999999999,0
1,4,92,0,0,0.19990019500255585,0.5249999999999999,0
1,4,93,0,0,0.22262190282344818,0.5249999999999999,0
1,4,94,0,0,0.19952048361301422,0.5249999999999999,0
1,4,95,0,0,0.2207157462835312,0.5249999999999999,0
1,4,96,0,0,0.22262221574783325,0.5249999999999999,0
1,4,97,1,0,0.2017849236726761,0.5249999999999999,0
1,4,98,1,0,0.20230324566364288,0.5249999999999999,0
1,4,99,1,0,0.20598100125789642,0.5249999999999999,0
1,4,100,1,0,0.22121906280517578,0.5249999999999999,0
1,4,101,1,0,0.19989947974681854,0.5249999999999999,0
1,4,102,1,0,0.2022220343351364,0.5249999999999999,0
1,4,103,1,0,0.22058621048927307,0.5249999999999999,0
1,4,104,1,0,0.22058652341365814,0.5249999999999999,0
1,4,105,1,0,0.22142817080020905,0.5249999999999999,0
1,4,106,1,0,0.22121840715408325,0.5249999999999999,0
1,4,117,3,0,0.22159385681152344,0.5249999999999999,0
1,4,118,3,0,0.20093923807144165,0.5249999999999999,0
1,4,119,3,0,0.22155839204788208,0.5249999999999999,0
1,4,120,3,0,0.22058753669261932,0.5249999999999999,0
1,4,121,3,0,0.2019314020872116,0.5249999999999999,0
1,4,122,3,0,0.22219257056713104,0.5249999999999999,0
1,4,123,3,0,0.22155839204788208,0.5249999999999999,0
1,4,124,3,0,0.20365610718727112,0.5249999999999999,0
1,4,125,3,0,0.22058652341365814,0.5249999999999999,0
1,4,126,3,0,0.20041276514530182,0.5249999999999999,0
1,4,137,5,0,0.2269238978624344,0.5249999999999999,0
1,4,138,5,0,0.3429756462574005,0.5249999999999999,0
1,4,139,5,0,0.22046811878681183,0.5249999999999999,0
1,4,140,5,0,0.21962839365005493,0.5249999999999999,0
1,4,141,5,0,0.22146540880203247,0.5249999999999999,0
1,4,142,5,0,0.20123185217380524,0.5249999999999999,0
1,4,143,5,0,0.22121937572956085,0.5249999999999999,0
1,4,144,5,0,0.22185370326042175,0.5249999999999999,0
1,4,145,5,0,0.22796282172203064,0.5249999999999999,0
1,4,146,5,0,0.24995502829551697,0.5249999999999999,0
1,4,217,13,0,0.2008868157863617,0.5249999999999999,0
1,4,218,13,0,0.19900797307491302,0.5249999999999999,0
1,4,219,13,0,0.1990085244178772,0.5249999999999999,0
1,4,220,13,0,0.1990087479352951,0.5249999999999999,0
1,4,221,13,0,0.2014024555683136,0.5249999999999999,0
1,4,222,13,0,0.20041325688362122,0.5249999999999999,0
1,4,223,13,0,0.20178401470184326,0.5249999999999999,0
1,4,224,13,0,0.19989919662475586,0.5249999999999999,0
1,4,225,13,0,0.19900792837142944,0.5249999999999999,0
1,4,226,13,0,0.19900797307491302,0.5249999999999999,0
1,4,297,21,0,0.19951951503753662,0.5249999999999999,0
1,4,298,21,0,0.22453391551971436,0.5249999999999999,0
1,4,299,21,0,0.2007540464401245,0.5249999999999999,0
1,4,300,21,0,0.2213493436574936,0.5249999999999999,0
1,4,301,21,0,0.2023019641637802,0.5249999999999999,0
1,4,302,21,0,0.2023022323846817,0.5249999999999999,0
1,4,303,21,0,0.2207164168357849,0.5249999999999999,0
1,4,304,21,0,0.19900771975517273,0.5249999999999999,0
1,4,305,21,0,0.19900771975517273,0.5249999999999999,0
1,4,306,21,0,0.21857284009456635,0.5249999999999999,0
1,4,357,27,0,0.22058676183223724,0.5249999999999999,0
1,4,358,27,0,0.22058652341365814,0.5249999999999999,0
1,4,359,27,0,0.22058649361133575,0.5249999999999999,0
1,4,360,27,0,0.22275768220424652,0.5249999999999999,0
1,4,361,27,0,0.22121864557266235,0.5249999999999999,0
1,4,362,27,0,0.25507211685180664,0.5249999999999999,0
1,4,363,27,0,0.2212192714214325,0.5249999999999999,0
1,4,364,27,0,0.2212187498807907,0.5249999999999999,0
1,4,365,27,0,0.1990092694759369,0.5249999999999999,0
1,4,366,27,0,0.19900771975517273,0.5249999999999999,0
1,4,407,32,0,0.19900798797607422,0.5249999999999999,0
1,4,408,32,0,0.19900797307491302,0.5249999999999999,0
1,4,409,32,0,0.24820102751255035,0.5249999999999999,0
1,4,410,32,0,0.19900797307491302,0.5249999999999999,0
1,4,411,32,0,0.19951921701431274,0.5249999999999999,0
1,4,412,32,0,0.19900771975517273,0.5249999999999999,0
1,4,413,32,0,0.2015821933746338,0.5249999999999999,0
1,4,414,32,0,0.2008858025074005,0.5249999999999999,0
1,4,415,32,0,0.19900771975517273,0.5249999999999999,0
1,4,416,32,0,0.19900771975517273,0.5249999999999999,0
1,4,477,39,0,0.1990077644586563,0.5249999999999999,0
1,4,478,39,0,0.19951987266540527,0.5249999999999999,0
1,4,479,39,0,0.1995198279619217,0.5249999999999999,0
1,4,480,39,0,0.2210197001695633,0.5249999999999999,0
1,4,481,39,0,0.19989971816539764,0.5249999999999999,0
1,4,482,39,0,0.19900797307491302,0.5249999999999999,0
1,4,483,39,0,0.22134852409362793,0.5249999999999999,0
1,4,484,39,0,0.22122254967689514,0.5249999999999999,0
1,4,485,39,0,0.22294047474861145,0.5249999999999999,0
1,4,486,39,0,0.22294050455093384,0.5249999999999999,0
1,4,487,40,0,0.20178380608558655,0.5249999999999999,0
1,4,488,40,0,0.23334509134292603,0.5249999999999999,0
1,4,489,40,0,0.20088578760623932,0.5249999999999999,0
1,4,490,40,0,0.19900771975517273,0.5249999999999999,0
1,4,491,40,0,0.19900771975517273,0.5249999999999999,0
1,4,492,40,0,0.19900797307491302,0.5249999999999999,0
1,4,493,40,0,0.19951960444450378,0.5249999999999999,0
1,4,494,40,0,0.22261683642864227,0.5249999999999999,0
1,4,495,40,0,0.2932170033454895,0.5249999999999999,0
1,4,496,40,0,0.2196284383535385,0.5249999999999999,0
1,4,507,42,0,0.22025804221630096,0.5249999999999999,0
1,4,508,42,0,0.2202579379081726,0.5249999999999999,0
1,4,509,42,0,0.22109904885292053,0.5249999999999999,0
1,4,510,42,0,0.19900797307491302,0.5249999999999999,0
1,4,511,42,0,0.200886070728302,0.5249999999999999,0
1,4,512,42,0,0.2208891361951828,0.5249999999999999,0
1,4,513,42,0,0.19951950013637543,0.5249999999999999,0
1,4,514,42,0,0.21962805092334747,0.5249999999999999,0
1,4,515,42,0,0.2008858025074005,0.5249999999999999,0
1,4,516,42,0,0.19951950013637543,0.5249999999999999,0
1,4,517,43,0,0.22403642535209656,0.5249999999999999,0
1,4,518,43,0,0.22403642535209656,0.5249999999999999,0
1,4,519,43,0,0.20088578760623932,0.5249999999999999,0
1,4,520,43,0,0.1990077644586563,0.5249999999999999,0
1,4,521,43,0,0.19900771975517273,0.5249999999999999,0
1,4,522,43,0,0.19900771975517273,0.5249999999999999,0
1,4,523,43,0,0.1990077644586563,0.5249999999999999,0
1,4,524,43,0,0.19900771975517273,0.5249999999999999,0
1,4,525,43,0,0.19951923191547394,0.5249999999999999,0
1,4,526,43,0,0.19951950013637543,0.5249999999999999,0
1,4,617,53,0,0.1995195746421814,0.5249999999999999,0
1,4,618,53,0,0.2014024555683136,0.5249999999999999,0
1,4,619,53,0,0.22325792908668518,0.5249999999999999,0
1,4,620,53,0,0.19951975345611572,0.5249999999999999,0
1,4,621,53,0,0.1995198279619217,0.5249999999999999,0
1,4,622,53,0,0.22249102592468262,0.5249999999999999,0
1,4,623,53,0,0.19900771975517273,0.5249999999999999,0
1,4,624,53,0,0.220595121383667,0.5249999999999999,0
1,4,625,53,0,0.20178429782390594,0.5249999999999999,0
1,4,626,53,0,0.22155684232711792,0.5249999999999999,0
1,4,677,59,0,0.19951951503753662,0.5249999999999999,0
1,4,678,59,0,0.1990080028772354,0.5249999999999999,0
1,4,679,59,0,0.1990077644586563,0.5249999999999999,0
1,4,680,59,0,0.19900771975517273,0.5249999999999999,0
1,4,681,59,0,0.19900771975517273,0.5249999999999999,0
1,4,682,59,0,0.19900797307491302,0.5249999999999999,0
1,4,683,59,0,0.19900798797607422,0.5249999999999999,0
1,4,684,59,0,0.2014024555683136,0.5249999999999999,0
1,4,685,59,0,0.22122783958911896,0.5249999999999999,0
1,4,686,59,0,0.19900797307491302,0.5249999999999999,0
1,4,737,65,0,0.22155658900737762,0.5249999999999999,0
1,4,738,65,0,0.20230312645435333,0.5249999999999999,0
1,4,739,65,0,0.228861466050148,0.5249999999999999,0
1,4,740,65,0,0.20088575780391693,0.5249999999999999,0
1,4,741,65,0,0.1990077644586563,0.5249999999999999,0
1,4,742,65,0,0.1990077644586563,0.5249999999999999,0
1,4,743,65,0,0.2015818953514099,0.5249999999999999,0
1,4,744,65,0,0.19900798797607422,0.5249999999999999,0
1,4,745,65,0,0.19900771975517273,0.5249999999999999,0
1,4,746,65,0,0.19900797307491302,0.5249999999999999,0
1,4,807,72,0,0.19989939033985138,0.5249999999999999,0
1,4,808,72,0,0.19989939033985138,0.5249999999999999,0
1,4,809,72,0,0.19989919662475586,0.5249999999999999,0
1,4,810,72,0,0.19989970326423645,0.5249999999999999,0
1,4,811,72,0,0.19989968836307526,0.5249999999999999,0
1,4,812,72,0,0.19989964365959167,0.5249999999999999,0
1,4,813,72,0,0.19989922642707825,0.5249999999999999,0
1,4,814,72,0,0.22764697670936584,0.5249999999999999,0
1,4,815,72,0,0.19989994168281555,0.5249999999999999,0
1,4,816,72,0,0.19989970326423645,0.5249999999999999,0
1,5,8,8,1,0.6548035144805908,0.575,1
1,5,9,9,1,0.6974011659622192,0.575,1
1,5,11,11,1,0.6974011659622192,0.575,1
1,5,28,28,1,0.734666645526886,0.575,1
1,5,30,30,1,0.6974011659622192,0.575,1
1,5,36,36,1,0.6402627825737,0.575,1
1,5,41,41,1,0.6984759569168091,0.575,1
1,5,46,46,1,0.7363075613975525,0.575,1
1,5,55,55,1,0.7357392311096191,0.575,1
1,5,58,58,1,0.7008456587791443,0.575,1
1,5,62,62,1,0.734666645526886,0.575,1
1,5,63,63,1,0.7346667051315308,0.575,1
1,5,64,64,1,0.6402627229690552,0.575,1
1,5,66,66,1,0.5573760271072388,0.575,0
1,5,68,68,1,0.6984759569168091,0.575,1
1,5,79,79,1,0.6974011659622192,0.575,1
1,5,167,8,0,0.5508348941802979,0.575,0
1,5,168,8,0,0.5514140725135803,0.575,0
1,5,169,8,0,0.5833581686019897,0.575,1
1,5,170,8,0,0.5514140725135803,0.575,0
1,5,171,8,0,0.5495892763137817,0.575,0
1,5,172,8,0,0.5544819235801697,0.575,0
1,5,173,8,0,0.584186315536499,0.575,1
1,5,174,8,0,0.5495879650115967,0.575,0
1,5,175,8,0,0.5843846797943115,0.575,1
1,5,176,8,0,0.5495879650115967,0.575,0
1,5,177,9,0,0.623117208480835,0.575,1
1,5,178,9,0,0.5514147877693176,0.575,0
1,5,179,9,0,0.5495873093605042,0.575,0
1,5,180,9,0,0.5495879650115967,0.575,0
1,5,181,9,0,0.5495879650115967,0.575,0
1,5,182,9,0,0.5514147281646729,0.575,0
1,5,183,9,0,0.5841856598854065,0.575,1
1,5,184,9,0,0.5495885610580444,0.575,0
1,5,185,9,0,0.5514140725135803,0.575,0
1,5,186,9,0,0.5555561780929565,0.575,0
1,5,197,11,0,0.5514127612113953,0.575,0
1,5,198,11,0,0.5495879650115967,0.575,0
1,5,199,11,0,0.5843827128410339,0.575,1
1,5,200,11,0,0.5495873093605042,0.575,0
1,5,201,11,0,0.5495873093605042,0.575,0
1,5,202,11,0,0.5825923681259155,0.575,1
1,5,203,11,0,0.5495879650115967,0.575,0
1,5,204,11,0,0.5495873093605042,0.575,0
1,5,205,11,0,0.584186851978302,0.575,1
1,5,206,11,0,0.5854102969169617,0.575,1
1,5,367,28,0,0.5841904282569885,0.575,1
1,5,368,28,0,0.5514138340950012,0.575,0
1,5,369,28,0,0.5854097008705139,0.575,1
1,5,370,28,0,0.5854097604751587,0.575,1
1,5,371,28,0,0.5854104161262512,0.575,1
1,5,372,28,0,0.5495878458023071,0.575,0
1,5,373,28,0,0.5843846797943115,0.575,1
1,5,374,28,0,0.5854097008705139,0.575,1
1,5,375,28,0,0.5841867327690125,0.575,1
1,5,376,28,0,0.5514121055603027,0.575,0
1,5,387,30,0,0.5876851677894592,0.575,1
1,5,388,30,0,0.5526581406593323,0.575,0
1,5,389,30,0,0.5894713997840881,0.575,1
1,5,390,30,0,0.5841856598854065,0.575,1
1,5,391,30,0,0.5841856598854065,0.575,1
1,5,392,30,0,0.5854095220565796,0.575,1
1,5,393,30,0,0.734666645526886,0.575,1
1,5,394,30,0,0.5953031182289124,0.575,1
1,5,395,30,0,0.5508348941802979,0.575,0
1,5,396,30,0,0.5508348941802979,0.575,0
1,5,447,36,0,0.5823931694030762,0.575,1
1,5,448,36,0,0.5856059193611145,0.575,1
1,5,449,36,0,0.592214822769165,0.575,1
1,5,450,36,0,0.5570272207260132,0.575,0
1,5,451,36,0,0.5495879650115967,0.575,0
1,5,452,36,0,0.584186315536499,0.575,1
1,5,453,36,0,0.5508355498313904,0.575,0
1,5,454,36,0,0.550836443901062,0.575,0
1,5,455,36,0,0.5823931694030762,0.575,1
1,5,456,36,0,0.592214822769165,0.575,1
1,5,497,41,0,0.5555561780929565,0.575,0
1,5,498,41,0,0.5882524251937866,0.575,1
1,5,499,41,0,0.6556926369667053,0.575,1
1,5,500,41,0,0.5953031182289124,0.575,1
1,5,501,41,0,0.5823931694030762,0.575,1
1,5,502,41,0,0.5854097604751587,0.575,1
1,5,503,41,0,0.5833580493927002,0.575,1
1,5,504,41,0,0.5864637494087219,0.575,1
1,5,505,41,0,0.5508348941802979,0.575,0
1,5,506,41,0,0.582393229007721,0.575,1
1,5,547,46,0,0.5526587963104248,0.575,0
1,5,548,46,0,0.5841856598854065,0.575,1
1,5,549,46,0,0.585606575012207,0.575,1
1,5,550,46,0,0.585608184337616,0.575,1
1,5,551,46,0,0.5495878458023071,0.575,0
1,5,552,46,0,0.5508356094360352,0.575,0
1,5,553,46,0,0.5495873093605042,0.575,0
1,5,554,46,0,0.6332285404205322,0.575,1
1,5,555,46,0,0.582393229007721,0.575,1
1,5,556,46,0,0.5495873093605042,0.575,0
1,5,637,55,0,0.5495872497558594,0.575,0
1,5,638,55,0,0.5495873093605042,0.575,0
1,5,639,55,0,0.5495873093605042,0.575,0
1,5,640,55,0,0.5495879650115967,0.575,0
1,5,641,55,0,0.5841856598854065,0.575,1
1,5,642,55,0,0.590031623840332,0.575,1
1,5,643,55,0,0.5495873093605042,0.575,0
1,5,644,55,0,0.5848419070243835,0.575,1
1,5,645,55,0,0.5555552840232849,0.575,0
1,5,646,55,0,0.5508342385292053,0.575,0
1,5,667,58,0,0.5508348941802979,0.575,0
1,5,668,58,0,0.5508342385292053,0.575,0
1,5,669,58,0,0.5508348941802979,0.575,0
1,5,670,58,0,0.5537338852882385,0.575,0
1,5,671,58,0,0.5549786686897278,0.575,0
1,5,672,58,0,0.553733229637146,0.575,0
1,5,673,58,0,0.553733229637146,0.575,0
1,5,674,58,0,0.5935248136520386,0.575,1
1,5,675,58,0,0.5935248136520386,0.575,1
1,5,676,58,0,0.5508348941802979,0.575,0
1,5,707,62,0,0.5495873093605042,0.575,0
1,5,708,62,0,0.5495879650115967,0.575,0
1,5,709,62,0,0.586829423904419,0.575,1
1,5,710,62,0,0.5514127612113953,0.575,0
1,5,711,62,0,0.553734540939331,0.575,0
1,5,712,62,0,0.5495873093605042,0.575,0
1,5,713,62,0,0.5549786686897278,0.575,0
1,5,714,62,0,0.582393229007721,0.575,1
1,5,715,62,0,0.5495879650115967,0.575,0
1,5,716,62,0,0.5508348941802979,0.575,0
1,5,717,63,0,0.5888110995292664,0.575,1
1,5,718,63,0,0.5495871901512146,0.575,0
1,5,719,63,0,0.5495872497558594,0.575,0
1,5,720,63,0,0.5495873093605042,0.575,0
1,5,721,63,0,0.5906057357788086,0.575,1
1,5,722,63,0,0.5537338852882385,0.575,0
1,5,723,63,0,0.5495879650115967,0.575,0
1,5,724,63,0,0.5508378148078918,0.575,0
1,5,725,63,0,0.5508355498313904,0.575,0
1,5,726,63,0,0.5495877861976624,0.575,0
1,5,727,64,0,0.5495878458023071,0.575,0
1,5,728,64,0,0.5495873093605042,0.575,0
1,5,729,64,0,0.5495879650115967,0.575,0
1,5,730,64,0,0.5516420006752014,0.575,0
1,5,731,64,0,0.5508348941802979,0.575,0
1,5,732,64,0,0.553733229637146,0.575,0
1,5,733,64,0,0.5537338852882385,0.575,0
1,5,734,64,0,0.5495873093605042,0.575,0
1,5,735,64,0,0.5495873093605042,0.575,0
1,5,736,64,0,0.5495873093605042,0.575,0
1,5,747,66,0,0.5508348941802979,0.575,0
1,5,748,66,0,0.5495873093605042,0.575,0
1,5,749,66,0,0.5495873093605042,0.575,0
1,5,750,66,0,0.5927022099494934,0.575,1
1,5,751,66,0,0.5854097604751587,0.575,1
1,5,752,66,0,0.5854095220565796,0.575,1
1,5,753,66,0,0.5495885610580444,0.575,0
1,5,754,66,0,0.5841943621635437,0.575,1
1,5,755,66,0,0.584195613861084,0.575,1
1,5,756,66,0,0.5841944217681885,0.575,1
1,5,767,68,0,0.5873943567276001,0.575,1
1,5,768,68,0,0.5854095220565796,0.575,1
1,5,769,68,0,0.5854091048240662,0.575,1
1,5,770,68,0,0.584186851978302,0.575,1
1,5,771,68,0,0.5854097604751587,0.575,1
1,5,772,68,0,0.582393229007721,0.575,1
1,5,773,68,0,0.5823925137519836,0.575,1
1,5,774,68,0,0.5865716338157654,0.575,1
1,5,775,68,0,0.5902329683303833,0.575,1
1,5,776,68,0,0.5841869711875916,0.575,1
1,5,877,79,0,0.5836181640625,0.575,1
1,5,878,79,0,0.5567989945411682,0.575,0
1,5,879,79,0,0.584185004234314,0.575,1
1,5,880,79,0,0.5841856002807617,0.575,1
1,5,881,79,0,0.5823925137519836,0.575,1
1,5,882,79,0,0.5823925733566284,0.575,1
1,5,883,79,0,0.584185004234314,0.575,1
1,5,884,79,0,0.5823925137519836,0.575,1
1,5,885,79,0,0.5823925137519836,0.575,1
1,5,886,79,0,0.5823925733566284,0.575,1
2,1,4,4,1,0.48394566774368286,0.4649999999999999,1
2,1,6,6,1,0.4988088607788086,0.4649999999999999,1
2,1,11,11,1,0.4805656969547272,0.4649999999999999,1
2,1,16,16,1,0.48056572675704956,0.4649999999999999,1
2,1,36,36,1,0.4610147178173065,0.4649999999999999,0
2,1,37,37,1,0.4839456081390381,0.4649999999999999,1
2,1,38,38,1,0.4839456379413605,0.4649999999999999,1
2,1,39,39,1,0.4839456379413605,0.4649999999999999,1
2,1,47,47,1,0.5075365304946899,0.4649999999999999,1
2,1,48,48,1,0.4582809507846832,0.4649999999999999,0
2,1,51,51,1,0.4448854923248291,0.4649999999999999,0
2,1,55,55,1,0.5006707310676575,0.4649999999999999,1
2,1,65,65,1,0.46101558208465576,0.4649999999999999,0
2,1,66,66,1,0.42791205644607544,0.4649999999999999,0
2,1,69,69,1,0.46454861760139465,0.4649999999999999,0
2,1,70,70,1,0.46101558208465576,0.4649999999999999,0
2,1,72,72,1,0.48098093271255493,0.4649999999999999,1
2,1,127,4,0,0.425376296043396,0.4649999999999999,0
2,1,128,4,0,0.42604368925094604,0.4649999999999999,0
2,1,129,4,0,0.4268546998500824,0.4649999999999999,0
2,1,130,4,0,0.442925363779068,0.4649999999999999,0
2,1,131,4,0,0.44008922576904297,0.4649999999999999,0
2,1,132,4,0,0.43968144059181213,0.4649999999999999,0
2,1,133,4,0,0.44193190336227417,0.4649999999999999,0
2,1,134,4,0,0.44315382838249207,0.4649999999999999,0
2,1,135,4,0,0.4277242124080658,0.4649999999999999,0
2,1,136,4,0,0.4283181130886078,0.4649999999999999,0
2,1,147,6,0,0.4267248809337616,0.4649999999999999,0
2,1,148,6,0,0.4287491738796234,0.4649999999999999,0
2,1,149,6,0,0.4403538703918457,0.4649999999999999,0
2,1,150,6,0,0.4401637017726898,0.4649999999999999,0
2,1,151,6,0,0.4396805465221405,0.4649999999999999,0
2,1,152,6,0,0.4406982660293579,0.4649999999999999,0
2,1,153,6,0,0.4394915699958801,0.4649999999999999,0
2,1,154,6,0,0.4273187518119812,0.4649999999999999,0
2,1,155,6,0,0.439083069562912,0.4649999999999999,0
2,1,156,6,0,0.44193848967552185,0.4649999999999999,0
2,1,197,11,0,0.42596933245658875,0.4649999999999999,0
2,1,198,11,0,0.425376296043396,0.4649999999999999,0
2,1,199,11,0,0.43975532054901123,0.4649999999999999,0
2,1,200,11,0,0.4253760576248169,0.4649999999999999,0
2,1,201,11,0,0.4253760576248169,0.4649999999999999,0
2,1,202,11,0,0.4391584098339081,0.4649999999999999,0
2,1,203,11,0,0.425376296043396,0.4649999999999999,0
2,1,204,11,0,0.4253760576248169,0.4649999999999999,0
2,1,205,11,0,0.4396809935569763,0.4649999999999999,0
2,1,206,11,0,0.4400894045829773,0.4649999999999999,0
2,1,247,16,0,0.44008922576904297,0.4649999999999999,0
2,1,248,16,0,0.43949177861213684,0.4649999999999999,0
2,1,249,16,0,0.43968063592910767,0.4649999999999999,0
2,1,250,16,0,0.42537644505500793,0.4649999999999999,0
2,1,251,16,0,0.425376296043396,0.4649999999999999,0
2,1,252,16,0,0.4396808445453644,0.4649999999999999,0
2,1,253,16,0,0.42799344658851624,0.4649999999999999,0
2,1,254,16,0,0.44144853949546814,0.4649999999999999,0
2,1,255,16,0,0.44103994965553284,0.4649999999999999,0
2,1,256,16,0,0.4396807849407196,0.4649999999999999,0
2,1,447,36,0,0.439083069562912,0.4649999999999999,0
2,1,448,36,0,0.4401637017726898,0.4649999999999999,0
2,1,449,36,0,0.44366416335105896,0.4649999999999999,0
2,1,450,36,0,0.42779821157455444,0.4649999999999999,0
2,1,451,36,0,0.425376296043396,0.4649999999999999,0
2,1,452,36,0,0.4396808445453644,0.4649999999999999,0
2,1,453,36,0,0.4257816672325134,0.4649999999999999,0
2,1,454,36,0,0.4257819652557373,0.4649999999999999,0
2,1,455,36,0,0.4390830397605896,0.4649999999999999,0
2,1,456,36,0,0.44366416335105896,0.4649999999999999,0
2,1,457,37,0,0.4253760576248169,0.4649999999999999,0
2,1,458,37,0,0.42951762676239014,0.4649999999999999,0
2,1,459,37,0,0.440089613199234,0.4649999999999999,0
2,1,460,37,0,0.4257814288139343,0.4649999999999999,0
2,1,461,37,0,0.4257816672325134,0.4649999999999999,0
2,1,462,37,0,0.4257814288139343,0.4649999999999999,0
2,1,463,37,0,0.42992356419563293,0.4649999999999999,0
2,1,464,37,0,0.4257816672325134,0.4649999999999999,0
2,1,465,37,0,0.44245555996894836,0.4649999999999999,0
2,1,466,37,0,0.4257816672325134,0.4649999999999999,0
2,1,467,38,0,0.4273183345794678,0.4649999999999999,0
2,1,468,38,0,0.4253760576248169,0.4649999999999999,0
2,1,469,38,0,0.46454915404319763,0.4649999999999999,0
2,1,470,38,0,0.4265626072883606,0.4649999999999999,0
2,1,471,38,0,0.4277239739894867,0.4649999999999999,0
2,1,472,38,0,0.4271300435066223,0.4649999999999999,0
2,1,473,38,0,0.4253760576248169,0.4649999999999999,0
2,1,474,38,0,0.4408499300479889,0.4649999999999999,0
2,1,475,38,0,0.4257814288139343,0.4649999999999999,0
2,1,476,38,0,0.427318274974823,0.4649999999999999,0
2,1,477,39,0,0.4253760576248169,0.4649999999999999,0
2,1,478,39,0,0.4257816672325134,0.4649999999999999,0
2,1,479,39,0,0.4257816672325134,0.4649999999999999,0
2,1,480,39,0,0.4399748742580414,0.4649999999999999,0
2,1,481,39,0,0.42596957087516785,0.4649999999999999,0
2,1,482,39,0,0.425376296043396,0.4649999999999999,0
2,1,483,39,0,0.44016391038894653,0.4649999999999999,0
2,1,484,39,0,0.44009163975715637,0.4649999999999999,0
2,1,485,39,0,0.44303950667381287,0.4649999999999999,0
2,1,486,39,0,0.44303953647613525,0.4649999999999999,0
2,1,557,47,0,0.4269793927669525,0.4649999999999999,0
2,1,558,47,0,0.4253760576248169,0.4649999999999999,0
2,1,559,47,0,0.42578125,0.4649999999999999,0
2,1,560,47,0,0.4257814884185791,0.4649999999999999,0
2,1,561,47,0,0.4257814288139343,0.4649999999999999,0
2,1,562,47,0,0.42578125,0.4649999999999999,0
2,1,563,47,0,0.4257816672325134,0.4649999999999999,0
2,1,564,47,0,0.4257814884185791,0.4649999999999999,0
2,1,565,47,0,0.4257812798023224,0.4649999999999999,0
2,1,566,47,0,0.4257814288139343,0.4649999999999999,0
2,1,567,48,0,0.4257814288139343,0.4649999999999999,0
2,1,568,48,0,0.4267246425151825,0.4649999999999999,0
2,1,569,48,0,0.4253760576248169,0.4649999999999999,0
2,1,570,48,0,0.44327840209007263,0.4649999999999999,0
2,1,571,48,0,0.4277237355709076,0.4649999999999999,0
2,1,572,48,0,0.42578125,0.4649999999999999,0
2,1,573,48,0,0.4253768026828766,0.4649999999999999,0
2,1,574,48,0,0.4253767728805542,0.4649999999999999,0
2,1,575,48,0,0.4257814288139343,0.4649999999999999,0
2,1,576,48,0,0.4253760576248169,0.4649999999999999,0
2,1,597,51,0,0.4549299478530884,0.4649999999999999,0
2,1,598,51,0,0.4404972195625305,0.4649999999999999,0
2,1,599,51,0,0.4390830993652344,0.4649999999999999,0
2,1,600,51,0,0.4426562190055847,0.4649999999999999,0
2,1,601,51,0,0.4269794225692749,0.4649999999999999,0
2,1,602,51,0,0.44085031747817993,0.4649999999999999,0
2,1,603,51,0,0.4404972195625305,0.4649999999999999,0
2,1,604,51,0,0.4426562488079071,0.4649999999999999,0
2,1,605,51,0,0.4267248511314392,0.4649999999999999,0
2,1,606,51,0,0.4257816672325134,0.4649999999999999,0
2,1,637,55,0,0.4253760576248169,0.4649999999999999,0
2,1,638,55,0,0.4253760576248169,0.4649999999999999,0
2,1,639,55,0,0.4253760576248169,0.4649999999999999,0
2,1,640,55,0,0.425376296043396,0.4649999999999999,0
2,1,641,55,0,0.43968063592910767,0.4649999999999999,0
2,1,642,55,0,0.43875253200531006,0.4649999999999999,0
2,1,643,55,0,0.4253760576248169,0.4649999999999999,0
2,1,644,55,0,0.43989962339401245,0.4649999999999999,0
2,1,645,55,0,0.42731812596321106,0.4649999999999999,0
2,1,646,55,0,0.42578125,0.4649999999999999,0
2,1,737,65,0,0.4402995705604553,0.4649999999999999,0
2,1,738,65,0,0.4277246594429016,0.4649999999999999,0
2,1,739,65,0,0.4442864954471588,0.4649999999999999,0
2,1,740,65,0,0.4267244338989258,0.4649999999999999,0
2,1,741,65,0,0.4253760576248169,0.4649999999999999,0
2,1,742,65,0,0.4253760576248169,0.4649999999999999,0
2,1,743,65,0,0.42903822660446167,0.4649999999999999,0
2,1,744,65,0,0.425376296043396,0.4649999999999999,0
2,1,745,65,0,0.4253760576248169,0.4649999999999999,0
2,1,746,65,0,0.42537620663642883,0.4649999999999999,0
2,1,747,66,0,0.4257814288139343,0.4649999999999999,0
2,1,748,66,0,0.4253760576248169,0.4649999999999999,0
2,1,749,66,0,0.4253760576248169,0.4649999999999999,0
2,1,750,66,0,0.4425415098667145,0.4649999999999999,0
2,1,751,66,0,0.44008922576904297,0.4649999999999999,0
2,1,752,66,0,0.4400891065597534,0.4649999999999999,0
2,1,753,66,0,0.4253765344619751,0.4649999999999999,0
2,1,754,66,0,0.4396834969520569,0.4649999999999999,0
2,1,755,66,0,0.4396839141845703,0.4649999999999999,0
2,1,756,66,0,0.4396834969520569,0.4649999999999999,0
2,1,777,69,0,0.44049859046936035,0.4649999999999999,0
2,1,778,69,0,0.44008922576904297,0.4649999999999999,0
2,1,779,69,0,0.4396808445453644,0.4649999999999999,0
2,1,780,69,0,0.42596957087516785,0.4649999999999999,0
2,1,781,69,0,0.4400920569896698,0.4649999999999999,0
2,1,782,69,0,0.4265631437301636,0.4649999999999999,0
2,1,783,69,0,0.4253760576248169,0.4649999999999999,0
2,1,784,69,0,0.4564124047756195,0.4649999999999999,0
2,1,785,69,0,0.425376296043396,0.4649999999999999,0
2,1,786,69,0,0.4394915699958801,0.4649999999999999,0
2,1,787,70,0,0.4259697496891022,0.4649999999999999,0
2,1,788,70,0,0.42596977949142456,0.4649999999999999,0
2,1,789,70,0,0.4396808445453644,0.4649999999999999,0
2,1,790,70,0,0.44144830107688904,0.4649999999999999,0
2,1,791,70,0,0.42772382497787476,0.4649999999999999,0
2,1,792,70,0,0.4401648938655853,0.4649999999999999,0
2,1,793,70,0,0.4407620131969452,0.4649999999999999,0
2,1,794,70,0,0.43968144059181213,0.4649999999999999,0
2,1,795,70,0,0.4267246127128601,0.4649999999999999,0
2,1,796,70,0,0.43949124217033386,0.4649999999999999,0
2,1,807,72,0,0.4259692430496216,0.4649999999999999,0
2,1,808,72,0,0.4259692430496216,0.4649999999999999,0
2,1,809,72,0,0.42596909403800964,0.4649999999999999,0
2,1,810,72,0,0.4259694814682007,0.4649999999999999,0
2,1,811,72,0,0.4259694814682007,0.4649999999999999,0
2,1,812,72,0,0.4259694814682007,0.4649999999999999,0
2,1,813,72,0,0.42596909403800964,0.4649999999999999,0
2,1,814,72,0,0.4439102113246918,0.4649999999999999,0
2,1,815,72,0,0.4259696900844574,0.4649999999999999,0
2,1,816,72,0,0.4259694814682007,0.4649999999999999,0
2,2,1,1,1,0.4263225197792053,0.5349999999999999,0
2,2,5,5,1,0.5881471633911133,0.5349999999999999,1
2,2,9,9,1,0.5771539211273193,0.5349999999999999,1
2,2,10,10,1,0.4657396078109741,0.5349999999999999,0
2,2,12,12,1,0.6978561282157898,0.5349999999999999,1
2,2,15,15,1,0.6978561282157898,0.5349999999999999,1
2,2,17,17,1,0.5771539211273193,0.5349999999999999,1
2,2,26,26,1,0.4235234558582306,0.5349999999999999,0
2,2,27,27,1,0.5881471633911133,0.5349999999999999,1
2,2,35,35,1,0.5881471633911133,0.5349999999999999,1
2,2,41,41,1,0.5801085233688354,0.5349999999999999,1
2,2,46,46,1,0.7037277221679688,0.5349999999999999,1
2,2,50,50,1,0.492154985666275,0.5349999999999999,0
2,2,63,63,1,0.6978561282157898,0.5349999999999999,1
2,2,71,71,1,0.3174656331539154,0.5349999999999999,0
2,2,76,76,1,0.4306148886680603,0.5349999999999999,0
2,2,97,1,0,0.2247384935617447,0.5349999999999999,0
2,2,98,1,0,0.22683198750019073,0.5349999999999999,0
2,2,99,1,0,0.24162013828754425,0.5349999999999999,0
2,2,100,1,0,0.2959807515144348,0.5349999999999999,0
2,2,101,1,0,0.21786855161190033,0.5349999999999999,0
2,2,102,1,0,0.22683042287826538,0.5349999999999999,0
2,2,103,1,0,0.2934873402118683,0.5349999999999999,0
2,2,104,1,0,0.29348865151405334,0.5349999999999999,0
2,2,105,1,0,0.29681700468063354,0.5349999999999999,0
2,2,106,1,0,0.2959780991077423,0.5349999999999999,0
2,2,137,5,0,0.3202707767486572,0.5349999999999999,0
2,2,138,5,0,0.7321218252182007,0.5349999999999999,1
2,2,139,5,0,0.29317623376846313,0.5349999999999999,0
2,2,140,5,0,0.2898692488670349,0.5349999999999999,0
2,2,141,5,0,0.29714086651802063,0.5349999999999999,0
2,2,142,5,0,0.2229413390159607,0.5349999999999999,0
2,2,143,5,0,0.2959819436073303,0.5349999999999999,0
2,2,144,5,0,0.2984881103038788,0.5349999999999999,0
2,2,145,5,0,0.3237420320510864,0.5349999999999999,0
2,2,146,5,0,0.4095453917980194,0.5349999999999999,0
2,2,177,9,0,0.4066716134548187,0.5349999999999999,0
2,2,178,9,0,0.21787182986736298,0.5349999999999999,0
2,2,179,9,0,0.21489593386650085,0.5349999999999999,0
2,2,180,9,0,0.21489697694778442,0.5349999999999999,0
2,2,181,9,0,0.21489697694778442,0.5349999999999999,0
2,2,182,9,0,0.21787171065807343,0.5349999999999999,0
2,2,183,9,0,0.29348868131637573,0.5349999999999999,0
2,2,184,9,0,0.21489806473255157,0.5349999999999999,0
2,2,185,9,0,0.21787071228027344,0.5349999999999999,0
2,2,186,9,0,0.2247353047132492,0.5349999999999999,0
2,2,187,10,0,0.29233938455581665,0.5349999999999999,0
2,2,188,10,0,0.2989373505115509,0.5349999999999999,0
2,2,189,10,0,0.3934462070465088,0.5349999999999999,0
2,2,190,10,0,0.21786747872829437,0.5349999999999999,0
2,2,191,10,0,0.22169440984725952,0.5349999999999999,0
2,2,192,10,0,0.31109967827796936,0.5349999999999999,0
2,2,193,10,0,0.22169512510299683,0.5349999999999999,0
2,2,194,10,0,0.2152676284313202,0.5349999999999999,0
2,2,195,10,0,0.2971389591693878,0.5349999999999999,0
2,2,196,10,0,0.2178696244955063,0.5349999999999999,0
2,2,207,12,0,0.2148970365524292,0.5349999999999999,0
2,2,208,12,0,0.21692346036434174,0.5349999999999999,0
2,2,209,12,0,0.2169245034456253,0.5349999999999999,0
2,2,210,12,0,0.2959780693054199,0.5349999999999999,0
2,2,211,12,0,0.21489697694778442,0.5349999999999999,0
2,2,212,12,0,0.2148970365524292,0.5349999999999999,0
2,2,213,12,0,0.32231271266937256,0.5349999999999999,0
2,2,214,12,0,0.21489593386650085,0.5349999999999999,0
2,2,215,12,0,0.21786858141422272,0.5349999999999999,0
2,2,216,12,0,0.21786858141422272,0.5349999999999999,0
2,2,237,15,0,0.28986912965774536,0.5349999999999999,0
2,2,238,15,0,0.22169554233551025,0.5349999999999999,0
2,2,239,15,0,0.2199162244796753,0.5349999999999999,0
2,2,240,15,0,0.4169624149799347,0.5349999999999999,0
2,2,241,15,0,0.3018213212490082,0.5349999999999999,0
2,2,242,15,0,0.4271692931652069,0.5349999999999999,0
2,2,243,15,0,0.29349127411842346,0.5349999999999999,0
2,2,244,15,0,0.4156821072101593,0.5349999999999999,0
2,2,245,15,0,0.22473642230033875,0.5349999999999999,0
2,2,246,15,0,0.29348865151405334,0.5349999999999999,0
2,2,257,17,0,0.29349184036254883,0.5349999999999999,0
2,2,258,17,0,0.29348868131637573,0.5349999999999999,0
2,2,259,17,0,0.29598259925842285,0.5349999999999999,0
2,2,260,17,0,0.2934899628162384,0.5349999999999999,0
2,2,261,17,0,0.22087128460407257,0.5349999999999999,0
2,2,262,17,0,0.32352882623672485,0.5349999999999999,0
2,2,263,17,0,0.2208748608827591,0.5349999999999999,0
2,2,264,17,0,0.2898665964603424,0.5349999999999999,0
2,2,265,17,0,0.2996448874473572,0.5349999999999999,0
2,2,266,17,0,0.22390706837177277,0.5349999999999999,0
2,2,347,26,0,0.31351158022880554,0.5349999999999999,0
2,2,348,26,0,0.2169244885444641,0.5349999999999999,0
2,2,349,26,0,0.3018212914466858,0.5349999999999999,0
2,2,350,26,0,0.30230629444122314,0.5349999999999999,0
2,2,351,26,0,0.2934899628162384,0.5349999999999999,0
2,2,352,26,0,0.2169245034456253,0.5349999999999999,0
2,2,353,26,0,0.2939462959766388,0.5349999999999999,0
2,2,354,26,0,0.29394450783729553,0.5349999999999999,0
2,2,355,26,0,0.21489593386650085,0.5349999999999999,0
2,2,356,26,0,0.21489593386650085,0.5349999999999999,0
2,2,357,27,0,0.29348957538604736,0.5349999999999999,0
2,2,358,27,0,0.29348865151405334,0.5349999999999999,0
2,2,359,27,0,0.29348868131637573,0.5349999999999999,0
2,2,360,27,0,0.30230629444122314,0.5349999999999999,0
2,2,361,27,0,0.29597899317741394,0.5349999999999999,0
2,2,362,27,0,0.4308928847312927,0.5349999999999999,0
2,2,363,27,0,0.29598161578178406,0.5349999999999999,0
2,2,364,27,0,0.29597941040992737,0.5349999999999999,0
2,2,365,27,0,0.21490171551704407,0.5349999999999999,0
2,2,366,27,0,0.21489597856998444,0.5349999999999999,0
2,2,437,35,0,0.22169549763202667,0.5349999999999999,0
2,2,438,35,0,0.21489593386650085,0.5349999999999999,0
2,2,439,35,0,0.21489593386650085,0.5349999999999999,0
2,2,440,35,0,0.31104642152786255,0.5349999999999999,0
2,2,441,35,0,0.21489593386650085,0.5349999999999999,0
2,2,442,35,0,0.2169245034456253,0.5349999999999999,0
2,2,443,35,0,0.3420967161655426,0.5349999999999999,0
2,2,444,35,0,0.4235234558582306,0.5349999999999999,0
2,2,445,35,0,0.2148968130350113,0.5349999999999999,0
2,2,446,35,0,0.21991564333438873,0.5349999999999999,0
2,2,497,41,0,0.2247353196144104,0.5349999999999999,0
2,2,498,41,0,0.3018192946910858,0.5349999999999999,0
2,2,499,41,0,0.4657396078109741,0.5349999999999999,0
2,2,500,41,0,0.3235282897949219,0.5349999999999999,0
2,2,501,41,0,0.28986793756484985,0.5349999999999999,0
2,2,502,41,0,0.29597947001457214,0.5349999999999999,0
2,2,503,41,0,0.29317334294319153,0.5349999999999999,0
2,2,504,41,0,0.29813623428344727,0.5349999999999999,0
2,2,505,41,0,0.2169244885444641,0.5349999999999999,0
2,2,506,41,0,0.28986796736717224,0.5349999999999999,0
2,2,547,46,0,0.2199162244796753,0.5349999999999999,0
2,2,548,46,0,0.29348865151405334,0.5349999999999999,0
2,2,549,46,0,0.29643625020980835,0.5349999999999999,0
2,2,550,46,0,0.29643943905830383,0.5349999999999999,0
2,2,551,46,0,0.21489684283733368,0.5349999999999999,0
2,2,552,46,0,0.21692560613155365,0.5349999999999999,0
2,2,553,46,0,0.21489600837230682,0.5349999999999999,0
2,2,554,46,0,0.4348178505897522,0.5349999999999999,0
2,2,555,46,0,0.28986799716949463,0.5349999999999999,0
2,2,556,46,0,0.21489597856998444,0.5349999999999999,0
2,2,587,50,0,0.21692560613155365,0.5349999999999999,0
2,2,588,50,0,0.2169245481491089,0.5349999999999999,0
2,2,589,50,0,0.2980814576148987,0.5349999999999999,0
2,2,590,50,0,0.22169449925422668,0.5349999999999999,0
2,2,591,50,0,0.40243104100227356,0.5349999999999999,0
2,2,592,50,0,0.2148970514535904,0.5349999999999999,0
2,2,593,50,0,0.3197024464607239,0.5349999999999999,0
2,2,594,50,0,0.2148970365524292,0.5349999999999999,0
2,2,595,50,0,0.21692560613155365,0.5349999999999999,0
2,2,596,50,0,0.21489597856998444,0.5349999999999999,0
2,2,717,63,0,0.2862202823162079,0.5349999999999999,0
2,2,718,63,0,0.21489600837230682,0.5349999999999999,0
2,2,719,63,0,0.21489597856998444,0.5349999999999999,0
2,2,720,63,0,0.21489600837230682,0.5349999999999999,0
2,2,721,63,0,0.3081105947494507,0.5349999999999999,0
2,2,722,63,0,0.22169554233551025,0.5349999999999999,0
2,2,723,63,0,0.2148970514535904,0.5349999999999999,0
2,2,724,63,0,0.21692928671836853,0.5349999999999999,0
2,2,725,63,0,0.21692560613155365,0.5349999999999999,0
2,2,726,63,0,0.21489684283733368,0.5349999999999999,0
2,2,797,71,0,0.29349133372306824,0.5349999999999999,0
2,2,798,71,0,0.2898693382740021,0.5349999999999999,0
2,2,799,71,0,0.296819269657135,0.5349999999999999,0
2,2,800,71,0,0.2952788472175598,0.5349999999999999,0
2,2,801,71,0,0.3972020447254181,0.5349999999999999,0
2,2,802,71,0,0.2178686410188675,0.5349999999999999,0
2,2,803,71,0,0.31915074586868286,0.5349999999999999,0
2,2,804,71,0,0.21489597856998444,0.5349999999999999,0
2,2,805,71,0,0.21797923743724823,0.5349999999999999,0
2,2,806,71,0,0.22086985409259796,0.5349999999999999,0
2,2,847,76,0,0.21787148714065552,0.5349999999999999,0
2,2,848,76,0,0.2169245034456253,0.5349999999999999,0
2,2,849,76,0,0.21786971390247345,0.5349999999999999,0
2,2,850,76,0,0.3197024464607239,0.5349999999999999,0
2,2,851,76,0,0.3148694634437561,0.5349999999999999,0
2,2,852,76,0,0.39344915747642517,0.5349999999999999,0
2,2,853,76,0,0.28986796736717224,0.5349999999999999,0
2,2,854,76,0,0.29348936676979065,0.5349999999999999,0
2,2,855,76,0,0.28986796736717224,0.5349999999999999,0
2,2,856,76,0,0.21692343056201935,0.5349999999999999,0
2,3,3,3,1,0.4926772117614746,0.49999999999999994,0
2,3,8,8,1,0.4940968155860901,0.49999999999999994,0
2,3,14,14,1,0.49771401286125183,0.49999999999999994,0
2,3,23,23,1,0.4981837272644043,0.49999999999999994,0
2,3,24,24,1,0.4981836974620819,0.49999999999999994,0
2,3,32,32,1,0.4930044710636139,0.49999999999999994,0
2,3,40,40,1,0.4930046498775482,0.49999999999999994,0
2,3,42,42,1,0.49191713333129883,0.49999999999999994,0
2,3,45,45,1,0.49242308735847473,0.49999999999999994,0
2,3,52,52,1,0.4925665855407715,0.49999999999999994,0
2,3,56,56,1,0.4981836974620819,0.49999999999999994,0
2,3,58,58,1,0.4981837272644043,0.49999999999999994,0
2,3,60,60,1,0.49191713333129883,0.49999999999999994,0
2,3,62,62,1,0.5018054842948914,0.49999999999999994,1
2,3,67,67,1,0.4977140426635742,0.49999999999999994,0
2,3,75,75,1,0.4931294322013855,0.49999999999999994,0
2,3,117,3,0,0.48859962821006775,0.49999999999999994,0
2,3,118,3,0,0.485538512468338,0.49999999999999994,0
2,3,119,3,0,0.48865196108818054,0.49999999999999994,0
2,3,120,3,0,0.48844632506370544,0.49999999999999994,0
2,3,121,3,0,0.48571205139160156,0.49999999999999994,0
2,3,122,3,0,0.48874521255493164,0.49999999999999994,0
2,3,123,3,0,0.48865193128585815,0.49999999999999994,0
2,3,124,3,0,0.4859849810600281,0.49999999999999994,0
2,3,125,3,0,0.4884461760520935,0.49999999999999994,0
2,3,126,3,0,0.4854450821876526,0.49999999999999994,0
2,3,167,8,0,0.4853086769580841,0.49999999999999994,0
2,3,168,8,0,0.4853520393371582,0.49999999999999994,0
2,3,169,8,0,0.48849838972091675,0.49999999999999994,0
2,3,170,8,0,0.4853520393371582,0.49999999999999994,0
2,3,171,8,0,0.48521557450294495,0.49999999999999994,0
2,3,172,8,0,0.4855816066265106,0.49999999999999994,0
2,3,173,8,0,0.4884462356567383,0.49999999999999994,0
2,3,174,8,0,0.4852154552936554,0.49999999999999994,0
2,3,175,8,0,0.488463431596756,0.49999999999999994,0
2,3,176,8,0,0.4852154552936554,0.49999999999999994,0
2,3,227,14,0,0.48552557826042175,0.49999999999999994,0
2,3,228,14,0,0.48566195368766785,0.49999999999999994,0
2,3,229,14,0,0.4856621026992798,0.49999999999999994,0
2,3,230,14,0,0.48844632506370544,0.49999999999999994,0
2,3,231,14,0,0.48552560806274414,0.49999999999999994,0
2,3,232,14,0,0.48567911982536316,0.49999999999999994,0
2,3,233,14,0,0.48830974102020264,0.49999999999999994,0
2,3,234,14,0,0.4885783791542053,0.49999999999999994,0
2,3,235,14,0,0.4853086769580841,0.49999999999999994,0
2,3,236,14,0,0.48844626545906067,0.49999999999999994,0
2,3,317,23,0,0.4852153956890106,0.49999999999999994,0
2,3,318,23,0,0.48830971121788025,0.49999999999999994,0
2,3,319,23,0,0.4852153956890106,0.49999999999999994,0
2,3,320,23,0,0.4853086769580841,0.49999999999999994,0
2,3,321,23,0,0.48530861735343933,0.49999999999999994,0
2,3,322,23,0,0.4852154552936554,0.49999999999999994,0
2,3,323,23,0,0.4852153956890106,0.49999999999999994,0
2,3,324,23,0,0.48859211802482605,0.49999999999999994,0
2,3,325,23,0,0.48548829555511475,0.49999999999999994,0
2,3,326,23,0,0.485215425491333,0.49999999999999994,0
2,3,327,24,0,0.485215425491333,0.49999999999999994,0
2,3,328,24,0,0.485215425491333,0.49999999999999994,0
2,3,329,24,0,0.48530861735343933,0.49999999999999994,0
2,3,330,24,0,0.4852154552936554,0.49999999999999994,0
2,3,331,24,0,0.48863524198532104,0.49999999999999994,0
2,3,332,24,0,0.4853086769580841,0.49999999999999994,0
2,3,333,24,0,0.4853086769580841,0.49999999999999994,0
2,3,334,24,0,0.4853086769580841,0.49999999999999994,0
2,3,335,24,0,0.4852154552936554,0.49999999999999994,0
2,3,336,24,0,0.4853086769580841,0.49999999999999994,0
2,3,407,32,0,0.4852154552936554,0.49999999999999994,0
2,3,408,32,0,0.4852154552936554,0.49999999999999994,0
2,3,409,32,0,0.4916735887527466,0.49999999999999994,0
2,3,410,32,0,0.4852154552936554,0.49999999999999994,0
2,3,411,32,0,0.4853086471557617,0.49999999999999994,0
2,3,412,32,0,0.4852153956890106,0.49999999999999994,0
2,3,413,32,0,0.48576512932777405,0.49999999999999994,0
2,3,414,32,0,0.48552554845809937,0.49999999999999994,0
2,3,415,32,0,0.4852153956890106,0.49999999999999994,0
2,3,416,32,0,0.4852153956890106,0.49999999999999994,0
2,3,487,40,0,0.485662043094635,0.49999999999999994,0
2,3,488,40,0,0.4902133643627167,0.49999999999999994,0
2,3,489,40,0,0.48552554845809937,0.49999999999999994,0
2,3,490,40,0,0.4852153956890106,0.49999999999999994,0
2,3,491,40,0,0.4852153956890106,0.49999999999999994,0
2,3,492,40,0,0.4852154552936554,0.49999999999999994,0
2,3,493,40,0,0.4853086769580841,0.49999999999999994,0
2,3,494,40,0,0.4887564182281494,0.49999999999999994,0
2,3,495,40,0,0.49771401286125183,0.49999999999999994,0
2,3,496,40,0,0.488309770822525,0.49999999999999994,0
2,3,507,42,0,0.48840293288230896,0.49999999999999994,0
2,3,508,42,0,0.48840293288230896,0.49999999999999994,0
2,3,509,42,0,0.48859161138534546,0.49999999999999994,0
2,3,510,42,0,0.485215425491333,0.49999999999999994,0
2,3,511,42,0,0.48552557826042175,0.49999999999999994,0
2,3,512,42,0,0.48849621415138245,0.49999999999999994,0
2,3,513,42,0,0.4853086471557617,0.49999999999999994,0
2,3,514,42,0,0.48830971121788025,0.49999999999999994,0
2,3,515,42,0,0.4855254888534546,0.49999999999999994,0
2,3,516,42,0,0.4853086769580841,0.49999999999999994,0
2,3,537,45,0,0.4852153956890106,0.49999999999999994,0
2,3,538,45,0,0.4852153956890106,0.49999999999999994,0
2,3,539,45,0,0.4852153956890106,0.49999999999999994,0
2,3,540,45,0,0.4852153956890106,0.49999999999999994,0
2,3,541,45,0,0.4852153956890106,0.49999999999999994,0
2,3,542,45,0,0.48552557826042175,0.49999999999999994,0
2,3,543,45,0,0.48880645632743835,0.49999999999999994,0
2,3,544,45,0,0.48863521218299866,0.49999999999999994,0
2,3,545,45,0,0.4852153956890106,0.49999999999999994,0
2,3,546,45,0,0.4921570420265198,0.49999999999999994,0
2,3,607,52,0,0.4853087365627289,0.49999999999999994,0
2,3,608,52,0,0.4889114797115326,0.49999999999999994,0
2,3,609,52,0,0.4853086471557617,0.49999999999999994,0
2,3,610,52,0,0.4888497591018677,0.49999999999999994,0
2,3,611,52,0,0.48561885952949524,0.49999999999999994,0
2,3,612,52,0,0.4852153956890106,0.49999999999999994,0
2,3,613,52,0,0.4852153956890106,0.49999999999999994,0
2,3,614,52,0,0.4887453615665436,0.49999999999999994,0
2,3,615,52,0,0.48914870619773865,0.49999999999999994,0
2,3,616,52,0,0.4890987277030945,0.49999999999999994,0
2,3,647,56,0,0.4886326193809509,0.49999999999999994,0
2,3,648,56,0,0.4919171929359436,0.49999999999999994,0
2,3,649,56,0,0.4853087365627289,0.49999999999999994,0
2,3,650,56,0,0.4885566830635071,0.49999999999999994,0
2,3,651,56,0,0.4852153956890106,0.49999999999999994,0
2,3,652,56,0,0.4852153956890106,0.49999999999999994,0
2,3,653,56,0,0.4852153956890106,0.49999999999999994,0
2,3,654,56,0,0.48552557826042175,0.49999999999999994,0
2,3,655,56,0,0.48846322298049927,0.49999999999999994,0
2,3,656,56,0,0.48851320147514343,0.49999999999999994,0
2,3,667,58,0,0.4853086769580841,0.49999999999999994,0
2,3,668,58,0,0.4853086471557617,0.49999999999999994,0
2,3,669,58,0,0.4853087067604065,0.49999999999999994,0
2,3,670,58,0,0.48552560806274414,0.49999999999999994,0
2,3,671,58,0,0.4856187701225281,0.49999999999999994,0
2,3,672,58,0,0.48552554845809937,0.49999999999999994,0
2,3,673,58,0,0.4855254888534546,0.49999999999999994,0
2,3,674,58,0,0.48888862133026123,0.49999999999999994,0
2,3,675,58,0,0.48888862133026123,0.49999999999999994,0
2,3,676,58,0,0.4853086769580841,0.49999999999999994,0
2,3,687,60,0,0.48552557826042175,0.49999999999999994,0
2,3,688,60,0,0.48530861735343933,0.49999999999999994,0
2,3,689,60,0,0.4853086471557617,0.49999999999999994,0
2,3,690,60,0,0.485215425491333,0.49999999999999994,0
2,3,691,60,0,0.4885783791542053,0.49999999999999994,0
2,3,692,60,0,0.48863524198532104,0.49999999999999994,0
2,3,693,60,0,0.4853087067604065,0.49999999999999994,0
2,3,694,60,0,0.4852153956890106,0.49999999999999994,0
2,3,695,60,0,0.492092490196228,0.49999999999999994,0
2,3,696,60,0,0.48846322298049927,0.49999999999999994,0
2,3,707,62,0,0.4852153956890106,0.49999999999999994,0
2,3,708,62,0,0.4852154552936554,0.49999999999999994,0
2,3,709,62,0,0.48864981532096863,0.49999999999999994,0
2,3,710,62,0,0.4853518605232239,0.49999999999999994,0
2,3,711,62,0,0.48552563786506653,0.49999999999999994,0
2,3,712,62,0,0.4852153956890106,0.49999999999999994,0
2,3,713,62,0,0.48561879992485046,0.49999999999999994,0
2,3,714,62,0,0.48830971121788025,0.49999999999999994,0
2,3,715,62,0,0.4852154850959778,0.49999999999999994,0
2,3,716,62,0,0.4853087067604065,0.49999999999999994,0
2,3,757,67,0,0.48867857456207275,0.49999999999999994,0
2,3,758,67,0,0.4890652298927307,0.49999999999999994,0
2,3,759,67,0,0.48830974102020264,0.49999999999999994,0
2,3,760,67,0,0.48844683170318604,0.49999999999999994,0
2,3,761,67,0,0.4887734353542328,0.49999999999999994,0
2,3,762,67,0,0.4916735887527466,0.49999999999999994,0
2,3,763,67,0,0.48552554845809937,0.49999999999999994,0
2,3,764,67,0,0.4853520095348358,0.49999999999999994,0
2,3,765,67,0,0.4887734353542328,0.49999999999999994,0
2,3,766,67,0,0.4884030222892761,0.49999999999999994,0
2,3,837,75,0,0.48535189032554626,0.49999999999999994,0
2,3,838,75,0,0.4856620132923126,0.49999999999999994,0
2,3,839,75,0,0.48521554470062256,0.49999999999999994,0
2,3,840,75,0,0.48535194993019104,0.49999999999999994,0
2,3,841,75,0,0.4853518605232239,0.49999999999999994,0
2,3,842,75,0,0.48552563786506653,0.49999999999999994,0
2,3,843,75,0,0.48552560806274414,0.49999999999999994,0
2,3,844,75,0,0.48535194993019104,0.49999999999999994,0
2,3,845,75,0,0.48535194993019104,0.49999999999999994,0
2,3,846,75,0,0.4852153956890106,0.49999999999999994,0
2,4,0,0,1,0.38812780380249023,0.63,0
2,4,2,2,1,0.9548953771591187,0.63,1
2,4,7,7,1,0.3437442481517792,0.63,0
2,4,13,13,1,0.35752004384994507,0.63,0
2,4,18,18,1,0.9286494851112366,0.63,1
2,4,21,21,1,0.9286494851112366,0.63,1
2,4,22,22,1,0.7664965391159058,0.63,1
2,4,28,28,1,0.9286494851112366,0.63,1
2,4,34,34,1,0.7877678871154785,0.63,1
2,4,43,43,1,0.2689935863018036,0.63,0
2,4,49,49,1,0.32375049591064453,0.63,0
2,4,59,59,1,0.2689935863018036,0.63,0
2,4,61,61,1,0.7877678871154785,0.63,1
2,4,64,64,1,0.3437442183494568,0.63,0
2,4,68,68,1,0.772773027420044,0.63,1
2,4,73,73,1,0.7877678871154785,0.63,1
2,4,87,0,0,0.38812780380249023,0.63,0
2,4,88,0,0,0.04077659547328949,0.63,0
2,4,89,0,0,0.30967164039611816,0.63,0
2,4,90,0,0,0.0349745973944664,0.63,0
2,4,91,0,0,0.11204124242067337,0.63,0
2,4,92,0,0,0.03562453016638756,0.63,0
2,4,93,0,0,0.09977217018604279,0.63,0
2,4,94,0,0,0.0349745973944664,0.63,0
2,4,95,0,0,0.09062142670154572,0.63,0
2,4,96,0,0,0.09977390617132187,0.63,0
2,4,107,2,0,0.09008926153182983,0.63,0
2,4,108,2,0,0.09008928388357162,0.63,0
2,4,109,2,0,0.044242870062589645,0.63,0
2,4,110,2,0,0.09977889806032181,0.63,0
2,4,111,2,0,0.10645042359828949,0.63,0
2,4,112,2,0,0.03968988358974457,0.63,0
2,4,113,2,0,0.053824324160814285,0.63,0
2,4,114,2,0,0.042416512966156006,0.63,0
2,4,115,2,0,0.0980406105518341,0.63,0
2,4,116,2,0,0.0980406105518341,0.63,0
2,4,157,7,0,0.03555753454566002,0.63,0
2,4,158,7,0,0.035623699426651,0.63,0
2,4,159,7,0,0.03497347608208656,0.63,0
2,4,160,7,0,0.09008926153182983,0.63,0
2,4,161,7,0,0.0859932005405426,0.63,0
2,4,162,7,0,0.0859932005405426,0.63,0
2,4,163,7,0,0.08896932005882263,0.63,0
2,4,164,7,0,0.0373491533100605,0.63,0
2,4,165,7,0,0.08897245675325394,0.63,0
2,4,166,7,0,0.09009455889463425,0.63,0
2,4,217,13,0,0.03778999671339989,0.63,0
2,4,218,13,0,0.033911772072315216,0.63,0
2,4,219,13,0,0.03391291946172714,0.63,0
2,4,220,13,0,0.03391333296895027,0.63,0
2,4,221,13,0,0.03897026181221008,0.63,0
2,4,222,13,0,0.03673676773905754,0.63,0
2,4,223,13,0,0.039687663316726685,0.63,0
2,4,224,13,0,0.035622477531433105,0.63,0
2,4,225,13,0,0.033911582082509995,0.63,0
2,4,226,13,0,0.03391176462173462,0.63,0
2,4,267,18,0,0.09471186995506287,0.63,0
2,4,268,18,0,0.09977735579013824,0.63,0
2,4,269,18,0,0.037788089364767075,0.63,0
2,4,270,18,0,0.03674618899822235,0.63,0
2,4,271,18,0,0.09009396284818649,0.63,0
2,4,272,18,0,0.11258663237094879,0.63,0
2,4,273,18,0,0.03878074511885643,0.63,0
2,4,274,18,0,0.03673626109957695,0.63,0
2,4,275,18,0,0.03562309220433235,0.63,0
2,4,276,18,0,0.035623107105493546,0.63,0
2,4,297,21,0,0.034972868859767914,0.63,0
2,4,298,21,0,0.10989833623170853,0.63,0
2,4,299,21,0,0.037382327020168304,0.63,0
2,4,300,21,0,0.09363874047994614,0.63,0
2,4,301,21,0,0.040926046669483185,0.63,0
2,4,302,21,0,0.0409267395734787,0.63,0
2,4,303,21,0,0.0906246155500412,0.63,0
2,4,304,21,0,0.033911190927028656,0.63,0
2,4,305,21,0,0.03391118347644806,0.63,0
2,4,306,21,0,0.09635459631681442,0.63,0
2,4,307,22,0,0.09062456339597702,0.63,0
2,4,308,22,0,0.034973468631505966,0.63,0
2,4,309,22,0,0.03497287631034851,0.63,0
2,4,310,22,0,0.034972868859767914,0.63,0
2,4,311,22,0,0.033911190927028656,0.63,0
2,4,312,22,0,0.033911753445863724,0.63,0
2,4,313,22,0,0.033911190927028656,0.63,0
2,4,314,22,0,0.03778809681534767,0.63,0
2,4,315,22,0,0.033911190927028656,0.63,0
2,4,316,22,0,0.03391117602586746,0.63,0
2,4,367,28,0,0.09010069817304611,0.63,0
2,4,368,28,0,0.035624075680971146,0.63,0
2,4,369,28,0,0.09308516979217529,0.63,0
2,4,370,28,0,0.09308516979217529,0.63,0
2,4,371,28,0,0.09308678656816483,0.63,0
2,4,372,28,0,0.03391166031360626,0.63,0
2,4,373,28,0,0.09046722203493118,0.63,0
2,4,374,28,0,0.0930851623415947,0.63,0
2,4,375,28,0,0.09009185433387756,0.63,0
2,4,376,28,0,0.03562247008085251,0.63,0
2,4,427,34,0,0.2789667546749115,0.63,0
2,4,428,34,0,0.278959721326828,0.63,0
2,4,429,34,0,0.03391173854470253,0.63,0
2,4,430,34,0,0.03391173854470253,0.63,0
2,4,431,34,0,0.034972868859767914,0.63,0
2,4,432,34,0,0.03391164168715477,0.63,0
2,4,433,34,0,0.03391118347644806,0.63,0
2,4,434,34,0,0.24731194972991943,0.63,0
2,4,435,34,0,0.03391173854470253,0.63,0
2,4,436,34,0,0.03391173854470253,0.63,0
2,4,517,43,0,0.12444178760051727,0.63,0
2,4,518,43,0,0.12444181740283966,0.63,0
2,4,519,43,0,0.03778766840696335,0.63,0
2,4,520,43,0,0.03391117602586746,0.63,0
2,4,521,43,0,0.033911190927028656,0.63,0
2,4,522,43,0,0.03391120210289955,0.63,0
2,4,523,43,0,0.033911190927028656,0.63,0
2,4,524,43,0,0.033911190927028656,0.63,0
2,4,525,43,0,0.03497226908802986,0.63,0
2,4,526,43,0,0.03497287631034851,0.63,0
2,4,577,49,0,0.03391118347644806,0.63,0
2,4,578,49,0,0.03391166031360626,0.63,0
2,4,579,49,0,0.03391166031360626,0.63,0
2,4,580,49,0,0.03391166031360626,0.63,0
2,4,581,49,0,0.10663323104381561,0.63,0
2,4,582,49,0,0.03897027298808098,0.63,0
2,4,583,49,0,0.11159045249223709,0.63,0
2,4,584,49,0,0.033911753445863724,0.63,0
2,4,585,49,0,0.033911652863025665,0.63,0
2,4,586,49,0,0.03391173854470253,0.63,0
2,4,677,59,0,0.034972868859767914,0.63,0
2,4,678,59,0,0.033911727368831635,0.63,0
2,4,679,59,0,0.033911190927028656,0.63,0
2,4,680,59,0,0.033911190927028656,0.63,0
2,4,681,59,0,0.03391118347644806,0.63,0
2,4,682,59,0,0.03391166031360626,0.63,0
2,4,683,59,0,0.03391166031360626,0.63,0
2,4,684,59,0,0.03897025063633919,0.63,0
2,4,685,59,0,0.11011547595262527,0.63,0
2,4,686,59,0,0.03391173854470253,0.63,0
2,4,697,61,0,0.034972868859767914,0.63,0
2,4,698,61,0,0.034972868859767914,0.63,0
2,4,699,61,0,0.30732545256614685,0.63,0
2,4,700,61,0,0.037789370864629745,0.63,0
2,4,701,61,0,0.09008923918008804,0.63,0
2,4,702,61,0,0.03391117602586746,0.63,0
2,4,703,61,0,0.03497228026390076,0.63,0
2,4,704,61,0,0.03497228026390076,0.63,0
2,4,705,61,0,0.03391234949231148,0.63,0
2,4,706,61,0,0.03391166776418686,0.63,0
2,4,727,64,0,0.03391166031360626,0.63,0
2,4,728,64,0,0.03391118347644806,0.63,0
2,4,729,64,0,0.033911772072315216,0.63,0
2,4,730,64,0,0.03582814708352089,0.63,0
2,4,731,64,0,0.034972868859767914,0.63,0
2,4,732,64,0,0.03778765723109245,0.63,0
2,4,733,64,0,0.037788279354572296,0.63,0
2,4,734,64,0,0.033911190927028656,0.63,0
2,4,735,64,0,0.03391118347644806,0.63,0
2,4,736,64,0,0.033911190927028656,0.63,0
2,4,767,68,0,0.0980423167347908,0.63,0
2,4,768,68,0,0.09308461099863052,0.63,0
2,4,769,68,0,0.09308352321386337,0.63,0
2,4,770,68,0,0.09009221196174622,0.63,0
2,4,771,68,0,0.0930851623415947,0.63,0
2,4,772,68,0,0.08599469810724258,0.63,0
2,4,773,68,0,0.08599318563938141,0.63,0
2,4,774,68,0,0.09684308618307114,0.63,0
2,4,775,68,0,0.10487900674343109,0.63,0
2,4,776,68,0,0.09009240567684174,0.63,0
2,4,817,73,0,0.035623662173748016,0.63,0
2,4,818,73,0,0.03562348335981369,0.63,0
2,4,819,73,0,0.03562350198626518,0.63,0
2,4,820,73,0,0.035623662173748016,0.63,0
2,4,821,73,0,0.035624098032712936,0.63,0
2,4,822,73,0,0.03562350198626518,0.63,0
2,4,823,73,0,0.03562410548329353,0.63,0
2,4,824,73,0,0.03562471270561218,0.63,0
2,4,825,73,0,0.03391176462173462,0.63,0
2,4,826,73,0,0.09310144931077957,0.63,0
2,5,19,19,1,0.6202580332756042,0.48499999999999993,1
2,5,20,20,1,0.6202579736709595,0.48499999999999993,1
2,5,25,25,1,0.6726737022399902,0.48499999999999993,1
2,5,29,29,1,0.5421491265296936,0.48499999999999993,1
2,5,30,30,1,0.6202580332756042,0.48499999999999993,1
2,5,31,31,1,0.6245183348655701,0.48499999999999993,1
2,5,33,33,1,0.6202580332756042,0.48499999999999993,1
2,5,44,44,1,0.5282866954803467,0.48499999999999993,1
2,5,53,53,1,0.5337816476821899,0.48499999999999993,1
2,5,54,54,1,0.5382157564163208,0.48499999999999993,1
2,5,57,57,1,0.6741766929626465,0.48499999999999993,1
2,5,74,74,1,0.6245183348655701,0.48499999999999993,1
2,5,77,77,1,0.5573548078536987,0.48499999999999993,1
2,5,78,78,1,0.6726737022399902,0.48499999999999993,1
2,5,79,79,1,0.6202580332756042,0.48499999999999993,1
2,5,80,80,1,0.6217074394226074,0.48499999999999993,1
2,5,277,19,0,0.43012192845344543,0.48499999999999993,0
2,5,278,19,0,0.48038142919540405,0.48499999999999993,0
2,5,279,19,0,0.42791834473609924,0.48499999999999993,0
2,5,280,19,0,0.47050318121910095,0.48499999999999993,0
2,5,281,19,0,0.4279167652130127,0.48499999999999993,0
2,5,282,19,0,0.43011757731437683,0.48499999999999993,0
2,5,283,19,0,0.4301183819770813,0.48499999999999993,0
2,5,284,19,0,0.4787341356277466,0.48499999999999993,0
2,5,285,19,0,0.4705023467540741,0.48499999999999993,0
2,5,286,19,0,0.4479818046092987,0.48499999999999993,0
2,5,287,20,0,0.5316294431686401,0.48499999999999993,1
2,5,288,20,0,0.47204041481018066,0.48499999999999993,0
2,5,289,20,0,0.5264946818351746,0.48499999999999993,1
2,5,290,20,0,0.43011757731437683,0.48499999999999993,0
2,5,291,20,0,0.6245183348655701,0.48499999999999993,1
2,5,292,20,0,0.4279167354106903,0.48499999999999993,0
2,5,293,20,0,0.429419606924057,0.48499999999999993,0
2,5,294,20,0,0.4940166175365448,0.48499999999999993,1
2,5,295,20,0,0.4279167354106903,0.48499999999999993,0
2,5,296,20,0,0.4329240322113037,0.48499999999999993,0
2,5,337,25,0,0.4279167652130127,0.48499999999999993,0
2,5,338,25,0,0.4279167354106903,0.48499999999999993,0
2,5,339,25,0,0.4279167652130127,0.48499999999999993,0
2,5,340,25,0,0.4279167354106903,0.48499999999999993,0
2,5,341,25,0,0.4279175400733948,0.48499999999999993,0
2,5,342,25,0,0.6245183348655701,0.48499999999999993,1
2,5,343,25,0,0.4705007076263428,0.48499999999999993,0
2,5,344,25,0,0.4705020785331726,0.48499999999999993,0
2,5,345,25,0,0.4720313549041748,0.48499999999999993,0
2,5,346,25,0,0.47050154209136963,0.48499999999999993,0
2,5,377,29,0,0.5311833620071411,0.48499999999999993,1
2,5,378,29,0,0.4720305800437927,0.48499999999999993,0
2,5,379,29,0,0.4705074429512024,0.48499999999999993,0
2,5,380,29,0,0.4705074429512024,0.48499999999999993,0
2,5,381,29,0,0.4720313549041748,0.48499999999999993,0
2,5,382,29,0,0.4720321595668793,0.48499999999999993,0
2,5,383,29,0,0.4848301410675049,0.48499999999999993,0
2,5,384,29,0,0.43011674284935,0.48499999999999993,0
2,5,385,29,0,0.43011674284935,0.48499999999999993,0
2,5,386,29,0,0.4294204115867615,0.48499999999999993,0
2,5,387,30,0,0.4748800992965698,0.48499999999999993,0
2,5,388,30,0,0.4316215515136719,0.48499999999999993,0
2,5,389,30,0,0.4771207869052887,0.48499999999999993,0
2,5,390,30,0,0.47050151228904724,0.48499999999999993,0
2,5,391,30,0,0.47050151228904724,0.48499999999999993,0
2,5,392,30,0,0.4720310866832733,0.48499999999999993,0
2,5,393,30,0,0.6726737022399902,0.48499999999999993,1
2,5,394,30,0,0.48382890224456787,0.48499999999999993,0
2,5,395,30,0,0.4294204115867615,0.48499999999999993,0
2,5,396,30,0,0.4294204115867615,0.48499999999999993,0
2,5,397,31,0,0.429419606924057,0.48499999999999993,0
2,5,398,31,0,0.4294204115867615,0.48499999999999993,0
2,5,399,31,0,0.4294204115867615,0.48499999999999993,0
2,5,400,31,0,0.4316215515136719,0.48499999999999993,0
2,5,401,31,0,0.4279175400733948,0.48499999999999993,0
2,5,402,31,0,0.4294204115867615,0.48499999999999993,0
2,5,403,31,0,0.429419606924057,0.48499999999999993,0
2,5,404,31,0,0.429419606924057,0.48499999999999993,0
2,5,405,31,0,0.43292155861854553,0.48499999999999993,0
2,5,406,31,0,0.46826449036598206,0.48499999999999993,0
2,5,417,33,0,0.4351291358470917,0.48499999999999993,0
2,5,418,33,0,0.43512916564941406,0.48499999999999993,0
2,5,419,33,0,0.4720321595668793,0.48499999999999993,0
2,5,420,33,0,0.429419606924057,0.48499999999999993,0
2,5,421,33,0,0.4301176071166992,0.48499999999999993,0
2,5,422,33,0,0.47649016976356506,0.48499999999999993,0
2,5,423,33,0,0.4294196367263794,0.48499999999999993,0
2,5,424,33,0,0.5319897532463074,0.48499999999999993,1
2,5,425,33,0,0.4279175400733948,0.48499999999999993,0
2,5,426,33,0,0.4279167652130127,0.48499999999999993,0
2,5,527,44,0,0.5252240300178528,0.48499999999999993,1
2,5,528,44,0,0.4279167354106903,0.48499999999999993,0
2,5,529,44,0,0.46979203820228577,0.48499999999999993,0
2,5,530,44,0,0.4748809337615967,0.48499999999999993,0
2,5,531,44,0,0.4697928726673126,0.48499999999999993,0
2,5,532,44,0,0.43663960695266724,0.48499999999999993,0
2,5,533,44,0,0.43292155861854553,0.48499999999999993,0
2,5,534,44,0,0.4279167354106903,0.48499999999999993,0
2,5,535,44,0,0.4279167354106903,0.48499999999999993,0
2,5,536,44,0,0.4279167354106903,0.48499999999999993,0
2,5,617,53,0,0.4294204115867615,0.48499999999999993,0
2,5,618,53,0,0.43442922830581665,0.48499999999999993,0
2,5,619,53,0,0.4771210551261902,0.48499999999999993,0
2,5,620,53,0,0.42942121624946594,0.48499999999999993,0
2,5,621,53,0,0.42942121624946594,0.48499999999999993,0
2,5,622,53,0,0.4751022458076477,0.48499999999999993,0
2,5,623,53,0,0.4279167354106903,0.48499999999999993,0
2,5,624,53,0,0.48144617676734924,0.48499999999999993,0
2,5,625,53,0,0.43512994050979614,0.48499999999999993,0
2,5,626,53,0,0.48368942737579346,0.48499999999999993,0
2,5,627,54,0,0.4279167354106903,0.48499999999999993,0
2,5,628,54,0,0.4802440106868744,0.48499999999999993,0
2,5,629,54,0,0.4279167652130127,0.48499999999999993,0
2,5,630,54,0,0.4279167354106903,0.48499999999999993,0
2,5,631,54,0,0.4279167354106903,0.48499999999999993,0
2,5,632,54,0,0.4279167652130127,0.48499999999999993,0
2,5,633,54,0,0.4279167652130127,0.48499999999999993,0
2,5,634,54,0,0.4279167354106903,0.48499999999999993,0
2,5,635,54,0,0.4279167354106903,0.48499999999999993,0
2,5,636,54,0,0.4279167652130127,0.48499999999999993,0
2,5,657,57,0,0.5254204273223877,0.48499999999999993,1
2,5,658,57,0,0.4697926938533783,0.48499999999999993,0
2,5,659,57,0,0.43162232637405396,0.48499999999999993,0
2,5,660,57,0,0.4279167652130127,0.48499999999999993,0
2,5,661,57,0,0.429419606924057,0.48499999999999993,0
2,5,662,57,0,0.4294195771217346,0.48499999999999993,0
2,5,663,57,0,0.4294196367263794,0.48499999999999993,0
2,5,664,57,0,0.4763510227203369,0.48499999999999993,0
2,5,665,57,0,0.4279167652130127,0.48499999999999993,0
2,5,666,57,0,0.4279167652130127,0.48499999999999993,0
2,5,827,74,0,0.4279175400733948,0.48499999999999993,0
2,5,828,74,0,0.4705045223236084,0.48499999999999993,0
2,5,829,74,0,0.4815862476825714,0.48499999999999993,0
2,5,830,74,0,0.47356146574020386,0.48499999999999993,0
2,5,831,74,0,0.4301176071166992,0.48499999999999993,0
2,5,832,74,0,0.4301176071166992,0.48499999999999993,0
2,5,833,74,0,0.42791756987571716,0.48499999999999993,0
2,5,834,74,0,0.4279175400733948,0.48499999999999993,0
2,5,835,74,0,0.43512997031211853,0.48499999999999993,0
2,5,836,74,0,0.4301189184188843,0.48499999999999993,0
2,5,857,77,0,0.468264639377594,0.48499999999999993,0
2,5,858,77,0,0.4294204115867615,0.48499999999999993,0
2,5,859,77,0,0.468264639377594,0.48499999999999993,0
2,5,860,77,0,0.4294196367263794,0.48499999999999993,0
2,5,861,77,0,0.47356244921684265,0.48499999999999993,0
2,5,862,77,0,0.47335290908813477,0.48499999999999993,0
2,5,863,77,0,0.4279167652130127,0.48499999999999993,0
2,5,864,77,0,0.46979206800460815,0.48499999999999993,0
2,5,865,77,0,0.4294204115867615,0.48499999999999993,0
2,5,866,77,0,0.4301176071166992,0.48499999999999993,0
2,5,867,78,0,0.4329235255718231,0.48499999999999993,0
2,5,868,78,0,0.4294196367263794,0.48499999999999993,0
2,5,869,78,0,0.4682638347148895,0.48499999999999993,0
2,5,870,78,0,0.46826380491256714,0.48499999999999993,0
2,5,871,78,0,0.47383415699005127,0.48499999999999993,0
2,5,872,78,0,0.43292349576950073,0.48499999999999993,0
2,5,873,78,0,0.4329235255718231,0.48499999999999993,0
2,5,874,78,0,0.43232038617134094,0.48499999999999993,0
2,5,875,78,0,0.468264639377594,0.48499999999999993,0
2,5,876,78,0,0.4294204115867615,0.48499999999999993,0
2,5,877,79,0,0.4697928726673126,0.48499999999999993,0
2,5,878,79,0,0.4366372525691986,0.48499999999999993,0
2,5,879,79,0,0.4705007076263428,0.48499999999999993,0
2,5,880,79,0,0.47050154209136963,0.48499999999999993,0
2,5,881,79,0,0.46826380491256714,0.48499999999999993,0
2,5,882,79,0,0.4682638347148895,0.48499999999999993,0
2,5,883,79,0,0.4705007076263428,0.48499999999999993,0
2,5,884,79,0,0.4682638347148895,0.48499999999999993,0
2,5,885,79,0,0.4682638347148895,0.48499999999999993,0
2,5,886,79,0,0.4682638347148895,0.48499999999999993,0
2,5,887,80,0,0.4294204115867615,0.48499999999999993,0
2,5,888,80,0,0.43232038617134094,0.48499999999999993,0
2,5,889,80,0,0.43162235617637634,0.48499999999999993,0
2,5,890,80,0,0.4294196367263794,0.48499999999999993,0
2,5,891,80,0,0.4279167652130127,0.48499999999999993,0
2,5,892,80,0,0.4279175400733948,0.48499999999999993,0
2,5,893,80,0,0.4279175400733948,0.48499999999999993,0
2,5,894,80,0,0.48368942737579346,0.48499999999999993,0
2,5,895,80,0,0.4329216182231903,0.48499999999999993,0
2,5,896,80,0,0.48158490657806396,0.48499999999999993,0
3,1,7,7,1,0.48821642994880676,0.48999999999999994,0
3,1,11,11,1,0.7455666065216064,0.48999999999999994,1
3,1,13,13,1,0.4988405406475067,0.48999999999999994,1
3,1,14,14,1,0.7455666065216064,0.48999999999999994,1
3,1,18,18,1,0.8748697638511658,0.48999999999999994,1
3,1,22,22,1,0.7455666065216064,0.48999999999999994,1
3,1,23,23,1,0.7590001821517944,0.48999999999999994,1
3,1,27,27,1,0.7590001821517944,0.48999999999999994,1
3,1,30,30,1,0.7455666065216064,0.48999999999999994,1
3,1,38,38,1,0.7590001821517944,0.48999999999999994,1
3,1,40,40,1,0.4882281720638275,0.48999999999999994,0
3,1,55,55,1,0.8783659934997559,0.48999999999999994,1
3,1,63,63,1,0.8748697638511658,0.48999999999999994,1
3,1,69,69,1,0.5598533749580383,0.48999999999999994,1
3,1,72,72,1,0.7496525049209595,0.48999999999999994,1
3,1,77,77,1,0.5236140489578247,0.48999999999999994,1
3,1,79,79,1,0.7455666065216064,0.48999999999999994,1
3,1,157,7,0,0.15448211133480072,0.48999999999999994,0
3,1,158,7,0,0.15448309481143951,0.48999999999999994,0
3,1,159,7,0,0.15311458706855774,0.48999999999999994,0
3,1,160,7,0,0.2567439675331116,0.48999999999999994,0
3,1,161,7,0,0.25077876448631287,0.48999999999999994,0
3,1,162,7,0,0.25077876448631287,0.48999999999999994,0
3,1,163,7,0,0.2546783685684204,0.48999999999999994,0
3,1,164,7,0,0.1586461365222931,0.48999999999999994,0
3,1,165,7,0,0.254682719707489,0.48999999999999994,0
3,1,166,7,0,0.2567513585090637,0.48999999999999994,0
3,1,197,11,0,0.15448161959648132,0.48999999999999994,0
3,1,198,11,0,0.15041306614875793,0.48999999999999994,0
3,1,199,11,0,0.257497638463974,0.48999999999999994,0
3,1,200,11,0,0.15041165053844452,0.48999999999999994,0
3,1,201,11,0,0.1504116654396057,0.48999999999999994,0
3,1,202,11,0,0.25152960419654846,0.48999999999999994,0
3,1,203,11,0,0.15041311085224152,0.48999999999999994,0
3,1,204,11,0,0.15041165053844452,0.48999999999999994,0
3,1,205,11,0,0.25674811005592346,0.48999999999999994,0
3,1,206,11,0,0.26088565587997437,0.48999999999999994,0
3,1,217,13,0,0.1597982496023178,0.48999999999999994,0
3,1,218,13,0,0.15041306614875793,0.48999999999999994,0
3,1,219,13,0,0.15041592717170715,0.48999999999999994,0
3,1,220,13,0,0.15041689574718475,0.48999999999999994,0
3,1,221,13,0,0.1626303344964981,0.48999999999999994,0
3,1,222,13,0,0.15724368393421173,0.48999999999999994,0
3,1,223,13,0,0.1640685647726059,0.48999999999999994,0
3,1,224,13,0,0.15448017418384552,0.48999999999999994,0
3,1,225,13,0,0.15041260421276093,0.48999999999999994,0
3,1,226,13,0,0.15041308104991913,0.48999999999999994,0
3,1,227,14,0,0.15979374945163727,0.48999999999999994,0
3,1,228,14,0,0.16406601667404175,0.48999999999999994,0
3,1,229,14,0,0.16407060623168945,0.48999999999999994,0
3,1,230,14,0,0.25674980878829956,0.48999999999999994,0
3,1,231,14,0,0.15979526937007904,0.48999999999999994,0
3,1,232,14,0,0.164607971906662,0.48999999999999994,0
3,1,233,14,0,0.25078096985816956,0.48999999999999994,0
3,1,234,14,0,0.28186580538749695,0.48999999999999994,0
3,1,235,14,0,0.15311309695243835,0.48999999999999994,0
3,1,236,14,0,0.2567475736141205,0.48999999999999994,0
3,1,267,18,0,0.2601040005683899,0.48999999999999994,0
3,1,268,18,0,0.2706517279148102,0.48999999999999994,0
3,1,269,18,0,0.15979374945163727,0.48999999999999994,0
3,1,270,18,0,0.15726670622825623,0.48999999999999994,0
3,1,271,18,0,0.2567504942417145,0.48999999999999994,0
3,1,272,18,0,0.2882915139198303,0.48999999999999994,0
3,1,273,18,0,0.16141819953918457,0.48999999999999994,0
3,1,274,18,0,0.15724250674247742,0.48999999999999994,0
3,1,275,18,0,0.15448163449764252,0.48999999999999994,0
3,1,276,18,0,0.15448160469532013,0.48999999999999994,0
3,1,307,22,0,0.2574998736381531,0.48999999999999994,0
3,1,308,22,0,0.15311457216739655,0.48999999999999994,0
3,1,309,22,0,0.15311312675476074,0.48999999999999994,0
3,1,310,22,0,0.15311309695243835,0.48999999999999994,0
3,1,311,22,0,0.15041163563728333,0.48999999999999994,0
3,1,312,22,0,0.15041308104991913,0.48999999999999994,0
3,1,313,22,0,0.15041163563728333,0.48999999999999994,0
3,1,314,22,0,0.15979374945163727,0.48999999999999994,0
3,1,315,22,0,0.15041165053844452,0.48999999999999994,0
3,1,316,22,0,0.15041163563728333,0.48999999999999994,0
3,1,317,23,0,0.15041165053844452,0.48999999999999994,0
3,1,318,23,0,0.25078052282333374,0.48999999999999994,0
3,1,319,23,0,0.15041165053844452,0.48999999999999994,0
3,1,320,23,0,0.15311309695243835,0.48999999999999994,0
3,1,321,23,0,0.15311159193515778,0.48999999999999994,0
3,1,322,23,0,0.15041311085224152,0.48999999999999994,0
3,1,323,23,0,0.15041165053844452,0.48999999999999994,0
3,1,324,23,0,0.2783922255039215,0.48999999999999994,0
3,1,325,23,0,0.15864066779613495,0.48999999999999994,0
3,1,326,23,0,0.15041282773017883,0.48999999999999994,0
3,1,357,27,0,0.2567453682422638,0.48999999999999994,0
3,1,358,27,0,0.2567439675331116,0.48999999999999994,0
3,1,359,27,0,0.2567439675331116,0.48999999999999994,0
3,1,360,27,0,0.27143824100494385,0.48999999999999994,0
3,1,361,27,0,0.2608829140663147,0.48999999999999994,0
3,1,362,27,0,0.4771241843700409,0.48999999999999994,0
3,1,363,27,0,0.26088738441467285,0.48999999999999994,0
3,1,364,27,0,0.2608836591243744,0.48999999999999994,0
3,1,365,27,0,0.15041929483413696,0.48999999999999994,0
3,1,366,27,0,0.15041165053844452,0.48999999999999994,0
3,1,387,30,0,0.26868876814842224,0.48999999999999994,0
3,1,388,30,0,0.157239630818367,0.48999999999999994,0
3,1,389,30,0,0.2749241292476654,0.48999999999999994,0
3,1,390,30,0,0.2567439675331116,0.48999999999999994,0
3,1,391,30,0,0.2567439675331116,0.48999999999999994,0
3,1,392,30,0,0.2608829140663147,0.48999999999999994,0
3,1,393,30,0,0.8748697638511658,0.48999999999999994,1
3,1,394,30,0,0.3031972348690033,0.48999999999999994,0
3,1,395,30,0,0.15311309695243835,0.48999999999999994,0
3,1,396,30,0,0.15311309695243835,0.48999999999999994,0
3,1,467,38,0,0.1640685796737671,0.48999999999999994,0
3,1,468,38,0,0.15041163563728333,0.48999999999999994,0
3,1,469,38,0,0.5598630905151367,0.48999999999999994,1
3,1,470,38,0,0.15864069759845734,0.48999999999999994,0
3,1,471,38,0,0.1669660210609436,0.48999999999999994,0
3,1,472,38,0,0.1626303344964981,0.48999999999999994,0
3,1,473,38,0,0.15041165053844452,0.48999999999999994,0
3,1,474,38,0,0.26868879795074463,0.48999999999999994,0
3,1,475,38,0,0.15311312675476074,0.48999999999999994,0
3,1,476,38,0,0.1640685796737671,0.48999999999999994,0
3,1,487,40,0,0.16406753659248352,0.48999999999999994,0
3,1,488,40,0,0.35921162366867065,0.48999999999999994,0
3,1,489,40,0,0.1597927361726761,0.48999999999999994,0
3,1,490,40,0,0.15041163563728333,0.48999999999999994,0
3,1,491,40,0,0.15041165053844452,0.48999999999999994,0
3,1,492,40,0,0.15041282773017883,0.48999999999999994,0
3,1,493,40,0,0.15311305224895477,0.48999999999999994,0
3,1,494,40,0,0.2706450819969177,0.48999999999999994,0
3,1,495,40,0,0.7455666065216064,0.48999999999999994,1
3,1,496,40,0,0.25078311562538147,0.48999999999999994,0
3,1,637,55,0,0.15041163563728333,0.48999999999999994,0
3,1,638,55,0,0.15041165053844452,0.48999999999999994,0
3,1,639,55,0,0.15041165053844452,0.48999999999999994,0
3,1,640,55,0,0.15041306614875793,0.48999999999999994,0
3,1,641,55,0,0.2567439675331116,0.48999999999999994,0
3,1,642,55,0,0.2642381489276886,0.48999999999999994,0
3,1,643,55,0,0.15041165053844452,0.48999999999999994,0
3,1,644,55,0,0.25897252559661865,0.48999999999999994,0
3,1,645,55,0,0.16406701505184174,0.48999999999999994,0
3,1,646,55,0,0.15311159193515778,0.48999999999999994,0
3,1,717,63,0,0.26006218791007996,0.48999999999999994,0
3,1,718,63,0,0.15041165053844452,0.48999999999999994,0
3,1,719,63,0,0.15041163563728333,0.48999999999999994,0
3,1,720,63,0,0.15041162073612213,0.48999999999999994,0
3,1,721,63,0,0.27969324588775635,0.48999999999999994,0
3,1,722,63,0,0.15979424118995667,0.48999999999999994,0
3,1,723,63,0,0.15041311085224152,0.48999999999999994,0
3,1,724,63,0,0.15311962366104126,0.48999999999999994,0
3,1,725,63,0,0.15311457216739655,0.48999999999999994,0
3,1,726,63,0,0.15041278302669525,0.48999999999999994,0
3,1,777,69,0,0.26507368683815,0.48999999999999994,0
3,1,778,69,0,0.2608836591243744,0.48999999999999994,0
3,1,779,69,0,0.2567461133003235,0.48999999999999994,0
3,1,780,69,0,0.15448309481143951,0.48999999999999994,0
3,1,781,69,0,0.26091259717941284,0.48999999999999994,0
3,1,782,69,0,0.15864454209804535,0.48999999999999994,0
3,1,783,69,0,0.15041165053844452,0.48999999999999994,0
3,1,784,69,0,0.43480581045150757,0.48999999999999994,0
3,1,785,69,0,0.15041305124759674,0.48999999999999994,0
3,1,786,69,0,0.25485748052597046,0.48999999999999994,0
3,1,807,72,0,0.15448115766048431,0.48999999999999994,0
3,1,808,72,0,0.15448114275932312,0.48999999999999994,0
3,1,809,72,0,0.15448017418384552,0.48999999999999994,0
3,1,810,72,0,0.1544826179742813,0.48999999999999994,0
3,1,811,72,0,0.1544826179742813,0.48999999999999994,0
3,1,812,72,0,0.15448260307312012,0.48999999999999994,0
3,1,813,72,0,0.15448017418384552,0.48999999999999994,0
3,1,814,72,0,0.3034537136554718,0.48999999999999994,0
3,1,815,72,0,0.15448406338691711,0.48999999999999994,0
3,1,816,72,0,0.15448260307312012,0.48999999999999994,0
3,1,857,77,0,0.2507809102535248,0.48999999999999994,0
3,1,858,77,0,0.15311309695243835,0.48999999999999994,0
3,1,859,77,0,0.2507809102535248,0.48999999999999994,0
3,1,860,77,0,0.15311159193515778,0.48999999999999994,0
3,1,861,77,0,0.26506832242012024,0.48999999999999994,0
3,1,862,77,0,0.26447930932044983,0.48999999999999994,0
3,1,863,77,0,0.15041165053844452,0.48999999999999994,0
3,1,864,77,0,0.25485312938690186,0.48999999999999994,0
3,1,865,77,0,0.15311312675476074,0.48999999999999994,0
3,1,866,77,0,0.15448163449764252,0.48999999999999994,0
3,1,877,79,0,0.25485533475875854,0.48999999999999994,0
3,1,878,79,0,0.16696444153785706,0.48999999999999994,0
3,1,879,79,0,0.2567419111728668,0.48999999999999994,0
3,1,880,79,0,0.2567453682422638,0.48999999999999994,0
3,1,881,79,0,0.25077876448631287,0.48999999999999994,0
3,1,882,79,0,0.25077876448631287,0.48999999999999994,0
3,1,883,79,0,0.25674188137054443,0.48999999999999994,0
3,1,884,79,0,0.25077876448631287,0.48999999999999994,0
3,1,885,79,0,0.25077876448631287,0.48999999999999994,0
3,1,886,79,0,0.25077876448631287,0.48999999999999994,0
3,2,1,1,1,0.5600661635398865,0.5399999999999999,1
3,2,2,2,1,0.8471105694770813,0.5399999999999999,1
3,2,6,6,1,0.8219655156135559,0.5399999999999999,1
3,2,9,9,1,0.7177139520645142,0.5399999999999999,1
3,2,16,16,1,0.7177139520645142,0.5399999999999999,1
3,2,21,21,1,0.8219655156135559,0.5399999999999999,1
3,2,24,24,1,0.7266477346420288,0.5399999999999999,1
3,2,26,26,1,0.5518898963928223,0.5399999999999999,1
3,2,28,28,1,0.8219655156135559,0.5399999999999999,1
3,2,33,33,1,0.7177140712738037,0.5399999999999999,1
3,2,35,35,1,0.7266477346420288,0.5399999999999999,1
3,2,47,47,1,0.8471105694770813,0.5399999999999999,1
3,2,50,50,1,0.6312834620475769,0.5399999999999999,1
3,2,53,53,1,0.5321311354637146,0.5399999999999999,0
3,2,64,64,1,0.5518898963928223,0.5399999999999999,1
3,2,65,65,1,0.551897406578064,0.5399999999999999,1
3,2,97,1,0,0.3003174066543579,0.5399999999999999,0
3,2,98,1,0,0.3032400906085968,0.5399999999999999,0
3,2,99,1,0,0.3238052427768707,0.5399999999999999,0
3,2,100,1,0,0.3944126069545746,0.5399999999999999,0
3,2,101,1,0,0.29077643156051636,0.5399999999999999,0
3,2,102,1,0,0.30321359634399414,0.5399999999999999,0
3,2,103,1,0,0.3910995125770569,0.5399999999999999,0
3,2,104,1,0,0.391101211309433,0.5399999999999999,0
3,2,105,1,0,0.3943738043308258,0.5399999999999999,0
3,2,106,1,0,0.39440906047821045,0.5399999999999999,0
3,2,107,2,0,0.391101211309433,0.5399999999999999,0
3,2,108,2,0,0.391101211309433,0.5399999999999999,0
3,2,109,2,0,0.31046614050865173,0.5399999999999999,0
3,2,110,2,0,0.4020678400993347,0.5399999999999999,0
3,2,111,2,0,0.40877068042755127,0.5399999999999999,0
3,2,112,2,0,0.3003174066543579,0.5399999999999999,0
3,2,113,2,0,0.32930266857147217,0.5399999999999999,0
3,2,114,2,0,0.30614569783210754,0.5399999999999999,0
3,2,115,2,0,0.3998565375804901,0.5399999999999999,0
3,2,116,2,0,0.3998565673828125,0.5399999999999999,0
3,2,147,6,0,0.2960793077945709,0.5399999999999999,0
3,2,148,6,0,0.3107040226459503,0.5399999999999999,0
3,2,149,6,0,0.3965173065662384,0.5399999999999999,0
3,2,150,6,0,0.39501532912254333,0.5399999999999999,0
3,2,151,6,0,0.3911006450653076,0.5399999999999999,0
3,2,152,6,0,0.3895542621612549,0.5399999999999999,0
3,2,153,6,0,0.38958939909935,0.5399999999999999,0
3,2,154,6,0,0.3003154993057251,0.5399999999999999,0
3,2,155,6,0,0.3862944543361664,0.5399999999999999,0
3,2,156,6,0,0.4095161557197571,0.5399999999999999,0
3,2,177,9,0,0.5308129787445068,0.5399999999999999,0
3,2,178,9,0,0.29078102111816406,0.5399999999999999,0
3,2,179,9,0,0.28662073612213135,0.5399999999999999,0
3,2,180,9,0,0.2866222560405731,0.5399999999999999,0
3,2,181,9,0,0.2866222560405731,0.5399999999999999,0
3,2,182,9,0,0.2907808721065521,0.5399999999999999,0
3,2,183,9,0,0.391101211309433,0.5399999999999999,0
3,2,184,9,0,0.2866237461566925,0.5399999999999999,0
3,2,185,9,0,0.2907795310020447,0.5399999999999999,0
3,2,186,9,0,0.30031293630599976,0.5399999999999999,0
3,2,247,16,0,0.3944108784198761,0.5399999999999999,0
3,2,248,16,0,0.38959112763404846,0.5399999999999999,0
3,2,249,16,0,0.391101211309433,0.5399999999999999,0
3,2,250,16,0,0.2866232693195343,0.5399999999999999,0
3,2,251,16,0,0.2866222560405731,0.5399999999999999,0
3,2,252,16,0,0.39110299944877625,0.5399999999999999,0
3,2,253,16,0,0.3052578568458557,0.5399999999999999,0
3,2,254,16,0,0.40540269017219543,0.5399999999999999,0
3,2,255,16,0,0.4020644724369049,0.5399999999999999,0
3,2,256,16,0,0.3911024034023285,0.5399999999999999,0
3,2,297,21,0,0.2894667685031891,0.5399999999999999,0
3,2,298,21,0,0.4121033847332001,0.5399999999999999,0
3,2,299,21,0,0.29495441913604736,0.5399999999999999,0
3,2,300,21,0,0.3950212895870209,0.5399999999999999,0
3,2,301,21,0,0.30323347449302673,0.5399999999999999,0
3,2,302,21,0,0.3032350242137909,0.5399999999999999,0
3,2,303,21,0,0.3917073905467987,0.5399999999999999,0
3,2,304,21,0,0.28662073612213135,0.5399999999999999,0
3,2,305,21,0,0.28662076592445374,0.5399999999999999,0
3,2,306,21,0,0.3845261335372925,0.5399999999999999,0
3,2,327,24,0,0.2866222560405731,0.5399999999999999,0
3,2,328,24,0,0.2866222858428955,0.5399999999999999,0
3,2,329,24,0,0.2894652485847473,0.5399999999999999,0
3,2,330,24,0,0.28662222623825073,0.5399999999999999,0
3,2,331,24,0,0.40026870369911194,0.5399999999999999,0
3,2,332,24,0,0.2894667685031891,0.5399999999999999,0
3,2,333,24,0,0.2894667685031891,0.5399999999999999,0
3,2,334,24,0,0.2894667685031891,0.5399999999999999,0
3,2,335,24,0,0.2866222560405731,0.5399999999999999,0
3,2,336,24,0,0.2894667387008667,0.5399999999999999,0
3,2,347,26,0,0.41749221086502075,0.5399999999999999,0
3,2,348,26,0,0.2894667685031891,0.5399999999999999,0
3,2,349,26,0,0.4020656645298004,0.5399999999999999,0
3,2,350,26,0,0.4028240740299225,0.5399999999999999,0
3,2,351,26,0,0.39110296964645386,0.5399999999999999,0
3,2,352,26,0,0.2894667685031891,0.5399999999999999,0
3,2,353,26,0,0.3917098641395569,0.5399999999999999,0
3,2,354,26,0,0.3917074501514435,0.5399999999999999,0
3,2,355,26,0,0.28662073612213135,0.5399999999999999,0
3,2,356,26,0,0.28662070631980896,0.5399999999999999,0
3,2,367,28,0,0.3911140263080597,0.5399999999999999,0
3,2,368,28,0,0.2907789945602417,0.5399999999999999,0
3,2,369,28,0,0.3944108486175537,0.5399999999999999,0
3,2,370,28,0,0.3944108188152313,0.5399999999999999,0
3,2,371,28,0,0.3944126069545746,0.5399999999999999,0
3,2,372,28,0,0.28662195801734924,0.5399999999999999,0
3,2,373,28,0,0.3916844129562378,0.5399999999999999,0
3,2,374,28,0,0.3944108188152313,0.5399999999999999,0
3,2,375,28,0,0.39110416173934937,0.5399999999999999,0
3,2,376,28,0,0.2907749116420746,0.5399999999999999,0
3,2,417,33,0,0.3003123998641968,0.5399999999999999,0
3,2,418,33,0,0.3003123700618744,0.5399999999999999,0
3,2,419,33,0,0.3944126069545746,0.5399999999999999,0
3,2,420,33,0,0.2894652485847473,0.5399999999999999,0
3,2,421,33,0,0.29077643156051636,0.5399999999999999,0
3,2,422,33,0,0.41439199447631836,0.5399999999999999,0
3,2,423,33,0,0.28946518898010254,0.5399999999999999,0
3,2,424,33,0,0.538746178150177,0.5399999999999999,0
3,2,425,33,0,0.2866222560405731,0.5399999999999999,0
3,2,426,33,0,0.28662073612213135,0.5399999999999999,0
3,2,437,35,0,0.29607775807380676,0.5399999999999999,0
3,2,438,35,0,0.28662070631980896,0.5399999999999999,0
3,2,439,35,0,0.28662076592445374,0.5399999999999999,0
3,2,440,35,0,0.41432732343673706,0.5399999999999999,0
3,2,441,35,0,0.28662076592445374,0.5399999999999999,0
3,2,442,35,0,0.2894667088985443,0.5399999999999999,0
3,2,443,35,0,0.4578925669193268,0.5399999999999999,0
3,2,444,35,0,0.5518898963928223,0.5399999999999999,1
3,2,445,35,0,0.28662195801734924,0.5399999999999999,0
3,2,446,35,0,0.29362058639526367,0.5399999999999999,0
3,2,557,47,0,0.2894373834133148,0.5399999999999999,0
3,2,558,47,0,0.28662073612213135,0.5399999999999999,0
3,2,559,47,0,0.2894652187824249,0.5399999999999999,0
3,2,560,47,0,0.2894667088985443,0.5399999999999999,0
3,2,561,47,0,0.2894667685031891,0.5399999999999999,0
3,2,562,47,0,0.2894652485847473,0.5399999999999999,0
3,2,563,47,0,0.28946825861930847,0.5399999999999999,0
3,2,564,47,0,0.2894667088985443,0.5399999999999999,0
3,2,565,47,0,0.2894652485847473,0.5399999999999999,0
3,2,566,47,0,0.2894667088985443,0.5399999999999999,0
3,2,587,50,0,0.2894681990146637,0.5399999999999999,0
3,2,588,50,0,0.2894667088985443,0.5399999999999999,0
3,2,589,50,0,0.40026870369911194,0.5399999999999999,0
3,2,590,50,0,0.296076238155365,0.5399999999999999,0
3,2,591,50,0,0.5257489085197449,0.5399999999999999,0
3,2,592,50,0,0.2866222560405731,0.5399999999999999,0
3,2,593,50,0,0.4255482256412506,0.5399999999999999,0
3,2,594,50,0,0.2866222560405731,0.5399999999999999,0
3,2,595,50,0,0.2894682288169861,0.5399999999999999,0
3,2,596,50,0,0.28662073612213135,0.5399999999999999,0
3,2,617,53,0,0.2894667685031891,0.5399999999999999,0
3,2,618,53,0,0.29897627234458923,0.5399999999999999,0
3,2,619,53,0,0.40539973974227905,0.5399999999999999,0
3,2,620,53,0,0.28946828842163086,0.5399999999999999,0
3,2,621,53,0,0.28946825861930847,0.5399999999999999,0
3,2,622,53,0,0.40107986330986023,0.5399999999999999,0
3,2,623,53,0,0.28662070631980896,0.5399999999999999,0
3,2,624,53,0,0.39542239904403687,0.5399999999999999,0
3,2,625,53,0,0.3003138303756714,0.5399999999999999,0
3,2,626,53,0,0.4002701938152313,0.5399999999999999,0
3,2,727,64,0,0.28662195801734924,0.5399999999999999,0
3,2,728,64,0,0.28662070631980896,0.5399999999999999,0
3,2,729,64,0,0.28662222623825073,0.5399999999999999,0
3,2,730,64,0,0.2913028597831726,0.5399999999999999,0
3,2,731,64,0,0.2894667088985443,0.5399999999999999,0
3,2,732,64,0,0.296076238155365,0.5399999999999999,0
3,2,733,64,0,0.29607778787612915,0.5399999999999999,0
3,2,734,64,0,0.28662076592445374,0.5399999999999999,0
3,2,735,64,0,0.28662073612213135,0.5399999999999999,0
3,2,736,64,0,0.28662073612213135,0.5399999999999999,0
3,2,737,65,0,0.4002687633037567,0.5399999999999999,0
3,2,738,65,0,0.3032400608062744,0.5399999999999999,0
3,2,739,65,0,0.4339074492454529,0.5399999999999999,0
3,2,740,65,0,0.296076238155365,0.5399999999999999,0
3,2,741,65,0,0.28662070631980896,0.5399999999999999,0
3,2,742,65,0,0.28662073612213135,0.5399999999999999,0
3,2,743,65,0,0.29826945066452026,0.5399999999999999,0
3,2,744,65,0,0.2866222560405731,0.5399999999999999,0
3,2,745,65,0,0.28662076592445374,0.5399999999999999,0
3,2,746,65,0,0.28662195801734924,0.5399999999999999,0
3,3,4,4,1,0.5951223373413086,0.59,1
3,3,5,5,1,0.5951223373413086,0.59,1
3,3,12,12,1,0.6923955082893372,0.59,1
3,3,19,19,1,0.5845016837120056,0.59,0
3,3,20,20,1,0.5845016837120056,0.59,0
3,3,34,34,1,0.5951223373413086,0.59,1
3,3,39,39,1,0.5951223373413086,0.59,1
3,3,42,42,1,0.38797634840011597,0.59,0
3,3,51,51,1,0.31301555037498474,0.59,0
3,3,52,52,1,0.40942418575286865,0.59,0
3,3,54,54,1,0.41095170378685,0.59,0
3,3,56,56,1,0.5951223373413086,0.59,1
3,3,59,59,1,0.38797634840011597,0.59,0
3,3,71,71,1,0.3072942793369293,0.59,0
3,3,73,73,1,0.5951223373413086,0.59,1
3,3,80,80,1,0.5876302719116211,0.59,0
3,3,127,4,0,0.21601328253746033,0.59,0
3,3,128,4,0,0.21961939334869385,0.59,0
3,3,129,4,0,0.22405710816383362,0.59,0
3,3,130,4,0,0.2999313473701477,0.59,0
3,3,131,4,0,0.2847021222114563,0.59,0
3,3,132,4,0,0.28209635615348816,0.59,0
3,3,133,4,0,0.2966502606868744,0.59,0
3,3,134,4,0,0.30472564697265625,0.59,0
3,3,135,4,0,0.2288835495710373,0.59,0
3,3,136,4,0,0.2322201132774353,0.59,0
3,3,137,5,0,0.3304465711116791,0.59,0
3,3,138,5,0,0.7275254130363464,0.59,1
3,3,139,5,0,0.28070658445358276,0.59,0
3,3,140,5,0,0.2782989740371704,0.59,0
3,3,141,5,0,0.28592026233673096,0.59,0
3,3,142,5,0,0.22468607127666473,0.59,0
3,3,143,5,0,0.2847047746181488,0.59,0
3,3,144,5,0,0.28733381628990173,0.59,0
3,3,145,5,0,0.31391507387161255,0.59,0
3,3,146,5,0,0.3748432695865631,0.59,0
3,3,207,12,0,0.21601328253746033,0.59,0
3,3,208,12,0,0.2181963324546814,0.59,0
3,3,209,12,0,0.2181975096464157,0.59,0
3,3,210,12,0,0.28470075130462646,0.59,0
3,3,211,12,0,0.21601325273513794,0.59,0
3,3,212,12,0,0.21601328253746033,0.59,0
3,3,213,12,0,0.3049815595149994,0.59,0
3,3,214,12,0,0.2160121351480484,0.59,0
3,3,215,12,0,0.21921555697917938,0.59,0
3,3,216,12,0,0.21921555697917938,0.59,0
3,3,277,19,0,0.219221830368042,0.59,0
3,3,278,19,0,0.29919201135635376,0.59,0
3,3,279,19,0,0.21601438522338867,0.59,0
3,3,280,19,0,0.28209373354911804,0.59,0
3,3,281,19,0,0.216012105345726,0.59,0
3,3,282,19,0,0.2192155420780182,0.59,0
3,3,283,19,0,0.2192167043685913,0.59,0
3,3,284,19,0,0.297244131565094,0.59,0
3,3,285,19,0,0.2820923626422882,0.59,0
3,3,286,19,0,0.24632233381271362,0.59,0
3,3,287,20,0,0.3935757875442505,0.59,0
3,3,288,20,0,0.2847175598144531,0.59,0
3,3,289,20,0,0.38440045714378357,0.59,0
3,3,290,20,0,0.21921555697917938,0.59,0
3,3,291,20,0,0.5951223373413086,0.59,1
3,3,292,20,0,0.216012105345726,0.59,0
3,3,293,20,0,0.21819637715816498,0.59,0
3,3,294,20,0,0.3237047493457794,0.59,0
3,3,295,20,0,0.216012105345726,0.59,0
3,3,296,20,0,0.22334381937980652,0.59,0
3,3,427,34,0,0.3923074007034302,0.59,0
3,3,428,34,0,0.3923044502735138,0.59,0
3,3,429,34,0,0.21601328253746033,0.59,0
3,3,430,34,0,0.21601328253746033,0.59,0
3,3,431,34,0,0.2181975096464157,0.59,0
3,3,432,34,0,0.21601302921772003,0.59,0
3,3,433,34,0,0.216012105345726,0.59,0
3,3,434,34,0,0.3674526512622833,0.59,0
3,3,435,34,0,0.21601328253746033,0.59,0
3,3,436,34,0,0.21601328253746033,0.59,0
3,3,477,39,0,0.2160121351480484,0.59,0
3,3,478,39,0,0.21819870173931122,0.59,0
3,3,479,39,0,0.21819870173931122,0.59,0
3,3,480,39,0,0.2839701473712921,0.59,0
3,3,481,39,0,0.2192167043685913,0.59,0
3,3,482,39,0,0.21601328253746033,0.59,0
3,3,483,39,0,0.2851811349391937,0.59,0
3,3,484,39,0,0.284717857837677,0.59,0
3,3,485,39,0,0.31161341071128845,0.59,0
3,3,486,39,0,0.31161344051361084,0.59,0
3,3,507,42,0,0.2808860242366791,0.59,0
3,3,508,42,0,0.2808857262134552,0.59,0
3,3,509,42,0,0.2833055853843689,0.59,0
3,3,510,42,0,0.21601302921772003,0.59,0
3,3,511,42,0,0.2233414500951767,0.59,0
3,3,512,42,0,0.28348875045776367,0.59,0
3,3,513,42,0,0.218197301030159,0.59,0
3,3,514,42,0,0.2782973051071167,0.59,0
3,3,515,42,0,0.2233402281999588,0.59,0
3,3,516,42,0,0.218197301030159,0.59,0
3,3,597,51,0,0.3879779875278473,0.59,0
3,3,598,51,0,0.28732359409332275,0.59,0
3,3,599,51,0,0.2782975733280182,0.59,0
3,3,600,51,0,0.29329973459243774,0.59,0
3,3,601,51,0,0.21804367005825043,0.59,0
3,3,602,51,0,0.2896033823490143,0.59,0
3,3,603,51,0,0.28732362389564514,0.59,0
3,3,604,51,0,0.29329973459243774,0.59,0
3,3,605,51,0,0.22334259748458862,0.59,0
3,3,606,51,0,0.21819870173931122,0.59,0
3,3,607,52,0,0.21819870173931122,0.59,0
3,3,608,52,0,0.29525598883628845,0.59,0
3,3,609,52,0,0.21819637715816498,0.59,0
3,3,610,52,0,0.29348915815353394,0.59,0
3,3,611,52,0,0.2255796492099762,0.59,0
3,3,612,52,0,0.216012105345726,0.59,0
3,3,613,52,0,0.216012105345726,0.59,0
3,3,614,52,0,0.2876264750957489,0.59,0
3,3,615,52,0,0.29914936423301697,0.59,0
3,3,616,52,0,0.3006536662578583,0.59,0
3,3,627,54,0,0.216012105345726,0.59,0
3,3,628,54,0,0.29990556836128235,0.59,0
3,3,629,54,0,0.216012105345726,0.59,0
3,3,630,54,0,0.2160121351480484,0.59,0
3,3,631,54,0,0.216012105345726,0.59,0
3,3,632,54,0,0.216012105345726,0.59,0
3,3,633,54,0,0.216012105345726,0.59,0
3,3,634,54,0,0.216012105345726,0.59,0
3,3,635,54,0,0.216012105345726,0.59,0
3,3,636,54,0,0.216012105345726,0.59,0
3,3,647,56,0,0.28732359409332275,0.59,0
3,3,648,56,0,0.3879779875278473,0.59,0
3,3,649,56,0,0.21819914877414703,0.59,0
3,3,650,56,0,0.28518444299697876,0.59,0
3,3,651,56,0,0.216012105345726,0.59,0
3,3,652,56,0,0.216012105345726,0.59,0
3,3,653,56,0,0.216012105345726,0.59,0
3,3,654,56,0,0.22334106266498566,0.59,0
3,3,655,56,0,0.2825673222541809,0.59,0
3,3,656,56,0,0.28396543860435486,0.59,0
3,3,677,59,0,0.2181975096464157,0.59,0
3,3,678,59,0,0.21601328253746033,0.59,0
3,3,679,59,0,0.216012105345726,0.59,0
3,3,680,59,0,0.216012105345726,0.59,0
3,3,681,59,0,0.216012105345726,0.59,0
3,3,682,59,0,0.21601302921772003,0.59,0
3,3,683,59,0,0.21601302921772003,0.59,0
3,3,684,59,0,0.22557805478572845,0.59,0
3,3,685,59,0,0.30499571561813354,0.59,0
3,3,686,59,0,0.21601325273513794,0.59,0
3,3,797,71,0,0.28209367394447327,0.59,0
3,3,798,71,0,0.278298944234848,0.59,0
3,3,799,71,0,0.28451797366142273,0.59,0
3,3,800,71,0,0.2839668095111847,0.59,0
3,3,801,71,0,0.39088863134384155,0.59,0
3,3,802,71,0,0.2192155122756958,0.59,0
3,3,803,71,0,0.3087121844291687,0.59,0
3,3,804,71,0,0.216012105345726,0.59,0
3,3,805,71,0,0.21933476626873016,0.59,0
3,3,806,71,0,0.2224513739347458,0.59,0
3,3,817,73,0,0.2192167043685913,0.59,0
3,3,818,73,0,0.21921628713607788,0.59,0
3,3,819,73,0,0.21921628713607788,0.59,0
3,3,820,73,0,0.2192167043685913,0.59,0
3,3,821,73,0,0.219217449426651,0.59,0
3,3,822,73,0,0.21921628713607788,0.59,0
3,3,823,73,0,0.219217449426651,0.59,0
3,3,824,73,0,0.2192186564207077,0.59,0
3,3,825,73,0,0.21601328253746033,0.59,0
3,3,826,73,0,0.2847161293029785,0.59,0
3,3,887,80,0,0.2181975096464157,0.59,0
3,3,888,80,0,0.22245176136493683,0.59,0
3,3,889,80,0,0.22142301499843597,0.59,0
3,3,890,80,0,0.2181963324546814,0.59,0
3,3,891,80,0,0.216012105345726,0.59,0
3,3,892,80,0,0.21601328253746033,0.59,0
3,3,893,80,0,0.21601325273513794,0.59,0
3,3,894,80,0,0.3062576651573181,0.59,0
3,3,895,80,0,0.2233402281999588,0.59,0
3,3,896,80,0,0.3022644519805908,0.59,0
3,4,3,3,1,0.45105263590812683,0.5199999999999999,0
3,4,15,15,1,0.5035330653190613,0.5199999999999999,0
3,4,25,25,1,0.5035330653190613,0.5199999999999999,0
3,4,31,31,1,0.4856734573841095,0.5199999999999999,0
3,4,36,36,1,0.4549883008003235,0.5199999999999999,0
3,4,41,41,1,0.48142170906066895,0.5199999999999999,0
3,4,45,45,1,0.44955581426620483,0.5199999999999999,0
3,4,57,57,1,0.50614994764328,0.5199999999999999,0
3,4,58,58,1,0.4856734573841095,0.5199999999999999,0
3,4,60,60,1,0.4465786814689636,0.5199999999999999,0
3,4,61,61,1,0.4856734573841095,0.5199999999999999,0
3,4,62,62,1,0.5035330653190613,0.5199999999999999,0
3,4,68,68,1,0.48142170906066895,0.5199999999999999,0
3,4,70,70,1,0.4549895226955414,0.5199999999999999,0
3,4,75,75,1,0.4552547335624695,0.5199999999999999,0
3,4,78,78,1,0.5035330653190613,0.5199999999999999,0
3,4,117,3,0,0.4271596372127533,0.5199999999999999,0
3,4,118,3,0,0.41093093156814575,0.5199999999999999,0
3,4,119,3,0,0.42863497138023376,0.5199999999999999,0
3,4,120,3,0,0.4262668490409851,0.5199999999999999,0
3,4,121,3,0,0.41193142533302307,0.5199999999999999,0
3,4,122,3,0,0.4291788637638092,0.5199999999999999,0
3,4,123,3,0,0.42863500118255615,0.5199999999999999,0
3,4,124,3,0,0.41350632905960083,0.5199999999999999,0
3,4,125,3,0,0.42626598477363586,0.5199999999999999,0
3,4,126,3,0,0.4103926718235016,0.5199999999999999,0
3,4,237,15,0,0.42547208070755005,0.5199999999999999,0
3,4,238,15,0,0.41085633635520935,0.5199999999999999,0
3,4,239,15,0,0.4103926718235016,0.5199999999999999,0
3,4,240,15,0,0.4510526657104492,0.5199999999999999,0
3,4,241,15,0,0.4280734062194824,0.5199999999999999,0
3,4,242,15,0,0.4512978792190552,0.5199999999999999,0
3,4,243,15,0,0.42626655101776123,0.5199999999999999,0
3,4,244,15,0,0.44913673400878906,0.5199999999999999,0
3,4,245,15,0,0.411643385887146,0.5199999999999999,0
3,4,246,15,0,0.42626598477363586,0.5199999999999999,0
3,4,337,25,0,0.40907010436058044,0.5199999999999999,0
3,4,338,25,0,0.40907010436058044,0.5199999999999999,0
3,4,339,25,0,0.40907007455825806,0.5199999999999999,0
3,4,340,25,0,0.40907007455825806,0.5199999999999999,0
3,4,341,25,0,0.40907037258148193,0.5199999999999999,0
3,4,342,25,0,0.4856734573841095,0.5199999999999999,0
3,4,343,25,0,0.426265686750412,0.5199999999999999,0
3,4,344,25,0,0.4262661933898926,0.5199999999999999,0
3,4,345,25,0,0.4268091022968292,0.5199999999999999,0
3,4,346,25,0,0.42626598477363586,0.5199999999999999,0
3,4,397,31,0,0.4096066653728485,0.5199999999999999,0
3,4,398,31,0,0.40960693359375,0.5199999999999999,0
3,4,399,31,0,0.40960693359375,0.5199999999999999,0
3,4,400,31,0,0.4103924036026001,0.5199999999999999,0
3,4,401,31,0,0.40907037258148193,0.5199999999999999,0
3,4,402,31,0,0.4096069931983948,0.5199999999999999,0
3,4,403,31,0,0.4096066951751709,0.5199999999999999,0
3,4,404,31,0,0.4096066653728485,0.5199999999999999,0
3,4,405,31,0,0.41085606813430786,0.5199999999999999,0
3,4,406,31,0,0.4254717528820038,0.5199999999999999,0
3,4,447,36,0,0.42547178268432617,0.5199999999999999,0
3,4,448,36,0,0.4269081950187683,0.5199999999999999,0
3,4,449,36,0,0.4316858947277069,0.5199999999999999,0
3,4,450,36,0,0.41227900981903076,0.5199999999999999,0
3,4,451,36,0,0.40907037258148193,0.5199999999999999,0
3,4,452,36,0,0.42626631259918213,0.5199999999999999,0
3,4,453,36,0,0.4096072316169739,0.5199999999999999,0
3,4,454,36,0,0.4096076488494873,0.5199999999999999,0
3,4,455,36,0,0.42547181248664856,0.5199999999999999,0
3,4,456,36,0,0.4316858947277069,0.5199999999999999,0
3,4,497,41,0,0.4116430878639221,0.5199999999999999,0
3,4,498,41,0,0.4280729293823242,0.5199999999999999,0
3,4,499,41,0,0.4617287516593933,0.5199999999999999,0
3,4,500,41,0,0.43209025263786316,0.5199999999999999,0
3,4,501,41,0,0.42547181248664856,0.5199999999999999,0
3,4,502,41,0,0.4268091022968292,0.5199999999999999,0
3,4,503,41,0,0.427740216255188,0.5199999999999999,0
3,4,504,41,0,0.4272772967815399,0.5199999999999999,0
3,4,505,41,0,0.40960693359375,0.5199999999999999,0
3,4,506,41,0,0.42547178268432617,0.5199999999999999,0
3,4,537,45,0,0.40907007455825806,0.5199999999999999,0
3,4,538,45,0,0.40907007455825806,0.5199999999999999,0
3,4,539,45,0,0.40907007455825806,0.5199999999999999,0
3,4,540,45,0,0.40907007455825806,0.5199999999999999,0
3,4,541,45,0,0.40907007455825806,0.5199999999999999,0
3,4,542,45,0,0.41085633635520935,0.5199999999999999,0
3,4,543,45,0,0.4283640682697296,0.5199999999999999,0
3,4,544,45,0,0.4288841485977173,0.5199999999999999,0
3,4,545,45,0,0.40907007455825806,0.5199999999999999,0
3,4,546,45,0,0.4499931335449219,0.5199999999999999,0
3,4,657,57,0,0.45106041431427,0.5199999999999999,0
3,4,658,57,0,0.42601436376571655,0.5199999999999999,0
3,4,659,57,0,0.410392701625824,0.5199999999999999,0
3,4,660,57,0,0.40907007455825806,0.5199999999999999,0
3,4,661,57,0,0.4096066653728485,0.5199999999999999,0
3,4,662,57,0,0.4096066653728485,0.5199999999999999,0
3,4,663,57,0,0.4096066653728485,0.5199999999999999,0
3,4,664,57,0,0.4262818396091461,0.5199999999999999,0
3,4,665,57,0,0.40907007455825806,0.5199999999999999,0
3,4,666,57,0,0.40907010436058044,0.5199999999999999,0
3,4,667,58,0,0.40960693359375,0.5199999999999999,0
3,4,668,58,0,0.4096066653728485,0.5199999999999999,0
3,4,669,58,0,0.40960693359375,0.5199999999999999,0
3,4,670,58,0,0.41085633635520935,0.5199999999999999,0
3,4,671,58,0,0.4113936126232147,0.5199999999999999,0
3,4,672,58,0,0.4108560383319855,0.5199999999999999,0
3,4,673,58,0,0.4108560383319855,0.5199999999999999,0
3,4,674,58,0,0.43129318952560425,0.5199999999999999,0
3,4,675,58,0,0.43129318952560425,0.5199999999999999,0
3,4,676,58,0,0.4096069931983948,0.5199999999999999,0
3,4,687,60,0,0.4108562171459198,0.5199999999999999,0
3,4,688,60,0,0.4096066653728485,0.5199999999999999,0
3,4,689,60,0,0.4096066653728485,0.5199999999999999,0
3,4,690,60,0,0.40907007455825806,0.5199999999999999,0
3,4,691,60,0,0.4294831156730652,0.5199999999999999,0
3,4,692,60,0,0.4288841784000397,0.5199999999999999,0
3,4,693,60,0,0.40960693359375,0.5199999999999999,0
3,4,694,60,0,0.40907007455825806,0.5199999999999999,0
3,4,695,60,0,0.4500827193260193,0.5199999999999999,0
3,4,696,60,0,0.42636528611183167,0.5199999999999999,0
3,4,697,61,0,0.40960693359375,0.5199999999999999,0
3,4,698,61,0,0.4096069931983948,0.5199999999999999,0
3,4,699,61,0,0.44955581426620483,0.5199999999999999,0
3,4,700,61,0,0.41085681319236755,0.5199999999999999,0
3,4,701,61,0,0.42626598477363586,0.5199999999999999,0
3,4,702,61,0,0.40907007455825806,0.5199999999999999,0
3,4,703,61,0,0.4096066653728485,0.5199999999999999,0
3,4,704,61,0,0.4096066951751709,0.5199999999999999,0
3,4,705,61,0,0.4090706408023834,0.5199999999999999,0
3,4,706,61,0,0.40907031297683716,0.5199999999999999,0
3,4,707,62,0,0.40907007455825806,0.5199999999999999,0
3,4,708,62,0,0.40907037258148193,0.5199999999999999,0
3,4,709,62,0,0.42745181918144226,0.5199999999999999,0
3,4,710,62,0,0.40985578298568726,0.5199999999999999,0
3,4,711,62,0,0.4108566343784332,0.5199999999999999,0
3,4,712,62,0,0.40907010436058044,0.5199999999999999,0
3,4,713,62,0,0.4113936126232147,0.5199999999999999,0
3,4,714,62,0,0.42547181248664856,0.5199999999999999,0
3,4,715,62,0,0.4090704023838043,0.5199999999999999,0
3,4,716,62,0,0.40960693359375,0.5199999999999999,0
3,4,767,68,0,0.42770305275917053,0.5199999999999999,0
3,4,768,68,0,0.42680904269218445,0.5199999999999999,0
3,4,769,68,0,0.4268088638782501,0.5199999999999999,0
3,4,770,68,0,0.42626652121543884,0.5199999999999999,0
3,4,771,68,0,0.426809161901474,0.5199999999999999,0
3,4,772,68,0,0.42547181248664856,0.5199999999999999,0
3,4,773,68,0,0.4254714846611023,0.5199999999999999,0
3,4,774,68,0,0.429179847240448,0.5199999999999999,0
3,4,775,68,0,0.42896753549575806,0.5199999999999999,0
3,4,776,68,0,0.4262665808200836,0.5199999999999999,0
3,4,787,70,0,0.4098563492298126,0.5199999999999999,0
3,4,788,70,0,0.4098563492298126,0.5199999999999999,0
3,4,789,70,0,0.42626631259918213,0.5199999999999999,0
3,4,790,70,0,0.42861631512641907,0.5199999999999999,0
3,4,791,70,0,0.41218042373657227,0.5199999999999999,0
3,4,792,70,0,0.42690974473953247,0.5199999999999999,0
3,4,793,70,0,0.4277036190032959,0.5199999999999999,0
3,4,794,70,0,0.426267147064209,0.5199999999999999,0
3,4,795,70,0,0.41085633635520935,0.5199999999999999,0
3,4,796,70,0,0.42601433396339417,0.5199999999999999,0
3,4,837,75,0,0.40985578298568726,0.5199999999999999,0
3,4,838,75,0,0.41164278984069824,0.5199999999999999,0
3,4,839,75,0,0.4090706408023834,0.5199999999999999,0
3,4,840,75,0,0.40985608100891113,0.5199999999999999,0
3,4,841,75,0,0.4098556935787201,0.5199999999999999,0
3,4,842,75,0,0.41085654497146606,0.5199999999999999,0
3,4,843,75,0,0.41085654497146606,0.5199999999999999,0
3,4,844,75,0,0.4098559617996216,0.5199999999999999,0
3,4,845,75,0,0.4098559617996216,0.5199999999999999,0
3,4,846,75,0,0.40907007455825806,0.5199999999999999,0
3,4,867,78,0,0.4108567237854004,0.5199999999999999,0
3,4,868,78,0,0.4096066653728485,0.5199999999999999,0
3,4,869,78,0,0.4254714846611023,0.5199999999999999,0
3,4,870,78,0,0.4254714846611023,0.5199999999999999,0
3,4,871,78,0,0.4274512529373169,0.5199999999999999,0
3,4,872,78,0,0.4108567237854004,0.5199999999999999,0
3,4,873,78,0,0.4108567237854004,0.5199999999999999,0
3,4,874,78,0,0.4106416404247284,0.5199999999999999,0
3,4,875,78,0,0.42547178268432617,0.5199999999999999,0
3,4,876,78,0,0.4096069037914276,0.5199999999999999,0
3,5,0,0,1,0.43530938029289246,0.6399999999999999,0
3,5,8,8,1,0.45435869693756104,0.6399999999999999,0
3,5,10,10,1,0.4574652910232544,0.6399999999999999,0
3,5,17,17,1,0.635641872882843,0.6399999999999999,0
3,5,29,29,1,0.39225003123283386,0.6399999999999999,0
3,5,32,32,1,0.39225003123283386,0.6399999999999999,0
3,5,37,37,1,0.6491284966468811,0.6399999999999999,1
3,5,43,43,1,0.34915146231651306,0.6399999999999999,0
3,5,44,44,1,0.351822167634964,0.6399999999999999,0
3,5,46,46,1,0.7820630669593811,0.6399999999999999,1
3,5,48,48,1,0.3852178752422333,0.6399999999999999,0
3,5,49,49,1,0.3805955648422241,0.6399999999999999,0
3,5,66,66,1,0.15036015212535858,0.6399999999999999,0
3,5,67,67,1,0.635641872882843,0.6399999999999999,0
3,5,74,74,1,0.6491284966468811,0.6399999999999999,1
3,5,76,76,1,0.44218364357948303,0.6399999999999999,0
3,5,87,0,0,0.43530935049057007,0.6399999999999999,0
3,5,88,0,0,0.14807634055614471,0.6399999999999999,0
3,5,89,0,0,0.35986143350601196,0.6399999999999999,0
3,5,90,0,0,0.13800358772277832,0.6399999999999999,0
3,5,91,0,0,0.2318171262741089,0.6399999999999999,0
3,5,92,0,0,0.1390582174062729,0.6399999999999999,0
3,5,93,0,0,0.21939225494861603,0.6399999999999999,0
3,5,94,0,0,0.13800357282161713,0.6399999999999999,0
3,5,95,0,0,0.20927321910858154,0.6399999999999999,0
3,5,96,0,0,0.2193939983844757,0.6399999999999999,0
3,5,167,8,0,0.13800005614757538,0.6399999999999999,0
3,5,168,8,0,0.13905777037143707,0.6399999999999999,0
3,5,169,8,0,0.20620806515216827,0.6399999999999999,0
3,5,170,8,0,0.1390577256679535,0.6399999999999999,0
3,5,171,8,0,0.13574911653995514,0.6399999999999999,0
3,5,172,8,0,0.14477819204330444,0.6399999999999999,0
3,5,173,8,0,0.20872007310390472,0.6399999999999999,0
3,5,174,8,0,0.13574673235416412,0.6399999999999999,0
3,5,175,8,0,0.20927992463111877,0.6399999999999999,0
3,5,176,8,0,0.13574671745300293,0.6399999999999999,0
3,5,187,10,0,0.20726177096366882,0.6399999999999999,0
3,5,188,10,0,0.21565580368041992,0.6399999999999999,0
3,5,189,10,0,0.3491514325141907,0.6399999999999999,0
3,5,190,10,0,0.13905411958694458,0.6399999999999999,0
3,5,191,10,0,0.14336368441581726,0.6399999999999999,0
3,5,192,10,0,0.22211116552352905,0.6399999999999999,0
3,5,193,10,0,0.1433645486831665,0.6399999999999999,0
3,5,194,10,0,0.13615742325782776,0.6399999999999999,0
3,5,195,10,0,0.21336981654167175,0.6399999999999999,0
3,5,196,10,0,0.1390565037727356,0.6399999999999999,0
3,5,257,17,0,0.20872241258621216,0.6399999999999999,0
3,5,258,17,0,0.20871838927268982,0.6399999999999999,0
3,5,259,17,0,0.21189181506633759,0.6399999999999999,0
3,5,260,17,0,0.20872007310390472,0.6399999999999999,0
3,5,261,17,0,0.14243248105049133,0.6399999999999999,0
3,5,262,17,0,0.23830176889896393,0.6399999999999999,0
3,5,263,17,0,0.14243654906749725,0.6399999999999999,0
3,5,264,17,0,0.2041437178850174,0.6399999999999999,0
3,5,265,17,0,0.21658708155155182,0.6399999999999999,0
3,5,266,17,0,0.14588181674480438,0.6399999999999999,0
3,5,377,29,0,0.3539562523365021,0.6399999999999999,0
3,5,378,29,0,0.21188609302043915,0.6399999999999999,0
3,5,379,29,0,0.20873062312602997,0.6399999999999999,0
3,5,380,29,0,0.20873062312602997,0.6399999999999999,0
3,5,381,29,0,0.21188774704933167,0.6399999999999999,0
3,5,382,29,0,0.21188947558403015,0.6399999999999999,0
3,5,383,29,0,0.23837392032146454,0.6399999999999999,0
3,5,384,29,0,0.13905411958694458,0.6399999999999999,0
3,5,385,29,0,0.1390540897846222,0.6399999999999999,0
3,5,386,29,0,0.13800007104873657,0.6399999999999999,0
3,5,407,32,0,0.13574673235416412,0.6399999999999999,0
3,5,408,32,0,0.13574673235416412,0.6399999999999999,0
3,5,409,32,0,0.3180137276649475,0.6399999999999999,0
3,5,410,32,0,0.13574674725532532,0.6399999999999999,0
3,5,411,32,0,0.13799883425235748,0.6399999999999999,0
3,5,412,32,0,0.13574554026126862,0.6399999999999999,0
3,5,413,32,0,0.14480799436569214,0.6399999999999999,0
3,5,414,32,0,0.143363818526268,0.6399999999999999,0
3,5,415,32,0,0.13574554026126862,0.6399999999999999,0
3,5,416,32,0,0.13574554026126862,0.6399999999999999,0
3,5,457,37,0,0.13574554026126862,0.6399999999999999,0
3,5,458,37,0,0.15198321640491486,0.6399999999999999,0
3,5,459,37,0,0.21189099550247192,0.6399999999999999,0
3,5,460,37,0,0.13800007104873657,0.6399999999999999,0
3,5,461,37,0,0.13800126314163208,0.6399999999999999,0
3,5,462,37,0,0.13800007104873657,0.6399999999999999,0
3,5,463,37,0,0.15445658564567566,0.6399999999999999,0
3,5,464,37,0,0.13800126314163208,0.6399999999999999,0
3,5,465,37,0,0.2309187799692154,0.6399999999999999,0
3,5,466,37,0,0.13800126314163208,0.6399999999999999,0
3,5,517,43,0,0.24989667534828186,0.6399999999999999,0
3,5,518,43,0,0.24989666044712067,0.6399999999999999,0
3,5,519,43,0,0.14336368441581726,0.6399999999999999,0
3,5,520,43,0,0.13574554026126862,0.6399999999999999,0
3,5,521,43,0,0.13574554026126862,0.6399999999999999,0
3,5,522,43,0,0.135745570063591,0.6399999999999999,0
3,5,523,43,0,0.13574551045894623,0.6399999999999999,0
3,5,524,43,0,0.13574554026126862,0.6399999999999999,0
3,5,525,43,0,0.13799883425235748,0.6399999999999999,0
3,5,526,43,0,0.13800007104873657,0.6399999999999999,0
3,5,527,44,0,0.34316354990005493,0.6399999999999999,0
3,5,528,44,0,0.13574554026126862,0.6399999999999999,0
3,5,529,44,0,0.20726007223129272,0.6399999999999999,0
3,5,530,44,0,0.21788163483142853,0.6399999999999999,0
3,5,531,44,0,0.20726174116134644,0.6399999999999999,0
3,5,532,44,0,0.14923657476902008,0.6399999999999999,0
3,5,533,44,0,0.14336369931697845,0.6399999999999999,0
3,5,534,44,0,0.13574554026126862,0.6399999999999999,0
3,5,535,44,0,0.1357455551624298,0.6399999999999999,0
3,5,536,44,0,0.135745570063591,0.6399999999999999,0
3,5,547,46,0,0.14135456085205078,0.6399999999999999,0
3,5,548,46,0,0.20871838927268982,0.6399999999999999,0
3,5,549,46,0,0.21245039999485016,0.6399999999999999,0
3,5,550,46,0,0.21245451271533966,0.6399999999999999,0
3,5,551,46,0,0.1357465237379074,0.6399999999999999,0
3,5,552,46,0,0.13800127804279327,0.6399999999999999,0
3,5,553,46,0,0.13574554026126862,0.6399999999999999,0
3,5,554,46,0,0.3607242703437805,0.6399999999999999,0
3,5,555,46,0,0.20414535701274872,0.6399999999999999,0
3,5,556,46,0,0.135745570063591,0.6399999999999999,0
3,5,567,48,0,0.13800008594989777,0.6399999999999999,0
3,5,568,48,0,0.14336492121219635,0.6399999999999999,0
3,5,569,48,0,0.13574554026126862,0.6399999999999999,0
3,5,570,48,0,0.23326975107192993,0.6399999999999999,0
3,5,571,48,0,0.14923273026943207,0.6399999999999999,0
3,5,572,48,0,0.13799886405467987,0.6399999999999999,0
3,5,573,48,0,0.13574956357479095,0.6399999999999999,0
3,5,574,48,0,0.13574956357479095,0.6399999999999999,0
3,5,575,48,0,0.13800008594989777,0.6399999999999999,0
3,5,576,48,0,0.1357455551624298,0.6399999999999999,0
3,5,577,49,0,0.13574554026126862,0.6399999999999999,0
3,5,578,49,0,0.13574649393558502,0.6399999999999999,0
3,5,579,49,0,0.13574650883674622,0.6399999999999999,0
3,5,580,49,0,0.13574649393558502,0.6399999999999999,0
3,5,581,49,0,0.23516786098480225,0.6399999999999999,0
3,5,582,49,0,0.14572297036647797,0.6399999999999999,0
3,5,583,49,0,0.24022608995437622,0.6399999999999999,0
3,5,584,49,0,0.13574673235416412,0.6399999999999999,0
3,5,585,49,0,0.13574649393558502,0.6399999999999999,0
3,5,586,49,0,0.13574671745300293,0.6399999999999999,0
3,5,747,66,0,0.13800007104873657,0.6399999999999999,0
3,5,748,66,0,0.13574554026126862,0.6399999999999999,0
3,5,749,66,0,0.13574554026126862,0.6399999999999999,0
3,5,750,66,0,0.23160961270332336,0.6399999999999999,0
3,5,751,66,0,0.21188774704933167,0.6399999999999999,0
3,5,752,66,0,0.2118871808052063,0.6399999999999999,0
3,5,753,66,0,0.13574792444705963,0.6399999999999999,0
3,5,754,66,0,0.20874084532260895,0.6399999999999999,0
3,5,755,66,0,0.2087441086769104,0.6399999999999999,0
3,5,756,66,0,0.20874084532260895,0.6399999999999999,0
3,5,757,67,0,0.21667642891407013,0.6399999999999999,0
3,5,758,67,0,0.23037897050380707,0.6399999999999999,0
3,5,759,67,0,0.20414699614048004,0.6399999999999999,0
3,5,760,67,0,0.20873861014842987,0.6399999999999999,0
3,5,761,67,0,0.2199675291776657,0.6399999999999999,0
3,5,762,67,0,0.3180137574672699,0.6399999999999999,0
3,5,763,67,0,0.14336451888084412,0.6399999999999999,0
3,5,764,67,0,0.13905775547027588,0.6399999999999999,0
3,5,765,67,0,0.21996751427650452,0.6399999999999999,0
3,5,766,67,0,0.20726343989372253,0.6399999999999999,0
3,5,827,74,0,0.13574673235416412,0.6399999999999999,0
3,5,828,74,0,0.20872455835342407,0.6399999999999999,0
3,5,829,74,0,0.2332710474729538,0.6399999999999999,0
3,5,830,74,0,0.2150915563106537,0.6399999999999999,0
3,5,831,74,0,0.1390553116798401,0.6399999999999999,0
3,5,832,74,0,0.1390553116798401,0.6399999999999999,0
3,5,833,74,0,0.13574671745300293,0.6399999999999999,0
3,5,834,74,0,0.13574670255184174,0.6399999999999999,0
3,5,835,74,0,0.1468297690153122,0.6399999999999999,0
3,5,836,74,0,0.13905735313892365,0.6399999999999999,0
3,5,847,76,0,0.13905857503414154,0.6399999999999999,0
3,5,848,76,0,0.13800007104873657,0.6399999999999999,0
3,5,849,76,0,0.13905654847621918,0.6399999999999999,0
3,5,850,76,0,0.23326797783374786,0.6399999999999999,0
3,5,851,76,0,0.22697369754314423,0.6399999999999999,0
3,5,852,76,0,0.34915581345558167,0.6399999999999999,0
3,5,853,76,0,0.20414529740810394,0.6399999999999999,0
3,5,854,76,0,0.2087184339761734,0.6399999999999999,0
3,5,855,76,0,0.20414532721042633,0.6399999999999999,0
3,5,856,76,0,0.13799883425235748,0.6399999999999999,0
4,1,4,4,1,0.460042804479599,0.5249999999999999,0
4,1,6,6,1,0.46516862511634827,0.5249999999999999,0
4,1,7,7,1,0.45050230622291565,0.5249999999999999,0
4,1,8,8,1,0.4517553150653839,0.5249999999999999,0
4,1,17,17,1,0.45841801166534424,0.5249999999999999,0
4,1,19,19,1,0.45841795206069946,0.5249999999999999,0
4,1,20,20,1,0.45841795206069946,0.5249999999999999,0
4,1,29,29,1,0.45050230622291565,0.5249999999999999,0
4,1,38,38,1,0.460042804479599,0.5249999999999999,0
4,1,42,42,1,0.44774821400642395,0.5249999999999999,0
4,1,43,43,1,0.44774821400642395,0.5249999999999999,0
4,1,46,46,1,0.4660983383655548,0.5249999999999999,0
4,1,48,48,1,0.4491448402404785,0.5249999999999999,0
4,1,52,52,1,0.44894152879714966,0.5249999999999999,0
4,1,58,58,1,0.4600427746772766,0.5249999999999999,0
4,1,62,62,1,0.46516862511634827,0.5249999999999999,0
4,1,76,76,1,0.45075711607933044,0.5249999999999999,0
4,1,127,4,0,0.4362439215183258,0.5249999999999999,0
4,1,128,4,0,0.4365246593952179,0.5249999999999999,0
4,1,129,4,0,0.4368656277656555,0.5249999999999999,0
4,1,130,4,0,0.4423813223838806,0.5249999999999999,0
4,1,131,4,0,0.4415510892868042,0.5249999999999999,0
4,1,132,4,0,0.44138047099113464,0.5249999999999999,0
4,1,133,4,0,0.4423217475414276,0.5249999999999999,0
4,1,134,4,0,0.4428326487541199,0.5249999999999999,0
4,1,135,4,0,0.4372311532497406,0.5249999999999999,0
4,1,136,4,0,0.43748071789741516,0.5249999999999999,0
4,1,147,6,0,0.43681102991104126,0.5249999999999999,0
4,1,148,6,0,0.4376617968082428,0.5249999999999999,0
4,1,149,6,0,0.4416617751121521,0.5249999999999999,0
4,1,150,6,0,0.44158223271369934,0.5249999999999999,0
4,1,151,6,0,0.4413800835609436,0.5249999999999999,0
4,1,152,6,0,0.4418802857398987,0.5249999999999999,0
4,1,153,6,0,0.44130098819732666,0.5249999999999999,0
4,1,154,6,0,0.437060683965683,0.5249999999999999,0
4,1,155,6,0,0.4411300718784332,0.5249999999999999,0
4,1,156,6,0,0.44232454895973206,0.5249999999999999,0
4,1,157,7,0,0.43649330735206604,0.5249999999999999,0
4,1,158,7,0,0.436493456363678,0.5249999999999999,0
4,1,159,7,0,0.4364144206047058,0.5249999999999999,0
4,1,160,7,0,0.4413800835609436,0.5249999999999999,0
4,1,161,7,0,0.4411299228668213,0.5249999999999999,0
4,1,162,7,0,0.44112998247146606,0.5249999999999999,0
4,1,163,7,0,0.44188013672828674,0.5249999999999999,0
4,1,164,7,0,0.4367431104183197,0.5249999999999999,0
4,1,165,7,0,0.44188034534454346,0.5249999999999999,0
4,1,166,7,0,0.4413803815841675,0.5249999999999999,0
4,1,167,8,0,0.43641433119773865,0.5249999999999999,0
4,1,168,8,0,0.43649354577064514,0.5249999999999999,0
4,1,169,8,0,0.4418802559375763,0.5249999999999999,0
4,1,170,8,0,0.43649351596832275,0.5249999999999999,0
4,1,171,8,0,0.4362441301345825,0.5249999999999999,0
4,1,172,8,0,0.436913400888443,0.5249999999999999,0
4,1,173,8,0,0.44138020277023315,0.5249999999999999,0
4,1,174,8,0,0.4362438917160034,0.5249999999999999,0
4,1,175,8,0,0.4414116442203522,0.5249999999999999,0
4,1,176,8,0,0.4362439215183258,0.5249999999999999,0
4,1,257,17,0,0.4413803219795227,0.5249999999999999,0
4,1,258,17,0,0.4413800835609436,0.5249999999999999,0
4,1,259,17,0,0.44155123829841614,0.5249999999999999,0
4,1,260,17,0,0.44138017296791077,0.5249999999999999,0
4,1,261,17,0,0.4367429316043854,0.5249999999999999,0
4,1,262,17,0,0.44277918338775635,0.5249999999999999,0
4,1,263,17,0,0.43674322962760925,0.5249999999999999,0
4,1,264,17,0,0.44112998247146606,0.5249999999999999,0
4,1,265,17,0,0.44180113077163696,0.5249999999999999,0
4,1,266,17,0,0.4369927942752838,0.5249999999999999,0
4,1,277,19,0,0.436493843793869,0.5249999999999999,0
4,1,278,19,0,0.44248342514038086,0.5249999999999999,0
4,1,279,19,0,0.43624404072761536,0.5249999999999999,0
4,1,280,19,0,0.4413802921772003,0.5249999999999999,0
4,1,281,19,0,0.43624383211135864,0.5249999999999999,0
4,1,282,19,0,0.4364933669567108,0.5249999999999999,0
4,1,283,19,0,0.436493456363678,0.5249999999999999,0
4,1,284,19,0,0.4422106444835663,0.5249999999999999,0
4,1,285,19,0,0.44138020277023315,0.5249999999999999,0
4,1,286,19,0,0.4385092854499817,0.5249999999999999,0
4,1,287,20,0,0.4485108256340027,0.5249999999999999,0
4,1,288,20,0,0.4415520429611206,0.5249999999999999,0
4,1,289,20,0,0.4485890865325928,0.5249999999999999,0
4,1,290,20,0,0.4364933669567108,0.5249999999999999,0
4,1,291,20,0,0.460042804479599,0.5249999999999999,0
4,1,292,20,0,0.43624383211135864,0.5249999999999999,0
4,1,293,20,0,0.43641427159309387,0.5249999999999999,0
4,1,294,20,0,0.4440050423145294,0.5249999999999999,0
4,1,295,20,0,0.43624383211135864,0.5249999999999999,0
4,1,296,20,0,0.4368111491203308,0.5249999999999999,0
4,1,377,29,0,0.4484614133834839,0.5249999999999999,0
4,1,378,29,0,0.44155094027519226,0.5249999999999999,0
4,1,379,29,0,0.4413807690143585,0.5249999999999999,0
4,1,380,29,0,0.4413807690143585,0.5249999999999999,0
4,1,381,29,0,0.4415510892868042,0.5249999999999999,0
4,1,382,29,0,0.441551148891449,0.5249999999999999,0
4,1,383,29,0,0.4429349899291992,0.5249999999999999,0
4,1,384,29,0,0.43649330735206604,0.5249999999999999,0
4,1,385,29,0,0.43649324774742126,0.5249999999999999,0
4,1,386,29,0,0.43641433119773865,0.5249999999999999,0
4,1,467,38,0,0.43706053495407104,0.5249999999999999,0
4,1,468,38,0,0.43624383211135864,0.5249999999999999,0
4,1,469,38,0,0.4517553150653839,0.5249999999999999,0
4,1,470,38,0,0.4367428421974182,0.5249999999999999,0
4,1,471,38,0,0.43723103404045105,0.5249999999999999,0
4,1,472,38,0,0.4369814097881317,0.5249999999999999,0
4,1,473,38,0,0.43624383211135864,0.5249999999999999,0
4,1,474,38,0,0.4418692886829376,0.5249999999999999,0
4,1,475,38,0,0.43641436100006104,0.5249999999999999,0
4,1,476,38,0,0.43706053495407104,0.5249999999999999,0
4,1,507,42,0,0.4413009285926819,0.5249999999999999,0
4,1,508,42,0,0.4413008391857147,0.5249999999999999,0
4,1,509,42,0,0.44205111265182495,0.5249999999999999,0
4,1,510,42,0,0.4362438917160034,0.5249999999999999,0
4,1,511,42,0,0.4368109405040741,0.5249999999999999,0
4,1,512,42,0,0.44147172570228577,0.5249999999999999,0
4,1,513,42,0,0.43641433119773865,0.5249999999999999,0
4,1,514,42,0,0.4411300718784332,0.5249999999999999,0
4,1,515,42,0,0.4368108808994293,0.5249999999999999,0
4,1,516,42,0,0.43641433119773865,0.5249999999999999,0
4,1,517,43,0,0.44469931721687317,0.5249999999999999,0
4,1,518,43,0,0.44469931721687317,0.5249999999999999,0
4,1,519,43,0,0.4368108808994293,0.5249999999999999,0
4,1,520,43,0,0.43624383211135864,0.5249999999999999,0
4,1,521,43,0,0.43624383211135864,0.5249999999999999,0
4,1,522,43,0,0.43624383211135864,0.5249999999999999,0
4,1,523,43,0,0.43624383211135864,0.5249999999999999,0
4,1,524,43,0,0.43624386191368103,0.5249999999999999,0
4,1,525,43,0,0.43641427159309387,0.5249999999999999,0
4,1,526,43,0,0.43641433119773865,0.5249999999999999,0
4,1,547,46,0,0.43666380643844604,0.5249999999999999,0
4,1,548,46,0,0.44138017296791077,0.5249999999999999,0
4,1,549,46,0,0.4415823519229889,0.5249999999999999,0
4,1,550,46,0,0.4415825307369232,0.5249999999999999,0
4,1,551,46,0,0.4362439215183258,0.5249999999999999,0
4,1,552,46,0,0.4364144802093506,0.5249999999999999,0
4,1,553,46,0,0.4362438917160034,0.5249999999999999,0
4,1,554,46,0,0.44926583766937256,0.5249999999999999,0
4,1,555,46,0,0.4411300718784332,0.5249999999999999,0
4,1,556,46,0,0.43624386191368103,0.5249999999999999,0
4,1,567,48,0,0.43641436100006104,0.5249999999999999,0
4,1,568,48,0,0.43681100010871887,0.5249999999999999,0
4,1,569,48,0,0.43624386191368103,0.5249999999999999,0
4,1,570,48,0,0.44252893328666687,0.5249999999999999,0
4,1,571,48,0,0.4372309744358063,0.5249999999999999,0
4,1,572,48,0,0.43641427159309387,0.5249999999999999,0
4,1,573,48,0,0.4362441599369049,0.5249999999999999,0
4,1,574,48,0,0.4362441897392273,0.5249999999999999,0
4,1,575,48,0,0.4364143908023834,0.5249999999999999,0
4,1,576,48,0,0.43624386191368103,0.5249999999999999,0
4,1,607,52,0,0.4364144802093506,0.5249999999999999,0
4,1,608,52,0,0.44223281741142273,0.5249999999999999,0
4,1,609,52,0,0.43641427159309387,0.5249999999999999,0
4,1,610,52,0,0.44211968779563904,0.5249999999999999,0
4,1,611,52,0,0.43698155879974365,0.5249999999999999,0
4,1,612,52,0,0.43624386191368103,0.5249999999999999,0
4,1,613,52,0,0.4362438917160034,0.5249999999999999,0
4,1,614,52,0,0.4423329532146454,0.5249999999999999,0
4,1,615,52,0,0.4430723786354065,0.5249999999999999,0
4,1,616,52,0,0.4425760507583618,0.5249999999999999,0
4,1,667,58,0,0.4364143908023834,0.5249999999999999,0
4,1,668,58,0,0.43641427159309387,0.5249999999999999,0
4,1,669,58,0,0.4364143908023834,0.5249999999999999,0
4,1,670,58,0,0.43681100010871887,0.5249999999999999,0
4,1,671,58,0,0.4369814693927765,0.5249999999999999,0
4,1,672,58,0,0.4368108808994293,0.5249999999999999,0
4,1,673,58,0,0.4368109107017517,0.5249999999999999,0
4,1,674,58,0,0.44252896308898926,0.5249999999999999,0
4,1,675,58,0,0.44252893328666687,0.5249999999999999,0
4,1,676,58,0,0.43641436100006104,0.5249999999999999,0
4,1,707,62,0,0.43624386191368103,0.5249999999999999,0
4,1,708,62,0,0.4362439513206482,0.5249999999999999,0
4,1,709,62,0,0.4417533278465271,0.5249999999999999,0
4,1,710,62,0,0.4364933967590332,0.5249999999999999,0
4,1,711,62,0,0.43681108951568604,0.5249999999999999,0
4,1,712,62,0,0.4362438917160034,0.5249999999999999,0
4,1,713,62,0,0.4369814991950989,0.5249999999999999,0
4,1,714,62,0,0.4411300718784332,0.5249999999999999,0
4,1,715,62,0,0.4362439215183258,0.5249999999999999,0
4,1,716,62,0,0.4364143908023834,0.5249999999999999,0
4,1,847,76,0,0.4364936351776123,0.5249999999999999,0
4,1,848,76,0,0.43641436100006104,0.5249999999999999,0
4,1,849,76,0,0.436493456363678,0.5249999999999999,0
4,1,850,76,0,0.4425288438796997,0.5249999999999999,0
4,1,851,76,0,0.44221043586730957,0.5249999999999999,0
4,1,852,76,0,0.44774842262268066,0.5249999999999999,0
4,1,853,76,0,0.4411300718784332,0.5249999999999999,0
4,1,854,76,0,0.44138017296791077,0.5249999999999999,0
4,1,855,76,0,0.4411300718784332,0.5249999999999999,0
4,1,856,76,0,0.43641427159309387,0.5249999999999999,0
4,2,10,10,1,0.7952272891998291,0.49999999999999994,1
4,2,18,18,1,0.9795871376991272,0.49999999999999994,1
4,2,22,22,1,0.937461793422699,0.49999999999999994,1
4,2,23,23,1,0.9467222094535828,0.49999999999999994,1
4,2,24,24,1,0.9467222094535828,0.49999999999999994,1
4,2,28,28,1,0.9795871376991272,0.49999999999999994,1
4,2,30,30,1,0.937461793422699,0.49999999999999994,1
4,2,34,34,1,0.9467222094535828,0.49999999999999994,1
4,2,47,47,1,0.9880040884017944,0.49999999999999994,1
4,2,55,55,1,0.981166660785675,0.49999999999999994,1
4,2,64,64,1,0.7203698754310608,0.49999999999999994,1
4,2,67,67,1,0.937461793422699,0.49999999999999994,1
4,2,72,72,1,0.9395719170570374,0.49999999999999994,1
4,2,73,73,1,0.9467222094535828,0.49999999999999994,1
4,2,77,77,1,0.8020334243774414,0.49999999999999994,1
4,2,78,78,1,0.9795871376991272,0.49999999999999994,1
4,2,187,10,0,0.30163198709487915,0.49999999999999994,0
4,2,188,10,0,0.32203274965286255,0.49999999999999994,0
4,2,189,10,0,0.6308266520500183,0.49999999999999994,1
4,2,190,10,0,0.1616176962852478,0.49999999999999994,0
4,2,191,10,0,0.1710568219423294,0.49999999999999994,0
4,2,192,10,0,0.3370777666568756,0.49999999999999994,0
4,2,193,10,0,0.17105868458747864,0.49999999999999994,0
4,2,194,10,0,0.15538820624351501,0.49999999999999994,0
4,2,195,10,0,0.31666409969329834,0.49999999999999994,0
4,2,196,10,0,0.16162298619747162,0.49999999999999994,0
4,2,267,18,0,0.3693695366382599,0.49999999999999994,0
4,2,268,18,0,0.33157527446746826,0.49999999999999994,0
4,2,269,18,0,0.17105868458747864,0.49999999999999994,0
4,2,270,18,0,0.16667591035366058,0.49999999999999994,0
4,2,271,18,0,0.3052164316177368,0.49999999999999994,0
4,2,272,18,0,0.34913715720176697,0.49999999999999994,0
4,2,273,18,0,0.1782815009355545,0.49999999999999994,0
4,2,274,18,0,0.16663296520709991,0.49999999999999994,0
4,2,275,18,0,0.1616203486919403,0.49999999999999994,0
4,2,276,18,0,0.1616203486919403,0.49999999999999994,0
4,2,307,22,0,0.30630427598953247,0.49999999999999994,0
4,2,308,22,0,0.1593458652496338,0.49999999999999994,0
4,2,309,22,0,0.15934327244758606,0.49999999999999994,0
4,2,310,22,0,0.15934328734874725,0.49999999999999994,0
4,2,311,22,0,0.154509037733078,0.49999999999999994,0
4,2,312,22,0,0.15451161563396454,0.49999999999999994,0
4,2,313,22,0,0.154509037733078,0.49999999999999994,0
4,2,314,22,0,0.17105868458747864,0.49999999999999994,0
4,2,315,22,0,0.1545090228319168,0.49999999999999994,0
4,2,316,22,0,0.154509037733078,0.49999999999999994,0
4,2,317,23,0,0.154509037733078,0.49999999999999994,0
4,2,318,23,0,0.2939937114715576,0.49999999999999994,0
4,2,319,23,0,0.154509037733078,0.49999999999999994,0
4,2,320,23,0,0.15934327244758606,0.49999999999999994,0
4,2,321,23,0,0.15934064984321594,0.49999999999999994,0
4,2,322,23,0,0.15451158583164215,0.49999999999999994,0
4,2,323,23,0,0.154509037733078,0.49999999999999994,0
4,2,324,23,0,0.4066603481769562,0.49999999999999994,0
4,2,325,23,0,0.16899491846561432,0.49999999999999994,0
4,2,326,23,0,0.15451109409332275,0.49999999999999994,0
4,2,327,24,0,0.15451158583164215,0.49999999999999994,0
4,2,328,24,0,0.15451160073280334,0.49999999999999994,0
4,2,329,24,0,0.15934064984321594,0.49999999999999994,0
4,2,330,24,0,0.15451158583164215,0.49999999999999994,0
4,2,331,24,0,0.41073304414749146,0.49999999999999994,0
4,2,332,24,0,0.15934325754642487,0.49999999999999994,0
4,2,333,24,0,0.15934328734874725,0.49999999999999994,0
4,2,334,24,0,0.15934325754642487,0.49999999999999994,0
4,2,335,24,0,0.15451155602931976,0.49999999999999994,0
4,2,336,24,0,0.15934327244758606,0.49999999999999994,0
4,2,367,28,0,0.3052341341972351,0.49999999999999994,0
4,2,368,28,0,0.1616247445344925,0.49999999999999994,0
4,2,369,28,0,0.3130078613758087,0.49999999999999994,0
4,2,370,28,0,0.31300783157348633,0.49999999999999994,0
4,2,371,28,0,0.313012033700943,0.49999999999999994,0
4,2,372,28,0,0.15451112389564514,0.49999999999999994,0
4,2,373,28,0,0.30631884932518005,0.49999999999999994,0
4,2,374,28,0,0.31300783157348633,0.49999999999999994,0
4,2,375,28,0,0.3052109181880951,0.49999999999999994,0
4,2,376,28,0,0.1616176962852478,0.49999999999999994,0
4,2,387,30,0,0.32782307267189026,0.49999999999999994,0
4,2,388,30,0,0.16662782430648804,0.49999999999999994,0
4,2,389,30,0,0.33971139788627625,0.49999999999999994,0
4,2,390,30,0,0.30520400404930115,0.49999999999999994,0
4,2,391,30,0,0.30520400404930115,0.49999999999999994,0
4,2,392,30,0,0.3130064606666565,0.49999999999999994,0
4,2,393,30,0,0.9795871376991272,0.49999999999999994,1
4,2,394,30,0,0.377217173576355,0.49999999999999994,0
4,2,395,30,0,0.15934328734874725,0.49999999999999994,0
4,2,396,30,0,0.15934325754642487,0.49999999999999994,0
4,2,427,34,0,0.6531450748443604,0.49999999999999994,1
4,2,428,34,0,0.6531370878219604,0.49999999999999994,1
4,2,429,34,0,0.15451155602931976,0.49999999999999994,0
4,2,430,34,0,0.15451155602931976,0.49999999999999994,0
4,2,431,34,0,0.15934328734874725,0.49999999999999994,0
4,2,432,34,0,0.15451112389564514,0.49999999999999994,0
4,2,433,34,0,0.154509037733078,0.49999999999999994,0
4,2,434,34,0,0.5367452502250671,0.49999999999999994,1
4,2,435,34,0,0.15451158583164215,0.49999999999999994,0
4,2,436,34,0,0.15451158583164215,0.49999999999999994,0
4,2,557,47,0,0.16315297782421112,0.49999999999999994,0
4,2,558,47,0,0.1545090228319168,0.49999999999999994,0
4,2,559,47,0,0.15934066474437714,0.49999999999999994,0
4,2,560,47,0,0.15934328734874725,0.49999999999999994,0
4,2,561,47,0,0.15934328734874725,0.49999999999999994,0
4,2,562,47,0,0.15934064984321594,0.49999999999999994,0
4,2,563,47,0,0.1593458652496338,0.49999999999999994,0
4,2,564,47,0,0.15934328734874725,0.49999999999999994,0
4,2,565,47,0,0.15934064984321594,0.49999999999999994,0
4,2,566,47,0,0.15934327244758606,0.49999999999999994,0
4,2,637,55,0,0.154509037733078,0.49999999999999994,0
4,2,638,55,0,0.1545090228319168,0.49999999999999994,0
4,2,639,55,0,0.1545090228319168,0.49999999999999994,0
4,2,640,55,0,0.15451158583164215,0.49999999999999994,0
4,2,641,55,0,0.30520400404930115,0.49999999999999994,0
4,2,642,55,0,0.37770676612854004,0.49999999999999994,0
4,2,643,55,0,0.154509037733078,0.49999999999999994,0
4,2,644,55,0,0.30938026309013367,0.49999999999999994,0
4,2,645,55,0,0.17876780033111572,0.49999999999999994,0
4,2,646,55,0,0.15934066474437714,0.49999999999999994,0
4,2,727,64,0,0.15451109409332275,0.49999999999999994,0
4,2,728,64,0,0.154509037733078,0.49999999999999994,0
4,2,729,64,0,0.15451158583164215,0.49999999999999994,0
4,2,730,64,0,0.16253279149532318,0.49999999999999994,0
4,2,731,64,0,0.15934328734874725,0.49999999999999994,0
4,2,732,64,0,0.1710568219423294,0.49999999999999994,0
4,2,733,64,0,0.17105960845947266,0.49999999999999994,0
4,2,734,64,0,0.1545090228319168,0.49999999999999994,0
4,2,735,64,0,0.1545090228319168,0.49999999999999994,0
4,2,736,64,0,0.154509037733078,0.49999999999999994,0
4,2,757,67,0,0.32483676075935364,0.49999999999999994,0
4,2,758,67,0,0.3585473299026489,0.49999999999999994,0
4,2,759,67,0,0.29399850964546204,0.49999999999999994,0
4,2,760,67,0,0.3052538335323334,0.49999999999999994,0
4,2,761,67,0,0.33270347118377686,0.49999999999999994,0
4,2,762,67,0,0.5367452502250671,0.49999999999999994,1
4,2,763,67,0,0.17105868458747864,0.49999999999999994,0
4,2,764,67,0,0.16162559390068054,0.49999999999999994,0
4,2,765,67,0,0.33270347118377686,0.49999999999999994,0
4,2,766,67,0,0.30163609981536865,0.49999999999999994,0
4,2,807,72,0,0.16161948442459106,0.49999999999999994,0
4,2,808,72,0,0.16161946952342987,0.49999999999999994,0
4,2,809,72,0,0.1616176962852478,0.49999999999999994,0
4,2,810,72,0,0.16162212193012238,0.49999999999999994,0
4,2,811,72,0,0.1616220921278,0.49999999999999994,0
4,2,812,72,0,0.1616220921278,0.49999999999999994,0
4,2,813,72,0,0.1616176813840866,0.49999999999999994,0
4,2,814,72,0,0.3829113245010376,0.49999999999999994,0
4,2,815,72,0,0.1616247445344925,0.49999999999999994,0
4,2,816,72,0,0.1616220921278,0.49999999999999994,0
4,2,817,73,0,0.16162298619747162,0.49999999999999994,0
4,2,818,73,0,0.1616220921278,0.49999999999999994,0
4,2,819,73,0,0.1616220921278,0.49999999999999994,0
4,2,820,73,0,0.16162298619747162,0.49999999999999994,0
4,2,821,73,0,0.1616247445344925,0.49999999999999994,0
4,2,822,73,0,0.16162212193012238,0.49999999999999994,0
4,2,823,73,0,0.1616247445344925,0.49999999999999994,0
4,2,824,73,0,0.1616273671388626,0.49999999999999994,0
4,2,825,73,0,0.15451158583164215,0.49999999999999994,0
4,2,826,73,0,0.31304997205734253,0.49999999999999994,0
4,2,857,77,0,0.2939944863319397,0.49999999999999994,0
4,2,858,77,0,0.15934328734874725,0.49999999999999994,0
4,2,859,77,0,0.2939944863319397,0.49999999999999994,0
4,2,860,77,0,0.15934064984321594,0.49999999999999994,0
4,2,861,77,0,0.3209228813648224,0.49999999999999994,0
4,2,862,77,0,0.3198404312133789,0.49999999999999994,0
4,2,863,77,0,0.1545090228319168,0.49999999999999994,0
4,2,864,77,0,0.30162790417671204,0.49999999999999994,0
4,2,865,77,0,0.15934325754642487,0.49999999999999994,0
4,2,866,77,0,0.16162031888961792,0.49999999999999994,0
4,2,867,78,0,0.17106343805789948,0.49999999999999994,0
4,2,868,78,0,0.15934069454669952,0.49999999999999994,0
4,2,869,78,0,0.2939904034137726,0.49999999999999994,0
4,2,870,78,0,0.29399043321609497,0.49999999999999994,0
4,2,871,78,0,0.3220369815826416,0.49999999999999994,0
4,2,872,78,0,0.17106343805789948,0.49999999999999994,0
4,2,873,78,0,0.1710634082555771,0.49999999999999994,0
4,2,874,78,0,0.1689949333667755,0.49999999999999994,0
4,2,875,78,0,0.2939944863319397,0.49999999999999994,0
4,2,876,78,0,0.15934328734874725,0.49999999999999994,0
4,3,1,1,1,0.3663928806781769,0.48999999999999994,0
4,3,5,5,1,0.4275709092617035,0.48999999999999994,0
4,3,9,9,1,0.42176780104637146,0.48999999999999994,0
4,3,12,12,1,0.47060102224349976,0.48999999999999994,0
4,3,21,21,1,0.47060102224349976,0.48999999999999994,0
4,3,27,27,1,0.4275709390640259,0.48999999999999994,0
4,3,35,35,1,0.4275709092617035,0.48999999999999994,0
4,3,37,37,1,0.4275709092617035,0.48999999999999994,0
4,3,39,39,1,0.4275709092617035,0.48999999999999994,0
4,3,49,49,1,0.3564932346343994,0.48999999999999994,0
4,3,54,54,1,0.35647863149642944,0.48999999999999994,0
4,3,59,59,1,0.34632042050361633,0.48999999999999994,0
4,3,65,65,1,0.35944998264312744,0.48999999999999994,0
4,3,69,69,1,0.37411272525787354,0.48999999999999994,0
4,3,71,71,1,0.31480854749679565,0.48999999999999994,0
4,3,75,75,1,0.3681388795375824,0.48999999999999994,0
4,3,97,1,0,0.2790345251560211,0.48999999999999994,0
4,3,98,1,0,0.2800447940826416,0.48999999999999994,0
4,3,99,1,0,0.28706711530685425,0.48999999999999994,0
4,3,100,1,0,0.30556371808052063,0.48999999999999994,0
4,3,101,1,0,0.27561303973197937,0.48999999999999994,0
4,3,102,1,0,0.28002363443374634,0.48999999999999994,0
4,3,103,1,0,0.3044986426830292,0.48999999999999994,0
4,3,104,1,0,0.30449917912483215,0.48999999999999994,0
4,3,105,1,0,0.30644673109054565,0.48999999999999994,0
4,3,106,1,0,0.3055625557899475,0.48999999999999994,0
4,3,137,5,0,0.32256147265434265,0.48999999999999994,0
4,3,138,5,0,0.4904760718345642,0.48999999999999994,1
4,3,139,5,0,0.30483269691467285,0.48999999999999994,0
4,3,140,5,0,0.3028898239135742,0.48999999999999994,0
4,3,141,5,0,0.3060946464538574,0.48999999999999994,0
4,3,142,5,0,0.27812328934669495,0.48999999999999994,0
4,3,143,5,0,0.30556419491767883,0.48999999999999994,0
4,3,144,5,0,0.30663159489631653,0.48999999999999994,0
4,3,145,5,0,0.3173406720161438,0.48999999999999994,0
4,3,146,5,0,0.34135743975639343,0.48999999999999994,0
4,3,177,9,0,0.34023797512054443,0.48999999999999994,0
4,3,178,9,0,0.2756147086620331,0.48999999999999994,0
4,3,179,9,0,0.2740951180458069,0.48999999999999994,0
4,3,180,9,0,0.27409565448760986,0.48999999999999994,0
4,3,181,9,0,0.27409568428993225,0.48999999999999994,0
4,3,182,9,0,0.27561458945274353,0.48999999999999994,0
4,3,183,9,0,0.30449917912483215,0.48999999999999994,0
4,3,184,9,0,0.27409616112709045,0.48999999999999994,0
4,3,185,9,0,0.2756141424179077,0.48999999999999994,0
4,3,186,9,0,0.27903297543525696,0.48999999999999994,0
4,3,207,12,0,0.27409568428993225,0.48999999999999994,0
4,3,208,12,0,0.27509433031082153,0.48999999999999994,0
4,3,209,12,0,0.2750948369503021,0.48999999999999994,0
4,3,210,12,0,0.3055625855922699,0.48999999999999994,0
4,3,211,12,0,0.27409568428993225,0.48999999999999994,0
4,3,212,12,0,0.27409565448760986,0.48999999999999994,0
4,3,213,12,0,0.31256192922592163,0.48999999999999994,0
4,3,214,12,0,0.2740951180458069,0.48999999999999994,0
4,3,215,12,0,0.27561309933662415,0.48999999999999994,0
4,3,216,12,0,0.27561306953430176,0.48999999999999994,0
4,3,297,21,0,0.2750948369503021,0.48999999999999994,0
4,3,298,21,0,0.31134191155433655,0.48999999999999994,0
4,3,299,21,0,0.2771241366863251,0.48999999999999994,0
4,3,300,21,0,0.3057698905467987,0.48999999999999994,0
4,3,301,21,0,0.28004252910614014,0.48999999999999994,0
4,3,302,21,0,0.2800430655479431,0.48999999999999994,0
4,3,303,21,0,0.3047046959400177,0.48999999999999994,0
4,3,304,21,0,0.2740951180458069,0.48999999999999994,0
4,3,305,21,0,0.2740951180458069,0.48999999999999994,0
4,3,306,21,0,0.30781927704811096,0.48999999999999994,0
4,3,357,27,0,0.3044995963573456,0.48999999999999994,0
4,3,358,27,0,0.30449917912483215,0.48999999999999994,0
4,3,359,27,0,0.30449920892715454,0.48999999999999994,0
4,3,360,27,0,0.3082001209259033,0.48999999999999994,0
4,3,361,27,0,0.30556297302246094,0.48999999999999994,0
4,3,362,27,0,0.34968888759613037,0.48999999999999994,0
4,3,363,27,0,0.30556410551071167,0.48999999999999994,0
4,3,364,27,0,0.3055631220340729,0.48999999999999994,0
4,3,365,27,0,0.2740979790687561,0.48999999999999994,0
4,3,366,27,0,0.2740951180458069,0.48999999999999994,0
4,3,437,35,0,0.2775034010410309,0.48999999999999994,0
4,3,438,35,0,0.2740951180458069,0.48999999999999994,0
4,3,439,35,0,0.2740951180458069,0.48999999999999994,0
4,3,440,35,0,0.320191890001297,0.48999999999999994,0
4,3,441,35,0,0.2740951180458069,0.48999999999999994,0
4,3,442,35,0,0.2750948965549469,0.48999999999999994,0
4,3,443,35,0,0.33218905329704285,0.48999999999999994,0
4,3,444,35,0,0.3594474792480469,0.48999999999999994,0
4,3,445,35,0,0.2740955352783203,0.48999999999999994,0
4,3,446,35,0,0.27659517526626587,0.48999999999999994,0
4,3,457,37,0,0.2740951180458069,0.48999999999999994,0
4,3,458,37,0,0.2824039161205292,0.48999999999999994,0
4,3,459,37,0,0.30556419491767883,0.48999999999999994,0
4,3,460,37,0,0.2750948369503021,0.48999999999999994,0
4,3,461,37,0,0.2750953733921051,0.48999999999999994,0
4,3,462,37,0,0.2750948369503021,0.48999999999999994,0
4,3,463,37,0,0.2834402620792389,0.48999999999999994,0
4,3,464,37,0,0.2750954031944275,0.48999999999999994,0
4,3,465,37,0,0.3118785619735718,0.48999999999999994,0
4,3,466,37,0,0.2750953733921051,0.48999999999999994,0
4,3,477,39,0,0.2740951180458069,0.48999999999999994,0
4,3,478,39,0,0.2750954031944275,0.48999999999999994,0
4,3,479,39,0,0.2750954031944275,0.48999999999999994,0
4,3,480,39,0,0.30521827936172485,0.48999999999999994,0
4,3,481,39,0,0.27561357617378235,0.48999999999999994,0
4,3,482,39,0,0.27409565448760986,0.48999999999999994,0
4,3,483,39,0,0.30576851963996887,0.48999999999999994,0
4,3,484,39,0,0.30556952953338623,0.48999999999999994,0
4,3,485,39,0,0.3165683150291443,0.48999999999999994,0
4,3,486,39,0,0.3165683150291443,0.48999999999999994,0
4,3,577,49,0,0.2740951180458069,0.48999999999999994,0
4,3,578,49,0,0.2740955352783203,0.48999999999999994,0
4,3,579,49,0,0.2740955352783203,0.48999999999999994,0
4,3,580,49,0,0.2740955352783203,0.48999999999999994,0
4,3,581,49,0,0.3114667236804962,0.48999999999999994,0
4,3,582,49,0,0.27851006388664246,0.48999999999999994,0
4,3,583,49,0,0.3131018280982971,0.48999999999999994,0
4,3,584,49,0,0.27409568428993225,0.48999999999999994,0
4,3,585,49,0,0.2740955352783203,0.48999999999999994,0
4,3,586,49,0,0.27409565448760986,0.48999999999999994,0
4,3,627,54,0,0.2740951180458069,0.48999999999999994,0
4,3,628,54,0,0.3127930760383606,0.48999999999999994,0
4,3,629,54,0,0.2740951180458069,0.48999999999999994,0
4,3,630,54,0,0.2740951180458069,0.48999999999999994,0
4,3,631,54,0,0.2740951180458069,0.48999999999999994,0
4,3,632,54,0,0.2740951180458069,0.48999999999999994,0
4,3,633,54,0,0.2740951180458069,0.48999999999999994,0
4,3,634,54,0,0.2740951180458069,0.48999999999999994,0
4,3,635,54,0,0.2740951180458069,0.48999999999999994,0
4,3,636,54,0,0.2740951180458069,0.48999999999999994,0
4,3,677,59,0,0.2750948369503021,0.48999999999999994,0
4,3,678,59,0,0.27409568428993225,0.48999999999999994,0
4,3,679,59,0,0.2740951180458069,0.48999999999999994,0
4,3,680,59,0,0.2740950882434845,0.48999999999999994,0
4,3,681,59,0,0.2740950882434845,0.48999999999999994,0
4,3,682,59,0,0.2740955054759979,0.48999999999999994,0
4,3,683,59,0,0.2740955352783203,0.48999999999999994,0
4,3,684,59,0,0.27851006388664246,0.48999999999999994,0
4,3,685,59,0,0.31254497170448303,0.48999999999999994,0
4,3,686,59,0,0.27409565448760986,0.48999999999999994,0
4,3,737,65,0,0.3131018280982971,0.48999999999999994,0
4,3,738,65,0,0.2800447642803192,0.48999999999999994,0
4,3,739,65,0,0.3142009973526001,0.48999999999999994,0
4,3,740,65,0,0.2775028645992279,0.48999999999999994,0
4,3,741,65,0,0.2740950882434845,0.48999999999999994,0
4,3,742,65,0,0.2740951180458069,0.48999999999999994,0
4,3,743,65,0,0.2797234356403351,0.48999999999999994,0
4,3,744,65,0,0.27409568428993225,0.48999999999999994,0
4,3,745,65,0,0.2740951180458069,0.48999999999999994,0
4,3,746,65,0,0.2740955352783203,0.48999999999999994,0
4,3,777,69,0,0.30663105845451355,0.48999999999999994,0
4,3,778,69,0,0.3055631220340729,0.48999999999999994,0
4,3,779,69,0,0.3044997751712799,0.48999999999999994,0
4,3,780,69,0,0.27561360597610474,0.48999999999999994,0
4,3,781,69,0,0.3055705726146698,0.48999999999999994,0
4,3,782,69,0,0.2771269679069519,0.48999999999999994,0
4,3,783,69,0,0.2740951180458069,0.48999999999999994,0
4,3,784,69,0,0.34044837951660156,0.48999999999999994,0
4,3,785,69,0,0.27409568428993225,0.48999999999999994,0
4,3,786,69,0,0.3039500117301941,0.48999999999999994,0
4,3,797,71,0,0.3045003116130829,0.48999999999999994,0
4,3,798,71,0,0.3028898239135742,0.48999999999999994,0
4,3,799,71,0,0.30644768476486206,0.48999999999999994,0
4,3,800,71,0,0.3052169382572174,0.48999999999999994,0
4,3,801,71,0,0.348827600479126,0.48999999999999994,0
4,3,802,71,0,0.27561303973197937,0.48999999999999994,0
4,3,803,71,0,0.31575721502304077,0.48999999999999994,0
4,3,804,71,0,0.2740950882434845,0.48999999999999994,0
4,3,805,71,0,0.27566736936569214,0.48999999999999994,0
4,3,806,71,0,0.27711546421051025,0.48999999999999994,0
4,3,837,75,0,0.27561306953430176,0.48999999999999994,0
4,3,838,75,0,0.279032438993454,0.48999999999999994,0
4,3,839,75,0,0.27409616112709045,0.48999999999999994,0
4,3,840,75,0,0.27561357617378235,0.48999999999999994,0
4,3,841,75,0,0.27561289072036743,0.48999999999999994,0
4,3,842,75,0,0.27750375866889954,0.48999999999999994,0
4,3,843,75,0,0.27750375866889954,0.48999999999999994,0
4,3,844,75,0,0.275613397359848,0.48999999999999994,0
4,3,845,75,0,0.275613397359848,0.48999999999999994,0
4,3,846,75,0,0.2740951180458069,0.48999999999999994,0
4,4,0,0,1,0.43513724207878113,0.4799999999999999,0
4,4,2,2,1,0.7601820826530457,0.4799999999999999,1
4,4,3,3,1,0.41446998715400696,0.4799999999999999,0
4,4,13,13,1,0.440472275018692,0.4799999999999999,0
4,4,14,14,1,0.5817887783050537,0.4799999999999999,1
4,4,25,25,1,0.6991817355155945,0.4799999999999999,1
4,4,31,31,1,0.6125284433364868,0.4799999999999999,1
4,4,32,32,1,0.4410780072212219,0.4799999999999999,0
4,4,33,33,1,0.5817887783050537,0.4799999999999999,1
4,4,41,41,1,0.5848662853240967,0.4799999999999999,1
4,4,45,45,1,0.406220018863678,0.4799999999999999,0
4,4,51,51,1,0.3178955018520355,0.4799999999999999,0
4,4,53,53,1,0.4021892547607422,0.4799999999999999,0
4,4,68,68,1,0.5848662257194519,0.4799999999999999,1
4,4,70,70,1,0.44108471274375916,0.4799999999999999,0
4,4,80,80,1,0.5848411321640015,0.4799999999999999,1
4,4,87,0,0,0.43513724207878113,0.4799999999999999,0
4,4,88,0,0,0.2357899397611618,0.4799999999999999,0
4,4,89,0,0,0.42712587118148804,0.4799999999999999,0
4,4,90,0,0,0.2155025750398636,0.4799999999999999,0
4,4,91,0,0,0.30473607778549194,0.4799999999999999,0
4,4,92,0,0,0.21649137139320374,0.4799999999999999,0
4,4,93,0,0,0.294922798871994,0.4799999999999999,0
4,4,94,0,0,0.2155025750398636,0.4799999999999999,0
4,4,95,0,0,0.286807119846344,0.4799999999999999,0
4,4,96,0,0,0.29492419958114624,0.4799999999999999,0
4,4,107,2,0,0.2863404452800751,0.4799999999999999,0
4,4,108,2,0,0.2863404452800751,0.4799999999999999,0
4,4,109,2,0,0.23124203085899353,0.4799999999999999,0
4,4,110,2,0,0.2949282228946686,0.4799999999999999,0
4,4,111,2,0,0.3001718819141388,0.4799999999999999,0
4,4,112,2,0,0.22363191843032837,0.4799999999999999,0
4,4,113,2,0,0.24535396695137024,0.4799999999999999,0
4,4,114,2,0,0.23837804794311523,0.4799999999999999,0
4,4,115,2,0,0.293154239654541,0.4799999999999999,0
4,4,116,2,0,0.2931542694568634,0.4799999999999999,0
4,4,117,3,0,0.2905680239200592,0.4799999999999999,0
4,4,118,3,0,0.22075974941253662,0.4799999999999999,0
4,4,119,3,0,0.3014529347419739,0.4799999999999999,0
4,4,120,3,0,0.2863445281982422,0.4799999999999999,0
4,4,121,3,0,0.22479347884655,0.4799999999999999,0
4,4,122,3,0,0.3040960133075714,0.4799999999999999,0
4,4,123,3,0,0.30145299434661865,0.4799999999999999,0
4,4,124,3,0,0.23124203085899353,0.4799999999999999,0
4,4,125,3,0,0.2863404452800751,0.4799999999999999,0
4,4,126,3,0,0.21861176192760468,0.4799999999999999,0
4,4,217,13,0,0.22046667337417603,0.4799999999999999,0
4,4,218,13,0,0.2133985161781311,0.4799999999999999,0
4,4,219,13,0,0.21340075135231018,0.4799999999999999,0
4,4,220,13,0,0.21340148150920868,0.4799999999999999,0
4,4,221,13,0,0.22261890769004822,0.4799999999999999,0
4,4,222,13,0,0.21861369907855988,0.4799999999999999,0
4,4,223,13,0,0.22362808883190155,0.4799999999999999,0
4,4,224,13,0,0.2164878249168396,0.4799999999999999,0
4,4,225,13,0,0.21339809894561768,0.4799999999999999,0
4,4,226,13,0,0.2133985161781311,0.4799999999999999,0
4,4,227,14,0,0.22046324610710144,0.4799999999999999,0
4,4,228,14,0,0.2236262410879135,0.4799999999999999,0
4,4,229,14,0,0.22362971305847168,0.4799999999999999,0
4,4,230,14,0,0.28634408116340637,0.4799999999999999,0
4,4,231,14,0,0.22046440839767456,0.4799999999999999,0
4,4,232,14,0,0.22402580082416534,0.4799999999999999,0
4,4,233,14,0,0.28261250257492065,0.4799999999999999,0
4,4,234,14,0,0.29854443669319153,0.4799999999999999,0
4,4,235,14,0,0.2154993861913681,0.4799999999999999,0
4,4,236,14,0,0.2863427400588989,0.4799999999999999,0
4,4,337,25,0,0.21339738368988037,0.4799999999999999,0
4,4,338,25,0,0.21339738368988037,0.4799999999999999,0
4,4,339,25,0,0.21339741349220276,0.4799999999999999,0
4,4,340,25,0,0.21339738368988037,0.4799999999999999,0
4,4,341,25,0,0.2133985310792923,0.4799999999999999,0
4,4,342,25,0,0.6125284433364868,0.4799999999999999,1
4,4,343,25,0,0.2863391041755676,0.4799999999999999,0
4,4,344,25,0,0.2863413691520691,0.4799999999999999,0
4,4,345,25,0,0.2889057695865631,0.4799999999999999,0
4,4,346,25,0,0.28634047508239746,0.4799999999999999,0
4,4,397,31,0,0.21549822390079498,0.4799999999999999,0
4,4,398,31,0,0.21549934148788452,0.4799999999999999,0
4,4,399,31,0,0.21549934148788452,0.4799999999999999,0
4,4,400,31,0,0.21861064434051514,0.4799999999999999,0
4,4,401,31,0,0.2133985310792923,0.4799999999999999,0
4,4,402,31,0,0.21549934148788452,0.4799999999999999,0
4,4,403,31,0,0.21549822390079498,0.4799999999999999,0
4,4,404,31,0,0.21549822390079498,0.4799999999999999,0
4,4,405,31,0,0.22046257555484772,0.4799999999999999,0
4,4,406,31,0,0.28261229395866394,0.4799999999999999,0
4,4,407,32,0,0.2133985161781311,0.4799999999999999,0
4,4,408,32,0,0.2133985161781311,0.4799999999999999,0
4,4,409,32,0,0.3819752633571625,0.4799999999999999,0
4,4,410,32,0,0.2133985310792923,0.4799999999999999,0
4,4,411,32,0,0.21549822390079498,0.4799999999999999,0
4,4,412,32,0,0.21339738368988037,0.4799999999999999,0
4,4,413,32,0,0.23758305609226227,0.4799999999999999,0
4,4,414,32,0,0.22046270966529846,0.4799999999999999,0
4,4,415,32,0,0.21339738368988037,0.4799999999999999,0
4,4,416,32,0,0.21339738368988037,0.4799999999999999,0
4,4,417,33,0,0.22362808883190155,0.4799999999999999,0
4,4,418,33,0,0.22362808883190155,0.4799999999999999,0
4,4,419,33,0,0.28890714049339294,0.4799999999999999,0
4,4,420,33,0,0.21549822390079498,0.4799999999999999,0
4,4,421,33,0,0.21648897230625153,0.4799999999999999,0
4,4,422,33,0,0.2985430657863617,0.4799999999999999,0
4,4,423,33,0,0.21549822390079498,0.4799999999999999,0
4,4,424,33,0,0.40106257796287537,0.4799999999999999,0
4,4,425,33,0,0.2133985161781311,0.4799999999999999,0
4,4,426,33,0,0.21339741349220276,0.4799999999999999,0
4,4,497,41,0,0.22362856566905975,0.4799999999999999,0
4,4,498,41,0,0.29492416977882385,0.4799999999999999,0
4,4,499,41,0,0.47885850071907043,0.4799999999999999,0
4,4,500,41,0,0.3112486004829407,0.4799999999999999,0
4,4,501,41,0,0.28261250257492065,0.4799999999999999,0
4,4,502,41,0,0.2889057695865631,0.4799999999999999,0
4,4,503,41,0,0.29713174700737,0.4799999999999999,0
4,4,504,41,0,0.29112735390663147,0.4799999999999999,0
4,4,505,41,0,0.21549934148788452,0.4799999999999999,0
4,4,506,41,0,0.28261250257492065,0.4799999999999999,0
4,4,537,45,0,0.21339741349220276,0.4799999999999999,0
4,4,538,45,0,0.21339741349220276,0.4799999999999999,0
4,4,539,45,0,0.21339738368988037,0.4799999999999999,0
4,4,540,45,0,0.21339738368988037,0.4799999999999999,0
4,4,541,45,0,0.21339741349220276,0.4799999999999999,0
4,4,542,45,0,0.22046370804309845,0.4799999999999999,0
4,4,543,45,0,0.29632022976875305,0.4799999999999999,0
4,4,544,45,0,0.3003542125225067,0.4799999999999999,0
4,4,545,45,0,0.21339741349220276,0.4799999999999999,0
4,4,546,45,0,0.4132665991783142,0.4799999999999999,0
4,4,597,51,0,0.38995885848999023,0.4799999999999999,0
4,4,598,51,0,0.29148057103157043,0.4799999999999999,0
4,4,599,51,0,0.28261250257492065,0.4799999999999999,0
4,4,600,51,0,0.3098015785217285,0.4799999999999999,0
4,4,601,51,0,0.22547969222068787,0.4799999999999999,0
4,4,602,51,0,0.29371926188468933,0.4799999999999999,0
4,4,603,51,0,0.29148057103157043,0.4799999999999999,0
4,4,604,51,0,0.3098016083240509,0.4799999999999999,0
4,4,605,51,0,0.22046484053134918,0.4799999999999999,0
4,4,606,51,0,0.21550041437149048,0.4799999999999999,0
4,4,617,53,0,0.21549934148788452,0.4799999999999999,0
4,4,618,53,0,0.22261887788772583,0.4799999999999999,0
4,4,619,53,0,0.2975315451622009,0.4799999999999999,0
4,4,620,53,0,0.21550048887729645,0.4799999999999999,0
4,4,621,53,0,0.21550048887729645,0.4799999999999999,0
4,4,622,53,0,0.29409340023994446,0.4799999999999999,0
4,4,623,53,0,0.21339738368988037,0.4799999999999999,0
4,4,624,53,0,0.29651960730552673,0.4799999999999999,0
4,4,625,53,0,0.2236291617155075,0.4799999999999999,0
4,4,626,53,0,0.30035531520843506,0.4799999999999999,0
4,4,767,68,0,0.29315561056137085,0.4799999999999999,0
4,4,768,68,0,0.2889052927494049,0.4799999999999999,0
4,4,769,68,0,0.2889043986797333,0.4799999999999999,0
4,4,770,68,0,0.2863430082798004,0.4799999999999999,0
4,4,771,68,0,0.2889057397842407,0.4799999999999999,0
4,4,772,68,0,0.28261250257492065,0.4799999999999999,0
4,4,773,68,0,0.2826111614704132,0.4799999999999999,0
4,4,774,68,0,0.30410072207450867,0.4799999999999999,0
4,4,775,68,0,0.2992253303527832,0.4799999999999999,0
4,4,776,68,0,0.28634315729141235,0.4799999999999999,0
4,4,787,70,0,0.2164912223815918,0.4799999999999999,0
4,4,788,70,0,0.2164912223815918,0.4799999999999999,0
4,4,789,70,0,0.2863417863845825,0.4799999999999999,0
4,4,790,70,0,0.29753246903419495,0.4799999999999999,0
4,4,791,70,0,0.2258049100637436,0.4799999999999999,0
4,4,792,70,0,0.28938233852386475,0.4799999999999999,0
4,4,793,70,0,0.2931583821773529,0.4799999999999999,0
4,4,794,70,0,0.2863457500934601,0.4799999999999999,0
4,4,795,70,0,0.22046370804309845,0.4799999999999999,0
4,4,796,70,0,0.2851559817790985,0.4799999999999999,0
4,4,887,80,0,0.21549934148788452,0.4799999999999999,0
4,4,888,80,0,0.21961168944835663,0.4799999999999999,0
4,4,889,80,0,0.21861176192760468,0.4799999999999999,0
4,4,890,80,0,0.21549822390079498,0.4799999999999999,0
4,4,891,80,0,0.21339738368988037,0.4799999999999999,0
4,4,892,80,0,0.2133985161781311,0.4799999999999999,0
4,4,893,80,0,0.2133985161781311,0.4799999999999999,0
4,4,894,80,0,0.30035531520843506,0.4799999999999999,0
4,4,895,80,0,0.22046257555484772,0.4799999999999999,0
4,4,896,80,0,0.3073336184024811,0.4799999999999999,0
4,5,11,11,1,0.5090645551681519,0.48499999999999993,1
4,5,15,15,1,0.5162729620933533,0.48499999999999993,1
4,5,16,16,1,0.5090645551681519,0.48499999999999993,1
4,5,26,26,1,0.5000044703483582,0.48499999999999993,1
4,5,36,36,1,0.5000044703483582,0.48499999999999993,1
4,5,40,40,1,0.5000048279762268,0.48499999999999993,1
4,5,44,44,1,0.4984138607978821,0.48499999999999993,1
4,5,50,50,1,0.5040578246116638,0.48499999999999993,1
4,5,56,56,1,0.5097063183784485,0.48499999999999993,1
4,5,57,57,1,0.5165650248527527,0.48499999999999993,1
4,5,60,60,1,0.4982030391693115,0.48499999999999993,1
4,5,61,61,1,0.5097063183784485,0.48499999999999993,1
4,5,63,63,1,0.5162729620933533,0.48499999999999993,1
4,5,66,66,1,0.48715370893478394,0.48499999999999993,1
4,5,74,74,1,0.5097063183784485,0.48499999999999993,1
4,5,79,79,1,0.5090645551681519,0.48499999999999993,1
4,5,197,11,0,0.48631560802459717,0.48499999999999993,1
4,5,198,11,0,0.4860595464706421,0.48499999999999993,1
4,5,199,11,0,0.49172013998031616,0.48499999999999993,1
4,5,200,11,0,0.4860594570636749,0.48499999999999993,1
4,5,201,11,0,0.4860594570636749,0.48499999999999993,1
4,5,202,11,0,0.4914642572402954,0.48499999999999993,1
4,5,203,11,0,0.4860595762729645,0.48499999999999993,1
4,5,204,11,0,0.4860594570636749,0.48499999999999993,1
4,5,205,11,0,0.4916883111000061,0.48499999999999993,1
4,5,206,11,0,0.49186328053474426,0.48499999999999993,1
4,5,237,15,0,0.4914320707321167,0.48499999999999993,1
4,5,238,15,0,0.4866415560245514,0.48499999999999993,1
4,5,239,15,0,0.48649051785469055,0.48499999999999993,1
4,5,240,15,0,0.4996297061443329,0.48499999999999993,1
4,5,241,15,0,0.4922706186771393,0.48499999999999993,1
4,5,242,15,0,0.49976423382759094,0.48499999999999993,1
4,5,243,15,0,0.4916883111000061,0.48499999999999993,1
4,5,244,15,0,0.4990754723548889,0.48499999999999993,1
4,5,245,15,0,0.4868977963924408,0.48499999999999993,1
4,5,246,15,0,0.4916881024837494,0.48499999999999993,1
4,5,247,16,0,0.4918632209300995,0.48499999999999993,1
4,5,248,16,0,0.491607129573822,0.48499999999999993,1
4,5,249,16,0,0.4916881024837494,0.48499999999999993,1
4,5,250,16,0,0.48605963587760925,0.48499999999999993,1
4,5,251,16,0,0.4860595464706421,0.48499999999999993,1
4,5,252,16,0,0.49168822169303894,0.48499999999999993,1
4,5,253,16,0,0.48718881607055664,0.48499999999999993,1
4,5,254,16,0,0.49244555830955505,0.48499999999999993,1
4,5,255,16,0,0.4922705888748169,0.48499999999999993,1
4,5,256,16,0,0.49168819189071655,0.48499999999999993,1
4,5,347,26,0,0.49307388067245483,0.48499999999999993,1
4,5,348,26,0,0.4862344563007355,0.48499999999999993,1
4,5,349,26,0,0.49227064847946167,0.48499999999999993,1
4,5,350,26,0,0.49230527877807617,0.48499999999999993,1
4,5,351,26,0,0.49168822169303894,0.48499999999999993,1
4,5,352,26,0,0.48623448610305786,0.48499999999999993,1
4,5,353,26,0,0.4917203485965729,0.48499999999999993,1
4,5,354,26,0,0.49172019958496094,0.48499999999999993,1
4,5,355,26,0,0.4860594570636749,0.48499999999999993,1
4,5,356,26,0,0.4860594868659973,0.48499999999999993,1
4,5,447,36,0,0.49143198132514954,0.48499999999999993,1
4,5,448,36,0,0.4918951690196991,0.48499999999999993,1
4,5,449,36,0,0.4928998053073883,0.48499999999999993,1
4,5,450,36,0,0.4871046245098114,0.48499999999999993,1
4,5,451,36,0,0.4860595762729645,0.48499999999999993,1
4,5,452,36,0,0.49168822169303894,0.48499999999999993,1
4,5,453,36,0,0.486234575510025,0.48499999999999993,1
4,5,454,36,0,0.48623472452163696,0.48499999999999993,1
4,5,455,36,0,0.49143198132514954,0.48499999999999993,1
4,5,456,36,0,0.4928997755050659,0.48499999999999993,1
4,5,487,40,0,0.4868975877761841,0.48499999999999993,1
4,5,488,40,0,0.49542373418807983,0.48499999999999993,1
4,5,489,40,0,0.48664146661758423,0.48499999999999993,1
4,5,490,40,0,0.4860594570636749,0.48499999999999993,1
4,5,491,40,0,0.4860594570636749,0.48499999999999993,1
4,5,492,40,0,0.4860595166683197,0.48499999999999993,1
4,5,493,40,0,0.48623448610305786,0.48499999999999993,1
4,5,494,40,0,0.4922703504562378,0.48499999999999993,1
4,5,495,40,0,0.5090645551681519,0.48499999999999993,1
4,5,496,40,0,0.4914320707321167,0.48499999999999993,1
4,5,527,44,0,0.4980633556842804,0.48499999999999993,1
4,5,528,44,0,0.4860594570636749,0.48499999999999993,1
4,5,529,44,0,0.4916068911552429,0.48499999999999993,1
4,5,530,44,0,0.4921892583370209,0.48499999999999993,1
4,5,531,44,0,0.49160701036453247,0.48499999999999993,1
4,5,532,44,0,0.48707279562950134,0.48499999999999993,1
4,5,533,44,0,0.48664146661758423,0.48499999999999993,1
4,5,534,44,0,0.4860594570636749,0.48499999999999993,1
4,5,535,44,0,0.4860594570636749,0.48499999999999993,1
4,5,536,44,0,0.4860594570636749,0.48499999999999993,1
4,5,587,50,0,0.48623454570770264,0.48499999999999993,1
4,5,588,50,0,0.4862344563007355,0.48499999999999993,1
4,5,589,50,0,0.49247801303863525,0.48499999999999993,1
4,5,590,50,0,0.48664143681526184,0.48499999999999993,1
4,5,591,50,0,0.49792972207069397,0.48499999999999993,1
4,5,592,50,0,0.4860595762729645,0.48499999999999993,1
4,5,593,50,0,0.49313732981681824,0.48499999999999993,1
4,5,594,50,0,0.4860595464706421,0.48499999999999993,1
4,5,595,50,0,0.486234575510025,0.48499999999999993,1
4,5,596,50,0,0.4860594868659973,0.48499999999999993,1
4,5,647,56,0,0.4920380413532257,0.48499999999999993,1
4,5,648,56,0,0.4982031285762787,0.48499999999999993,1
4,5,649,56,0,0.486234575510025,0.48499999999999993,1
4,5,650,56,0,0.491895467042923,0.48499999999999993,1
4,5,651,56,0,0.4860594570636749,0.48499999999999993,1
4,5,652,56,0,0.4860594570636749,0.48499999999999993,1
4,5,653,56,0,0.4860594570636749,0.48499999999999993,1
4,5,654,56,0,0.486641526222229,0.48499999999999993,1
4,5,655,56,0,0.4917201101779938,0.48499999999999993,1
4,5,656,56,0,0.49181389808654785,0.48499999999999993,1
4,5,657,57,0,0.49897900223731995,0.48499999999999993,1
4,5,658,57,0,0.4916069507598877,0.48499999999999993,1
4,5,659,57,0,0.48649051785469055,0.48499999999999993,1
4,5,660,57,0,0.4860594570636749,0.48499999999999993,1
4,5,661,57,0,0.4862343966960907,0.48499999999999993,1
4,5,662,57,0,0.4862343966960907,0.48499999999999993,1
4,5,663,57,0,0.4862343966960907,0.48499999999999993,1
4,5,664,57,0,0.49163952469825745,0.48499999999999993,1
4,5,665,57,0,0.4860594570636749,0.48499999999999993,1
4,5,666,57,0,0.4860594570636749,0.48499999999999993,1
4,5,687,60,0,0.486641526222229,0.48499999999999993,1
4,5,688,60,0,0.4862343966960907,0.48499999999999993,1
4,5,689,60,0,0.4862343966960907,0.48499999999999993,1
4,5,690,60,0,0.4860594868659973,0.48499999999999993,1
4,5,691,60,0,0.4925551116466522,0.48499999999999993,1
4,5,692,60,0,0.49247804284095764,0.48499999999999993,1
4,5,693,60,0,0.4862344563007355,0.48499999999999993,1
4,5,694,60,0,0.4860594570636749,0.48499999999999993,1
4,5,695,60,0,0.4991511404514313,0.48499999999999993,1
4,5,696,60,0,0.4917201101779938,0.48499999999999993,1
4,5,697,61,0,0.48623448610305786,0.48499999999999993,1
4,5,698,61,0,0.48623448610305786,0.48499999999999993,1
4,5,699,61,0,0.49915269017219543,0.48499999999999993,1
4,5,700,61,0,0.48664170503616333,0.48499999999999993,1
4,5,701,61,0,0.491688072681427,0.48499999999999993,1
4,5,702,61,0,0.4860594570636749,0.48499999999999993,1
4,5,703,61,0,0.4862343966960907,0.48499999999999993,1
4,5,704,61,0,0.4862343966960907,0.48499999999999993,1
4,5,705,61,0,0.48605963587760925,0.48499999999999993,1
4,5,706,61,0,0.4860595762729645,0.48499999999999993,1
4,5,717,63,0,0.4916397035121918,0.48499999999999993,1
4,5,718,63,0,0.4860594570636749,0.48499999999999993,1
4,5,719,63,0,0.4860594570636749,0.48499999999999993,1
4,5,720,63,0,0.4860594570636749,0.48499999999999993,1
4,5,721,63,0,0.4926685094833374,0.48499999999999993,1
4,5,722,63,0,0.4866415560245514,0.48499999999999993,1
4,5,723,63,0,0.4860595762729645,0.48499999999999993,1
4,5,724,63,0,0.4862349033355713,0.48499999999999993,1
4,5,725,63,0,0.4862346053123474,0.48499999999999993,1
4,5,726,63,0,0.4860595464706421,0.48499999999999993,1
4,5,747,66,0,0.4862344563007355,0.48499999999999993,1
4,5,748,66,0,0.4860594868659973,0.48499999999999993,1
4,5,749,66,0,0.4860594570636749,0.48499999999999993,1
4,5,750,66,0,0.49291354417800903,0.48499999999999993,1
4,5,751,66,0,0.4918632209300995,0.48499999999999993,1
4,5,752,66,0,0.4918631911277771,0.48499999999999993,1
4,5,753,66,0,0.48605963587760925,0.48499999999999993,1
4,5,754,66,0,0.4916893541812897,0.48499999999999993,1
4,5,755,66,0,0.491689532995224,0.48499999999999993,1
4,5,756,66,0,0.4916893541812897,0.48499999999999993,1
4,5,827,74,0,0.4860595762729645,0.48499999999999993,1
4,5,828,74,0,0.49168846011161804,0.48499999999999993,1
4,5,829,74,0,0.4931374490261078,0.48499999999999993,1
4,5,830,74,0,0.4920383393764496,0.48499999999999993,1
4,5,831,74,0,0.48631560802459717,0.48499999999999993,1
4,5,832,74,0,0.4863155782222748,0.48499999999999993,1
4,5,833,74,0,0.4860595464706421,0.48499999999999993,1
4,5,834,74,0,0.4860595762729645,0.48499999999999993,1
4,5,835,74,0,0.4868977963924408,0.48499999999999993,1
4,5,836,74,0,0.4863157570362091,0.48499999999999993,1
4,5,877,79,0,0.4916069507598877,0.48499999999999993,1
4,5,878,79,0,0.48707249760627747,0.48499999999999993,1
4,5,879,79,0,0.4916880130767822,0.48499999999999993,1
4,5,880,79,0,0.4916881322860718,0.48499999999999993,1
4,5,881,79,0,0.49143186211586,0.48499999999999993,1
4,5,882,79,0,0.49143186211586,0.48499999999999993,1
4,5,883,79,0,0.4916880130767822,0.48499999999999993,1
4,5,884,79,0,0.49143186211586,0.48499999999999993,1
4,5,885,79,0,0.49143186211586,0.48499999999999993,1
4,5,886,79,0,0.49143186211586,0.48499999999999993,1
5,1,4,4,1,0.9264489412307739,0.4599999999999999,1
5,1,7,7,1,0.7274752855300903,0.4599999999999999,1
5,1,19,19,1,0.9205214381217957,0.4599999999999999,1
5,1,20,20,1,0.9205214381217957,0.4599999999999999,1
5,1,21,21,1,0.9666188359260559,0.4599999999999999,1
5,1,22,22,1,0.9205214381217957,0.4599999999999999,1
5,1,23,23,1,0.9264489412307739,0.4599999999999999,1
5,1,25,25,1,0.9666188359260559,0.4599999999999999,1
5,1,26,26,1,0.7274752855300903,0.4599999999999999,1
5,1,28,28,1,0.9666188359260559,0.4599999999999999,1
5,1,34,34,1,0.9264489412307739,0.4599999999999999,1
5,1,36,36,1,0.7274752855300903,0.4599999999999999,1
5,1,37,37,1,0.9264489412307739,0.4599999999999999,1
5,1,38,38,1,0.9264489412307739,0.4599999999999999,1
5,1,52,52,1,0.7132654190063477,0.4599999999999999,1
5,1,65,65,1,0.727488100528717,0.4599999999999999,1
5,1,71,71,1,0.4703216850757599,0.4599999999999999,1
5,1,127,4,0,0.24219493567943573,0.4599999999999999,0
5,1,128,4,0,0.2512364685535431,0.4599999999999999,0
5,1,129,4,0,0.262515664100647,0.4599999999999999,0
5,1,130,4,0,0.4458649456501007,0.4599999999999999,0
5,1,131,4,0,0.4099265933036804,0.4599999999999999,0
5,1,132,4,0,0.40281176567077637,0.4599999999999999,0
5,1,133,4,0,0.44153374433517456,0.4599999999999999,0
5,1,134,4,0,0.4634014964103699,0.4599999999999999,1
5,1,135,4,0,0.27496010065078735,0.4599999999999999,0
5,1,136,4,0,0.2836626172065735,0.4599999999999999,0
5,1,157,7,0,0.2502152621746063,0.4599999999999999,0
5,1,158,7,0,0.25022122263908386,0.4599999999999999,0
5,1,159,7,0,0.24766072630882263,0.4599999999999999,0
5,1,160,7,0,0.40279698371887207,0.4599999999999999,0
5,1,161,7,0,0.3924381136894226,0.4599999999999999,0
5,1,162,7,0,0.3924381732940674,0.4599999999999999,0
5,1,163,7,0,0.3956645131111145,0.4599999999999999,0
5,1,164,7,0,0.25842583179473877,0.4599999999999999,0
5,1,165,7,0,0.3956719934940338,0.4599999999999999,0
5,1,166,7,0,0.4028097689151764,0.4599999999999999,0
5,1,277,19,0,0.2502341866493225,0.4599999999999999,0
5,1,278,19,0,0.44939538836479187,0.4599999999999999,0
5,1,279,19,0,0.24219776690006256,0.4599999999999999,0
5,1,280,19,0,0.40280455350875854,0.4599999999999999,0
5,1,281,19,0,0.24219200015068054,0.4599999999999999,0
5,1,282,19,0,0.25021830201148987,0.4599999999999999,0
5,1,283,19,0,0.25022122263908386,0.4599999999999999,0
5,1,284,19,0,0.43858999013900757,0.4599999999999999,0
5,1,285,19,0,0.4028007388114929,0.4599999999999999,0
5,1,286,19,0,0.3212067782878876,0.4599999999999999,0
5,1,287,20,0,0.6561096906661987,0.4599999999999999,1
5,1,288,20,0,0.40996867418289185,0.4599999999999999,0
5,1,289,20,0,0.6325817108154297,0.4599999999999999,1
5,1,290,20,0,0.2502182722091675,0.4599999999999999,0
5,1,291,20,0,0.9264489412307739,0.4599999999999999,1
5,1,292,20,0,0.24219200015068054,0.4599999999999999,0
5,1,293,20,0,0.24765487015247345,0.4599999999999999,0
5,1,294,20,0,0.5139590501785278,0.4599999999999999,1
5,1,295,20,0,0.24219197034835815,0.4599999999999999,0
5,1,296,20,0,0.26069188117980957,0.4599999999999999,0
5,1,297,21,0,0.24765785038471222,0.4599999999999999,0
5,1,298,21,0,0.44845184683799744,0.4599999999999999,0
5,1,299,21,0,0.2584168016910553,0.4599999999999999,0
5,1,300,21,0,0.4103015959262848,0.4599999999999999,0
5,1,301,21,0,0.27495279908180237,0.4599999999999999,0
5,1,302,21,0,0.2749559283256531,0.4599999999999999,0
5,1,303,21,0,0.40316468477249146,0.4599999999999999,0
5,1,304,21,0,0.24219197034835815,0.4599999999999999,0
5,1,305,21,0,0.24219200015068054,0.4599999999999999,0
5,1,306,21,0,0.4504966139793396,0.4599999999999999,0
5,1,307,22,0,0.40316468477249146,0.4599999999999999,0
5,1,308,22,0,0.24766072630882263,0.4599999999999999,0
5,1,309,22,0,0.24765777587890625,0.4599999999999999,0
5,1,310,22,0,0.24765780568122864,0.4599999999999999,0
5,1,311,22,0,0.24219200015068054,0.4599999999999999,0
5,1,312,22,0,0.24219489097595215,0.4599999999999999,0
5,1,313,22,0,0.24219201505184174,0.4599999999999999,0
5,1,314,22,0,0.2606847882270813,0.4599999999999999,0
5,1,315,22,0,0.24219201505184174,0.4599999999999999,0
5,1,316,22,0,0.24219200015068054,0.4599999999999999,0
5,1,317,23,0,0.24219200015068054,0.4599999999999999,0
5,1,318,23,0,0.39244115352630615,0.4599999999999999,0
5,1,319,23,0,0.24219197034835815,0.4599999999999999,0
5,1,320,23,0,0.24765780568122864,0.4599999999999999,0
5,1,321,23,0,0.24765487015247345,0.4599999999999999,0
5,1,322,23,0,0.24219489097595215,0.4599999999999999,0
5,1,323,23,0,0.24219201505184174,0.4599999999999999,0
5,1,324,23,0,0.4823075830936432,0.4599999999999999,1
5,1,325,23,0,0.2584168016910553,0.4599999999999999,0
5,1,326,23,0,0.24219433963298798,0.4599999999999999,0
5,1,337,25,0,0.24219200015068054,0.4599999999999999,0
5,1,338,25,0,0.24219195544719696,0.4599999999999999,0
5,1,339,25,0,0.24219201505184174,0.4599999999999999,0
5,1,340,25,0,0.24219200015068054,0.4599999999999999,0
5,1,341,25,0,0.24219489097595215,0.4599999999999999,0
5,1,342,25,0,0.9264489412307739,0.4599999999999999,1
5,1,343,25,0,0.40279319882392883,0.4599999999999999,0
5,1,344,25,0,0.4027995467185974,0.4599999999999999,0
5,1,345,25,0,0.4099265933036804,0.4599999999999999,0
5,1,346,25,0,0.40279698371887207,0.4599999999999999,0
5,1,347,26,0,0.4600990414619446,0.4599999999999999,1
5,1,348,26,0,0.24765782058238983,0.4599999999999999,0
5,1,349,26,0,0.4266563355922699,0.4599999999999999,0
5,1,350,26,0,0.4280860424041748,0.4599999999999999,0
5,1,351,26,0,0.4028007388114929,0.4599999999999999,0
5,1,352,26,0,0.24765777587890625,0.4599999999999999,0
5,1,353,26,0,0.4031699597835541,0.4599999999999999,0
5,1,354,26,0,0.40316468477249146,0.4599999999999999,0
5,1,355,26,0,0.24219201505184174,0.4599999999999999,0
5,1,356,26,0,0.24219200015068054,0.4599999999999999,0
5,1,367,28,0,0.4028245508670807,0.4599999999999999,0
5,1,368,28,0,0.25022321939468384,0.4599999999999999,0
5,1,369,28,0,0.40992653369903564,0.4599999999999999,0
5,1,370,28,0,0.4099265933036804,0.4599999999999999,0
5,1,371,28,0,0.40993037819862366,0.4599999999999999,0
5,1,372,28,0,0.24219433963298798,0.4599999999999999,0
5,1,373,28,0,0.40317225456237793,0.4599999999999999,0
5,1,374,28,0,0.4099265933036804,0.4599999999999999,0
5,1,375,28,0,0.40280333161354065,0.4599999999999999,0
5,1,376,28,0,0.2502153217792511,0.4599999999999999,0
5,1,427,34,0,0.6750333905220032,0.4599999999999999,1
5,1,428,34,0,0.6750271320343018,0.4599999999999999,1
5,1,429,34,0,0.24219487607479095,0.4599999999999999,0
5,1,430,34,0,0.24219489097595215,0.4599999999999999,0
5,1,431,34,0,0.24765777587890625,0.4599999999999999,0
5,1,432,34,0,0.24219433963298798,0.4599999999999999,0
5,1,433,34,0,0.24219200015068054,0.4599999999999999,0
5,1,434,34,0,0.6019126176834106,0.4599999999999999,1
5,1,435,34,0,0.24219489097595215,0.4599999999999999,0
5,1,436,34,0,0.24219489097595215,0.4599999999999999,0
5,1,447,36,0,0.39244186878204346,0.4599999999999999,0
5,1,448,36,0,0.4102887213230133,0.4599999999999999,0
5,1,449,36,0,0.4478805959224701,0.4599999999999999,0
5,1,450,36,0,0.2760351002216339,0.4599999999999999,0
5,1,451,36,0,0.24219487607479095,0.4599999999999999,0
5,1,452,36,0,0.4028007388114929,0.4599999999999999,0
5,1,453,36,0,0.24766072630882263,0.4599999999999999,0
5,1,454,36,0,0.24766477942466736,0.4599999999999999,0
5,1,455,36,0,0.3924418091773987,0.4599999999999999,0
5,1,456,36,0,0.4478805661201477,0.4599999999999999,0
5,1,457,37,0,0.24219201505184174,0.4599999999999999,0
5,1,458,37,0,0.28041282296180725,0.4599999999999999,0
5,1,459,37,0,0.40993380546569824,0.4599999999999999,0
5,1,460,37,0,0.24765780568122864,0.4599999999999999,0
5,1,461,37,0,0.24766074120998383,0.4599999999999999,0
5,1,462,37,0,0.24765780568122864,0.4599999999999999,0
5,1,463,37,0,0.2864086925983429,0.4599999999999999,0
5,1,464,37,0,0.24766068160533905,0.4599999999999999,0
5,1,465,37,0,0.45184797048568726,0.4599999999999999,0
5,1,466,37,0,0.24766072630882263,0.4599999999999999,0
5,1,467,38,0,0.26910626888275146,0.4599999999999999,0
5,1,468,38,0,0.24219197034835815,0.4599999999999999,0
5,1,469,38,0,0.7866559624671936,0.4599999999999999,1
5,1,470,38,0,0.2584167420864105,0.4599999999999999,0
5,1,471,38,0,0.2749558985233307,0.4599999999999999,0
5,1,472,38,0,0.26641806960105896,0.4599999999999999,0
5,1,473,38,0,0.24219197034835815,0.4599999999999999,0
5,1,474,38,0,0.42329561710357666,0.4599999999999999,0
5,1,475,38,0,0.24765780568122864,0.4599999999999999,0
5,1,476,38,0,0.26910626888275146,0.4599999999999999,0
5,1,607,52,0,0.24766074120998383,0.4599999999999999,0
5,1,608,52,0,0.4387025535106659,0.4599999999999999,0
5,1,609,52,0,0.24765487015247345,0.4599999999999999,0
5,1,610,52,0,0.4338937997817993,0.4599999999999999,0
5,1,611,52,0,0.26642221212387085,0.4599999999999999,0
5,1,612,52,0,0.24219197034835815,0.4599999999999999,0
5,1,613,52,0,0.24219197034835815,0.4599999999999999,0
5,1,614,52,0,0.4135749042034149,0.4599999999999999,0
5,1,615,52,0,0.44486820697784424,0.4599999999999999,0
5,1,616,52,0,0.45239365100860596,0.4599999999999999,0
5,1,737,65,0,0.48571810126304626,0.4599999999999999,1
5,1,738,65,0,0.2749660909175873,0.4599999999999999,0
5,1,739,65,0,0.4702587127685547,0.4599999999999999,1
5,1,740,65,0,0.26068276166915894,0.4599999999999999,0
5,1,741,65,0,0.24219195544719696,0.4599999999999999,0
5,1,742,65,0,0.24219200015068054,0.4599999999999999,0
5,1,743,65,0,0.26294296979904175,0.4599999999999999,0
5,1,744,65,0,0.24219489097595215,0.4599999999999999,0
5,1,745,65,0,0.24219195544719696,0.4599999999999999,0
5,1,746,65,0,0.2421942800283432,0.4599999999999999,0
5,1,797,71,0,0.40280455350875854,0.4599999999999999,0
5,1,798,71,0,0.39244556427001953,0.4599999999999999,0
5,1,799,71,0,0.4060540497303009,0.4599999999999999,0
5,1,800,71,0,0.40697938203811646,0.4599999999999999,0
5,1,801,71,0,0.6720232963562012,0.4599999999999999,1
5,1,802,71,0,0.2502182722091675,0.4599999999999999,0
5,1,803,71,0,0.46398666501045227,0.4599999999999999,1
5,1,804,71,0,0.24219200015068054,0.4599999999999999,0
5,1,805,71,0,0.2505188286304474,0.4599999999999999,0
5,1,806,71,0,0.25841575860977173,0.4599999999999999,0
5,2,0,0,1,0.8589441776275635,0.43999999999999995,1
5,2,1,1,1,0.858944296836853,0.43999999999999995,1
5,2,6,6,1,0.9964614510536194,0.43999999999999995,1
5,2,10,10,1,0.8993502855300903,0.43999999999999995,1
5,2,31,31,1,0.9823086261749268,0.43999999999999995,1
5,2,32,32,1,0.8277144432067871,0.43999999999999995,1
5,2,41,41,1,0.9804229736328125,0.43999999999999995,1
5,2,44,44,1,0.7626547813415527,0.43999999999999995,1
5,2,45,45,1,0.7971777319908142,0.43999999999999995,1
5,2,48,48,1,0.8159497380256653,0.43999999999999995,1
5,2,49,49,1,0.81082683801651,0.43999999999999995,1
5,2,51,51,1,0.4811805188655853,0.43999999999999995,1
5,2,64,64,1,0.8277144432067871,0.43999999999999995,1
5,2,69,69,1,0.8957343697547913,0.43999999999999995,1
5,2,75,75,1,0.8666201829910278,0.43999999999999995,1
5,2,76,76,1,0.8666201829910278,0.43999999999999995,1
5,2,87,0,0,0.8589441776275635,0.43999999999999995,1
5,2,88,0,0,0.16202856600284576,0.43999999999999995,0
5,2,89,0,0,0.8051414489746094,0.43999999999999995,1
5,2,90,0,0,0.1365424543619156,0.43999999999999995,0
5,2,91,0,0,0.44819238781929016,0.43999999999999995,1
5,2,92,0,0,0.1389838457107544,0.43999999999999995,0
5,2,93,0,0,0.4077807068824768,0.43999999999999995,0
5,2,94,0,0,0.1365424543619156,0.43999999999999995,0
5,2,95,0,0,0.37453311681747437,0.43999999999999995,0
5,2,96,0,0,0.40778639912605286,0.43999999999999995,0
5,2,97,1,0,0.15758471190929413,0.43999999999999995,0
5,2,98,1,0,0.16355347633361816,0.43999999999999995,0
5,2,99,1,0,0.2096598893404007,0.43999999999999995,0
5,2,100,1,0,0.383144348859787,0.43999999999999995,0
5,2,101,1,0,0.13897714018821716,0.43999999999999995,0
5,2,102,1,0,0.16354723274707794,0.43999999999999995,0
5,2,103,1,0,0.3727162778377533,0.43999999999999995,0
5,2,104,1,0,0.3727218210697174,0.43999999999999995,0
5,2,105,1,0,0.3820115923881531,0.43999999999999995,0
5,2,106,1,0,0.383133202791214,0.43999999999999995,0
5,2,147,6,0,0.1491566151380539,0.43999999999999995,0
5,2,148,6,0,0.17942853271961212,0.43999999999999995,0
5,2,149,6,0,0.38987189531326294,0.43999999999999995,0
5,2,150,6,0,0.3849696218967438,0.43999999999999995,0
5,2,151,6,0,0.37272003293037415,0.43999999999999995,0
5,2,152,6,0,0.3668282628059387,0.43999999999999995,0
5,2,153,6,0,0.3679318428039551,0.43999999999999995,0
5,2,154,6,0,0.15758085250854492,0.43999999999999995,0
5,2,155,6,0,0.3576886057853699,0.43999999999999995,0
5,2,156,6,0,0.4314824938774109,0.43999999999999995,0
5,2,187,10,0,0.36792632937431335,0.43999999999999995,0
5,2,188,10,0,0.3955017924308777,0.43999999999999995,0
5,2,189,10,0,0.75554358959198,0.43999999999999995,1
5,2,190,10,0,0.13897427916526794,0.43999999999999995,0
5,2,191,10,0,0.14915065467357635,0.43999999999999995,0
5,2,192,10,0,0.4020920395851135,0.43999999999999995,0
5,2,193,10,0,0.14915262162685394,0.43999999999999995,0
5,2,194,10,0,0.1323268562555313,0.43999999999999995,0
5,2,195,10,0,0.3880161941051483,0.43999999999999995,0
5,2,196,10,0,0.1389799416065216,0.43999999999999995,0
5,2,397,31,0,0.13653160631656647,0.43999999999999995,0
5,2,398,31,0,0.13653436303138733,0.43999999999999995,0
5,2,399,31,0,0.13653439283370972,0.43999999999999995,0
5,2,400,31,0,0.14435891807079315,0.43999999999999995,0
5,2,401,31,0,0.13139678537845612,0.43999999999999995,0
5,2,402,31,0,0.13653437793254852,0.43999999999999995,0
5,2,403,31,0,0.13653160631656647,0.43999999999999995,0
5,2,404,31,0,0.13653160631656647,0.43999999999999995,0
5,2,405,31,0,0.14915062487125397,0.43999999999999995,0
5,2,406,31,0,0.3576875627040863,0.43999999999999995,0
5,2,407,32,0,0.1313968151807785,0.43999999999999995,0
5,2,408,32,0,0.1313968002796173,0.43999999999999995,0
5,2,409,32,0,0.7123230695724487,0.43999999999999995,1
5,2,410,32,0,0.1313968002796173,0.43999999999999995,0
5,2,411,32,0,0.13653159141540527,0.43999999999999995,0
5,2,412,32,0,0.13139410316944122,0.43999999999999995,0
5,2,413,32,0,0.15414738655090332,0.43999999999999995,0
5,2,414,32,0,0.149151012301445,0.43999999999999995,0
5,2,415,32,0,0.13139410316944122,0.43999999999999995,0
5,2,416,32,0,0.13139410316944122,0.43999999999999995,0
5,2,497,41,0,0.15757562220096588,0.43999999999999995,0
5,2,498,41,0,0.40778639912605286,0.43999999999999995,0
5,2,499,41,0,0.8993502855300903,0.43999999999999995,1
5,2,500,41,0,0.45401692390441895,0.43999999999999995,1
5,2,501,41,0,0.3576886057853699,0.43999999999999995,0
5,2,502,41,0,0.3831387758255005,0.43999999999999995,0
5,2,503,41,0,0.36682721972465515,0.43999999999999995,0
5,2,504,41,0,0.3922119736671448,0.43999999999999995,0
5,2,505,41,0,0.13653439283370972,0.43999999999999995,0
5,2,506,41,0,0.3576886057853699,0.43999999999999995,0
5,2,527,44,0,0.7462263703346252,0.43999999999999995,1
5,2,528,44,0,0.13139410316944122,0.43999999999999995,0
5,2,529,44,0,0.36792081594467163,0.43999999999999995,0
5,2,530,44,0,0.40282386541366577,0.43999999999999995,0
5,2,531,44,0,0.36792638897895813,0.43999999999999995,0
5,2,532,44,0,0.1635495126247406,0.43999999999999995,0
5,2,533,44,0,0.14915059506893158,0.43999999999999995,0
5,2,534,44,0,0.13139408826828003,0.43999999999999995,0
5,2,535,44,0,0.13139408826828003,0.43999999999999995,0
5,2,536,44,0,0.13139408826828003,0.43999999999999995,0
5,2,537,45,0,0.13139408826828003,0.43999999999999995,0
5,2,538,45,0,0.13139408826828003,0.43999999999999995,0
5,2,539,45,0,0.1313941329717636,0.43999999999999995,0
5,2,540,45,0,0.13139408826828003,0.43999999999999995,0
5,2,541,45,0,0.13139408826828003,0.43999999999999995,0
5,2,542,45,0,0.14915362000465393,0.43999999999999995,0
5,2,543,45,0,0.4135206639766693,0.43999999999999995,0
5,2,544,45,0,0.43446990847587585,0.43999999999999995,0
5,2,545,45,0,0.13139408826828003,0.43999999999999995,0
5,2,546,45,0,0.762657642364502,0.43999999999999995,1
5,2,567,48,0,0.13653439283370972,0.43999999999999995,0
5,2,568,48,0,0.14915362000465393,0.43999999999999995,0
5,2,569,48,0,0.13139410316944122,0.43999999999999995,0
5,2,570,48,0,0.4379903972148895,0.43999999999999995,0
5,2,571,48,0,0.1635397970676422,0.43999999999999995,0
5,2,572,48,0,0.13653160631656647,0.43999999999999995,0
5,2,573,48,0,0.13140320777893066,0.43999999999999995,0
5,2,574,48,0,0.13140323758125305,0.43999999999999995,0
5,2,575,48,0,0.13653439283370972,0.43999999999999995,0
5,2,576,48,0,0.1313941329717636,0.43999999999999995,0
5,2,577,49,0,0.13139408826828003,0.43999999999999995,0
5,2,578,49,0,0.13139627873897552,0.43999999999999995,0
5,2,579,49,0,0.1313963085412979,0.43999999999999995,0
5,2,580,49,0,0.1313963085412979,0.43999999999999995,0
5,2,581,49,0,0.418608158826828,0.43999999999999995,0
5,2,582,49,0,0.1548607349395752,0.43999999999999995,0
5,2,583,49,0,0.43446990847587585,0.43999999999999995,0
5,2,584,49,0,0.1313968151807785,0.43999999999999995,0
5,2,585,49,0,0.13139627873897552,0.43999999999999995,0
5,2,586,49,0,0.1313968151807785,0.43999999999999995,0
5,2,597,51,0,0.7555478811264038,0.43999999999999995,1
5,2,598,51,0,0.3936472237110138,0.43999999999999995,0
5,2,599,51,0,0.3576886057853699,0.43999999999999995,0
5,2,600,51,0,0.41736865043640137,0.43999999999999995,0
5,2,601,51,0,0.1359783560037613,0.43999999999999995,0
5,2,602,51,0,0.4028295576572418,0.43999999999999995,0
5,2,603,51,0,0.39364704489707947,0.43999999999999995,0
5,2,604,51,0,0.41736865043640137,0.43999999999999995,0
5,2,605,51,0,0.1491566151380539,0.43999999999999995,0
5,2,606,51,0,0.13653719425201416,0.43999999999999995,0
5,2,727,64,0,0.1313963085412979,0.43999999999999995,0
5,2,728,64,0,0.13139410316944122,0.43999999999999995,0
5,2,729,64,0,0.1313968151807785,0.43999999999999995,0
5,2,730,64,0,0.13995566964149475,0.43999999999999995,0
5,2,731,64,0,0.13653436303138733,0.43999999999999995,0
5,2,732,64,0,0.14915062487125397,0.43999999999999995,0
5,2,733,64,0,0.14915363490581512,0.43999999999999995,0
5,2,734,64,0,0.13139408826828003,0.43999999999999995,0
5,2,735,64,0,0.13139410316944122,0.43999999999999995,0
5,2,736,64,0,0.1313941329717636,0.43999999999999995,0
5,2,777,69,0,0.39368268847465515,0.43999999999999995,0
5,2,778,69,0,0.3831387758255005,0.43999999999999995,0
5,2,779,69,0,0.37272733449935913,0.43999999999999995,0
5,2,780,69,0,0.1389799416065216,0.43999999999999995,0
5,2,781,69,0,0.3832116425037384,0.43999999999999995,0
5,2,782,69,0,0.146928608417511,0.43999999999999995,0
5,2,783,69,0,0.1313941329717636,0.43999999999999995,0
5,2,784,69,0,0.7269805669784546,0.43999999999999995,1
5,2,785,69,0,0.1313968002796173,0.43999999999999995,0
5,2,786,69,0,0.3679318428039551,0.43999999999999995,0
5,2,837,75,0,0.13897709548473358,0.43999999999999995,0
5,2,838,75,0,0.15757247805595398,0.43999999999999995,0
5,2,839,75,0,0.1313995122909546,0.43999999999999995,0
5,2,840,75,0,0.1389799565076828,0.43999999999999995,0
5,2,841,75,0,0.13897615671157837,0.43999999999999995,0
5,2,842,75,0,0.1491556465625763,0.43999999999999995,0
5,2,843,75,0,0.1491556465625763,0.43999999999999995,0
5,2,844,75,0,0.1389789879322052,0.43999999999999995,0
5,2,845,75,0,0.1389789879322052,0.43999999999999995,0
5,2,846,75,0,0.13139408826828003,0.43999999999999995,0
5,2,847,76,0,0.13898466527462006,0.43999999999999995,0
5,2,848,76,0,0.13653439283370972,0.43999999999999995,0
5,2,849,76,0,0.1389799267053604,0.43999999999999995,0
5,2,850,76,0,0.4379845857620239,0.43999999999999995,0
5,2,851,76,0,0.41778337955474854,0.43999999999999995,0
5,2,852,76,0,0.755551815032959,0.43999999999999995,1
5,2,853,76,0,0.3576886057853699,0.43999999999999995,0
5,2,854,76,0,0.37272173166275024,0.43999999999999995,0
5,2,855,76,0,0.3576886057853699,0.43999999999999995,0
5,2,856,76,0,0.13653160631656647,0.43999999999999995,0
5,3,15,15,1,0.3736349046230316,0.5499999999999999,0
5,3,29,29,1,0.36426132917404175,0.5499999999999999,0
5,3,33,33,1,0.3692476749420166,0.5499999999999999,0
5,3,42,42,1,0.3632083237171173,0.5499999999999999,0
5,3,43,43,1,0.3632083237171173,0.5499999999999999,0
5,3,46,46,1,0.37390363216400146,0.5499999999999999,0
5,3,47,47,1,0.3751290440559387,0.5499999999999999,0
5,3,58,58,1,0.36967146396636963,0.5499999999999999,0
5,3,59,59,1,0.3632083535194397,0.5499999999999999,0
5,3,60,60,1,0.3632083535194397,0.5499999999999999,0
5,3,61,61,1,0.36967146396636963,0.5499999999999999,0
5,3,67,67,1,0.3692476451396942,0.5499999999999999,0
5,3,70,70,1,0.3642615079879761,0.5499999999999999,0
5,3,73,73,1,0.36967146396636963,0.5499999999999999,0
5,3,77,77,1,0.3642696142196655,0.5499999999999999,0
5,3,80,80,1,0.3693428933620453,0.5499999999999999,0
5,3,237,15,0,0.3595125675201416,0.5499999999999999,0
5,3,238,15,0,0.35662275552749634,0.5499999999999999,0
5,3,239,15,0,0.3565463423728943,0.5499999999999999,0
5,3,240,15,0,0.363979697227478,0.5499999999999999,0
5,3,241,15,0,0.3599599301815033,0.5499999999999999,0
5,3,242,15,0,0.36441388726234436,0.5499999999999999,0
5,3,243,15,0,0.35965338349342346,0.5499999999999999,0
5,3,244,15,0,0.36403870582580566,0.5499999999999999,0
5,3,245,15,0,0.3567630648612976,0.5499999999999999,0
5,3,246,15,0,0.3596532642841339,0.5499999999999999,0
5,3,377,29,0,0.36415523290634155,0.5499999999999999,0
5,3,378,29,0,0.35974231362342834,0.5499999999999999,0
5,3,379,29,0,0.3596535623073578,0.5499999999999999,0
5,3,380,29,0,0.3596535921096802,0.5499999999999999,0
5,3,381,29,0,0.3597423732280731,0.5499999999999999,0
5,3,382,29,0,0.3597424328327179,0.5499999999999999,0
5,3,383,29,0,0.36050018668174744,0.5499999999999999,0
5,3,384,29,0,0.3564542829990387,0.5499999999999999,0
5,3,385,29,0,0.3564542829990387,0.5499999999999999,0
5,3,386,29,0,0.35640615224838257,0.5499999999999999,0
5,3,417,33,0,0.35676297545433044,0.5499999999999999,0
5,3,418,33,0,0.3567630350589752,0.5499999999999999,0
5,3,419,33,0,0.3597424328327179,0.5499999999999999,0
5,3,420,33,0,0.35640615224838257,0.5499999999999999,0
5,3,421,33,0,0.3564577102661133,0.5499999999999999,0
5,3,422,33,0,0.3604587912559509,0.5499999999999999,0
5,3,423,33,0,0.35640615224838257,0.5499999999999999,0
5,3,424,33,0,0.3639463186264038,0.5499999999999999,0
5,3,425,33,0,0.35631754994392395,0.5499999999999999,0
5,3,426,33,0,0.35631752014160156,0.5499999999999999,0
5,3,507,42,0,0.35960155725479126,0.5499999999999999,0
5,3,508,42,0,0.35960161685943604,0.5499999999999999,0
5,3,509,42,0,0.3597695827484131,0.5499999999999999,0
5,3,510,42,0,0.35631754994392395,0.5499999999999999,0
5,3,511,42,0,0.35662275552749634,0.5499999999999999,0
5,3,512,42,0,0.35969072580337524,0.5499999999999999,0
5,3,513,42,0,0.35640615224838257,0.5499999999999999,0
5,3,514,42,0,0.3595125675201416,0.5499999999999999,0
5,3,515,42,0,0.35662272572517395,0.5499999999999999,0
5,3,516,42,0,0.35640621185302734,0.5499999999999999,0
5,3,517,43,0,0.3602277934551239,0.5499999999999999,0
5,3,518,43,0,0.3602277934551239,0.5499999999999999,0
5,3,519,43,0,0.35662269592285156,0.5499999999999999,0
5,3,520,43,0,0.35631752014160156,0.5499999999999999,0
5,3,521,43,0,0.35631752014160156,0.5499999999999999,0
5,3,522,43,0,0.35631752014160156,0.5499999999999999,0
5,3,523,43,0,0.3563174605369568,0.5499999999999999,0
5,3,524,43,0,0.35631752014160156,0.5499999999999999,0
5,3,525,43,0,0.3564060926437378,0.5499999999999999,0
5,3,526,43,0,0.35640621185302734,0.5499999999999999,0
5,3,547,46,0,0.3565463423728943,0.5499999999999999,0
5,3,548,46,0,0.3596532642841339,0.5499999999999999,0
5,3,549,46,0,0.3597603142261505,0.5499999999999999,0
5,3,550,46,0,0.3597604036331177,0.5499999999999999,0
5,3,551,46,0,0.35631757974624634,0.5499999999999999,0
5,3,552,46,0,0.3564062714576721,0.5499999999999999,0
5,3,553,46,0,0.35631752014160156,0.5499999999999999,0
5,3,554,46,0,0.36487045884132385,0.5499999999999999,0
5,3,555,46,0,0.3595125675201416,0.5499999999999999,0
5,3,556,46,0,0.35631752014160156,0.5499999999999999,0
5,3,557,47,0,0.35648486018180847,0.5499999999999999,0
5,3,558,47,0,0.3563174605369568,0.5499999999999999,0
5,3,559,47,0,0.35640615224838257,0.5499999999999999,0
5,3,560,47,0,0.35640615224838257,0.5499999999999999,0
5,3,561,47,0,0.35640615224838257,0.5499999999999999,0
5,3,562,47,0,0.3564060926437378,0.5499999999999999,0
5,3,563,47,0,0.35640621185302734,0.5499999999999999,0
5,3,564,47,0,0.35640615224838257,0.5499999999999999,0
5,3,565,47,0,0.35640615224838257,0.5499999999999999,0
5,3,566,47,0,0.35640615224838257,0.5499999999999999,0
5,3,667,58,0,0.35640621185302734,0.5499999999999999,0
5,3,668,58,0,0.35640615224838257,0.5499999999999999,0
5,3,669,58,0,0.35640621185302734,0.5499999999999999,0
5,3,670,58,0,0.35662275552749634,0.5499999999999999,0
5,3,671,58,0,0.3567114472389221,0.5499999999999999,0
5,3,672,58,0,0.35662269592285156,0.5499999999999999,0
5,3,673,58,0,0.3566226661205292,0.5499999999999999,0
5,3,674,58,0,0.3607659637928009,0.5499999999999999,0
5,3,675,58,0,0.3607659637928009,0.5499999999999999,0
5,3,676,58,0,0.35640615224838257,0.5499999999999999,0
5,3,677,59,0,0.35640615224838257,0.5499999999999999,0
5,3,678,59,0,0.35631754994392395,0.5499999999999999,0
5,3,679,59,0,0.35631752014160156,0.5499999999999999,0
5,3,680,59,0,0.35631754994392395,0.5499999999999999,0
5,3,681,59,0,0.35631754994392395,0.5499999999999999,0
5,3,682,59,0,0.35631754994392395,0.5499999999999999,0
5,3,683,59,0,0.35631754994392395,0.5499999999999999,0
5,3,684,59,0,0.3567114472389221,0.5499999999999999,0
5,3,685,59,0,0.35968878865242004,0.5499999999999999,0
5,3,686,59,0,0.35631754994392395,0.5499999999999999,0
5,3,687,60,0,0.35662275552749634,0.5499999999999999,0
5,3,688,60,0,0.35640615224838257,0.5499999999999999,0
5,3,689,60,0,0.35640615224838257,0.5499999999999999,0
5,3,690,60,0,0.35631752014160156,0.5499999999999999,0
5,3,691,60,0,0.3604588806629181,0.5499999999999999,0
5,3,692,60,0,0.35974016785621643,0.5499999999999999,0
5,3,693,60,0,0.35640621185302734,0.5499999999999999,0
5,3,694,60,0,0.35631752014160156,0.5499999999999999,0
5,3,695,60,0,0.3640877306461334,0.5499999999999999,0
5,3,696,60,0,0.3596711754798889,0.5499999999999999,0
5,3,697,61,0,0.35640621185302734,0.5499999999999999,0
5,3,698,61,0,0.35640621185302734,0.5499999999999999,0
5,3,699,61,0,0.363722562789917,0.5499999999999999,0
5,3,700,61,0,0.3566228449344635,0.5499999999999999,0
5,3,701,61,0,0.3596532642841339,0.5499999999999999,0
5,3,702,61,0,0.35631752014160156,0.5499999999999999,0
5,3,703,61,0,0.35640615224838257,0.5499999999999999,0
5,3,704,61,0,0.35640615224838257,0.5499999999999999,0
5,3,705,61,0,0.35631757974624634,0.5499999999999999,0
5,3,706,61,0,0.35631754994392395,0.5499999999999999,0
5,3,757,67,0,0.35988518595695496,0.5499999999999999,0
5,3,758,67,0,0.3602551221847534,0.5499999999999999,0
5,3,759,67,0,0.3595125675201416,0.5499999999999999,0
5,3,760,67,0,0.3596538305282593,0.5499999999999999,0
5,3,761,67,0,0.35997769236564636,0.5499999999999999,0
5,3,762,67,0,0.36375853419303894,0.5499999999999999,0
5,3,763,67,0,0.35662275552749634,0.5499999999999999,0
5,3,764,67,0,0.35645779967308044,0.5499999999999999,0
5,3,765,67,0,0.3599777817726135,0.5499999999999999,0
5,3,766,67,0,0.3596016764640808,0.5499999999999999,0
5,3,787,70,0,0.35645779967308044,0.5499999999999999,0
5,3,788,70,0,0.35645779967308044,0.5499999999999999,0
5,3,789,70,0,0.3596532940864563,0.5499999999999999,0
5,3,790,70,0,0.36004912853240967,0.5499999999999999,0
5,3,791,70,0,0.35685163736343384,0.5499999999999999,0
5,3,792,70,0,0.35976049304008484,0.5499999999999999,0
5,3,793,70,0,0.35990071296691895,0.5499999999999999,0
5,3,794,70,0,0.35965338349342346,0.5499999999999999,0
5,3,795,70,0,0.35662275552749634,0.5499999999999999,0
5,3,796,70,0,0.35960155725479126,0.5499999999999999,0
5,3,817,73,0,0.35645779967308044,0.5499999999999999,0
5,3,818,73,0,0.35645774006843567,0.5499999999999999,0
5,3,819,73,0,0.3564577102661133,0.5499999999999999,0
5,3,820,73,0,0.3564577102661133,0.5499999999999999,0
5,3,821,73,0,0.35645779967308044,0.5499999999999999,0
5,3,822,73,0,0.3564577102661133,0.5499999999999999,0
5,3,823,73,0,0.35645779967308044,0.5499999999999999,0
5,3,824,73,0,0.35645779967308044,0.5499999999999999,0
5,3,825,73,0,0.35631754994392395,0.5499999999999999,0
5,3,826,73,0,0.3597428798675537,0.5499999999999999,0
5,3,857,77,0,0.3595125675201416,0.5499999999999999,0
5,3,858,77,0,0.35640615224838257,0.5499999999999999,0
5,3,859,77,0,0.3595125675201416,0.5499999999999999,0
5,3,860,77,0,0.35640615224838257,0.5499999999999999,0
5,3,861,77,0,0.3598316013813019,0.5499999999999999,0
5,3,862,77,0,0.3598191738128662,0.5499999999999999,0
5,3,863,77,0,0.35631754994392395,0.5499999999999999,0
5,3,864,77,0,0.35960155725479126,0.5499999999999999,0
5,3,865,77,0,0.35640621185302734,0.5499999999999999,0
5,3,866,77,0,0.3564577102661133,0.5499999999999999,0
5,3,887,80,0,0.35640621185302734,0.5499999999999999,0
5,3,888,80,0,0.3565945327281952,0.5499999999999999,0
5,3,889,80,0,0.35654300451278687,0.5499999999999999,0
5,3,890,80,0,0.35640615224838257,0.5499999999999999,0
5,3,891,80,0,0.35631752014160156,0.5499999999999999,0
5,3,892,80,0,0.35631754994392395,0.5499999999999999,0
5,3,893,80,0,0.35631754994392395,0.5499999999999999,0
5,3,894,80,0,0.35974016785621643,0.5499999999999999,0
5,3,895,80,0,0.35662269592285156,0.5499999999999999,0
5,3,896,80,0,0.36076590418815613,0.5499999999999999,0
5,4,3,3,1,0.5258592963218689,0.5249999999999999,1
5,4,11,11,1,0.532120943069458,0.5249999999999999,1
5,4,14,14,1,0.532120943069458,0.5249999999999999,1
5,4,16,16,1,0.532120943069458,0.5249999999999999,1
5,4,17,17,1,0.532120943069458,0.5249999999999999,1
5,4,24,24,1,0.5326768159866333,0.5249999999999999,1
5,4,27,27,1,0.5326768159866333,0.5249999999999999,1
5,4,40,40,1,0.526239275932312,0.5249999999999999,1
5,4,55,55,1,0.5375112295150757,0.5249999999999999,1
5,4,62,62,1,0.5372219085693359,0.5249999999999999,1
5,4,63,63,1,0.5372219085693359,0.5249999999999999,1
5,4,66,66,1,0.5172445774078369,0.5249999999999999,0
5,4,68,68,1,0.5322383046150208,0.5249999999999999,1
5,4,72,72,1,0.5322373509407043,0.5249999999999999,1
5,4,78,78,1,0.5372219085693359,0.5249999999999999,1
5,4,79,79,1,0.532120943069458,0.5249999999999999,1
5,4,117,3,0,0.5207823514938354,0.5249999999999999,0
5,4,118,3,0,0.516920804977417,0.5249999999999999,0
5,4,119,3,0,0.5208401679992676,0.5249999999999999,0
5,4,120,3,0,0.5205914974212646,0.5249999999999999,0
5,4,121,3,0,0.5171371698379517,0.5249999999999999,0
5,4,122,3,0,0.5209564566612244,0.5249999999999999,0
5,4,123,3,0,0.5208402276039124,0.5249999999999999,0
5,4,124,3,0,0.51747727394104,0.5249999999999999,0
5,4,125,3,0,0.5205912590026855,0.5249999999999999,0
5,4,126,3,0,0.5168042182922363,0.5249999999999999,0
5,4,197,11,0,0.5166878700256348,0.5249999999999999,0
5,4,198,11,0,0.5165178775787354,0.5249999999999999,0
5,4,199,11,0,0.5206125378608704,0.5249999999999999,0
5,4,200,11,0,0.5165177583694458,0.5249999999999999,0
5,4,201,11,0,0.5165177583694458,0.5249999999999999,0
5,4,202,11,0,0.52044278383255,0.5249999999999999,0
5,4,203,11,0,0.5165178179740906,0.5249999999999999,0
5,4,204,11,0,0.5165177583694458,0.5249999999999999,0
5,4,205,11,0,0.5205914378166199,0.5249999999999999,0
5,4,206,11,0,0.5207076668739319,0.5249999999999999,0
5,4,227,14,0,0.516904354095459,0.5249999999999999,0
5,4,228,14,0,0.5170743465423584,0.5249999999999999,0
5,4,229,14,0,0.5170745849609375,0.5249999999999999,0
5,4,230,14,0,0.5205914974212646,0.5249999999999999,0
5,4,231,14,0,0.5169044733047485,0.5249999999999999,0
5,4,232,14,0,0.5170957446098328,0.5249999999999999,0
5,4,233,14,0,0.5204213261604309,0.5249999999999999,0
5,4,234,14,0,0.5214032530784607,0.5249999999999999,0
5,4,235,14,0,0.5166341066360474,0.5249999999999999,0
5,4,236,14,0,0.5205913186073303,0.5249999999999999,0
5,4,247,16,0,0.5207076072692871,0.5249999999999999,0
5,4,248,16,0,0.5205377340316772,0.5249999999999999,0
5,4,249,16,0,0.5205912590026855,0.5249999999999999,0
5,4,250,16,0,0.5165178775787354,0.5249999999999999,0
5,4,251,16,0,0.5165178179740906,0.5249999999999999,0
5,4,252,16,0,0.5205913186073303,0.5249999999999999,0
5,4,253,16,0,0.5172683596611023,0.5249999999999999,0
5,4,254,16,0,0.5210939645767212,0.5249999999999999,0
5,4,255,16,0,0.520977795124054,0.5249999999999999,0
5,4,256,16,0,0.5205913186073303,0.5249999999999999,0
5,4,257,17,0,0.5205914378166199,0.5249999999999999,0
5,4,258,17,0,0.5205912590026855,0.5249999999999999,0
5,4,259,17,0,0.5207077264785767,0.5249999999999999,0
5,4,260,17,0,0.5205913186073303,0.5249999999999999,0
5,4,261,17,0,0.5168579816818237,0.5249999999999999,0
5,4,262,17,0,0.5219594836235046,0.5249999999999999,0
5,4,263,17,0,0.5168582201004028,0.5249999999999999,0
5,4,264,17,0,0.5204212665557861,0.5249999999999999,0
5,4,265,17,0,0.5208775401115417,0.5249999999999999,0
5,4,266,17,0,0.5170283317565918,0.5249999999999999,0
5,4,327,24,0,0.5165178775787354,0.5249999999999999,0
5,4,328,24,0,0.5165178179740906,0.5249999999999999,0
5,4,329,24,0,0.5166340470314026,0.5249999999999999,0
5,4,330,24,0,0.5165178179740906,0.5249999999999999,0
5,4,331,24,0,0.5207803249359131,0.5249999999999999,0
5,4,332,24,0,0.5166341066360474,0.5249999999999999,0
5,4,333,24,0,0.5166341066360474,0.5249999999999999,0
5,4,334,24,0,0.5166341066360474,0.5249999999999999,0
5,4,335,24,0,0.5165178775787354,0.5249999999999999,0
5,4,336,24,0,0.5166341662406921,0.5249999999999999,0
5,4,357,27,0,0.5205912590026855,0.5249999999999999,0
5,4,358,27,0,0.5205912590026855,0.5249999999999999,0
5,4,359,27,0,0.5205912590026855,0.5249999999999999,0
5,4,360,27,0,0.5210012793540955,0.5249999999999999,0
5,4,361,27,0,0.5207076072692871,0.5249999999999999,0
5,4,362,27,0,0.5264387726783752,0.5249999999999999,1
5,4,363,27,0,0.5207077264785767,0.5249999999999999,0
5,4,364,27,0,0.5207076072692871,0.5249999999999999,0
5,4,365,27,0,0.5165180563926697,0.5249999999999999,0
5,4,366,27,0,0.5165177583694458,0.5249999999999999,0
5,4,487,40,0,0.517074465751648,0.5249999999999999,0
5,4,488,40,0,0.5227457284927368,0.5249999999999999,0
5,4,489,40,0,0.516904354095459,0.5249999999999999,0
5,4,490,40,0,0.5165177583694458,0.5249999999999999,0
5,4,491,40,0,0.5165178179740906,0.5249999999999999,0
5,4,492,40,0,0.5165178179740906,0.5249999999999999,0
5,4,493,40,0,0.5166341066360474,0.5249999999999999,0
5,4,494,40,0,0.5209776163101196,0.5249999999999999,0
5,4,495,40,0,0.532120943069458,0.5249999999999999,1
5,4,496,40,0,0.5204213857650757,0.5249999999999999,0
5,4,637,55,0,0.5165177583694458,0.5249999999999999,0
5,4,638,55,0,0.5165177583694458,0.5249999999999999,0
5,4,639,55,0,0.5165177583694458,0.5249999999999999,0
5,4,640,55,0,0.5165178179740906,0.5249999999999999,0
5,4,641,55,0,0.5205912590026855,0.5249999999999999,0
5,4,642,55,0,0.5203404426574707,0.5249999999999999,0
5,4,643,55,0,0.5165178179740906,0.5249999999999999,0
5,4,644,55,0,0.5206538438796997,0.5249999999999999,0
5,4,645,55,0,0.5170744061470032,0.5249999999999999,0
5,4,646,55,0,0.5166340470314026,0.5249999999999999,0
5,4,707,62,0,0.5165178179740906,0.5249999999999999,0
5,4,708,62,0,0.5165178179740906,0.5249999999999999,0
5,4,709,62,0,0.5208451747894287,0.5249999999999999,0
5,4,710,62,0,0.5166878700256348,0.5249999999999999,0
5,4,711,62,0,0.5169044137001038,0.5249999999999999,0
5,4,712,62,0,0.5165178179740906,0.5249999999999999,0
5,4,713,62,0,0.5170207023620605,0.5249999999999999,0
5,4,714,62,0,0.5204213261604309,0.5249999999999999,0
5,4,715,62,0,0.5165178775787354,0.5249999999999999,0
5,4,716,62,0,0.5166341066360474,0.5249999999999999,0
5,4,717,63,0,0.5202240943908691,0.5249999999999999,0
5,4,718,63,0,0.5165177583694458,0.5249999999999999,0
5,4,719,63,0,0.5165178179740906,0.5249999999999999,0
5,4,720,63,0,0.5165177583694458,0.5249999999999999,0
5,4,721,63,0,0.5213383436203003,0.5249999999999999,0
5,4,722,63,0,0.5169044137001038,0.5249999999999999,0
5,4,723,63,0,0.5165178179740906,0.5249999999999999,0
5,4,724,63,0,0.5166344046592712,0.5249999999999999,0
5,4,725,63,0,0.5166341662406921,0.5249999999999999,0
5,4,726,63,0,0.5165178179740906,0.5249999999999999,0
5,4,747,66,0,0.5166341066360474,0.5249999999999999,0
5,4,748,66,0,0.5165177583694458,0.5249999999999999,0
5,4,749,66,0,0.5165177583694458,0.5249999999999999,0
5,4,750,66,0,0.5214045643806458,0.5249999999999999,0
5,4,751,66,0,0.5207076072692871,0.5249999999999999,0
5,4,752,66,0,0.5207076072692871,0.5249999999999999,0
5,4,753,66,0,0.5165178775787354,0.5249999999999999,0
5,4,754,66,0,0.5205920934677124,0.5249999999999999,0
5,4,755,66,0,0.520592212677002,0.5249999999999999,0
5,4,756,66,0,0.5205920934677124,0.5249999999999999,0
5,4,767,68,0,0.5208987593650818,0.5249999999999999,0
5,4,768,68,0,0.5207076072692871,0.5249999999999999,0
5,4,769,68,0,0.5207075476646423,0.5249999999999999,0
5,4,770,68,0,0.5205914378166199,0.5249999999999999,0
5,4,771,68,0,0.5207076072692871,0.5249999999999999,0
5,4,772,68,0,0.5204213261604309,0.5249999999999999,0
5,4,773,68,0,0.5204212665557861,0.5249999999999999,0
5,4,774,68,0,0.5209567546844482,0.5249999999999999,0
5,4,775,68,0,0.5211688280105591,0.5249999999999999,0
5,4,776,68,0,0.5205914378166199,0.5249999999999999,0
5,4,807,72,0,0.5166878700256348,0.5249999999999999,0
5,4,808,72,0,0.5166879296302795,0.5249999999999999,0
5,4,809,72,0,0.5166878700256348,0.5249999999999999,0
5,4,810,72,0,0.5166879296302795,0.5249999999999999,0
5,4,811,72,0,0.5166879296302795,0.5249999999999999,0
5,4,812,72,0,0.5166879296302795,0.5249999999999999,0
5,4,813,72,0,0.5166878700256348,0.5249999999999999,0
5,4,814,72,0,0.5218055844306946,0.5249999999999999,0
5,4,815,72,0,0.5166879892349243,0.5249999999999999,0
5,4,816,72,0,0.5166879296302795,0.5249999999999999,0
5,4,867,78,0,0.5169044733047485,0.5249999999999999,0
5,4,868,78,0,0.5166340470314026,0.5249999999999999,0
5,4,869,78,0,0.5204212665557861,0.5249999999999999,0
5,4,870,78,0,0.5204212665557861,0.5249999999999999,0
5,4,871,78,0,0.5208450555801392,0.5249999999999999,0
5,4,872,78,0,0.5169044733047485,0.5249999999999999,0
5,4,873,78,0,0.5169045329093933,0.5249999999999999,0
5,4,874,78,0,0.5168579816818237,0.5249999999999999,0
5,4,875,78,0,0.5204213261604309,0.5249999999999999,0
5,4,876,78,0,0.5166341066360474,0.5249999999999999,0
5,4,877,79,0,0.5205375552177429,0.5249999999999999,0
5,4,878,79,0,0.51719069480896,0.5249999999999999,0
5,4,879,79,0,0.5205911993980408,0.5249999999999999,0
5,4,880,79,0,0.5205912590026855,0.5249999999999999,0
5,4,881,79,0,0.5204212665557861,0.5249999999999999,0
5,4,882,79,0,0.5204212665557861,0.5249999999999999,0
5,4,883,79,0,0.5205911993980408,0.5249999999999999,0
5,4,884,79,0,0.5204212665557861,0.5249999999999999,0
5,4,885,79,0,0.5204212665557861,0.5249999999999999,0
5,4,886,79,0,0.5204212665557861,0.5249999999999999,0
5,5,2,2,1,0.6526406407356262,0.5099999999999999,1
5,5,5,5,1,0.6041613817214966,0.5099999999999999,1
5,5,8,8,1,0.5602445006370544,0.5099999999999999,1
5,5,9,9,1,0.6008192896842957,0.5099999999999999,1
5,5,12,12,1,0.6397886276245117,0.5099999999999999,1
5,5,13,13,1,0.548220157623291,0.5099999999999999,1
5,5,18,18,1,0.6397886276245117,0.5099999999999999,1
5,5,30,30,1,0.6008192896842957,0.5099999999999999,1
5,5,35,35,1,0.6041613817214966,0.5099999999999999,1
5,5,39,39,1,0.6041613817214966,0.5099999999999999,1
5,5,50,50,1,0.5709884762763977,0.5099999999999999,1
5,5,53,53,1,0.53989577293396,0.5099999999999999,1
5,5,54,54,1,0.5433083176612854,0.5099999999999999,1
5,5,56,56,1,0.6041613817214966,0.5099999999999999,1
5,5,57,57,1,0.6412001848220825,0.5099999999999999,1
5,5,74,74,1,0.6041613817214966,0.5099999999999999,1
5,5,107,2,0,0.49557891488075256,0.5099999999999999,0
5,5,108,2,0,0.49557891488075256,0.5099999999999999,0
5,5,109,2,0,0.472451388835907,0.5099999999999999,0
5,5,110,2,0,0.4991573393344879,0.5099999999999999,0
5,5,111,2,0,0.5013124942779541,0.5099999999999999,0
5,5,112,2,0,0.46874216198921204,0.5099999999999999,0
5,5,113,2,0,0.4791158437728882,0.5099999999999999,0
5,5,114,2,0,0.47076255083084106,0.5099999999999999,0
5,5,115,2,0,0.49842318892478943,0.5099999999999999,0
5,5,116,2,0,0.49842318892478943,0.5099999999999999,0
5,5,137,5,0,0.5123052597045898,0.5099999999999999,1
5,5,138,5,0,0.6526406407356262,0.5099999999999999,1
5,5,139,5,0,0.4949607253074646,0.5099999999999999,0
5,5,140,5,0,0.49400630593299866,0.5099999999999999,0
5,5,141,5,0,0.4971541166305542,0.5099999999999999,0
5,5,142,5,0,0.4678173363208771,0.5099999999999999,0
5,5,143,5,0,0.4966554343700409,0.5099999999999999,0
5,5,144,5,0,0.4977322518825531,0.5099999999999999,0
5,5,145,5,0,0.5083123445510864,0.5099999999999999,0
5,5,146,5,0,0.5323720574378967,0.5099999999999999,1
5,5,167,8,0,0.46468326449394226,0.5099999999999999,0
5,5,168,8,0,0.465180367231369,0.5099999999999999,0
5,5,169,8,0,0.4949595630168915,0.5099999999999999,0
5,5,170,8,0,0.465180367231369,0.5099999999999999,0
5,5,171,8,0,0.4636150002479553,0.5099999999999999,0
5,5,172,8,0,0.46781623363494873,0.5099999999999999,0
5,5,173,8,0,0.49557945132255554,0.5099999999999999,0
5,5,174,8,0,0.4636138379573822,0.5099999999999999,0
5,5,175,8,0,0.4957772493362427,0.5099999999999999,0
5,5,176,8,0,0.4636138379573822,0.5099999999999999,0
5,5,177,9,0,0.5313085317611694,0.5099999999999999,1
5,5,178,9,0,0.4651809334754944,0.5099999999999999,0
5,5,179,9,0,0.4636133015155792,0.5099999999999999,0
5,5,180,9,0,0.4636138379573822,0.5099999999999999,0
5,5,181,9,0,0.4636138379573822,0.5099999999999999,0
5,5,182,9,0,0.465180903673172,0.5099999999999999,0
5,5,183,9,0,0.4955788850784302,0.5099999999999999,0
5,5,184,9,0,0.46361443400382996,0.5099999999999999,0
5,5,185,9,0,0.465180367231369,0.5099999999999999,0
5,5,186,9,0,0.46874046325683594,0.5099999999999999,0
5,5,207,12,0,0.4636138379573822,0.5099999999999999,0
5,5,208,12,0,0.4646826982498169,0.5099999999999999,0
5,5,209,12,0,0.46468326449394226,0.5099999999999999,0
5,5,210,12,0,0.4966537654399872,0.5099999999999999,0
5,5,211,12,0,0.4636138379573822,0.5099999999999999,0
5,5,212,12,0,0.4636138677597046,0.5099999999999999,0
5,5,213,12,0,0.5039635896682739,0.5099999999999999,0
5,5,214,12,0,0.4636133015155792,0.5099999999999999,0
5,5,215,12,0,0.4651792049407959,0.5099999999999999,0
5,5,216,12,0,0.4651792347431183,0.5099999999999999,0
5,5,217,13,0,0.46717455983161926,0.5099999999999999,0
5,5,218,13,0,0.4636138379573822,0.5099999999999999,0
5,5,219,13,0,0.4636150002479553,0.5099999999999999,0
5,5,220,13,0,0.463615357875824,0.5099999999999999,0
5,5,221,13,0,0.4682433009147644,0.5099999999999999,0
5,5,222,13,0,0.46625006198883057,0.5099999999999999,0
5,5,223,13,0,0.468740314245224,0.5099999999999999,0
5,5,224,13,0,0.4651786684989929,0.5099999999999999,0
5,5,225,13,0,0.4636136591434479,0.5099999999999999,0
5,5,226,13,0,0.4636138379573822,0.5099999999999999,0
5,5,267,18,0,0.49783089756965637,0.5099999999999999,0
5,5,268,18,0,0.49915680289268494,0.5099999999999999,0
5,5,269,18,0,0.4671728312969208,0.5099999999999999,0
5,5,270,18,0,0.4662586748600006,0.5099999999999999,0
5,5,271,18,0,0.49558061361312866,0.5099999999999999,0
5,5,272,18,0,0.5008882284164429,0.5099999999999999,0
5,5,273,18,0,0.4676962196826935,0.5099999999999999,0
5,5,274,18,0,0.46624964475631714,0.5099999999999999,0
5,5,275,18,0,0.4651792049407959,0.5099999999999999,0
5,5,276,18,0,0.4651792049407959,0.5099999999999999,0
5,5,387,30,0,0.49865612387657166,0.5099999999999999,0
5,5,388,30,0,0.4662485420703888,0.5099999999999999,0
5,5,389,30,0,0.5002298355102539,0.5099999999999999,0
5,5,390,30,0,0.49557891488075256,0.5099999999999999,0
5,5,391,30,0,0.49557891488075256,0.5099999999999999,0
5,5,392,30,0,0.4966541826725006,0.5099999999999999,0
5,5,393,30,0,0.6397886276245117,0.5099999999999999,1
5,5,394,30,0,0.5044628381729126,0.5099999999999999,0
5,5,395,30,0,0.4646832346916199,0.5099999999999999,0
5,5,396,30,0,0.46468326449394226,0.5099999999999999,0
5,5,437,35,0,0.4671730399131775,0.5099999999999999,0
5,5,438,35,0,0.4636133015155792,0.5099999999999999,0
5,5,439,35,0,0.4636133015155792,0.5099999999999999,0
5,5,440,35,0,0.507422149181366,0.5099999999999999,0
5,5,441,35,0,0.4636133015155792,0.5099999999999999,0
5,5,442,35,0,0.46468326449394226,0.5099999999999999,0
5,5,443,35,0,0.5209906101226807,0.5099999999999999,1
5,5,444,35,0,0.5460643172264099,0.5099999999999999,1
5,5,445,35,0,0.4636137783527374,0.5099999999999999,0
5,5,446,35,0,0.4662485420703888,0.5099999999999999,0
5,5,477,39,0,0.4636133015155792,0.5099999999999999,0
5,5,478,39,0,0.46468386054039,0.5099999999999999,0
5,5,479,39,0,0.46468386054039,0.5099999999999999,0
5,5,480,39,0,0.496353417634964,0.5099999999999999,0
5,5,481,39,0,0.46517983078956604,0.5099999999999999,0
5,5,482,39,0,0.4636138379573822,0.5099999999999999,0
5,5,483,39,0,0.49685099720954895,0.5099999999999999,0
5,5,484,39,0,0.49666082859039307,0.5099999999999999,0
5,5,485,39,0,0.5048949122428894,0.5099999999999999,0
5,5,486,39,0,0.5048949122428894,0.5099999999999999,0
5,5,587,50,0,0.46468386054039,0.5099999999999999,0
5,5,588,50,0,0.46468326449394226,0.5099999999999999,0
5,5,589,50,0,0.5029797554016113,0.5099999999999999,0
5,5,590,50,0,0.4671724736690521,0.5099999999999999,0
5,5,591,50,0,0.5297339558601379,0.5099999999999999,1
5,5,592,50,0,0.4636138379573822,0.5099999999999999,0
5,5,593,50,0,0.5028886198997498,0.5099999999999999,0
5,5,594,50,0,0.4636138379573822,0.5099999999999999,0
5,5,595,50,0,0.46468386054039,0.5099999999999999,0
5,5,596,50,0,0.4636133015155792,0.5099999999999999,0
5,5,617,53,0,0.46468326449394226,0.5099999999999999,0
5,5,618,53,0,0.4682433009147644,0.5099999999999999,0
5,5,619,53,0,0.5002300143241882,0.5099999999999999,0
5,5,620,53,0,0.46468377113342285,0.5099999999999999,0
5,5,621,53,0,0.46468386054039,0.5099999999999999,0
5,5,622,53,0,0.49881207942962646,0.5099999999999999,0
5,5,623,53,0,0.4636133015155792,0.5099999999999999,0
5,5,624,53,0,0.5014064311981201,0.5099999999999999,0
5,5,625,53,0,0.4687408208847046,0.5099999999999999,0
5,5,626,53,0,0.5029801726341248,0.5099999999999999,0
5,5,627,54,0,0.46361327171325684,0.5099999999999999,0
5,5,628,54,0,0.5027576684951782,0.5099999999999999,0
5,5,629,54,0,0.46361324191093445,0.5099999999999999,0
5,5,630,54,0,0.46361327171325684,0.5099999999999999,0
5,5,631,54,0,0.46361327171325684,0.5099999999999999,0
5,5,632,54,0,0.46361327171325684,0.5099999999999999,0
5,5,633,54,0,0.46361327171325684,0.5099999999999999,0
5,5,634,54,0,0.4636133015155792,0.5099999999999999,0
5,5,635,54,0,0.46361327171325684,0.5099999999999999,0
5,5,636,54,0,0.46361327171325684,0.5099999999999999,0
5,5,647,56,0,0.4977281093597412,0.5099999999999999,0
5,5,648,56,0,0.5355281233787537,0.5099999999999999,1
5,5,649,56,0,0.46468406915664673,0.5099999999999999,0
5,5,650,56,0,0.4968523681163788,0.5099999999999999,0
5,5,651,56,0,0.46361327171325684,0.5099999999999999,0
5,5,652,56,0,0.46361327171325684,0.5099999999999999,0
5,5,653,56,0,0.46361324191093445,0.5099999999999999,0
5,5,654,56,0,0.4671728014945984,0.5099999999999999,0
5,5,655,56,0,0.4957755506038666,0.5099999999999999,0
5,5,656,56,0,0.496351420879364,0.5099999999999999,0
5,5,657,57,0,0.535728931427002,0.5099999999999999,1
5,5,658,57,0,0.4950803816318512,0.5099999999999999,0
5,5,659,57,0,0.46624910831451416,0.5099999999999999,0
5,5,660,57,0,0.4636133015155792,0.5099999999999999,0
5,5,661,57,0,0.4646826684474945,0.5099999999999999,0
5,5,662,57,0,0.4646826684474945,0.5099999999999999,0
5,5,663,57,0,0.4646826982498169,0.5099999999999999,0
5,5,664,57,0,0.49782973527908325,0.5099999999999999,0
5,5,665,57,0,0.4636133015155792,0.5099999999999999,0
5,5,666,57,0,0.4636133015155792,0.5099999999999999,0
5,5,827,74,0,0.4636138379573822,0.5099999999999999,0
5,5,828,74,0,0.4955809712409973,0.5099999999999999,0
5,5,829,74,0,0.5028895735740662,0.5099999999999999,0
5,5,830,74,0,0.497729629278183,0.5099999999999999,0
5,5,831,74,0,0.4651792049407959,0.5099999999999999,0
5,5,832,74,0,0.4651792049407959,0.5099999999999999,0
5,5,833,74,0,0.4636138081550598,0.5099999999999999,0
5,5,834,74,0,0.4636138081550598,0.5099999999999999,0
5,5,835,74,0,0.468740850687027,0.5099999999999999,0
5,5,836,74,0,0.4651801586151123,0.5099999999999999,0
6,1,4,4,1,0.9461195468902588,0.48999999999999994,1
6,1,8,8,1,0.812515377998352,0.48999999999999994,1
6,1,14,14,1,0.9393847584724426,0.48999999999999994,1
6,1,19,19,1,0.9393847584724426,0.48999999999999994,1
6,1,24,24,1,0.9461195468902588,0.48999999999999994,1
6,1,32,32,1,0.7391031384468079,0.48999999999999994,1
6,1,36,36,1,0.7391031980514526,0.48999999999999994,1
6,1,40,40,1,0.7391169667243958,0.48999999999999994,1
6,1,51,51,1,0.46791553497314453,0.48999999999999994,0
6,1,53,53,1,0.6969995498657227,0.48999999999999994,1
6,1,57,57,1,0.9851332902908325,0.48999999999999994,1
6,1,62,62,1,0.9842348694801331,0.48999999999999994,1
6,1,67,67,1,0.9393847584724426,0.48999999999999994,1
6,1,68,68,1,0.9412506818771362,0.48999999999999994,1
6,1,72,72,1,0.9412356019020081,0.48999999999999994,1
6,1,74,74,1,0.9461195468902588,0.48999999999999994,1
6,1,79,79,1,0.9393847584724426,0.48999999999999994,1
6,1,127,4,0,0.16730405390262604,0.48999999999999994,0
6,1,128,4,0,0.17498070001602173,0.48999999999999994,0
6,1,129,4,0,0.18467505276203156,0.48999999999999994,0
6,1,130,4,0,0.42899417877197266,0.48999999999999994,0
6,1,131,4,0,0.37954583764076233,0.48999999999999994,0
6,1,132,4,0,0.3718499541282654,0.48999999999999994,0
6,1,133,4,0,0.4150155186653137,0.48999999999999994,0
6,1,134,4,0,0.43904098868370056,0.48999999999999994,0
6,1,135,4,0,0.19552092254161835,0.48999999999999994,0
6,1,136,4,0,0.20319736003875732,0.48999999999999994,0
6,1,167,8,0,0.17193251848220825,0.48999999999999994,0
6,1,168,8,0,0.17411749064922333,0.48999999999999994,0
6,1,169,8,0,0.37038907408714294,0.48999999999999994,0
6,1,170,8,0,0.17411749064922333,0.48999999999999994,0
6,1,171,8,0,0.16730894148349762,0.48999999999999994,0
6,1,172,8,0,0.18606598675251007,0.48999999999999994,0
6,1,173,8,0,0.37183812260627747,0.48999999999999994,0
6,1,174,8,0,0.16730405390262604,0.48999999999999994,0
6,1,175,8,0,0.37325167655944824,0.48999999999999994,0
6,1,176,8,0,0.16730405390262604,0.48999999999999994,0
6,1,227,14,0,0.1830931454896927,0.48999999999999994,0
6,1,228,14,0,0.1903953105211258,0.48999999999999994,0
6,1,229,14,0,0.19040343165397644,0.48999999999999994,0
6,1,230,14,0,0.37184494733810425,0.48999999999999994,0
6,1,231,14,0,0.1830957680940628,0.48999999999999994,0
6,1,232,14,0,0.19132781028747559,0.48999999999999994,0
6,1,233,14,0,0.36067044734954834,0.48999999999999994,0
6,1,234,14,0,0.4092860221862793,0.48999999999999994,0
6,1,235,14,0,0.17193253338336945,0.48999999999999994,0
6,1,236,14,0,0.37184083461761475,0.48999999999999994,0
6,1,277,19,0,0.17412598431110382,0.48999999999999994,0
6,1,278,19,0,0.4225796163082123,0.48999999999999994,0
6,1,279,19,0,0.16730651259422302,0.48999999999999994,0
6,1,280,19,0,0.3718421459197998,0.48999999999999994,0
6,1,281,19,0,0.16730161011219025,0.48999999999999994,0
6,1,282,19,0,0.1741124391555786,0.48999999999999994,0
6,1,283,19,0,0.17411497235298157,0.48999999999999994,0
6,1,284,19,0,0.4209759533405304,0.48999999999999994,0
6,1,285,19,0,0.3718380630016327,0.48999999999999994,0
6,1,286,19,0,0.23716846108436584,0.48999999999999994,0
6,1,327,24,0,0.16730405390262604,0.48999999999999994,0
6,1,328,24,0,0.16730405390262604,0.48999999999999994,0
6,1,329,24,0,0.17193001508712769,0.48999999999999994,0
6,1,330,24,0,0.16730405390262604,0.48999999999999994,0
6,1,331,24,0,0.4014500081539154,0.48999999999999994,0
6,1,332,24,0,0.17193253338336945,0.48999999999999994,0
6,1,333,24,0,0.17193251848220825,0.48999999999999994,0
6,1,334,24,0,0.17193251848220825,0.48999999999999994,0
6,1,335,24,0,0.16730402410030365,0.48999999999999994,0
6,1,336,24,0,0.17193253338336945,0.48999999999999994,0
6,1,407,32,0,0.16730405390262604,0.48999999999999994,0
6,1,408,32,0,0.16730405390262604,0.48999999999999994,0
6,1,409,32,0,0.6604869961738586,0.48999999999999994,1
6,1,410,32,0,0.16730405390262604,0.48999999999999994,0
6,1,411,32,0,0.17193001508712769,0.48999999999999994,0
6,1,412,32,0,0.16730161011219025,0.48999999999999994,0
6,1,413,32,0,0.18975551426410675,0.48999999999999994,0
6,1,414,32,0,0.18309170007705688,0.48999999999999994,0
6,1,415,32,0,0.16730161011219025,0.48999999999999994,0
6,1,416,32,0,0.16730163991451263,0.48999999999999994,0
6,1,447,36,0,0.36067044734954834,0.48999999999999994,0
6,1,448,36,0,0.380958616733551,0.48999999999999994,0
6,1,449,36,0,0.4274822771549225,0.48999999999999994,0
6,1,450,36,0,0.19646446406841278,0.48999999999999994,0
6,1,451,36,0,0.16730405390262604,0.48999999999999994,0
6,1,452,36,0,0.3718380630016327,0.48999999999999994,0
6,1,453,36,0,0.17193500697612762,0.48999999999999994,0
6,1,454,36,0,0.1719384789466858,0.48999999999999994,0
6,1,455,36,0,0.36067044734954834,0.48999999999999994,0
6,1,456,36,0,0.4274822771549225,0.48999999999999994,0
6,1,487,40,0,0.19039802253246307,0.48999999999999994,0
6,1,488,40,0,0.53903728723526,0.48999999999999994,1
6,1,489,40,0,0.1830914169549942,0.48999999999999994,0
6,1,490,40,0,0.16730162501335144,0.48999999999999994,0
6,1,491,40,0,0.16730158030986786,0.48999999999999994,0
6,1,492,40,0,0.16730357706546783,0.48999999999999994,0
6,1,493,40,0,0.17193251848220825,0.48999999999999994,0
6,1,494,40,0,0.3977077305316925,0.48999999999999994,0
6,1,495,40,0,0.9393847584724426,0.48999999999999994,1
6,1,496,40,0,0.3606744408607483,0.48999999999999994,0
6,1,597,51,0,0.6679149270057678,0.48999999999999994,1
6,1,598,51,0,0.3873066008090973,0.48999999999999994,0
6,1,599,51,0,0.36067044734954834,0.48999999999999994,0
6,1,600,51,0,0.4077877402305603,0.48999999999999994,0
6,1,601,51,0,0.17322397232055664,0.48999999999999994,0
6,1,602,51,0,0.39406827092170715,0.48999999999999994,0
6,1,603,51,0,0.3873065710067749,0.48999999999999994,0
6,1,604,51,0,0.4077877402305603,0.48999999999999994,0
6,1,605,51,0,0.18309663236141205,0.48999999999999994,0
6,1,606,51,0,0.17193500697612762,0.48999999999999994,0
6,1,617,53,0,0.17193251848220825,0.48999999999999994,0
6,1,618,53,0,0.18805979192256927,0.48999999999999994,0
6,1,619,53,0,0.4056054651737213,0.48999999999999994,0
6,1,620,53,0,0.17193500697612762,0.48999999999999994,0
6,1,621,53,0,0.17193502187728882,0.48999999999999994,0
6,1,622,53,0,0.39519935846328735,0.48999999999999994,0
6,1,623,53,0,0.16730161011219025,0.48999999999999994,0
6,1,624,53,0,0.389949232339859,0.48999999999999994,0
6,1,625,53,0,0.19040237367153168,0.48999999999999994,0
6,1,626,53,0,0.4014533758163452,0.48999999999999994,0
6,1,657,57,0,0.704613208770752,0.48999999999999994,1
6,1,658,57,0,0.36828169226646423,0.48999999999999994,0
6,1,659,57,0,0.17888881266117096,0.48999999999999994,0
6,1,660,57,0,0.16730158030986786,0.48999999999999994,0
6,1,661,57,0,0.17193001508712769,0.48999999999999994,0
6,1,662,57,0,0.17193001508712769,0.48999999999999994,0
6,1,663,57,0,0.17193001508712769,0.48999999999999994,0
6,1,664,57,0,0.3642723262310028,0.48999999999999994,0
6,1,665,57,0,0.16730162501335144,0.48999999999999994,0
6,1,666,57,0,0.16730161011219025,0.48999999999999994,0
6,1,707,62,0,0.16730161011219025,0.48999999999999994,0
6,1,708,62,0,0.16730405390262604,0.48999999999999994,0
6,1,709,62,0,0.38874679803848267,0.48999999999999994,0
6,1,710,62,0,0.1741124391555786,0.48999999999999994,0
6,1,711,62,0,0.18309660255908966,0.48999999999999994,0
6,1,712,62,0,0.16730162501335144,0.48999999999999994,0
6,1,713,62,0,0.18806064128875732,0.48999999999999994,0
6,1,714,62,0,0.36067044734954834,0.48999999999999994,0
6,1,715,62,0,0.16730405390262604,0.48999999999999994,0
6,1,716,62,0,0.17193251848220825,0.48999999999999994,0
6,1,757,67,0,0.3911525011062622,0.48999999999999994,0
6,1,758,67,0,0.4240424931049347,0.48999999999999994,0
6,1,759,67,0,0.3606744706630707,0.48999999999999994,0
6,1,760,67,0,0.3718833327293396,0.48999999999999994,0
6,1,761,67,0,0.3991445302963257,0.48999999999999994,0
6,1,762,67,0,0.6604869961738586,0.48999999999999994,1
6,1,763,67,0,0.1830931454896927,0.48999999999999994,0
6,1,764,67,0,0.17411749064922333,0.48999999999999994,0
6,1,765,67,0,0.3991445004940033,0.48999999999999994,0
6,1,766,67,0,0.3682865500450134,0.48999999999999994,0
6,1,767,68,0,0.3923646807670593,0.48999999999999994,0
6,1,768,68,0,0.37954452633857727,0.48999999999999994,0
6,1,769,68,0,0.3795417547225952,0.48999999999999994,0
6,1,770,68,0,0.37184175848960876,0.48999999999999994,0
6,1,771,68,0,0.37954583764076233,0.48999999999999994,0
6,1,772,68,0,0.36067044734954834,0.48999999999999994,0
6,1,773,68,0,0.360666424036026,0.48999999999999994,0
6,1,774,68,0,0.3909079134464264,0.48999999999999994,0
6,1,775,68,0,0.41073811054229736,0.48999999999999994,0
6,1,776,68,0,0.3718421757221222,0.48999999999999994,0
6,1,807,72,0,0.17411164939403534,0.48999999999999994,0
6,1,808,72,0,0.17411161959171295,0.48999999999999994,0
6,1,809,72,0,0.17410992085933685,0.48999999999999994,0
6,1,810,72,0,0.1741141378879547,0.48999999999999994,0
6,1,811,72,0,0.17411410808563232,0.48999999999999994,0
6,1,812,72,0,0.1741141527891159,0.48999999999999994,0
6,1,813,72,0,0.17410992085933685,0.48999999999999994,0
6,1,814,72,0,0.4592275321483612,0.48999999999999994,0
6,1,815,72,0,0.17411665618419647,0.48999999999999994,0
6,1,816,72,0,0.1741141378879547,0.48999999999999994,0
6,1,827,74,0,0.16730405390262604,0.48999999999999994,0
6,1,828,74,0,0.371849000453949,0.48999999999999994,0
6,1,829,74,0,0.435960054397583,0.48999999999999994,0
6,1,830,74,0,0.3873176872730255,0.48999999999999994,0
6,1,831,74,0,0.1741124391555786,0.48999999999999994,0
6,1,832,74,0,0.1741124391555786,0.48999999999999994,0
6,1,833,74,0,0.16730405390262604,0.48999999999999994,0
6,1,834,74,0,0.16730405390262604,0.48999999999999994,0
6,1,835,74,0,0.1904025673866272,0.48999999999999994,0
6,1,836,74,0,0.17411664128303528,0.48999999999999994,0
6,1,877,79,0,0.3682824969291687,0.48999999999999994,0
6,1,878,79,0,0.1955144703388214,0.48999999999999994,0
6,1,879,79,0,0.37182989716529846,0.48999999999999994,0
6,1,880,79,0,0.3718339502811432,0.48999999999999994,0
6,1,881,79,0,0.360666424036026,0.48999999999999994,0
6,1,882,79,0,0.360666424036026,0.48999999999999994,0
6,1,883,79,0,0.37182989716529846,0.48999999999999994,0
6,1,884,79,0,0.360666424036026,0.48999999999999994,0
6,1,885,79,0,0.360666424036026,0.48999999999999994,0
6,1,886,79,0,0.360666424036026,0.48999999999999994,0
6,2,1,1,1,0.4810745418071747,0.5149999999999999,0
6,2,2,2,1,0.5658481121063232,0.5149999999999999,1
6,2,11,11,1,0.5205593109130859,0.5149999999999999,1
6,2,17,17,1,0.5205593109130859,0.5149999999999999,1
6,2,18,18,1,0.5544637441635132,0.5149999999999999,1
6,2,22,22,1,0.5205593109130859,0.5149999999999999,1
6,2,23,23,1,0.5238113403320312,0.5149999999999999,1
6,2,28,28,1,0.5544637441635132,0.5149999999999999,1
6,2,30,30,1,0.5205593109130859,0.5149999999999999,1
6,2,34,34,1,0.5238112807273865,0.5149999999999999,1
6,2,59,59,1,0.47026512026786804,0.5149999999999999,0
6,2,60,60,1,0.47026512026786804,0.5149999999999999,0
6,2,64,64,1,0.47886595129966736,0.5149999999999999,0
6,2,70,70,1,0.4788677394390106,0.5149999999999999,0
6,2,76,76,1,0.4822586178779602,0.5149999999999999,0
6,2,80,80,1,0.5213708281517029,0.5149999999999999,1
6,2,97,1,0,0.4181255102157593,0.5149999999999999,0
6,2,98,1,0,0.4189140796661377,0.5149999999999999,0
6,2,99,1,0,0.42435523867607117,0.5149999999999999,0
6,2,100,1,0,0.4411642551422119,0.5149999999999999,0
6,2,101,1,0,0.4155033528804779,0.5149999999999999,0
6,2,102,1,0,0.4189132750034332,0.5149999999999999,0
6,2,103,1,0,0.4403642416000366,0.5149999999999999,0
6,2,104,1,0,0.4403647482395172,0.5149999999999999,0
6,2,105,1,0,0.4413994550704956,0.5149999999999999,0
6,2,106,1,0,0.44116342067718506,0.5149999999999999,0
6,2,107,2,0,0.4403647482395172,0.5149999999999999,0
6,2,108,2,0,0.4403647184371948,0.5149999999999999,0
6,2,109,2,0,0.4208577871322632,0.5149999999999999,0
6,2,110,2,0,0.4430248439311981,0.5149999999999999,0
6,2,111,2,0,0.44462844729423523,0.5149999999999999,0
6,2,112,2,0,0.4181255102157593,0.5149999999999999,0
6,2,113,2,0,0.42577362060546875,0.5149999999999999,0
6,2,114,2,0,0.41993585228919983,0.5149999999999999,0
6,2,115,2,0,0.44247883558273315,0.5149999999999999,0
6,2,116,2,0,0.44247883558273315,0.5149999999999999,0
6,2,197,11,0,0.4155033528804779,0.5149999999999999,0
6,2,198,11,0,0.41435205936431885,0.5149999999999999,0
6,2,199,11,0,0.4405108392238617,0.5149999999999999,0
6,2,200,11,0,0.41435161232948303,0.5149999999999999,0
6,2,201,11,0,0.41435161232948303,0.5149999999999999,0
6,2,202,11,0,0.43934354186058044,0.5149999999999999,0
6,2,203,11,0,0.41435202956199646,0.5149999999999999,0
6,2,204,11,0,0.41435161232948303,0.5149999999999999,0
6,2,205,11,0,0.4403655230998993,0.5149999999999999,0
6,2,206,11,0,0.4411642551422119,0.5149999999999999,0
6,2,257,17,0,0.4403657019138336,0.5149999999999999,0
6,2,258,17,0,0.4403647184371948,0.5149999999999999,0
6,2,259,17,0,0.44116485118865967,0.5149999999999999,0
6,2,260,17,0,0.44036513566970825,0.5149999999999999,0
6,2,261,17,0,0.4166560769081116,0.5149999999999999,0
6,2,262,17,0,0.44797635078430176,0.5149999999999999,0
6,2,263,17,0,0.416657418012619,0.5149999999999999,0
6,2,264,17,0,0.43919578194618225,0.5149999999999999,0
6,2,265,17,0,0.4423334300518036,0.5149999999999999,0
6,2,266,17,0,0.41781100630760193,0.5149999999999999,0
6,2,267,18,0,0.4396297335624695,0.5149999999999999,0
6,2,268,18,0,0.4430244266986847,0.5149999999999999,0
6,2,269,18,0,0.41697031259536743,0.5149999999999999,0
6,2,270,18,0,0.41629758477211,0.5149999999999999,0
6,2,271,18,0,0.4403659701347351,0.5149999999999999,0
6,2,272,18,0,0.4453129768371582,0.5149999999999999,0
6,2,273,18,0,0.41767749190330505,0.5149999999999999,0
6,2,274,18,0,0.41629093885421753,0.5149999999999999,0
6,2,275,18,0,0.4155033230781555,0.5149999999999999,0
6,2,276,18,0,0.4155033528804779,0.5149999999999999,0
6,2,307,22,0,0.44051122665405273,0.5149999999999999,0
6,2,308,22,0,0.41513901948928833,0.5149999999999999,0
6,2,309,22,0,0.4151386022567749,0.5149999999999999,0
6,2,310,22,0,0.4151386022567749,0.5149999999999999,0
6,2,311,22,0,0.41435161232948303,0.5149999999999999,0
6,2,312,22,0,0.41435205936431885,0.5149999999999999,0
6,2,313,22,0,0.41435161232948303,0.5149999999999999,0
6,2,314,22,0,0.4169703423976898,0.5149999999999999,0
6,2,315,22,0,0.41435161232948303,0.5149999999999999,0
6,2,316,22,0,0.41435161232948303,0.5149999999999999,0
6,2,317,23,0,0.41435161232948303,0.5149999999999999,0
6,2,318,23,0,0.4391961693763733,0.5149999999999999,0
6,2,319,23,0,0.41435161232948303,0.5149999999999999,0
6,2,320,23,0,0.4151386022567749,0.5149999999999999,0
6,2,321,23,0,0.4151381850242615,0.5149999999999999,0
6,2,322,23,0,0.41435202956199646,0.5149999999999999,0
6,2,323,23,0,0.41435161232948303,0.5149999999999999,0
6,2,324,23,0,0.4430871605873108,0.5149999999999999,0
6,2,325,23,0,0.41665562987327576,0.5149999999999999,0
6,2,326,23,0,0.4143519699573517,0.5149999999999999,0
6,2,367,28,0,0.44036778807640076,0.5149999999999999,0
6,2,368,28,0,0.4155040681362152,0.5149999999999999,0
6,2,369,28,0,0.4411638379096985,0.5149999999999999,0
6,2,370,28,0,0.4411638677120209,0.5149999999999999,0
6,2,371,28,0,0.4411642551422119,0.5149999999999999,0
6,2,372,28,0,0.4143519401550293,0.5149999999999999,0
6,2,373,28,0,0.4405120611190796,0.5149999999999999,0
6,2,374,28,0,0.4411638677120209,0.5149999999999999,0
6,2,375,28,0,0.44036543369293213,0.5149999999999999,0
6,2,376,28,0,0.41550296545028687,0.5149999999999999,0
6,2,387,30,0,0.44265204668045044,0.5149999999999999,0
6,2,388,30,0,0.4162901043891907,0.5149999999999999,0
6,2,389,30,0,0.4438227117061615,0.5149999999999999,0
6,2,390,30,0,0.4403647184371948,0.5149999999999999,0
6,2,391,30,0,0.44036468863487244,0.5149999999999999,0
6,2,392,30,0,0.44116371870040894,0.5149999999999999,0
6,2,393,30,0,0.5544637441635132,0.5149999999999999,1
6,2,394,30,0,0.4479762315750122,0.5149999999999999,0
6,2,395,30,0,0.4151385724544525,0.5149999999999999,0
6,2,396,30,0,0.4151386022567749,0.5149999999999999,0
6,2,427,34,0,0.4718981385231018,0.5149999999999999,0
6,2,428,34,0,0.4718973636627197,0.5149999999999999,0
6,2,429,34,0,0.41435205936431885,0.5149999999999999,0
6,2,430,34,0,0.41435205936431885,0.5149999999999999,0
6,2,431,34,0,0.4151386022567749,0.5149999999999999,0
6,2,432,34,0,0.4143519401550293,0.5149999999999999,0
6,2,433,34,0,0.41435161232948303,0.5149999999999999,0
6,2,434,34,0,0.46933886408805847,0.5149999999999999,0
6,2,435,34,0,0.41435205936431885,0.5149999999999999,0
6,2,436,34,0,0.41435205936431885,0.5149999999999999,0
6,2,677,59,0,0.4151386022567749,0.5149999999999999,0
6,2,678,59,0,0.41435205936431885,0.5149999999999999,0
6,2,679,59,0,0.41435161232948303,0.5149999999999999,0
6,2,680,59,0,0.41435161232948303,0.5149999999999999,0
6,2,681,59,0,0.41435161232948303,0.5149999999999999,0
6,2,682,59,0,0.4143519401550293,0.5149999999999999,0
6,2,683,59,0,0.4143519699573517,0.5149999999999999,0
6,2,684,59,0,0.4177582859992981,0.5149999999999999,0
6,2,685,59,0,0.4430871307849884,0.5149999999999999,0
6,2,686,59,0,0.41435205936431885,0.5149999999999999,0
6,2,687,60,0,0.4169703423976898,0.5149999999999999,0
6,2,688,60,0,0.4151381850242615,0.5149999999999999,0
6,2,689,60,0,0.4151381850242615,0.5149999999999999,0
6,2,690,60,0,0.4143516719341278,0.5149999999999999,0
6,2,691,60,0,0.44414040446281433,0.5149999999999999,0
6,2,692,60,0,0.44345688819885254,0.5149999999999999,0
6,2,693,60,0,0.4151386022567749,0.5149999999999999,0
6,2,694,60,0,0.41435161232948303,0.5149999999999999,0
6,2,695,60,0,0.47445324063301086,0.5149999999999999,0
6,2,696,60,0,0.4405108690261841,0.5149999999999999,0
6,2,727,64,0,0.4143519997596741,0.5149999999999999,0
6,2,728,64,0,0.4143516421318054,0.5149999999999999,0
6,2,729,64,0,0.41435208916664124,0.5149999999999999,0
6,2,730,64,0,0.4156481921672821,0.5149999999999999,0
6,2,731,64,0,0.4151386022567749,0.5149999999999999,0
6,2,732,64,0,0.41697001457214355,0.5149999999999999,0
6,2,733,64,0,0.41697049140930176,0.5149999999999999,0
6,2,734,64,0,0.4143516421318054,0.5149999999999999,0
6,2,735,64,0,0.41435161232948303,0.5149999999999999,0
6,2,736,64,0,0.41435161232948303,0.5149999999999999,0
6,2,787,70,0,0.4155042767524719,0.5149999999999999,0
6,2,788,70,0,0.41550421714782715,0.5149999999999999,0
6,2,789,70,0,0.44036513566970825,0.5149999999999999,0
6,2,790,70,0,0.4438232183456421,0.5149999999999999,0
6,2,791,70,0,0.41891250014305115,0.5149999999999999,0
6,2,792,70,0,0.44131192564964294,0.5149999999999999,0
6,2,793,70,0,0.44248008728027344,0.5149999999999999,0
6,2,794,70,0,0.4403664171695709,0.5149999999999999,0
6,2,795,70,0,0.41697049140930176,0.5149999999999999,0
6,2,796,70,0,0.4399943947792053,0.5149999999999999,0
6,2,847,76,0,0.4155045449733734,0.5149999999999999,0
6,2,848,76,0,0.4151386022567749,0.5149999999999999,0
6,2,849,76,0,0.4155038297176361,0.5149999999999999,0
6,2,850,76,0,0.4468030035495758,0.5149999999999999,0
6,2,851,76,0,0.445311576128006,0.5149999999999999,0
6,2,852,76,0,0.4702659845352173,0.5149999999999999,0
6,2,853,76,0,0.43919628858566284,0.5149999999999999,0
6,2,854,76,0,0.4403647482395172,0.5149999999999999,0
6,2,855,76,0,0.43919628858566284,0.5149999999999999,0
6,2,856,76,0,0.41513824462890625,0.5149999999999999,0
6,2,887,80,0,0.4151386022567749,0.5149999999999999,0
6,2,888,80,0,0.41665562987327576,0.5149999999999999,0
6,2,889,80,0,0.4162905812263489,0.5149999999999999,0
6,2,890,80,0,0.4151381850242615,0.5149999999999999,0
6,2,891,80,0,0.4143516421318054,0.5149999999999999,0
6,2,892,80,0,0.41435208916664124,0.5149999999999999,0
6,2,893,80,0,0.41435208916664124,0.5149999999999999,0
6,2,894,80,0,0.4434571862220764,0.5149999999999999,0
6,2,895,80,0,0.4169701039791107,0.5149999999999999,0
6,2,896,80,0,0.4468029737472534,0.5149999999999999,0
6,3,0,0,1,0.49060502648353577,0.4749999999999999,1
6,3,5,5,1,0.6937532424926758,0.4749999999999999,1
6,3,12,12,1,0.807403564453125,0.4749999999999999,1
6,3,16,16,1,0.680629551410675,0.4749999999999999,1
6,3,29,29,1,0.4561903476715088,0.4749999999999999,0
6,3,35,35,1,0.6937532424926758,0.4749999999999999,1
6,3,37,37,1,0.6937532424926758,0.4749999999999999,1
6,3,41,41,1,0.684552013874054,0.4749999999999999,1
6,3,43,43,1,0.41211071610450745,0.4749999999999999,0
6,3,44,44,1,0.41623207926750183,0.4749999999999999,0
6,3,45,45,1,0.43580925464630127,0.4749999999999999,0
6,3,49,49,1,0.44474682211875916,0.4749999999999999,0
6,3,58,58,1,0.6937532424926758,0.4749999999999999,1
6,3,61,61,1,0.6937532424926758,0.4749999999999999,1
6,3,71,71,1,0.2989535331726074,0.4749999999999999,0
6,3,75,75,1,0.49715107679367065,0.4749999999999999,1
6,3,87,0,0,0.49060502648353577,0.4749999999999999,1
6,3,88,0,0,0.19310972094535828,0.4749999999999999,0
6,3,89,0,0,0.4312938153743744,0.4749999999999999,0
6,3,90,0,0,0.1806362420320511,0.4749999999999999,0
6,3,91,0,0,0.29011476039886475,0.4749999999999999,0
6,3,92,0,0,0.18186655640602112,0.4749999999999999,0
6,3,93,0,0,0.2765435576438904,0.4749999999999999,0
6,3,94,0,0,0.1806362122297287,0.4749999999999999,0
6,3,95,0,0,0.2654295563697815,0.4749999999999999,0
6,3,96,0,0,0.2765454947948456,0.4749999999999999,0
6,3,137,5,0,0.32775238156318665,0.4749999999999999,0
6,3,138,5,0,0.8417291045188904,0.4749999999999999,1
6,3,139,5,0,0.26298633217811584,0.4749999999999999,0
6,3,140,5,0,0.25972864031791687,0.4749999999999999,0
6,3,141,5,0,0.2699296474456787,0.4749999999999999,0
6,3,142,5,0,0.18851855397224426,0.4749999999999999,0
6,3,143,5,0,0.26829713582992554,0.4749999999999999,0
6,3,144,5,0,0.2718307375907898,0.4749999999999999,0
6,3,145,5,0,0.3080538809299469,0.4749999999999999,0
6,3,146,5,0,0.3955915868282318,0.4749999999999999,0
6,3,207,12,0,0.17799903452396393,0.4749999999999999,0
6,3,208,12,0,0.18063074350357056,0.4749999999999999,0
6,3,209,12,0,0.18063214421272278,0.4749999999999999,0
6,3,210,12,0,0.2682916522026062,0.4749999999999999,0
6,3,211,12,0,0.17799903452396393,0.4749999999999999,0
6,3,212,12,0,0.17799903452396393,0.4749999999999999,0
6,3,213,12,0,0.29460710287094116,0.4749999999999999,0
6,3,214,12,0,0.17799760401248932,0.4749999999999999,0
6,3,215,12,0,0.18186312913894653,0.4749999999999999,0
6,3,216,12,0,0.18186315894126892,0.4749999999999999,0
6,3,247,16,0,0.2682935297489166,0.4749999999999999,0
6,3,248,16,0,0.26318562030792236,0.4749999999999999,0
6,3,249,16,0,0.26479363441467285,0.4749999999999999,0
6,3,250,16,0,0.17799994349479675,0.4749999999999999,0
6,3,251,16,0,0.17799903452396393,0.4749999999999999,0
6,3,252,16,0,0.2647954821586609,0.4749999999999999,0
6,3,253,16,0,0.1955309957265854,0.4749999999999999,0
6,3,254,16,0,0.28014087677001953,0.4749999999999999,0
6,3,255,16,0,0.276547372341156,0.4749999999999999,0
6,3,256,16,0,0.26479485630989075,0.4749999999999999,0
6,3,377,29,0,0.4241906404495239,0.4749999999999999,0
6,3,378,29,0,0.2682916820049286,0.4749999999999999,0
6,3,379,29,0,0.26480722427368164,0.4749999999999999,0
6,3,380,29,0,0.26480716466903687,0.4749999999999999,0
6,3,381,29,0,0.268293559551239,0.4749999999999999,0
6,3,382,29,0,0.2682954668998718,0.4749999999999999,0
6,3,383,29,0,0.29871654510498047,0.4749999999999999,0
6,3,384,29,0,0.18186169862747192,0.4749999999999999,0
6,3,385,29,0,0.18186169862747192,0.4749999999999999,0
6,3,386,29,0,0.18063217401504517,0.4749999999999999,0
6,3,437,35,0,0.18687644600868225,0.4749999999999999,0
6,3,438,35,0,0.17799760401248932,0.4749999999999999,0
6,3,439,35,0,0.17799760401248932,0.4749999999999999,0
6,3,440,35,0,0.3109445869922638,0.4749999999999999,0
6,3,441,35,0,0.17799760401248932,0.4749999999999999,0
6,3,442,35,0,0.18063217401504517,0.4749999999999999,0
6,3,443,35,0,0.36104491353034973,0.4749999999999999,0
6,3,444,35,0,0.4561903476715088,0.4749999999999999,0
6,3,445,35,0,0.17799875140190125,0.4749999999999999,0
6,3,446,35,0,0.18453921377658844,0.4749999999999999,0
6,3,457,37,0,0.17799760401248932,0.4749999999999999,0
6,3,458,37,0,0.19762787222862244,0.4749999999999999,0
6,3,459,37,0,0.26829707622528076,0.4749999999999999,0
6,3,460,37,0,0.18063217401504517,0.4749999999999999,0
6,3,461,37,0,0.1806335747241974,0.4749999999999999,0
6,3,462,37,0,0.18063217401504517,0.4749999999999999,0
6,3,463,37,0,0.20047904551029205,0.4749999999999999,0
6,3,464,37,0,0.1806335747241974,0.4749999999999999,0
6,3,465,37,0,0.2891159951686859,0.4749999999999999,0
6,3,466,37,0,0.18063358962535858,0.4749999999999999,0
6,3,497,41,0,0.19089005887508392,0.4749999999999999,0
6,3,498,41,0,0.2765454649925232,0.4749999999999999,0
6,3,499,41,0,0.5198947787284851,0.4749999999999999,1
6,3,500,41,0,0.2963372468948364,0.4749999999999999,0
6,3,501,41,0,0.2597268521785736,0.4749999999999999,0
6,3,502,41,0,0.2682935893535614,0.4749999999999999,0
6,3,503,41,0,0.2629822790622711,0.4749999999999999,0
6,3,504,41,0,0.2713330090045929,0.4749999999999999,0
6,3,505,41,0,0.18063214421272278,0.4749999999999999,0
6,3,506,41,0,0.2597268521785736,0.4749999999999999,0
6,3,517,43,0,0.30712056159973145,0.4749999999999999,0
6,3,518,43,0,0.30712056159973145,0.4749999999999999,0
6,3,519,43,0,0.18687501549720764,0.4749999999999999,0
6,3,520,43,0,0.1779976487159729,0.4749999999999999,0
6,3,521,43,0,0.17799760401248932,0.4749999999999999,0
6,3,522,43,0,0.17799760401248932,0.4749999999999999,0
6,3,523,43,0,0.17799760401248932,0.4749999999999999,0
6,3,524,43,0,0.1779976487159729,0.4749999999999999,0
6,3,525,43,0,0.18063074350357056,0.4749999999999999,0
6,3,526,43,0,0.18063217401504517,0.4749999999999999,0
6,3,527,44,0,0.4075542688369751,0.4749999999999999,0
6,3,528,44,0,0.17799760401248932,0.4749999999999999,0
6,3,529,44,0,0.2631800174713135,0.4749999999999999,0
6,3,530,44,0,0.2748870253562927,0.4749999999999999,0
6,3,531,44,0,0.2631818950176239,0.4749999999999999,0
6,3,532,44,0,0.19367145001888275,0.4749999999999999,0
6,3,533,44,0,0.18687501549720764,0.4749999999999999,0
6,3,534,44,0,0.17799760401248932,0.4749999999999999,0
6,3,535,44,0,0.17799760401248932,0.4749999999999999,0
6,3,536,44,0,0.17799760401248932,0.4749999999999999,0
6,3,537,45,0,0.17799758911132812,0.4749999999999999,0
6,3,538,45,0,0.17799760401248932,0.4749999999999999,0
6,3,539,45,0,0.17799760401248932,0.4749999999999999,0
6,3,540,45,0,0.17799760401248932,0.4749999999999999,0
6,3,541,45,0,0.1779976487159729,0.4749999999999999,0
6,3,542,45,0,0.18687644600868225,0.4749999999999999,0
6,3,543,45,0,0.2784675359725952,0.4749999999999999,0
6,3,544,45,0,0.29449817538261414,0.4749999999999999,0
6,3,545,45,0,0.17799760401248932,0.4749999999999999,0
6,3,546,45,0,0.4162336587905884,0.4749999999999999,0
6,3,577,49,0,0.1779976487159729,0.4749999999999999,0
6,3,578,49,0,0.17799875140190125,0.4749999999999999,0
6,3,579,49,0,0.17799879610538483,0.4749999999999999,0
6,3,580,49,0,0.17799878120422363,0.4749999999999999,0
6,3,581,49,0,0.2890864908695221,0.4749999999999999,0
6,3,582,49,0,0.18961019814014435,0.4749999999999999,0
6,3,583,49,0,0.2944982647895813,0.4749999999999999,0
6,3,584,49,0,0.17799904942512512,0.4749999999999999,0
6,3,585,49,0,0.17799879610538483,0.4749999999999999,0
6,3,586,49,0,0.17799906432628632,0.4749999999999999,0
6,3,667,58,0,0.18063217401504517,0.4749999999999999,0
6,3,668,58,0,0.18063078820705414,0.4749999999999999,0
6,3,669,58,0,0.18063217401504517,0.4749999999999999,0
6,3,670,58,0,0.18687647581100464,0.4749999999999999,0
6,3,671,58,0,0.18961068987846375,0.4749999999999999,0
6,3,672,58,0,0.18687504529953003,0.4749999999999999,0
6,3,673,58,0,0.18687504529953003,0.4749999999999999,0
6,3,674,58,0,0.2909044325351715,0.4749999999999999,0
6,3,675,58,0,0.2909044325351715,0.4749999999999999,0
6,3,676,58,0,0.18063217401504517,0.4749999999999999,0
6,3,697,61,0,0.18063217401504517,0.4749999999999999,0
6,3,698,61,0,0.18063217401504517,0.4749999999999999,0
6,3,699,61,0,0.43580928444862366,0.4749999999999999,0
6,3,700,61,0,0.18687890470027924,0.4749999999999999,0
6,3,701,61,0,0.2647936940193176,0.4749999999999999,0
6,3,702,61,0,0.1779976636171341,0.4749999999999999,0
6,3,703,61,0,0.18063078820705414,0.4749999999999999,0
6,3,704,61,0,0.18063080310821533,0.4749999999999999,0
6,3,705,61,0,0.17800043523311615,0.4749999999999999,0
6,3,706,61,0,0.17799879610538483,0.4749999999999999,0
6,3,797,71,0,0.2647974193096161,0.4749999999999999,0
6,3,798,71,0,0.25972872972488403,0.4749999999999999,0
6,3,799,71,0,0.26809123158454895,0.4749999999999999,0
6,3,800,71,0,0.2673070430755615,0.4749999999999999,0
6,3,801,71,0,0.4162321090698242,0.4749999999999999,0
6,3,802,71,0,0.18186315894126892,0.4749999999999999,0
6,3,803,71,0,0.30247917771339417,0.4749999999999999,0
6,3,804,71,0,0.1779976636171341,0.4749999999999999,0
6,3,805,71,0,0.1820075362920761,0.4749999999999999,0
6,3,806,71,0,0.1857917457818985,0.4749999999999999,0
6,3,837,75,0,0.18186315894126892,0.4749999999999999,0
6,3,838,75,0,0.19088861346244812,0.4749999999999999,0
6,3,839,75,0,0.17800043523311615,0.4749999999999999,0
6,3,840,75,0,0.18186461925506592,0.4749999999999999,0
6,3,841,75,0,0.1818627268075943,0.4749999999999999,0
6,3,842,75,0,0.18687747418880463,0.4749999999999999,0
6,3,843,75,0,0.18687747418880463,0.4749999999999999,0
6,3,844,75,0,0.18186412751674652,0.4749999999999999,0
6,3,845,75,0,0.18186411261558533,0.4749999999999999,0
6,3,846,75,0,0.1779976636171341,0.4749999999999999,0
6,4,3,3,1,0.4393087923526764,0.5049999999999999,0
6,4,10,10,1,0.4575050175189972,0.5049999999999999,0
6,4,15,15,1,0.5431429147720337,0.5049999999999999,1
6,4,27,27,1,0.5028778314590454,0.5049999999999999,0
6,4,31,31,1,0.5028778910636902,0.5049999999999999,0
6,4,38,38,1,0.5028778910636902,0.5049999999999999,0
6,4,42,42,1,0.43053898215293884,0.5049999999999999,0
6,4,47,47,1,0.5592631101608276,0.5049999999999999,1
6,4,48,48,1,0.4393087923526764,0.5049999999999999,0
6,4,50,50,1,0.4668506681919098,0.5049999999999999,0
6,4,55,55,1,0.5454551577568054,0.5049999999999999,1
6,4,56,56,1,0.5028778910636902,0.5049999999999999,0
6,4,65,65,1,0.4423588216304779,0.5049999999999999,0
6,4,69,69,1,0.4557827413082123,0.5049999999999999,0
6,4,77,77,1,0.44793540239334106,0.5049999999999999,0
6,4,78,78,1,0.5431429147720337,0.5049999999999999,1
6,4,117,3,0,0.3928324580192566,0.5049999999999999,0
6,4,118,3,0,0.36228159070014954,0.5049999999999999,0
6,4,119,3,0,0.3929655849933624,0.5049999999999999,0
6,4,120,3,0,0.3911162316799164,0.5049999999999999,0
6,4,121,3,0,0.364167183637619,0.5049999999999999,0
6,4,122,3,0,0.3940111994743347,0.5049999999999999,0
6,4,123,3,0,0.3929655849933624,0.5049999999999999,0
6,4,124,3,0,0.36714085936546326,0.5049999999999999,0
6,4,125,3,0,0.39111456274986267,0.5049999999999999,0
6,4,126,3,0,0.36126837134361267,0.5049999999999999,0
6,4,187,10,0,0.3906312584877014,0.5049999999999999,0
6,4,188,10,0,0.3933928310871124,0.5049999999999999,0
6,4,189,10,0,0.43053898215293884,0.5049999999999999,0
6,4,190,10,0,0.360258013010025,0.5049999999999999,0
6,4,191,10,0,0.36214059591293335,0.5049999999999999,0
6,4,192,10,0,0.39489737153053284,0.5049999999999999,0
6,4,193,10,0,0.362140953540802,0.5049999999999999,0
6,4,194,10,0,0.3589674234390259,0.5049999999999999,0
6,4,195,10,0,0.3926430344581604,0.5049999999999999,0
6,4,196,10,0,0.36025911569595337,0.5049999999999999,0
6,4,237,15,0,0.3895898759365082,0.5049999999999999,0
6,4,238,15,0,0.3621411621570587,0.5049999999999999,0
6,4,239,15,0,0.36126837134361267,0.5049999999999999,0
6,4,240,15,0,0.4393088221549988,0.5049999999999999,0
6,4,241,15,0,0.3945908546447754,0.5049999999999999,0
6,4,242,15,0,0.4401662349700928,0.5049999999999999,0
6,4,243,15,0,0.3911156952381134,0.5049999999999999,0
6,4,244,15,0,0.43592551350593567,0.5049999999999999,0
6,4,245,15,0,0.3636239767074585,0.5049999999999999,0
6,4,246,15,0,0.39111456274986267,0.5049999999999999,0
6,4,357,27,0,0.3911149203777313,0.5049999999999999,0
6,4,358,27,0,0.39111459255218506,0.5049999999999999,0
6,4,359,27,0,0.39111456274986267,0.5049999999999999,0
6,4,360,27,0,0.39479774236679077,0.5049999999999999,0
6,4,361,27,0,0.39215826988220215,0.5049999999999999,0
6,4,362,27,0,0.4372507333755493,0.5049999999999999,0
6,4,363,27,0,0.3921594023704529,0.5049999999999999,0
6,4,364,27,0,0.3921584486961365,0.5049999999999999,0
6,4,365,27,0,0.35878515243530273,0.5049999999999999,0
6,4,366,27,0,0.35878226161003113,0.5049999999999999,0
6,4,397,31,0,0.35979029536247253,0.5049999999999999,0
6,4,398,31,0,0.3597908020019531,0.5049999999999999,0
6,4,399,31,0,0.3597908020019531,0.5049999999999999,0
6,4,400,31,0,0.3612678349018097,0.5049999999999999,0
6,4,401,31,0,0.3587827980518341,0.5049999999999999,0
6,4,402,31,0,0.3597908020019531,0.5049999999999999,0
6,4,403,31,0,0.35979026556015015,0.5049999999999999,0
6,4,404,31,0,0.3597903251647949,0.5049999999999999,0
6,4,405,31,0,0.36214059591293335,0.5049999999999999,0
6,4,406,31,0,0.38958925008773804,0.5049999999999999,0
6,4,467,38,0,0.3636232912540436,0.5049999999999999,0
6,4,468,38,0,0.35878220200538635,0.5049999999999999,0
6,4,469,38,0,0.45578402280807495,0.5049999999999999,0
6,4,470,38,0,0.3617369830608368,0.5049999999999999,0
6,4,471,38,0,0.36463719606399536,0.5049999999999999,0
6,4,472,38,0,0.3631531000137329,0.5049999999999999,0
6,4,473,38,0,0.35878226161003113,0.5049999999999999,0
6,4,474,38,0,0.3941039741039276,0.5049999999999999,0
6,4,475,38,0,0.3597908020019531,0.5049999999999999,0
6,4,476,38,0,0.3636232614517212,0.5049999999999999,0
6,4,507,42,0,0.3906312584877014,0.5049999999999999,0
6,4,508,42,0,0.39063116908073425,0.5049999999999999,0
6,4,509,42,0,0.39229029417037964,0.5049999999999999,0
6,4,510,42,0,0.35878270864486694,0.5049999999999999,0
6,4,511,42,0,0.3621411621570587,0.5049999999999999,0
6,4,512,42,0,0.3916740119457245,0.5049999999999999,0
6,4,513,42,0,0.35979074239730835,0.5049999999999999,0
6,4,514,42,0,0.3895892798900604,0.5049999999999999,0
6,4,515,42,0,0.36214062571525574,0.5049999999999999,0
6,4,516,42,0,0.35979071259498596,0.5049999999999999,0
6,4,557,47,0,0.36038658022880554,0.5049999999999999,0
6,4,558,47,0,0.35878226161003113,0.5049999999999999,0
6,4,559,47,0,0.35979026556015015,0.5049999999999999,0
6,4,560,47,0,0.3597908020019531,0.5049999999999999,0
6,4,561,47,0,0.3597908020019531,0.5049999999999999,0
6,4,562,47,0,0.35979026556015015,0.5049999999999999,0
6,4,563,47,0,0.3597913980484009,0.5049999999999999,0
6,4,564,47,0,0.3597908020019531,0.5049999999999999,0
6,4,565,47,0,0.35979026556015015,0.5049999999999999,0
6,4,566,47,0,0.3597908020019531,0.5049999999999999,0
6,4,567,48,0,0.3597908020019531,0.5049999999999999,0
6,4,568,48,0,0.3621411621570587,0.5049999999999999,0
6,4,569,48,0,0.35878226161003113,0.5049999999999999,0
6,4,570,48,0,0.39838433265686035,0.5049999999999999,0
6,4,571,48,0,0.3646366596221924,0.5049999999999999,0
6,4,572,48,0,0.35979026556015015,0.5049999999999999,0
6,4,573,48,0,0.3587840795516968,0.5049999999999999,0
6,4,574,48,0,0.3587840795516968,0.5049999999999999,0
6,4,575,48,0,0.3597908020019531,0.5049999999999999,0
6,4,576,48,0,0.35878220200538635,0.5049999999999999,0
6,4,587,50,0,0.3597913980484009,0.5049999999999999,0
6,4,588,50,0,0.3597908020019531,0.5049999999999999,0
6,4,589,50,0,0.39650958776474,0.5049999999999999,0
6,4,590,50,0,0.36214062571525574,0.5049999999999999,0
6,4,591,50,0,0.42674174904823303,0.5049999999999999,0
6,4,592,50,0,0.3587827980518341,0.5049999999999999,0
6,4,593,50,0,0.3983837366104126,0.5049999999999999,0
6,4,594,50,0,0.3587827980518341,0.5049999999999999,0
6,4,595,50,0,0.3597913980484009,0.5049999999999999,0
6,4,596,50,0,0.35878220200538635,0.5049999999999999,0
6,4,637,55,0,0.35878226161003113,0.5049999999999999,0
6,4,638,55,0,0.35878226161003113,0.5049999999999999,0
6,4,639,55,0,0.35878223180770874,0.5049999999999999,0
6,4,640,55,0,0.3587827980518341,0.5049999999999999,0
6,4,641,55,0,0.39111456274986267,0.5049999999999999,0
6,4,642,55,0,0.39254623651504517,0.5049999999999999,0
6,4,643,55,0,0.35878226161003113,0.5049999999999999,0
6,4,644,55,0,0.3916740119457245,0.5049999999999999,0
6,4,645,55,0,0.363622784614563,0.5049999999999999,0
6,4,646,55,0,0.35979029536247253,0.5049999999999999,0
6,4,647,56,0,0.39320164918899536,0.5049999999999999,0
6,4,648,56,0,0.4305395781993866,0.5049999999999999,0
6,4,649,56,0,0.3597915768623352,0.5049999999999999,0
6,4,650,56,0,0.3923507630825043,0.5049999999999999,0
6,4,651,56,0,0.35878226161003113,0.5049999999999999,0
6,4,652,56,0,0.35878226161003113,0.5049999999999999,0
6,4,653,56,0,0.35878223180770874,0.5049999999999999,0
6,4,654,56,0,0.362140953540802,0.5049999999999999,0
6,4,655,56,0,0.3913053870201111,0.5049999999999999,0
6,4,656,56,0,0.39186444878578186,0.5049999999999999,0
6,4,737,65,0,0.39650958776474,0.5049999999999999,0
6,4,738,65,0,0.36463892459869385,0.5049999999999999,0
6,4,739,65,0,0.4009731113910675,0.5049999999999999,0
6,4,740,65,0,0.36214062571525574,0.5049999999999999,0
6,4,741,65,0,0.35878226161003113,0.5049999999999999,0
6,4,742,65,0,0.35878226161003113,0.5049999999999999,0
6,4,743,65,0,0.3640498220920563,0.5049999999999999,0
6,4,744,65,0,0.3587827980518341,0.5049999999999999,0
6,4,745,65,0,0.35878220200538635,0.5049999999999999,0
6,4,746,65,0,0.35878264904022217,0.5049999999999999,0
6,4,777,69,0,0.3932051360607147,0.5049999999999999,0
6,4,778,69,0,0.3921584486961365,0.5049999999999999,0
6,4,779,69,0,0.3911151587963104,0.5049999999999999,0
6,4,780,69,0,0.36025911569595337,0.5049999999999999,0
6,4,781,69,0,0.3921657204627991,0.5049999999999999,0
6,4,782,69,0,0.3617384433746338,0.5049999999999999,0
6,4,783,69,0,0.35878223180770874,0.5049999999999999,0
6,4,784,69,0,0.4285070598125458,0.5049999999999999,0
6,4,785,69,0,0.3587827980518341,0.5049999999999999,0
6,4,786,69,0,0.3906318247318268,0.5049999999999999,0
6,4,857,77,0,0.38958939909935,0.5049999999999999,0
6,4,858,77,0,0.3597908020019531,0.5049999999999999,0
6,4,859,77,0,0.3895893692970276,0.5049999999999999,0
6,4,860,77,0,0.3597903251647949,0.5049999999999999,0
6,4,861,77,0,0.39320382475852966,0.5049999999999999,0
6,4,862,77,0,0.39306068420410156,0.5049999999999999,0
6,4,863,77,0,0.35878226161003113,0.5049999999999999,0
6,4,864,77,0,0.39063066244125366,0.5049999999999999,0
6,4,865,77,0,0.3597908616065979,0.5049999999999999,0
6,4,866,77,0,0.3602585792541504,0.5049999999999999,0
6,4,867,78,0,0.362141877412796,0.5049999999999999,0
6,4,868,78,0,0.3597903251647949,0.5049999999999999,0
6,4,869,78,0,0.3895888328552246,0.5049999999999999,0
6,4,870,78,0,0.3895888328552246,0.5049999999999999,0
6,4,871,78,0,0.3933933675289154,0.5049999999999999,0
6,4,872,78,0,0.362141877412796,0.5049999999999999,0
6,4,873,78,0,0.362141877412796,0.5049999999999999,0
6,4,874,78,0,0.3617369830608368,0.5049999999999999,0
6,4,875,78,0,0.3895893692970276,0.5049999999999999,0
6,4,876,78,0,0.3597908616065979,0.5049999999999999,0
6,5,6,6,1,0.5542296171188354,0.4699999999999999,1
6,5,7,7,1,0.5097294449806213,0.4699999999999999,1
6,5,9,9,1,0.5343946218490601,0.4699999999999999,1
6,5,13,13,1,0.5106740593910217,0.4699999999999999,1
6,5,20,20,1,0.5343946218490601,0.4699999999999999,1
6,5,21,21,1,0.5542296171188354,0.4699999999999999,1
6,5,25,25,1,0.5542296171188354,0.4699999999999999,1
6,5,26,26,1,0.5097294449806213,0.4699999999999999,1
6,5,33,33,1,0.5343946218490601,0.4699999999999999,1
6,5,39,39,1,0.5359997749328613,0.4699999999999999,1
6,5,46,46,1,0.555155873298645,0.4699999999999999,1
6,5,52,52,1,0.5082853436470032,0.4699999999999999,1
6,5,54,54,1,0.5084959268569946,0.4699999999999999,1
6,5,63,63,1,0.5542296171188354,0.4699999999999999,1
6,5,66,66,1,0.4745514392852783,0.4699999999999999,1
6,5,73,73,1,0.5359997749328613,0.4699999999999999,1
6,5,147,6,0,0.47315406799316406,0.4699999999999999,1
6,5,148,6,0,0.4755406081676483,0.4699999999999999,1
6,5,149,6,0,0.48795783519744873,0.4699999999999999,1
6,5,150,6,0,0.4877346456050873,0.4699999999999999,1
6,5,151,6,0,0.4871731996536255,0.4699999999999999,1
6,5,152,6,0,0.48693108558654785,0.4699999999999999,1
6,5,153,6,0,0.48695382475852966,0.4699999999999999,1
6,5,154,6,0,0.4738519787788391,0.4699999999999999,1
6,5,155,6,0,0.4864743649959564,0.4699999999999999,1
6,5,156,6,0,0.48982468247413635,0.4699999999999999,1
6,5,157,7,0,0.4722626805305481,0.4699999999999999,1
6,5,158,7,0,0.4722607433795929,0.4699999999999999,1
6,5,159,7,0,0.47204160690307617,0.4699999999999999,1
6,5,160,7,0,0.48717331886291504,0.4699999999999999,1
6,5,161,7,0,0.4864741265773773,0.4699999999999999,1
6,5,162,7,0,0.4864741265773773,0.4699999999999999,1
6,5,163,7,0,0.48693084716796875,0.4699999999999999,1
6,5,164,7,0,0.47296106815338135,0.4699999999999999,1
6,5,165,7,0,0.48693135380744934,0.4699999999999999,1
6,5,166,7,0,0.4871741533279419,0.4699999999999999,1
6,5,177,9,0,0.5055930614471436,0.4699999999999999,1
6,5,178,9,0,0.4722612798213959,0.4699999999999999,1
6,5,179,9,0,0.4715630114078522,0.4699999999999999,1
6,5,180,9,0,0.4715632498264313,0.4699999999999999,1
6,5,181,9,0,0.47156327962875366,0.4699999999999999,1
6,5,182,9,0,0.4722612202167511,0.4699999999999999,1
6,5,183,9,0,0.48717331886291504,0.4699999999999999,1
6,5,184,9,0,0.47156354784965515,0.4699999999999999,1
6,5,185,9,0,0.4722610116004944,0.4699999999999999,1
6,5,186,9,0,0.4738515317440033,0.4699999999999999,1
6,5,217,13,0,0.4731544852256775,0.4699999999999999,1
6,5,218,13,0,0.47156327962875366,0.4699999999999999,1
6,5,219,13,0,0.47156381607055664,0.4699999999999999,1
6,5,220,13,0,0.4715639650821686,0.4699999999999999,1
6,5,221,13,0,0.47363194823265076,0.4699999999999999,1
6,5,222,13,0,0.47273901104927063,0.4699999999999999,1
6,5,223,13,0,0.47385144233703613,0.4699999999999999,1
6,5,224,13,0,0.4722602665424347,0.4699999999999999,1
6,5,225,13,0,0.4715632200241089,0.4699999999999999,1
6,5,226,13,0,0.4715632200241089,0.4699999999999999,1
6,5,287,20,0,0.5083490014076233,0.4699999999999999,1
6,5,288,20,0,0.4876556396484375,0.4699999999999999,1
6,5,289,20,0,0.5069224238395691,0.4699999999999999,1
6,5,290,20,0,0.4722604751586914,0.4699999999999999,1
6,5,291,20,0,0.5359998345375061,0.4699999999999999,1
6,5,292,20,0,0.4715630114078522,0.4699999999999999,1
6,5,293,20,0,0.4720410704612732,0.4699999999999999,1
6,5,294,20,0,0.4945284128189087,0.4699999999999999,1
6,5,295,20,0,0.4715630114078522,0.4699999999999999,1
6,5,296,20,0,0.47315433621406555,0.4699999999999999,1
6,5,297,21,0,0.4720413386821747,0.4699999999999999,1
6,5,298,21,0,0.49020588397979736,0.4699999999999999,1
6,5,299,21,0,0.47296029329299927,0.4699999999999999,1
6,5,300,21,0,0.4877355098724365,0.4699999999999999,1
6,5,301,21,0,0.47432950139045715,0.4699999999999999,1
6,5,302,21,0,0.47432971000671387,0.4699999999999999,1
6,5,303,21,0,0.48725563287734985,0.4699999999999999,1
6,5,304,21,0,0.4715630114078522,0.4699999999999999,1
6,5,305,21,0,0.4715630114078522,0.4699999999999999,1
6,5,306,21,0,0.4867568016052246,0.4699999999999999,1
6,5,337,25,0,0.4715630114078522,0.4699999999999999,1
6,5,338,25,0,0.4715630114078522,0.4699999999999999,1
6,5,339,25,0,0.4715630114078522,0.4699999999999999,1
6,5,340,25,0,0.4715630114078522,0.4699999999999999,1
6,5,341,25,0,0.47156327962875366,0.4699999999999999,1
6,5,342,25,0,0.5359997749328613,0.4699999999999999,1
6,5,343,25,0,0.487175315618515,0.4699999999999999,1
6,5,344,25,0,0.48717349767684937,0.4699999999999999,1
6,5,345,25,0,0.48765283823013306,0.4699999999999999,1
6,5,346,25,0,0.48717331886291504,0.4699999999999999,1
6,5,347,26,0,0.49096816778182983,0.4699999999999999,1
6,5,348,26,0,0.4720413088798523,0.4699999999999999,1
6,5,349,26,0,0.48876848816871643,0.4699999999999999,1
6,5,350,26,0,0.48886576294898987,0.4699999999999999,1
6,5,351,26,0,0.48717358708381653,0.4699999999999999,1
6,5,352,26,0,0.4720413088798523,0.4699999999999999,1
6,5,353,26,0,0.4872560203075409,0.4699999999999999,1
6,5,354,26,0,0.48725563287734985,0.4699999999999999,1
6,5,355,26,0,0.4715630114078522,0.4699999999999999,1
6,5,356,26,0,0.4715630114078522,0.4699999999999999,1
6,5,417,33,0,0.47385144233703613,0.4699999999999999,1
6,5,418,33,0,0.47385144233703613,0.4699999999999999,1
6,5,419,33,0,0.48765310645103455,0.4699999999999999,1
6,5,420,33,0,0.4720410406589508,0.4699999999999999,1
6,5,421,33,0,0.4722604751586914,0.4699999999999999,1
6,5,422,33,0,0.48995327949523926,0.4699999999999999,1
6,5,423,33,0,0.4720410704612732,0.4699999999999999,1
6,5,424,33,0,0.507248044013977,0.4699999999999999,1
6,5,425,33,0,0.47156327962875366,0.4699999999999999,1
6,5,426,33,0,0.4715630114078522,0.4699999999999999,1
6,5,477,39,0,0.4715630114078522,0.4699999999999999,1
6,5,478,39,0,0.47204160690307617,0.4699999999999999,1
6,5,479,39,0,0.4720415472984314,0.4699999999999999,1
6,5,480,39,0,0.48751550912857056,0.4699999999999999,1
6,5,481,39,0,0.4722607433795929,0.4699999999999999,1
6,5,482,39,0,0.4715632498264313,0.4699999999999999,1
6,5,483,39,0,0.4877348840236664,0.4699999999999999,1
6,5,484,39,0,0.4876556694507599,0.4699999999999999,1
6,5,485,39,0,0.4899614155292511,0.4699999999999999,1
6,5,486,39,0,0.4899614453315735,0.4699999999999999,1
6,5,547,46,0,0.4727385938167572,0.4699999999999999,1
6,5,548,46,0,0.48717331886291504,0.4699999999999999,1
6,5,549,46,0,0.4877348840236664,0.4699999999999999,1
6,5,550,46,0,0.4877355098724365,0.4699999999999999,1
6,5,551,46,0,0.4715632200241089,0.4699999999999999,1
6,5,552,46,0,0.4720415472984314,0.4699999999999999,1
6,5,553,46,0,0.4715630114078522,0.4699999999999999,1
6,5,554,46,0,0.5099990963935852,0.4699999999999999,1
6,5,555,46,0,0.4864743649959564,0.4699999999999999,1
6,5,556,46,0,0.4715630114078522,0.4699999999999999,1
6,5,607,52,0,0.47204160690307617,0.4699999999999999,1
6,5,608,52,0,0.4895648658275604,0.4699999999999999,1
6,5,609,52,0,0.4720410406589508,0.4699999999999999,1
6,5,610,52,0,0.4892476201057434,0.4699999999999999,1
6,5,611,52,0,0.473632276058197,0.4699999999999999,1
6,5,612,52,0,0.4715630114078522,0.4699999999999999,1
6,5,613,52,0,0.4715630114078522,0.4699999999999999,1
6,5,614,52,0,0.4881923198699951,0.4699999999999999,1
6,5,615,52,0,0.49026572704315186,0.4699999999999999,1
6,5,616,52,0,0.4905218482017517,0.4699999999999999,1
6,5,627,54,0,0.4715630114078522,0.4699999999999999,1
6,5,628,54,0,0.4904056191444397,0.4699999999999999,1
6,5,629,54,0,0.4715630114078522,0.4699999999999999,1
6,5,630,54,0,0.4715630114078522,0.4699999999999999,1
6,5,631,54,0,0.47156304121017456,0.4699999999999999,1
6,5,632,54,0,0.4715630114078522,0.4699999999999999,1
6,5,633,54,0,0.4715630114078522,0.4699999999999999,1
6,5,634,54,0,0.4715630114078522,0.4699999999999999,1
6,5,635,54,0,0.4715630114078522,0.4699999999999999,1
6,5,636,54,0,0.4715630114078522,0.4699999999999999,1
6,5,717,63,0,0.48675721883773804,0.4699999999999999,1
6,5,718,63,0,0.4715630114078522,0.4699999999999999,1
6,5,719,63,0,0.4715630114078522,0.4699999999999999,1
6,5,720,63,0,0.4715630114078522,0.4699999999999999,1
6,5,721,63,0,0.48977231979370117,0.4699999999999999,1
6,5,722,63,0,0.4731537997722626,0.4699999999999999,1
6,5,723,63,0,0.47156327962875366,0.4699999999999999,1
6,5,724,63,0,0.4720424711704254,0.4699999999999999,1
6,5,725,63,0,0.47204160690307617,0.4699999999999999,1
6,5,726,63,0,0.4715632200241089,0.4699999999999999,1
6,5,747,66,0,0.4720413088798523,0.4699999999999999,1
6,5,748,66,0,0.4715630114078522,0.4699999999999999,1
6,5,749,66,0,0.4715630114078522,0.4699999999999999,1
6,5,750,66,0,0.49052372574806213,0.4699999999999999,1
6,5,751,66,0,0.48765286803245544,0.4699999999999999,1
6,5,752,66,0,0.4876527786254883,0.4699999999999999,1
6,5,753,66,0,0.47156354784965515,0.4699999999999999,1
6,5,754,66,0,0.4871767461299896,0.4699999999999999,1
6,5,755,66,0,0.4871772527694702,0.4699999999999999,1
6,5,756,66,0,0.4871767461299896,0.4699999999999999,1
6,5,817,73,0,0.4722607433795929,0.4699999999999999,1
6,5,818,73,0,0.4722606837749481,0.4699999999999999,1
6,5,819,73,0,0.4722606837749481,0.4699999999999999,1
6,5,820,73,0,0.4722607433795929,0.4699999999999999,1
6,5,821,73,0,0.4722609221935272,0.4699999999999999,1
6,5,822,73,0,0.4722606837749481,0.4699999999999999,1
6,5,823,73,0,0.4722609519958496,0.4699999999999999,1
6,5,824,73,0,0.4722611904144287,0.4699999999999999,1
6,5,825,73,0,0.47156327962875366,0.4699999999999999,1
6,5,826,73,0,0.4876554310321808,0.4699999999999999,1
7,1,0,0,1,0.3309616446495056,0.48999999999999994,0
7,1,1,1,1,0.3309616446495056,0.48999999999999994,0
7,1,8,8,1,0.3417581617832184,0.48999999999999994,0
7,1,14,14,1,0.3711046874523163,0.48999999999999994,0
7,1,20,20,1,0.37110474705696106,0.48999999999999994,0
7,1,21,21,1,0.40659287571907043,0.48999999999999994,0
7,1,22,22,1,0.3711046874523163,0.48999999999999994,0
7,1,23,23,1,0.3737383782863617,0.48999999999999994,0
7,1,32,32,1,0.3315243422985077,0.48999999999999994,0
7,1,37,37,1,0.3737383186817169,0.48999999999999994,0
7,1,43,43,1,0.32435697317123413,0.48999999999999994,0
7,1,49,49,1,0.3296995162963867,0.48999999999999994,0
7,1,62,62,1,0.40659287571907043,0.48999999999999994,0
7,1,65,65,1,0.331525981426239,0.48999999999999994,0
7,1,73,73,1,0.3737383186817169,0.48999999999999994,0
7,1,76,76,1,0.3319351077079773,0.48999999999999994,0
7,1,79,79,1,0.37110474705696106,0.48999999999999994,0
7,1,87,0,0,0.3309616446495056,0.48999999999999994,0
7,1,88,0,0,0.27765071392059326,0.48999999999999994,0
7,1,89,0,0,0.33292868733406067,0.48999999999999994,0
7,1,90,0,0,0.274501234292984,0.48999999999999994,0
7,1,91,0,0,0.3026634752750397,0.48999999999999994,0
7,1,92,0,0,0.2747798562049866,0.48999999999999994,0
7,1,93,0,0,0.3001321256160736,0.48999999999999994,0
7,1,94,0,0,0.2745012640953064,0.48999999999999994,0
7,1,95,0,0,0.2981264889240265,0.48999999999999994,0
7,1,96,0,0,0.30013254284858704,0.48999999999999994,0
7,1,97,1,0,0.27681440114974976,0.48999999999999994,0
7,1,98,1,0,0.2774848937988281,0.48999999999999994,0
7,1,99,1,0,0.2820085883140564,0.48999999999999994,0
7,1,100,1,0,0.2987147271633148,0.48999999999999994,0
7,1,101,1,0,0.2747790515422821,0.48999999999999994,0
7,1,102,1,0,0.27741220593452454,0.48999999999999994,0
7,1,103,1,0,0.29799509048461914,0.48999999999999994,0
7,1,104,1,0,0.2979954779148102,0.48999999999999994,0
7,1,105,1,0,0.29874947667121887,0.48999999999999994,0
7,1,106,1,0,0.29871395230293274,0.48999999999999994,0
7,1,167,8,0,0.27450016140937805,0.48999999999999994,0
7,1,168,8,0,0.2747797667980194,0.48999999999999994,0
7,1,169,8,0,0.29775750637054443,0.48999999999999994,0
7,1,170,8,0,0.2747797667980194,0.48999999999999994,0
7,1,171,8,0,0.2738359272480011,0.48999999999999994,0
7,1,172,8,0,0.27636170387268066,0.48999999999999994,0
7,1,173,8,0,0.29799583554267883,0.48999999999999994,0
7,1,174,8,0,0.2738352417945862,0.48999999999999994,0
7,1,175,8,0,0.29805508255958557,0.48999999999999994,0
7,1,176,8,0,0.2738352119922638,0.48999999999999994,0
7,1,227,14,0,0.27586472034454346,0.48999999999999994,0
7,1,228,14,0,0.2768126428127289,0.48999999999999994,0
7,1,229,14,0,0.2768137454986572,0.48999999999999994,0
7,1,230,14,0,0.29799652099609375,0.48999999999999994,0
7,1,231,14,0,0.2758651077747345,0.48999999999999994,0
7,1,232,14,0,0.2769244313240051,0.48999999999999994,0
7,1,233,14,0,0.2970045208930969,0.48999999999999994,0
7,1,234,14,0,0.30221226811408997,0.48999999999999994,0
7,1,235,14,0,0.27450019121170044,0.48999999999999994,0
7,1,236,14,0,0.2979961037635803,0.48999999999999994,0
7,1,287,20,0,0.3319733440876007,0.48999999999999994,0
7,1,288,20,0,0.29871857166290283,0.48999999999999994,0
7,1,289,20,0,0.3299110531806946,0.48999999999999994,0
7,1,290,20,0,0.2747790813446045,0.48999999999999994,0
7,1,291,20,0,0.3737383782863617,0.48999999999999994,0
7,1,292,20,0,0.27383488416671753,0.48999999999999994,0
7,1,293,20,0,0.2744998335838318,0.48999999999999994,0
7,1,294,20,0,0.308427631855011,0.48999999999999994,0
7,1,295,20,0,0.27383485436439514,0.48999999999999994,0
7,1,296,20,0,0.2758655548095703,0.48999999999999994,0
7,1,297,21,0,0.27450019121170044,0.48999999999999994,0
7,1,298,21,0,0.3022993803024292,0.48999999999999994,0
7,1,299,21,0,0.2756893038749695,0.48999999999999994,0
7,1,300,21,0,0.2988467812538147,0.48999999999999994,0
7,1,301,21,0,0.27748334407806396,0.48999999999999994,0
7,1,302,21,0,0.277483731508255,0.48999999999999994,0
7,1,303,21,0,0.29812726378440857,0.48999999999999994,0
7,1,304,21,0,0.27383485436439514,0.48999999999999994,0
7,1,305,21,0,0.27383482456207275,0.48999999999999994,0
7,1,306,21,0,0.2953855097293854,0.48999999999999994,0
7,1,307,22,0,0.2981272041797638,0.48999999999999994,0
7,1,308,22,0,0.2745005786418915,0.48999999999999994,0
7,1,309,22,0,0.27450019121170044,0.48999999999999994,0
7,1,310,22,0,0.27450019121170044,0.48999999999999994,0
7,1,311,22,0,0.27383485436439514,0.48999999999999994,0
7,1,312,22,0,0.2738352417945862,0.48999999999999994,0
7,1,313,22,0,0.27383482456207275,0.48999999999999994,0
7,1,314,22,0,0.27586475014686584,0.48999999999999994,0
7,1,315,22,0,0.27383485436439514,0.48999999999999994,0
7,1,316,22,0,0.27383485436439514,0.48999999999999994,0
7,1,317,23,0,0.27383485436439514,0.48999999999999994,0
7,1,318,23,0,0.29700443148612976,0.48999999999999994,0
7,1,319,23,0,0.27383488416671753,0.48999999999999994,0
7,1,320,23,0,0.27450019121170044,0.48999999999999994,0
7,1,321,23,0,0.2744998037815094,0.48999999999999994,0
7,1,322,23,0,0.2738352119922638,0.48999999999999994,0
7,1,323,23,0,0.27383485436439514,0.48999999999999994,0
7,1,324,23,0,0.2982303500175476,0.48999999999999994,0
7,1,325,23,0,0.2756893038749695,0.48999999999999994,0
7,1,326,23,0,0.273835152387619,0.48999999999999994,0
7,1,407,32,0,0.2738352119922638,0.48999999999999994,0
7,1,408,32,0,0.2738352119922638,0.48999999999999994,0
7,1,409,32,0,0.32672321796417236,0.48999999999999994,0
7,1,410,32,0,0.2738352119922638,0.48999999999999994,0
7,1,411,32,0,0.2744998037815094,0.48999999999999994,0
7,1,412,32,0,0.27383485436439514,0.48999999999999994,0
7,1,413,32,0,0.2765375077724457,0.48999999999999994,0
7,1,414,32,0,0.27586451172828674,0.48999999999999994,0
7,1,415,32,0,0.27383485436439514,0.48999999999999994,0
7,1,416,32,0,0.27383485436439514,0.48999999999999994,0
7,1,457,37,0,0.27383482456207275,0.48999999999999994,0
7,1,458,37,0,0.2784169912338257,0.48999999999999994,0
7,1,459,37,0,0.2987150549888611,0.48999999999999994,0
7,1,460,37,0,0.27450019121170044,0.48999999999999994,0
7,1,461,37,0,0.2745005786418915,0.48999999999999994,0
7,1,462,37,0,0.27450019121170044,0.48999999999999994,0
7,1,463,37,0,0.2791554033756256,0.48999999999999994,0
7,1,464,37,0,0.2745005786418915,0.48999999999999994,0
7,1,465,37,0,0.30250275135040283,0.48999999999999994,0
7,1,466,37,0,0.2745005786418915,0.48999999999999994,0
7,1,517,43,0,0.3008884787559509,0.48999999999999994,0
7,1,518,43,0,0.3008884787559509,0.48999999999999994,0
7,1,519,43,0,0.27586451172828674,0.48999999999999994,0
7,1,520,43,0,0.27383485436439514,0.48999999999999994,0
7,1,521,43,0,0.27383488416671753,0.48999999999999994,0
7,1,522,43,0,0.27383482456207275,0.48999999999999994,0
7,1,523,43,0,0.27383482456207275,0.48999999999999994,0
7,1,524,43,0,0.27383488416671753,0.48999999999999994,0
7,1,525,43,0,0.2744998037815094,0.48999999999999994,0
7,1,526,43,0,0.27450019121170044,0.48999999999999994,0
7,1,577,49,0,0.27383485436439514,0.48999999999999994,0
7,1,578,49,0,0.273835152387619,0.48999999999999994,0
7,1,579,49,0,0.273835152387619,0.48999999999999994,0
7,1,580,49,0,0.273835152387619,0.48999999999999994,0
7,1,581,49,0,0.29751160740852356,0.48999999999999994,0
7,1,582,49,0,0.27653372287750244,0.48999999999999994,0
7,1,583,49,0,0.2985035181045532,0.48999999999999994,0
7,1,584,49,0,0.2738352417945862,0.48999999999999994,0
7,1,585,49,0,0.273835152387619,0.48999999999999994,0
7,1,586,49,0,0.2738352119922638,0.48999999999999994,0
7,1,707,62,0,0.27383488416671753,0.48999999999999994,0
7,1,708,62,0,0.2738352119922638,0.48999999999999994,0
7,1,709,62,0,0.2995659410953522,0.48999999999999994,0
7,1,710,62,0,0.2747790813446045,0.48999999999999994,0
7,1,711,62,0,0.27586519718170166,0.48999999999999994,0
7,1,712,62,0,0.27383485436439514,0.48999999999999994,0
7,1,713,62,0,0.2765338718891144,0.48999999999999994,0
7,1,714,62,0,0.2970045208930969,0.48999999999999994,0
7,1,715,62,0,0.2738352417945862,0.48999999999999994,0
7,1,716,62,0,0.27450019121170044,0.48999999999999994,0
7,1,737,65,0,0.2985035181045532,0.48999999999999994,0
7,1,738,65,0,0.2774849236011505,0.48999999999999994,0
7,1,739,65,0,0.30609965324401855,0.48999999999999994,0
7,1,740,65,0,0.27586451172828674,0.48999999999999994,0
7,1,741,65,0,0.27383485436439514,0.48999999999999994,0
7,1,742,65,0,0.27383485436439514,0.48999999999999994,0
7,1,743,65,0,0.2765371799468994,0.48999999999999994,0
7,1,744,65,0,0.2738352119922638,0.48999999999999994,0
7,1,745,65,0,0.27383485436439514,0.48999999999999994,0
7,1,746,65,0,0.273835152387619,0.48999999999999994,0
7,1,817,73,0,0.27477943897247314,0.48999999999999994,0
7,1,818,73,0,0.2747792899608612,0.48999999999999994,0
7,1,819,73,0,0.2747793197631836,0.48999999999999994,0
7,1,820,73,0,0.27477943897247314,0.48999999999999994,0
7,1,821,73,0,0.27477967739105225,0.48999999999999994,0
7,1,822,73,0,0.2747792899608612,0.48999999999999994,0
7,1,823,73,0,0.27477964758872986,0.48999999999999994,0
7,1,824,73,0,0.2747800350189209,0.48999999999999994,0
7,1,825,73,0,0.2738352417945862,0.48999999999999994,0
7,1,826,73,0,0.2987182140350342,0.48999999999999994,0
7,1,847,76,0,0.2747800052165985,0.48999999999999994,0
7,1,848,76,0,0.27450019121170044,0.48999999999999994,0
7,1,849,76,0,0.27477943897247314,0.48999999999999994,0
7,1,850,76,0,0.3043656647205353,0.48999999999999994,0
7,1,851,76,0,0.30321308970451355,0.48999999999999994,0
7,1,852,76,0,0.3243577480316162,0.48999999999999994,0
7,1,853,76,0,0.2970045208930969,0.48999999999999994,0
7,1,854,76,0,0.2979581356048584,0.48999999999999994,0
7,1,855,76,0,0.2970045208930969,0.48999999999999994,0
7,1,856,76,0,0.2744998335838318,0.48999999999999994,0
7,1,877,79,0,0.2977216839790344,0.48999999999999994,0
7,1,878,79,0,0.27748337388038635,0.48999999999999994,0
7,1,879,79,0,0.2979907691478729,0.48999999999999994,0
7,1,880,79,0,0.297958105802536,0.48999999999999994,0
7,1,881,79,0,0.2970041334629059,0.48999999999999994,0
7,1,882,79,0,0.2970041334629059,0.48999999999999994,0
7,1,883,79,0,0.29799073934555054,0.48999999999999994,0
7,1,884,79,0,0.2970041036605835,0.48999999999999994,0
7,1,885,79,0,0.2970041334629059,0.48999999999999994,0
7,1,886,79,0,0.2970041334629059,0.48999999999999994,0
7,2,4,4,1,0.5021808743476868,0.48999999999999994,1
7,2,5,5,1,0.5021808743476868,0.48999999999999994,1
7,2,35,35,1,0.5021808743476868,0.48999999999999994,1
7,2,40,40,1,0.5016947984695435,0.48999999999999994,1
7,2,42,42,1,0.5015605092048645,0.48999999999999994,1
7,2,45,45,1,0.5016079545021057,0.48999999999999994,1
7,2,46,46,1,0.5024654269218445,0.48999999999999994,1
7,2,47,47,1,0.5026112794876099,0.48999999999999994,1
7,2,52,52,1,0.501621425151825,0.48999999999999994,1
7,2,63,63,1,0.5024332404136658,0.48999999999999994,1
7,2,66,66,1,0.5010189414024353,0.48999999999999994,1
7,2,69,69,1,0.5017650723457336,0.48999999999999994,1
7,2,72,72,1,0.5021133422851562,0.48999999999999994,1
7,2,74,74,1,0.5021808743476868,0.48999999999999994,1
7,2,77,77,1,0.5017072558403015,0.48999999999999994,1
7,2,78,78,1,0.5024332404136658,0.48999999999999994,1
7,2,127,4,0,0.5009641647338867,0.48999999999999994,1
7,2,128,4,0,0.5009785890579224,0.48999999999999994,1
7,2,129,4,0,0.5009961128234863,0.48999999999999994,1
7,2,130,4,0,0.5012759566307068,0.48999999999999994,1
7,2,131,4,0,0.5012434124946594,0.48999999999999994,1
7,2,132,4,0,0.5012346506118774,0.48999999999999994,1
7,2,133,4,0,0.5012828707695007,0.48999999999999994,1
7,2,134,4,0,0.5013090372085571,0.48999999999999994,1
7,2,135,4,0,0.5010148882865906,0.48999999999999994,1
7,2,136,4,0,0.5010276436805725,0.48999999999999994,1
7,2,137,5,0,0.5013613104820251,0.48999999999999994,1
7,2,138,5,0,0.5026112794876099,0.48999999999999994,1
7,2,139,5,0,0.5012452602386475,0.48999999999999994,1
7,2,140,5,0,0.5012218356132507,0.48999999999999994,1
7,2,141,5,0,0.5012474656105042,0.48999999999999994,1
7,2,142,5,0,0.5009985566139221,0.48999999999999994,1
7,2,143,5,0,0.5012434124946594,0.48999999999999994,1
7,2,144,5,0,0.5012521743774414,0.48999999999999994,1
7,2,145,5,0,0.5013383626937866,0.48999999999999994,1
7,2,146,5,0,0.5015336275100708,0.48999999999999994,1
7,2,437,35,0,0.5009933114051819,0.48999999999999994,1
7,2,438,35,0,0.5009641647338867,0.48999999999999994,1
7,2,439,35,0,0.5009641647338867,0.48999999999999994,1
7,2,440,35,0,0.5013850331306458,0.48999999999999994,1
7,2,441,35,0,0.5009641647338867,0.48999999999999994,1
7,2,442,35,0,0.5009729266166687,0.48999999999999994,1
7,2,443,35,0,0.5014334917068481,0.48999999999999994,1
7,2,444,35,0,0.5016947984695435,0.48999999999999994,1
7,2,445,35,0,0.5009642243385315,0.48999999999999994,1
7,2,446,35,0,0.5009857416152954,0.48999999999999994,1
7,2,487,40,0,0.5010061264038086,0.48999999999999994,1
7,2,488,40,0,0.5014334917068481,0.48999999999999994,1
7,2,489,40,0,0.5009933114051819,0.48999999999999994,1
7,2,490,40,0,0.5009641647338867,0.48999999999999994,1
7,2,491,40,0,0.5009641647338867,0.48999999999999994,1
7,2,492,40,0,0.5009642243385315,0.48999999999999994,1
7,2,493,40,0,0.5009729266166687,0.48999999999999994,1
7,2,494,40,0,0.5012637376785278,0.48999999999999994,1
7,2,495,40,0,0.5021045804023743,0.48999999999999994,1
7,2,496,40,0,0.5012218356132507,0.48999999999999994,1
7,2,507,42,0,0.5012305974960327,0.48999999999999994,1
7,2,508,42,0,0.5012305974960327,0.48999999999999994,1
7,2,509,42,0,0.5012540221214294,0.48999999999999994,1
7,2,510,42,0,0.5009641647338867,0.48999999999999994,1
7,2,511,42,0,0.5009933114051819,0.48999999999999994,1
7,2,512,42,0,0.5012392997741699,0.48999999999999994,1
7,2,513,42,0,0.5009729862213135,0.48999999999999994,1
7,2,514,42,0,0.5012218356132507,0.48999999999999994,1
7,2,515,42,0,0.5009933114051819,0.48999999999999994,1
7,2,516,42,0,0.5009729862213135,0.48999999999999994,1
7,2,537,45,0,0.5009642243385315,0.48999999999999994,1
7,2,538,45,0,0.5009641647338867,0.48999999999999994,1
7,2,539,45,0,0.5009641647338867,0.48999999999999994,1
7,2,540,45,0,0.5009641647338867,0.48999999999999994,1
7,2,541,45,0,0.5009641647338867,0.48999999999999994,1
7,2,542,45,0,0.5009933114051819,0.48999999999999994,1
7,2,543,45,0,0.5012684464454651,0.48999999999999994,1
7,2,544,45,0,0.5012853145599365,0.48999999999999994,1
7,2,545,45,0,0.5009641647338867,0.48999999999999994,1
7,2,546,45,0,0.5016152262687683,0.48999999999999994,1
7,2,547,46,0,0.5009857416152954,0.48999999999999994,1
7,2,548,46,0,0.5012346506118774,0.48999999999999994,1
7,2,549,46,0,0.5012450218200684,0.48999999999999994,1
7,2,550,46,0,0.5012450218200684,0.48999999999999994,1
7,2,551,46,0,0.5009642243385315,0.48999999999999994,1
7,2,552,46,0,0.5009729862213135,0.48999999999999994,1
7,2,553,46,0,0.5009642243385315,0.48999999999999994,1
7,2,554,46,0,0.5016210675239563,0.48999999999999994,1
7,2,555,46,0,0.501221776008606,0.48999999999999994,1
7,2,556,46,0,0.5009641647338867,0.48999999999999994,1
7,2,557,47,0,0.5009876489639282,0.48999999999999994,1
7,2,558,47,0,0.5009641647338867,0.48999999999999994,1
7,2,559,47,0,0.5009729862213135,0.48999999999999994,1
7,2,560,47,0,0.5009729862213135,0.48999999999999994,1
7,2,561,47,0,0.5009729266166687,0.48999999999999994,1
7,2,562,47,0,0.5009729266166687,0.48999999999999994,1
7,2,563,47,0,0.5009729266166687,0.48999999999999994,1
7,2,564,47,0,0.5009729266166687,0.48999999999999994,1
7,2,565,47,0,0.5009729266166687,0.48999999999999994,1
7,2,566,47,0,0.5009729266166687,0.48999999999999994,1
7,2,607,52,0,0.5009729266166687,0.48999999999999994,1
7,2,608,52,0,0.5012783408164978,0.48999999999999994,1
7,2,609,52,0,0.5009729266166687,0.48999999999999994,1
7,2,610,52,0,0.5012724995613098,0.48999999999999994,1
7,2,611,52,0,0.5010020732879639,0.48999999999999994,1
7,2,612,52,0,0.5009641647338867,0.48999999999999994,1
7,2,613,52,0,0.5009641647338867,0.48999999999999994,1
7,2,614,52,0,0.5012684464454651,0.48999999999999994,1
7,2,615,52,0,0.5013062953948975,0.48999999999999994,1
7,2,616,52,0,0.5012959241867065,0.48999999999999994,1
7,2,717,63,0,0.5012434124946594,0.48999999999999994,1
7,2,718,63,0,0.5009641647338867,0.48999999999999994,1
7,2,719,63,0,0.5009642243385315,0.48999999999999994,1
7,2,720,63,0,0.5009641647338867,0.48999999999999994,1
7,2,721,63,0,0.5012971758842468,0.48999999999999994,1
7,2,722,63,0,0.5009933114051819,0.48999999999999994,1
7,2,723,63,0,0.5009642243385315,0.48999999999999994,1
7,2,724,63,0,0.5009729266166687,0.48999999999999994,1
7,2,725,63,0,0.5009729266166687,0.48999999999999994,1
7,2,726,63,0,0.5009641647338867,0.48999999999999994,1
7,2,747,66,0,0.5009729266166687,0.48999999999999994,1
7,2,748,66,0,0.5009641647338867,0.48999999999999994,1
7,2,749,66,0,0.5009641647338867,0.48999999999999994,1
7,2,750,66,0,0.5012959241867065,0.48999999999999994,1
7,2,751,66,0,0.5012434124946594,0.48999999999999994,1
7,2,752,66,0,0.5012434124946594,0.48999999999999994,1
7,2,753,66,0,0.5009642243385315,0.48999999999999994,1
7,2,754,66,0,0.5012347102165222,0.48999999999999994,1
7,2,755,66,0,0.5012347102165222,0.48999999999999994,1
7,2,756,66,0,0.5012347102165222,0.48999999999999994,1
7,2,777,69,0,0.5012521743774414,0.48999999999999994,1
7,2,778,69,0,0.5012434124946594,0.48999999999999994,1
7,2,779,69,0,0.5012346506118774,0.48999999999999994,1
7,2,780,69,0,0.5009769797325134,0.48999999999999994,1
7,2,781,69,0,0.5012434720993042,0.48999999999999994,1
7,2,782,69,0,0.5009898543357849,0.48999999999999994,1
7,2,783,69,0,0.5009642243385315,0.48999999999999994,1
7,2,784,69,0,0.5015264749526978,0.48999999999999994,1
7,2,785,69,0,0.5009641647338867,0.48999999999999994,1
7,2,786,69,0,0.5012305974960327,0.48999999999999994,1
7,2,807,72,0,0.5009769797325134,0.48999999999999994,1
7,2,808,72,0,0.5009769797325134,0.48999999999999994,1
7,2,809,72,0,0.5009769797325134,0.48999999999999994,1
7,2,810,72,0,0.5009769797325134,0.48999999999999994,1
7,2,811,72,0,0.5009770393371582,0.48999999999999994,1
7,2,812,72,0,0.5009770393371582,0.48999999999999994,1
7,2,813,72,0,0.5009769797325134,0.48999999999999994,1
7,2,814,72,0,0.5013056993484497,0.48999999999999994,1
7,2,815,72,0,0.5009769797325134,0.48999999999999994,1
7,2,816,72,0,0.5009769797325134,0.48999999999999994,1
7,2,827,74,0,0.5009642243385315,0.48999999999999994,1
7,2,828,74,0,0.5012346506118774,0.48999999999999994,1
7,2,829,74,0,0.5012835264205933,0.48999999999999994,1
7,2,830,74,0,0.5012521147727966,0.48999999999999994,1
7,2,831,74,0,0.5009769797325134,0.48999999999999994,1
7,2,832,74,0,0.5009770393371582,0.48999999999999994,1
7,2,833,74,0,0.5009642243385315,0.48999999999999994,1
7,2,834,74,0,0.5009641647338867,0.48999999999999994,1
7,2,835,74,0,0.5010061264038086,0.48999999999999994,1
7,2,836,74,0,0.5009769797325134,0.48999999999999994,1
7,2,857,77,0,0.5012218356132507,0.48999999999999994,1
7,2,858,77,0,0.5009729266166687,0.48999999999999994,1
7,2,859,77,0,0.5012218356132507,0.48999999999999994,1
7,2,860,77,0,0.5009729266166687,0.48999999999999994,1
7,2,861,77,0,0.5012521147727966,0.48999999999999994,1
7,2,862,77,0,0.5012509226799011,0.48999999999999994,1
7,2,863,77,0,0.5009641647338867,0.48999999999999994,1
7,2,864,77,0,0.5012305974960327,0.48999999999999994,1
7,2,865,77,0,0.5009729862213135,0.48999999999999994,1
7,2,866,77,0,0.5009769797325134,0.48999999999999994,1
7,2,867,78,0,0.5009933114051819,0.48999999999999994,1
7,2,868,78,0,0.5009729266166687,0.48999999999999994,1
7,2,869,78,0,0.501221776008606,0.48999999999999994,1
7,2,870,78,0,0.501221776008606,0.48999999999999994,1
7,2,871,78,0,0.5012537837028503,0.48999999999999994,1
7,2,872,78,0,0.5009933114051819,0.48999999999999994,1
7,2,873,78,0,0.5009933114051819,0.48999999999999994,1
7,2,874,78,0,0.5009897947311401,0.48999999999999994,1
7,2,875,78,0,0.501221776008606,0.48999999999999994,1
7,2,876,78,0,0.5009729862213135,0.48999999999999994,1
7,3,6,6,1,0.4684779942035675,0.5199999999999999,0
7,3,7,7,1,0.3769664764404297,0.5199999999999999,0
7,3,15,15,1,0.4684779942035675,0.5199999999999999,0
7,3,17,17,1,0.42806223034858704,0.5199999999999999,0
7,3,18,18,1,0.4684779942035675,0.5199999999999999,0
7,3,24,24,1,0.43126341700553894,0.5199999999999999,0
7,3,26,26,1,0.3769664764404297,0.5199999999999999,0
7,3,30,30,1,0.4280622601509094,0.5199999999999999,0
7,3,31,31,1,0.43126341700553894,0.5199999999999999,0
7,3,34,34,1,0.43126338720321655,0.5199999999999999,0
7,3,44,44,1,0.3683205246925354,0.5199999999999999,0
7,3,48,48,1,0.3753592371940613,0.5199999999999999,0
7,3,55,55,1,0.46992331743240356,0.5199999999999999,0
7,3,64,64,1,0.3769665062427521,0.5199999999999999,0
7,3,71,71,1,0.3417419195175171,0.5199999999999999,0
7,3,75,75,1,0.3834458589553833,0.5199999999999999,0
7,3,147,6,0,0.3085568845272064,0.5199999999999999,0
7,3,148,6,0,0.3128839433193207,0.5199999999999999,0
7,3,149,6,0,0.3346433639526367,0.5199999999999999,0
7,3,150,6,0,0.33422136306762695,0.5199999999999999,0
7,3,151,6,0,0.33315059542655945,0.5199999999999999,0
7,3,152,6,0,0.33262982964515686,0.5199999999999999,0
7,3,153,6,0,0.33273211121559143,0.5199999999999999,0
7,3,154,6,0,0.3098302185535431,0.5199999999999999,0
7,3,155,6,0,0.33182844519615173,0.5199999999999999,0
7,3,156,6,0,0.3381432294845581,0.5199999999999999,0
7,3,157,7,0,0.30694010853767395,0.5199999999999999,0
7,3,158,7,0,0.30694103240966797,0.5199999999999999,0
7,3,159,7,0,0.30653974413871765,0.5199999999999999,0
7,3,160,7,0,0.3331507742404938,0.5199999999999999,0
7,3,161,7,0,0.33182796835899353,0.5199999999999999,0
7,3,162,7,0,0.33182796835899353,0.5199999999999999,0
7,3,163,7,0,0.33262935280799866,0.5199999999999999,0
7,3,164,7,0,0.3082108199596405,0.5199999999999999,0
7,3,165,7,0,0.33263030648231506,0.5199999999999999,0
7,3,166,7,0,0.3331523835659027,0.5199999999999999,0
7,3,237,15,0,0.33182889223098755,0.5199999999999999,0
7,3,238,15,0,0.3085564374923706,0.5199999999999999,0
7,3,239,15,0,0.30780720710754395,0.5199999999999999,0
7,3,240,15,0,0.3753592371940613,0.5199999999999999,0
7,3,241,15,0,0.33616745471954346,0.5199999999999999,0
7,3,242,15,0,0.3751043379306793,0.5199999999999999,0
7,3,243,15,0,0.3331517279148102,0.5199999999999999,0
7,3,244,15,0,0.3713580369949341,0.5199999999999999,0
7,3,245,15,0,0.3098298907279968,0.5199999999999999,0
7,3,246,15,0,0.3331507742404938,0.5199999999999999,0
7,3,257,17,0,0.3331519067287445,0.5199999999999999,0
7,3,258,17,0,0.3331507444381714,0.5199999999999999,0
7,3,259,17,0,0.33405739068984985,0.5199999999999999,0
7,3,260,17,0,0.333151251077652,0.5199999999999999,0
7,3,261,17,0,0.3082098960876465,0.5199999999999999,0
7,3,262,17,0,0.34158197045326233,0.5199999999999999,0
7,3,263,17,0,0.30821141600608826,0.5199999999999999,0
7,3,264,17,0,0.33182796835899353,0.5199999999999999,0
7,3,265,17,0,0.335382878780365,0.5199999999999999,0
7,3,266,17,0,0.3094835877418518,0.5199999999999999,0
7,3,267,18,0,0.33389875292778015,0.5199999999999999,0
7,3,268,18,0,0.3361676037311554,0.5199999999999999,0
7,3,269,18,0,0.30855628848075867,0.5199999999999999,0
7,3,270,18,0,0.30781495571136475,0.5199999999999999,0
7,3,271,18,0,0.3331522047519684,0.5199999999999999,0
7,3,272,18,0,0.3385438919067383,0.5199999999999999,0
7,3,273,18,0,0.3089810311794281,0.5199999999999999,0
7,3,274,18,0,0.3078076243400574,0.5199999999999999,0
7,3,275,18,0,0.30694055557250977,0.5199999999999999,0
7,3,276,18,0,0.30694055557250977,0.5199999999999999,0
7,3,327,24,0,0.30567467212677,0.5199999999999999,0
7,3,328,24,0,0.30567461252212524,0.5199999999999999,0
7,3,329,24,0,0.30653879046440125,0.5199999999999999,0
7,3,330,24,0,0.30567464232444763,0.5199999999999999,0
7,3,331,24,0,0.33824920654296875,0.5199999999999999,0
7,3,332,24,0,0.30653926730155945,0.5199999999999999,0
7,3,333,24,0,0.30653929710388184,0.5199999999999999,0
7,3,334,24,0,0.30653926730155945,0.5199999999999999,0
7,3,335,24,0,0.30567461252212524,0.5199999999999999,0
7,3,336,24,0,0.30653926730155945,0.5199999999999999,0
7,3,347,26,0,0.3403247594833374,0.5199999999999999,0
7,3,348,26,0,0.30653926730155945,0.5199999999999999,0
7,3,349,26,0,0.33616742491722107,0.5199999999999999,0
7,3,350,26,0,0.3363231420516968,0.5199999999999999,0
7,3,351,26,0,0.333151251077652,0.5199999999999999,0
7,3,352,26,0,0.30653926730155945,0.5199999999999999,0
7,3,353,26,0,0.333317369222641,0.5199999999999999,0
7,3,354,26,0,0.33331674337387085,0.5199999999999999,0
7,3,355,26,0,0.30567416548728943,0.5199999999999999,0
7,3,356,26,0,0.3056741952896118,0.5199999999999999,0
7,3,387,30,0,0.3357446491718292,0.5199999999999999,0
7,3,388,30,0,0.30780673027038574,0.5199999999999999,0
7,3,389,30,0,0.33707499504089355,0.5199999999999999,0
7,3,390,30,0,0.3331507444381714,0.5199999999999999,0
7,3,391,30,0,0.3331507742404938,0.5199999999999999,0
7,3,392,30,0,0.33405601978302,0.5199999999999999,0
7,3,393,30,0,0.4684779644012451,0.5199999999999999,0
7,3,394,30,0,0.341581791639328,0.5199999999999999,0
7,3,395,30,0,0.30653926730155945,0.5199999999999999,0
7,3,396,30,0,0.30653929710388184,0.5199999999999999,0
7,3,397,31,0,0.30653879046440125,0.5199999999999999,0
7,3,398,31,0,0.30653926730155945,0.5199999999999999,0
7,3,399,31,0,0.30653926730155945,0.5199999999999999,0
7,3,400,31,0,0.30780673027038574,0.5199999999999999,0
7,3,401,31,0,0.30567464232444763,0.5199999999999999,0
7,3,402,31,0,0.30653926730155945,0.5199999999999999,0
7,3,403,31,0,0.30653879046440125,0.5199999999999999,0
7,3,404,31,0,0.30653879046440125,0.5199999999999999,0
7,3,405,31,0,0.3085559904575348,0.5199999999999999,0
7,3,406,31,0,0.33182835578918457,0.5199999999999999,0
7,3,427,34,0,0.3687594532966614,0.5199999999999999,0
7,3,428,34,0,0.36875855922698975,0.5199999999999999,0
7,3,429,34,0,0.30567461252212524,0.5199999999999999,0
7,3,430,34,0,0.30567464232444763,0.5199999999999999,0
7,3,431,34,0,0.30653926730155945,0.5199999999999999,0
7,3,432,34,0,0.30567455291748047,0.5199999999999999,0
7,3,433,34,0,0.3056741952896118,0.5199999999999999,0
7,3,434,34,0,0.3646438419818878,0.5199999999999999,0
7,3,435,34,0,0.30567461252212524,0.5199999999999999,0
7,3,436,34,0,0.30567461252212524,0.5199999999999999,0
7,3,527,44,0,0.36642634868621826,0.5199999999999999,0
7,3,528,44,0,0.3056741952896118,0.5199999999999999,0
7,3,529,44,0,0.332731157541275,0.5199999999999999,0
7,3,530,44,0,0.3357451558113098,0.5199999999999999,0
7,3,531,44,0,0.33273160457611084,0.5199999999999999,0
7,3,532,44,0,0.3107013404369354,0.5199999999999999,0
7,3,533,44,0,0.3085559904575348,0.5199999999999999,0
7,3,534,44,0,0.3056741952896118,0.5199999999999999,0
7,3,535,44,0,0.30567416548728943,0.5199999999999999,0
7,3,536,44,0,0.3056741952896118,0.5199999999999999,0
7,3,567,48,0,0.30653926730155945,0.5199999999999999,0
7,3,568,48,0,0.3085564374923706,0.5199999999999999,0
7,3,569,48,0,0.3056741952896118,0.5199999999999999,0
7,3,570,48,0,0.34024277329444885,0.5199999999999999,0
7,3,571,48,0,0.3106999397277832,0.5199999999999999,0
7,3,572,48,0,0.30653882026672363,0.5199999999999999,0
7,3,573,48,0,0.305675745010376,0.5199999999999999,0
7,3,574,48,0,0.305675745010376,0.5199999999999999,0
7,3,575,48,0,0.30653929710388184,0.5199999999999999,0
7,3,576,48,0,0.30567416548728943,0.5199999999999999,0
7,3,637,55,0,0.3056741952896118,0.5199999999999999,0
7,3,638,55,0,0.3056741952896118,0.5199999999999999,0
7,3,639,55,0,0.3056741952896118,0.5199999999999999,0
7,3,640,55,0,0.30567461252212524,0.5199999999999999,0
7,3,641,55,0,0.3331507444381714,0.5199999999999999,0
7,3,642,55,0,0.3348054587841034,0.5199999999999999,0
7,3,643,55,0,0.3056741952896118,0.5199999999999999,0
7,3,644,55,0,0.3336358964443207,0.5199999999999999,0
7,3,645,55,0,0.30982884764671326,0.5199999999999999,0
7,3,646,55,0,0.30653882026672363,0.5199999999999999,0
7,3,727,64,0,0.30567455291748047,0.5199999999999999,0
7,3,728,64,0,0.3056741952896118,0.5199999999999999,0
7,3,729,64,0,0.30567461252212524,0.5199999999999999,0
7,3,730,64,0,0.3070999085903168,0.5199999999999999,0
7,3,731,64,0,0.30653926730155945,0.5199999999999999,0
7,3,732,64,0,0.3085559606552124,0.5199999999999999,0
7,3,733,64,0,0.3085564374923706,0.5199999999999999,0
7,3,734,64,0,0.3056741952896118,0.5199999999999999,0
7,3,735,64,0,0.3056741952896118,0.5199999999999999,0
7,3,736,64,0,0.3056741952896118,0.5199999999999999,0
7,3,797,71,0,0.3331517279148102,0.5199999999999999,0
7,3,798,71,0,0.33182892203330994,0.5199999999999999,0
7,3,799,71,0,0.3339540660381317,0.5199999999999999,0
7,3,800,71,0,0.3338015377521515,0.5199999999999999,0
7,3,801,71,0,0.368320494890213,0.5199999999999999,0
7,3,802,71,0,0.30694055557250977,0.5199999999999999,0
7,3,803,71,0,0.34234875440597534,0.5199999999999999,0
7,3,804,71,0,0.3056741952896118,0.5199999999999999,0
7,3,805,71,0,0.3069875240325928,0.5199999999999999,0
7,3,806,71,0,0.30820930004119873,0.5199999999999999,0
7,3,837,75,0,0.30694058537483215,0.5199999999999999,0
7,3,838,75,0,0.3098289966583252,0.5199999999999999,0
7,3,839,75,0,0.30567508935928345,0.5199999999999999,0
7,3,840,75,0,0.30694103240966797,0.5199999999999999,0
7,3,841,75,0,0.3069404363632202,0.5199999999999999,0
7,3,842,75,0,0.3085567355155945,0.5199999999999999,0
7,3,843,75,0,0.3085567355155945,0.5199999999999999,0
7,3,844,75,0,0.30694088339805603,0.5199999999999999,0
7,3,845,75,0,0.30694088339805603,0.5199999999999999,0
7,3,846,75,0,0.30567416548728943,0.5199999999999999,0
7,4,9,9,1,0.6136341094970703,0.4499999999999999,1
7,4,10,10,1,0.5367785692214966,0.4499999999999999,1
7,4,13,13,1,0.5109796524047852,0.4499999999999999,1
7,4,16,16,1,0.6136341094970703,0.4499999999999999,1
7,4,29,29,1,0.5067980289459229,0.4499999999999999,1
7,4,38,38,1,0.6205801367759705,0.4499999999999999,1
7,4,50,50,1,0.5555538535118103,0.4499999999999999,1
7,4,54,54,1,0.5013891458511353,0.4499999999999999,1
7,4,56,56,1,0.6205801367759705,0.4499999999999999,1
7,4,57,57,1,0.6990480422973633,0.4499999999999999,1
7,4,58,58,1,0.6205801367759705,0.4499999999999999,1
7,4,60,60,1,0.485591858625412,0.4499999999999999,1
7,4,61,61,1,0.6205801367759705,0.4499999999999999,1
7,4,68,68,1,0.6156405806541443,0.4499999999999999,1
7,4,70,70,1,0.5068026185035706,0.4499999999999999,1
7,4,80,80,1,0.615624189376831,0.4499999999999999,1
7,4,177,9,0,0.492744505405426,0.4499999999999999,1
7,4,178,9,0,0.34415408968925476,0.4499999999999999,0
7,4,179,9,0,0.34138959646224976,0.4499999999999999,0
7,4,180,9,0,0.3413906395435333,0.4499999999999999,0
7,4,181,9,0,0.3413906395435333,0.4499999999999999,0
7,4,182,9,0,0.3441539704799652,0.4499999999999999,0
7,4,183,9,0,0.408722847700119,0.4499999999999999,0
7,4,184,9,0,0.3413916528224945,0.4499999999999999,0
7,4,185,9,0,0.3441530764102936,0.4499999999999999,0
7,4,186,9,0,0.3504658639431,0.4499999999999999,0
7,4,187,10,0,0.40778520703315735,0.4499999999999999,0
7,4,188,10,0,0.4131458103656769,0.4499999999999999,0
7,4,189,10,0,0.485591858625412,0.4499999999999999,1
7,4,190,10,0,0.3441500663757324,0.4499999999999999,0
7,4,191,10,0,0.34767961502075195,0.4499999999999999,0
7,4,192,10,0,0.42142173647880554,0.4499999999999999,0
7,4,193,10,0,0.3476802706718445,0.4499999999999999,0
7,4,194,10,0,0.34173575043678284,0.4499999999999999,0
7,4,195,10,0,0.4116896390914917,0.4499999999999999,0
7,4,196,10,0,0.3441520631313324,0.4499999999999999,0
7,4,217,13,0,0.347683310508728,0.4499999999999999,0
7,4,218,13,0,0.3413906395435333,0.4499999999999999,0
7,4,219,13,0,0.3413926064968109,0.4499999999999999,0
7,4,220,13,0,0.3413933217525482,0.4499999999999999,0
7,4,221,13,0,0.3495815098285675,0.4499999999999999,0
7,4,222,13,0,0.3460449278354645,0.4499999999999999,0
7,4,223,13,0,0.3504655659198761,0.4499999999999999,0
7,4,224,13,0,0.3441500663757324,0.4499999999999999,0
7,4,225,13,0,0.34139031171798706,0.4499999999999999,0
7,4,226,13,0,0.34139057993888855,0.4499999999999999,0
7,4,247,16,0,0.41074877977371216,0.4499999999999999,0
7,4,248,16,0,0.4077873229980469,0.4499999999999999,0
7,4,249,16,0,0.408722847700119,0.4499999999999999,0
7,4,250,16,0,0.34139126539230347,0.4499999999999999,0
7,4,251,16,0,0.34139057993888855,0.4499999999999999,0
7,4,252,16,0,0.40872398018836975,0.4499999999999999,0
7,4,253,16,0,0.3536437451839447,0.4499999999999999,0
7,4,254,16,0,0.4175073206424713,0.4499999999999999,0
7,4,255,16,0,0.41547301411628723,0.4499999999999999,0
7,4,256,16,0,0.4087235927581787,0.4499999999999999,0
7,4,377,29,0,0.5038059949874878,0.4499999999999999,1
7,4,378,29,0,0.4107477068901062,0.4499999999999999,0
7,4,379,29,0,0.40873071551322937,0.4499999999999999,0
7,4,380,29,0,0.40873071551322937,0.4499999999999999,0
7,4,381,29,0,0.41074877977371216,0.4499999999999999,0
7,4,382,29,0,0.4107498526573181,0.4499999999999999,0
7,4,383,29,0,0.4277816414833069,0.4499999999999999,0
7,4,384,29,0,0.3441500663757324,0.4499999999999999,0
7,4,385,29,0,0.3441500663757324,0.4499999999999999,0
7,4,386,29,0,0.3432755470275879,0.4499999999999999,0
7,4,467,38,0,0.3504655659198761,0.4499999999999999,0
7,4,468,38,0,0.34138959646224976,0.4499999999999999,0
7,4,469,38,0,0.534442663192749,0.4499999999999999,1
7,4,470,38,0,0.3469220697879791,0.4499999999999999,0
7,4,471,38,0,0.35237371921539307,0.4499999999999999,0
7,4,472,38,0,0.3495815098285675,0.4499999999999999,0
7,4,473,38,0,0.34138962626457214,0.4499999999999999,0
7,4,474,38,0,0.41452744603157043,0.4499999999999999,0
7,4,475,38,0,0.3432755470275879,0.4499999999999999,0
7,4,476,38,0,0.3504655659198761,0.4499999999999999,0
7,4,587,50,0,0.3432765305042267,0.4499999999999999,0
7,4,588,50,0,0.3432755470275879,0.4499999999999999,0
7,4,589,50,0,0.41338032484054565,0.4499999999999999,0
7,4,590,50,0,0.34767961502075195,0.4499999999999999,0
7,4,591,50,0,0.4896682798862457,0.4499999999999999,1
7,4,592,50,0,0.34139057993888855,0.4499999999999999,0
7,4,593,50,0,0.4282275438308716,0.4499999999999999,0
7,4,594,50,0,0.3413906395435333,0.4499999999999999,0
7,4,595,50,0,0.3432765305042267,0.4499999999999999,0
7,4,596,50,0,0.34138959646224976,0.4499999999999999,0
7,4,627,54,0,0.34138962626457214,0.4499999999999999,0
7,4,628,54,0,0.4227927327156067,0.4499999999999999,0
7,4,629,54,0,0.34138959646224976,0.4499999999999999,0
7,4,630,54,0,0.34138959646224976,0.4499999999999999,0
7,4,631,54,0,0.34138959646224976,0.4499999999999999,0
7,4,632,54,0,0.34138962626457214,0.4499999999999999,0
7,4,633,54,0,0.34138962626457214,0.4499999999999999,0
7,4,634,54,0,0.34138959646224976,0.4499999999999999,0
7,4,635,54,0,0.34138959646224976,0.4499999999999999,0
7,4,636,54,0,0.34138959646224976,0.4499999999999999,0
7,4,647,56,0,0.41277453303337097,0.4499999999999999,0
7,4,648,56,0,0.4855929911136627,0.4499999999999999,1
7,4,649,56,0,0.3432769477367401,0.4499999999999999,0
7,4,650,56,0,0.4111221432685852,0.4499999999999999,0
7,4,651,56,0,0.34138959646224976,0.4499999999999999,0
7,4,652,56,0,0.34138959646224976,0.4499999999999999,0
7,4,653,56,0,0.34138959646224976,0.4499999999999999,0
7,4,654,56,0,0.3476802706718445,0.4499999999999999,0
7,4,655,56,0,0.40909308195114136,0.4499999999999999,0
7,4,656,56,0,0.4101780354976654,0.4499999999999999,0
7,4,657,57,0,0.5024518966674805,0.4499999999999999,1
7,4,658,57,0,0.40778496861457825,0.4499999999999999,0
7,4,659,57,0,0.346043199300766,0.4499999999999999,0
7,4,660,57,0,0.34138959646224976,0.4499999999999999,0
7,4,661,57,0,0.3432745337486267,0.4499999999999999,0
7,4,662,57,0,0.3432745337486267,0.4499999999999999,0
7,4,663,57,0,0.3432745337486267,0.4499999999999999,0
7,4,664,57,0,0.40368878841400146,0.4499999999999999,0
7,4,665,57,0,0.34138959646224976,0.4499999999999999,0
7,4,666,57,0,0.34138959646224976,0.4499999999999999,0
7,4,667,58,0,0.3432755470275879,0.4499999999999999,0
7,4,668,58,0,0.3432745635509491,0.4499999999999999,0
7,4,669,58,0,0.3432755470275879,0.4499999999999999,0
7,4,670,58,0,0.34768059849739075,0.4499999999999999,0
7,4,671,58,0,0.3495818078517914,0.4499999999999999,0
7,4,672,58,0,0.3476795554161072,0.4499999999999999,0
7,4,673,58,0,0.3476795554161072,0.4499999999999999,0
7,4,674,58,0,0.42822858691215515,0.4499999999999999,0
7,4,675,58,0,0.42822858691215515,0.4499999999999999,0
7,4,676,58,0,0.3432755470275879,0.4499999999999999,0
7,4,687,60,0,0.3476802706718445,0.4499999999999999,0
7,4,688,60,0,0.3432745337486267,0.4499999999999999,0
7,4,689,60,0,0.3432745635509491,0.4499999999999999,0
7,4,690,60,0,0.34138965606689453,0.4499999999999999,0
7,4,691,60,0,0.4214228689670563,0.4499999999999999,0
7,4,692,60,0,0.4133804738521576,0.4499999999999999,0
7,4,693,60,0,0.3432755470275879,0.4499999999999999,0
7,4,694,60,0,0.34138962626457214,0.4499999999999999,0
7,4,695,60,0,0.49963292479515076,0.4499999999999999,1
7,4,696,60,0,0.40909314155578613,0.4499999999999999,0
7,4,697,61,0,0.34327560663223267,0.4499999999999999,0
7,4,698,61,0,0.34327560663223267,0.4499999999999999,0
7,4,699,61,0,0.49694138765335083,0.4499999999999999,1
7,4,700,61,0,0.34768229722976685,0.4499999999999999,0
7,4,701,61,0,0.4087229371070862,0.4499999999999999,0
7,4,702,61,0,0.34138962626457214,0.4499999999999999,0
7,4,703,61,0,0.3432745635509491,0.4499999999999999,0
7,4,704,61,0,0.3432745635509491,0.4499999999999999,0
7,4,705,61,0,0.3413916528224945,0.4499999999999999,0
7,4,706,61,0,0.3413904309272766,0.4499999999999999,0
7,4,767,68,0,0.41408830881118774,0.4499999999999999,0
7,4,768,68,0,0.4107484519481659,0.4499999999999999,0
7,4,769,68,0,0.4107477366924286,0.4499999999999999,0
7,4,770,68,0,0.4087250232696533,0.4499999999999999,0
7,4,771,68,0,0.41074883937835693,0.4499999999999999,0
7,4,772,68,0,0.40576499700546265,0.4499999999999999,0
7,4,773,68,0,0.4057639241218567,0.4499999999999999,0
7,4,774,68,0,0.4134121537208557,0.4499999999999999,0
7,4,775,68,0,0.41882258653640747,0.4499999999999999,0
7,4,776,68,0,0.4087250828742981,0.4499999999999999,0
7,4,787,70,0,0.34415313601493835,0.4499999999999999,0
7,4,788,70,0,0.3441530764102936,0.4499999999999999,0
7,4,789,70,0,0.40872400999069214,0.4499999999999999,0
7,4,790,70,0,0.41750627756118774,0.4499999999999999,0
7,4,791,70,0,0.3523731231689453,0.4499999999999999,0
7,4,792,70,0,0.4111243784427643,0.4499999999999999,0
7,4,793,70,0,0.41409045457839966,0.4499999999999999,0
7,4,794,70,0,0.40872710943222046,0.4499999999999999,0
7,4,795,70,0,0.34768062829971313,0.4499999999999999,0
7,4,796,70,0,0.4077848792076111,0.4499999999999999,0
7,4,887,80,0,0.3432755470275879,0.4499999999999999,0
7,4,888,80,0,0.3469221293926239,0.4499999999999999,0
7,4,889,80,0,0.34604328870773315,0.4499999999999999,0
7,4,890,80,0,0.3432745933532715,0.4499999999999999,0
7,4,891,80,0,0.34138965606689453,0.4499999999999999,0
7,4,892,80,0,0.3413906395435333,0.4499999999999999,0
7,4,893,80,0,0.3413906395435333,0.4499999999999999,0
7,4,894,80,0,0.4133812189102173,0.4499999999999999,0
7,4,895,80,0,0.34767961502075195,0.4499999999999999,0
7,4,896,80,0,0.4282275140285492,0.4499999999999999,0
7,5,2,2,1,0.527540922164917,0.49999999999999994,1
7,5,3,3,1,0.41008174419403076,0.49999999999999994,0
7,5,11,11,1,0.46782705187797546,0.49999999999999994,0
7,5,12,12,1,0.513446569442749,0.49999999999999994,1
7,5,19,19,1,0.46782705187797546,0.49999999999999994,0
7,5,25,25,1,0.513446569442749,0.49999999999999994,1
7,5,27,27,1,0.4713103473186493,0.49999999999999994,0
7,5,28,28,1,0.513446569442749,0.49999999999999994,1
7,5,33,33,1,0.46782708168029785,0.49999999999999994,0
7,5,36,36,1,0.4118601977825165,0.49999999999999994,0
7,5,39,39,1,0.4713103473186493,0.49999999999999994,0
7,5,41,41,1,0.46892252564430237,0.49999999999999994,0
7,5,51,51,1,0.37435001134872437,0.49999999999999994,0
7,5,53,53,1,0.4058157801628113,0.49999999999999994,0
7,5,59,59,1,0.401538223028183,0.49999999999999994,0
7,5,67,67,1,0.46782708168029785,0.49999999999999994,0
7,5,107,2,0,0.3633441627025604,0.49999999999999994,0
7,5,108,2,0,0.36334410309791565,0.49999999999999994,0
7,5,109,2,0,0.3395998477935791,0.49999999999999994,0
7,5,110,2,0,0.3666985332965851,0.49999999999999994,0
7,5,111,2,0,0.3687249720096588,0.49999999999999994,0
7,5,112,2,0,0.33623209595680237,0.49999999999999994,0
7,5,113,2,0,0.3456850051879883,0.49999999999999994,0
7,5,114,2,0,0.33800971508026123,0.49999999999999994,0
7,5,115,2,0,0.3660094738006592,0.49999999999999994,0
7,5,116,2,0,0.36600950360298157,0.49999999999999994,0
7,5,117,3,0,0.36500126123428345,0.49999999999999994,0
7,5,118,3,0,0.3349456191062927,0.49999999999999994,0
7,5,119,3,0,0.3643643260002136,0.49999999999999994,0
7,5,120,3,0,0.363345742225647,0.49999999999999994,0
7,5,121,3,0,0.3367508053779602,0.49999999999999994,0
7,5,122,3,0,0.3653722405433655,0.49999999999999994,0
7,5,123,3,0,0.36436426639556885,0.49999999999999994,0
7,5,124,3,0,0.3395998477935791,0.49999999999999994,0
7,5,125,3,0,0.36334410309791565,0.49999999999999994,0
7,5,126,3,0,0.33397603034973145,0.49999999999999994,0
7,5,197,11,0,0.33300983905792236,0.49999999999999994,0
7,5,198,11,0,0.33159786462783813,0.49999999999999994,0
7,5,199,11,0,0.36352816224098206,0.49999999999999994,0
7,5,200,11,0,0.33159735798835754,0.49999999999999994,0
7,5,201,11,0,0.33159738779067993,0.49999999999999994,0
7,5,202,11,0,0.3620586395263672,0.49999999999999994,0
7,5,203,11,0,0.33159786462783813,0.49999999999999994,0
7,5,204,11,0,0.33159738779067993,0.49999999999999994,0
7,5,205,11,0,0.3633451461791992,0.49999999999999994,0
7,5,206,11,0,0.364351361989975,0.49999999999999994,0
7,5,207,12,0,0.33159786462783813,0.49999999999999994,0
7,5,208,12,0,0.33256152272224426,0.49999999999999994,0
7,5,209,12,0,0.33256205916404724,0.49999999999999994,0
7,5,210,12,0,0.3643503487110138,0.49999999999999994,0
7,5,211,12,0,0.33159786462783813,0.49999999999999994,0
7,5,212,12,0,0.33159786462783813,0.49999999999999994,0
7,5,213,12,0,0.3713729977607727,0.49999999999999994,0
7,5,214,12,0,0.33159732818603516,0.49999999999999994,0
7,5,215,12,0,0.33300983905792236,0.49999999999999994,0
7,5,216,12,0,0.33300983905792236,0.49999999999999994,0
7,5,277,19,0,0.3330126106739044,0.49999999999999994,0
7,5,278,19,0,0.3698617219924927,0.49999999999999994,0
7,5,279,19,0,0.3315984010696411,0.49999999999999994,0
7,5,280,19,0,0.3633451759815216,0.49999999999999994,0
7,5,281,19,0,0.33159738779067993,0.49999999999999994,0
7,5,282,19,0,0.33300983905792236,0.49999999999999994,0
7,5,283,19,0,0.33301034569740295,0.49999999999999994,0
7,5,284,19,0,0.36847394704818726,0.49999999999999994,0
7,5,285,19,0,0.3633446991443634,0.49999999999999994,0
7,5,286,19,0,0.34452149271965027,0.49999999999999994,0
7,5,337,25,0,0.33159738779067993,0.49999999999999994,0
7,5,338,25,0,0.33159732818603516,0.49999999999999994,0
7,5,339,25,0,0.33159732818603516,0.49999999999999994,0
7,5,340,25,0,0.33159735798835754,0.49999999999999994,0
7,5,341,25,0,0.33159786462783813,0.49999999999999994,0
7,5,342,25,0,0.4713103473186493,0.49999999999999994,0
7,5,343,25,0,0.36334356665611267,0.49999999999999994,0
7,5,344,25,0,0.3633444905281067,0.49999999999999994,0
7,5,345,25,0,0.3643508851528168,0.49999999999999994,0
7,5,346,25,0,0.36334410309791565,0.49999999999999994,0
7,5,357,27,0,0.3633444905281067,0.49999999999999994,0
7,5,358,27,0,0.36334410309791565,0.49999999999999994,0
7,5,359,27,0,0.36334410309791565,0.49999999999999994,0
7,5,360,27,0,0.3668975532054901,0.49999999999999994,0
7,5,361,27,0,0.36435073614120483,0.49999999999999994,0
7,5,362,27,0,0.40881070494651794,0.49999999999999994,0
7,5,363,27,0,0.3643518090248108,0.49999999999999994,0
7,5,364,27,0,0.3643508851528168,0.49999999999999994,0
7,5,365,27,0,0.331600159406662,0.49999999999999994,0
7,5,366,27,0,0.33159735798835754,0.49999999999999994,0
7,5,367,28,0,0.36334800720214844,0.49999999999999994,0
7,5,368,28,0,0.3330107033252716,0.49999999999999994,0
7,5,369,28,0,0.36435094475746155,0.49999999999999994,0
7,5,370,28,0,0.36435091495513916,0.49999999999999994,0
7,5,371,28,0,0.36435145139694214,0.49999999999999994,0
7,5,372,28,0,0.33159777522087097,0.49999999999999994,0
7,5,373,28,0,0.363529771566391,0.49999999999999994,0
7,5,374,28,0,0.36435091495513916,0.49999999999999994,0
7,5,375,28,0,0.36334505677223206,0.49999999999999994,0
7,5,376,28,0,0.3330093026161194,0.49999999999999994,0
7,5,417,33,0,0.33623042702674866,0.49999999999999994,0
7,5,418,33,0,0.33623042702674866,0.49999999999999994,0
7,5,419,33,0,0.36435145139694214,0.49999999999999994,0
7,5,420,33,0,0.3325614929199219,0.49999999999999994,0
7,5,421,33,0,0.33300983905792236,0.49999999999999994,0
7,5,422,33,0,0.3669922351837158,0.49999999999999994,0
7,5,423,33,0,0.33256152272224426,0.49999999999999994,0
7,5,424,33,0,0.4042772054672241,0.49999999999999994,0
7,5,425,33,0,0.33159786462783813,0.49999999999999994,0
7,5,426,33,0,0.33159735798835754,0.49999999999999994,0
7,5,447,36,0,0.3618732690811157,0.49999999999999994,0
7,5,448,36,0,0.3645345866680145,0.49999999999999994,0
7,5,449,36,0,0.3700298070907593,0.49999999999999994,0
7,5,450,36,0,0.33737912774086,0.49999999999999994,0
7,5,451,36,0,0.33159786462783813,0.49999999999999994,0
7,5,452,36,0,0.3633446991443634,0.49999999999999994,0
7,5,453,36,0,0.33256253600120544,0.49999999999999994,0
7,5,454,36,0,0.33256328105926514,0.49999999999999994,0
7,5,455,36,0,0.3618732690811157,0.49999999999999994,0
7,5,456,36,0,0.3700298070907593,0.49999999999999994,0
7,5,477,39,0,0.33159738779067993,0.49999999999999994,0
7,5,478,39,0,0.33256256580352783,0.49999999999999994,0
7,5,479,39,0,0.33256253600120544,0.49999999999999994,0
7,5,480,39,0,0.3640689253807068,0.49999999999999994,0
7,5,481,39,0,0.33301040530204773,0.49999999999999994,0
7,5,482,39,0,0.33159786462783813,0.49999999999999994,0
7,5,483,39,0,0.3645351529121399,0.49999999999999994,0
7,5,484,39,0,0.3643569052219391,0.49999999999999994,0
7,5,485,39,0,0.36961424350738525,0.49999999999999994,0
7,5,486,39,0,0.36961424350738525,0.49999999999999994,0
7,5,497,41,0,0.336230605840683,0.49999999999999994,0
7,5,498,41,0,0.3666970133781433,0.49999999999999994,0
7,5,499,41,0,0.4270554482936859,0.49999999999999994,0
7,5,500,41,0,0.3718447685241699,0.49999999999999994,0
7,5,501,41,0,0.3618732690811157,0.49999999999999994,0
7,5,502,41,0,0.3643508851528168,0.49999999999999994,0
7,5,503,41,0,0.3627077043056488,0.49999999999999994,0
7,5,504,41,0,0.3652193546295166,0.49999999999999994,0
7,5,505,41,0,0.33256202936172485,0.49999999999999994,0
7,5,506,41,0,0.3618732988834381,0.49999999999999994,0
7,5,597,51,0,0.40153881907463074,0.49999999999999994,0
7,5,598,51,0,0.36535724997520447,0.49999999999999994,0
7,5,599,51,0,0.3618732988834381,0.49999999999999994,0
7,5,600,51,0,0.36753565073013306,0.49999999999999994,0
7,5,601,51,0,0.3323989510536194,0.49999999999999994,0
7,5,602,51,0,0.366228848695755,0.49999999999999994,0
7,5,603,51,0,0.36535727977752686,0.49999999999999994,0
7,5,604,51,0,0.36753565073013306,0.49999999999999994,0
7,5,605,51,0,0.33481189608573914,0.49999999999999994,0
7,5,606,51,0,0.33256253600120544,0.49999999999999994,0
7,5,617,53,0,0.33256202936172485,0.49999999999999994,0
7,5,618,53,0,0.33577993512153625,0.49999999999999994,0
7,5,619,53,0,0.3677065968513489,0.49999999999999994,0
7,5,620,53,0,0.33256253600120544,0.49999999999999994,0
7,5,621,53,0,0.33256253600120544,0.49999999999999994,0
7,5,622,53,0,0.3663744032382965,0.49999999999999994,0
7,5,623,53,0,0.33159738779067993,0.49999999999999994,0
7,5,624,53,0,0.36636194586753845,0.49999999999999994,0
7,5,625,53,0,0.33623093366622925,0.49999999999999994,0
7,5,626,53,0,0.3678409159183502,0.49999999999999994,0
7,5,677,59,0,0.33256199955940247,0.49999999999999994,0
7,5,678,59,0,0.33159786462783813,0.49999999999999994,0
7,5,679,59,0,0.33159735798835754,0.49999999999999994,0
7,5,680,59,0,0.33159738779067993,0.49999999999999994,0
7,5,681,59,0,0.33159732818603516,0.49999999999999994,0
7,5,682,59,0,0.33159777522087097,0.49999999999999994,0
7,5,683,59,0,0.33159777522087097,0.49999999999999994,0
7,5,684,59,0,0.33577993512153625,0.49999999999999994,0
7,5,685,59,0,0.3673730194568634,0.49999999999999994,0
7,5,686,59,0,0.3315978944301605,0.49999999999999994,0
7,5,757,67,0,0.36585381627082825,0.49999999999999994,0
7,5,758,67,0,0.370046466588974,0.49999999999999994,0
7,5,759,67,0,0.3618738353252411,0.49999999999999994,0
7,5,760,67,0,0.3633505702018738,0.49999999999999994,0
7,5,761,67,0,0.3668806552886963,0.49999999999999994,0
7,5,762,67,0,0.3985735774040222,0.49999999999999994,0
7,5,763,67,0,0.33481115102767944,0.49999999999999994,0
7,5,764,67,0,0.33301088213920593,0.49999999999999994,0
7,5,765,67,0,0.3668806552886963,0.49999999999999994,0
7,5,766,67,0,0.36287835240364075,0.49999999999999994,0
8,1,1,1,1,0.45551830530166626,0.5049999999999999,0
8,1,10,10,1,0.46193113923072815,0.5049999999999999,0
8,1,18,18,1,0.4973554015159607,0.5049999999999999,0
8,1,30,30,1,0.4779178500175476,0.5049999999999999,0
8,1,34,34,1,0.480576753616333,0.5049999999999999,0
8,1,36,36,1,0.45600372552871704,0.5049999999999999,0
8,1,38,38,1,0.480576753616333,0.5049999999999999,0
8,1,40,40,1,0.45600470900535583,0.5049999999999999,0
8,1,41,41,1,0.47836676239967346,0.5049999999999999,0
8,1,53,53,1,0.4522451162338257,0.5049999999999999,0
8,1,59,59,1,0.4504458010196686,0.5049999999999999,0
8,1,66,66,1,0.4217565655708313,0.5049999999999999,0
8,1,73,73,1,0.480576753616333,0.5049999999999999,0
8,1,74,74,1,0.48057669401168823,0.5049999999999999,0
8,1,77,77,1,0.45616376399993896,0.5049999999999999,0
8,1,78,78,1,0.4973554313182831,0.5049999999999999,0
8,1,80,80,1,0.4783630669116974,0.5049999999999999,0
8,1,97,1,0,0.42112281918525696,0.5049999999999999,0
8,1,98,1,0,0.4215562641620636,0.5049999999999999,0
8,1,99,1,0,0.42454439401626587,0.5049999999999999,0
8,1,100,1,0,0.43456220626831055,0.5049999999999999,0
8,1,101,1,0,0.4196805953979492,0.5049999999999999,0
8,1,102,1,0,0.42155584692955017,0.5049999999999999,0
8,1,103,1,0,0.4341246485710144,0.5049999999999999,0
8,1,104,1,0,0.4341248869895935,0.5049999999999999,0
8,1,105,1,0,0.4352954924106598,0.5049999999999999,0
8,1,106,1,0,0.43456169962882996,0.5049999999999999,0
8,1,187,10,0,0.4339224100112915,0.5049999999999999,0
8,1,188,10,0,0.43507835268974304,0.5049999999999999,0
8,1,189,10,0,0.4504458010196686,0.5049999999999999,0
8,1,190,10,0,0.4196803569793701,0.5049999999999999,0
8,1,191,10,0,0.4204874634742737,0.5049999999999999,0
8,1,192,10,0,0.43708398938179016,0.5049999999999999,0
8,1,193,10,0,0.4204876124858856,0.5049999999999999,0
8,1,194,10,0,0.41912633180618286,0.5049999999999999,0
8,1,195,10,0,0.43476471304893494,0.5049999999999999,0
8,1,196,10,0,0.4196808636188507,0.5049999999999999,0
8,1,267,18,0,0.43291014432907104,0.5049999999999999,0
8,1,268,18,0,0.43557918071746826,0.5049999999999999,0
8,1,269,18,0,0.4204876124858856,0.5049999999999999,0
8,1,270,18,0,0.42011758685112,0.5049999999999999,0
8,1,271,18,0,0.4341255724430084,0.5049999999999999,0
8,1,272,18,0,0.43772536516189575,0.5049999999999999,0
8,1,273,18,0,0.4214763343334198,0.5049999999999999,0
8,1,274,18,0,0.4201139211654663,0.5049999999999999,0
8,1,275,18,0,0.4196805953979492,0.5049999999999999,0
8,1,276,18,0,0.4196805953979492,0.5049999999999999,0
8,1,387,30,0,0.4353756308555603,0.5049999999999999,0
8,1,388,30,0,0.4201134741306305,0.5049999999999999,0
8,1,389,30,0,0.4360155761241913,0.5049999999999999,0
8,1,390,30,0,0.4341248869895935,0.5049999999999999,0
8,1,391,30,0,0.4341248869895935,0.5049999999999999,0
8,1,392,30,0,0.4345618486404419,0.5049999999999999,0
8,1,393,30,0,0.4973554313182831,0.5049999999999999,0
8,1,394,30,0,0.43918102979660034,0.5049999999999999,0
8,1,395,30,0,0.41947993636131287,0.5049999999999999,0
8,1,396,30,0,0.41947993636131287,0.5049999999999999,0
8,1,427,34,0,0.4522036015987396,0.5049999999999999,0
8,1,428,34,0,0.4522031545639038,0.5049999999999999,0
8,1,429,34,0,0.4190470278263092,0.5049999999999999,0
8,1,430,34,0,0.4190470278263092,0.5049999999999999,0
8,1,431,34,0,0.4194798767566681,0.5049999999999999,0
8,1,432,34,0,0.41904696822166443,0.5049999999999999,0
8,1,433,34,0,0.4190467894077301,0.5049999999999999,0
8,1,434,34,0,0.45166105031967163,0.5049999999999999,0
8,1,435,34,0,0.4190470278263092,0.5049999999999999,0
8,1,436,34,0,0.4190470278263092,0.5049999999999999,0
8,1,447,36,0,0.4334857761859894,0.5049999999999999,0
8,1,448,36,0,0.43464162945747375,0.5049999999999999,0
8,1,449,36,0,0.4378284215927124,0.5049999999999999,0
8,1,450,36,0,0.42163488268852234,0.5049999999999999,0
8,1,451,36,0,0.4190470278263092,0.5049999999999999,0
8,1,452,36,0,0.4341251254081726,0.5049999999999999,0
8,1,453,36,0,0.4194801151752472,0.5049999999999999,0
8,1,454,36,0,0.41948044300079346,0.5049999999999999,0
8,1,455,36,0,0.433485746383667,0.5049999999999999,0
8,1,456,36,0,0.4378284513950348,0.5049999999999999,0
8,1,467,38,0,0.42112207412719727,0.5049999999999999,0
8,1,468,38,0,0.4190467596054077,0.5049999999999999,0
8,1,469,38,0,0.460750013589859,0.5049999999999999,0
8,1,470,38,0,0.4203145205974579,0.5049999999999999,0
8,1,471,38,0,0.4215555489063263,0.5049999999999999,0
8,1,472,38,0,0.42092087864875793,0.5049999999999999,0
8,1,473,38,0,0.4190468192100525,0.5049999999999999,0
8,1,474,38,0,0.4353756904602051,0.5049999999999999,0
8,1,475,38,0,0.4194798767566681,0.5049999999999999,0
8,1,476,38,0,0.4211220443248749,0.5049999999999999,0
8,1,487,40,0,0.42112189531326294,0.5049999999999999,0
8,1,488,40,0,0.4424107074737549,0.5049999999999999,0
8,1,489,40,0,0.4204874634742737,0.5049999999999999,0
8,1,490,40,0,0.4190467894077301,0.5049999999999999,0
8,1,491,40,0,0.4190468192100525,0.5049999999999999,0
8,1,492,40,0,0.41904696822166443,0.5049999999999999,0
8,1,493,40,0,0.4194798767566681,0.5049999999999999,0
8,1,494,40,0,0.43557849526405334,0.5049999999999999,0
8,1,495,40,0,0.4779178500175476,0.5049999999999999,0
8,1,496,40,0,0.4334859848022461,0.5049999999999999,0
8,1,497,41,0,0.42112213373184204,0.5049999999999999,0
8,1,498,41,0,0.43557873368263245,0.5049999999999999,0
8,1,499,41,0,0.46193116903305054,0.5049999999999999,0
8,1,500,41,0,0.43918105959892273,0.5049999999999999,0
8,1,501,41,0,0.4334857165813446,0.5049999999999999,0
8,1,502,41,0,0.43456193804740906,0.5049999999999999,0
8,1,503,41,0,0.43465617299079895,0.5049999999999999,0
8,1,504,41,0,0.43493860960006714,0.5049999999999999,0
8,1,505,41,0,0.4194798767566681,0.5049999999999999,0
8,1,506,41,0,0.4334857165813446,0.5049999999999999,0
8,1,617,53,0,0.41947993636131287,0.5049999999999999,0
8,1,618,53,0,0.4209209084510803,0.5049999999999999,0
8,1,619,53,0,0.43601563572883606,0.5049999999999999,0
8,1,620,53,0,0.4194801151752472,0.5049999999999999,0
8,1,621,53,0,0.41948017477989197,0.5049999999999999,0
8,1,622,53,0,0.4354390799999237,0.5049999999999999,0
8,1,623,53,0,0.4190467894077301,0.5049999999999999,0
8,1,624,53,0,0.434362530708313,0.5049999999999999,0
8,1,625,53,0,0.421122282743454,0.5049999999999999,0
8,1,626,53,0,0.4350021481513977,0.5049999999999999,0
8,1,677,59,0,0.4194798767566681,0.5049999999999999,0
8,1,678,59,0,0.4190470278263092,0.5049999999999999,0
8,1,679,59,0,0.4190468192100525,0.5049999999999999,0
8,1,680,59,0,0.4190467894077301,0.5049999999999999,0
8,1,681,59,0,0.4190468192100525,0.5049999999999999,0
8,1,682,59,0,0.41904696822166443,0.5049999999999999,0
8,1,683,59,0,0.41904696822166443,0.5049999999999999,0
8,1,684,59,0,0.4209209084510803,0.5049999999999999,0
8,1,685,59,0,0.4347999691963196,0.5049999999999999,0
8,1,686,59,0,0.4190469980239868,0.5049999999999999,0
8,1,747,66,0,0.41947993636131287,0.5049999999999999,0
8,1,748,66,0,0.4190467894077301,0.5049999999999999,0
8,1,749,66,0,0.4190467894077301,0.5049999999999999,0
8,1,750,66,0,0.4371854066848755,0.5049999999999999,0
8,1,751,66,0,0.43456193804740906,0.5049999999999999,0
8,1,752,66,0,0.4345618486404419,0.5049999999999999,0
8,1,753,66,0,0.41904720664024353,0.5049999999999999,0
8,1,754,66,0,0.4341280162334442,0.5049999999999999,0
8,1,755,66,0,0.43412846326828003,0.5049999999999999,0
8,1,756,66,0,0.4341280162334442,0.5049999999999999,0
8,1,817,73,0,0.4196808934211731,0.5049999999999999,0
8,1,818,73,0,0.41968077421188354,0.5049999999999999,0
8,1,819,73,0,0.41968080401420593,0.5049999999999999,0
8,1,820,73,0,0.4196808636188507,0.5049999999999999,0
8,1,821,73,0,0.41968101263046265,0.5049999999999999,0
8,1,822,73,0,0.41968077421188354,0.5049999999999999,0
8,1,823,73,0,0.41968101263046265,0.5049999999999999,0
8,1,824,73,0,0.41968125104904175,0.5049999999999999,0
8,1,825,73,0,0.4190469980239868,0.5049999999999999,0
8,1,826,73,0,0.4345642626285553,0.5049999999999999,0
8,1,827,74,0,0.4190470278263092,0.5049999999999999,0
8,1,828,74,0,0.43412572145462036,0.5049999999999999,0
8,1,829,74,0,0.4385402500629425,0.5049999999999999,0
8,1,830,74,0,0.4349989891052246,0.5049999999999999,0
8,1,831,74,0,0.419680655002594,0.5049999999999999,0
8,1,832,74,0,0.4196805953979492,0.5049999999999999,0
8,1,833,74,0,0.41904696822166443,0.5049999999999999,0
8,1,834,74,0,0.41904696822166443,0.5049999999999999,0
8,1,835,74,0,0.421122282743454,0.5049999999999999,0
8,1,836,74,0,0.41968104243278503,0.5049999999999999,0
8,1,857,77,0,0.4334857165813446,0.5049999999999999,0
8,1,858,77,0,0.4194798767566681,0.5049999999999999,0
8,1,859,77,0,0.4334857165813446,0.5049999999999999,0
8,1,860,77,0,0.4194796681404114,0.5049999999999999,0
8,1,861,77,0,0.4349992871284485,0.5049999999999999,0
8,1,862,77,0,0.4349393844604492,0.5049999999999999,0
8,1,863,77,0,0.4190467894077301,0.5049999999999999,0
8,1,864,77,0,0.4339222013950348,0.5049999999999999,0
8,1,865,77,0,0.4194798767566681,0.5049999999999999,0
8,1,866,77,0,0.4196805953979492,0.5049999999999999,0
8,1,867,78,0,0.42048802971839905,0.5049999999999999,0
8,1,868,78,0,0.419479638338089,0.5049999999999999,0
8,1,869,78,0,0.4334855377674103,0.5049999999999999,0
8,1,870,78,0,0.4334855079650879,0.5049999999999999,0
8,1,871,78,0,0.43507859110832214,0.5049999999999999,0
8,1,872,78,0,0.4204879701137543,0.5049999999999999,0
8,1,873,78,0,0.4204879701137543,0.5049999999999999,0
8,1,874,78,0,0.4203145205974579,0.5049999999999999,0
8,1,875,78,0,0.433485746383667,0.5049999999999999,0
8,1,876,78,0,0.41947993636131287,0.5049999999999999,0
8,1,887,80,0,0.4194798767566681,0.5049999999999999,0
8,1,888,80,0,0.4203145205974579,0.5049999999999999,0
8,1,889,80,0,0.4201136827468872,0.5049999999999999,0
8,1,890,80,0,0.4194796681404114,0.5049999999999999,0
8,1,891,80,0,0.4190467596054077,0.5049999999999999,0
8,1,892,80,0,0.4190469980239868,0.5049999999999999,0
8,1,893,80,0,0.4190470278263092,0.5049999999999999,0
8,1,894,80,0,0.4350021779537201,0.5049999999999999,0
8,1,895,80,0,0.4204874634742737,0.5049999999999999,0
8,1,896,80,0,0.4385398328304291,0.5049999999999999,0
8,2,4,4,1,0.5502203106880188,0.4799999999999999,1
8,2,9,9,1,0.5479358434677124,0.4799999999999999,1
8,2,11,11,1,0.5479359030723572,0.4799999999999999,1
8,2,20,20,1,0.5479359030723572,0.4799999999999999,1
8,2,24,24,1,0.5502203702926636,0.4799999999999999,1
8,2,27,27,1,0.5502203106880188,0.4799999999999999,1
8,2,28,28,1,0.5665518641471863,0.4799999999999999,1
8,2,29,29,1,0.5213541388511658,0.4799999999999999,1
8,2,35,35,1,0.5502203106880188,0.4799999999999999,1
8,2,39,39,1,0.5502203106880188,0.4799999999999999,1
8,2,49,49,1,0.5199956297874451,0.4799999999999999,1
8,2,51,51,1,0.5014306902885437,0.4799999999999999,1
8,2,62,62,1,0.5665518641471863,0.4799999999999999,1
8,2,69,69,1,0.5272139310836792,0.4799999999999999,1
8,2,70,70,1,0.5213553309440613,0.4799999999999999,1
8,2,79,79,1,0.5479359030723572,0.4799999999999999,1
8,2,127,4,0,0.48114001750946045,0.4799999999999999,1
8,2,128,4,0,0.4820241928100586,0.4799999999999999,1
8,2,129,4,0,0.48309817910194397,0.4799999999999999,1
8,2,130,4,0,0.49885550141334534,0.4799999999999999,1
8,2,131,4,0,0.49606072902679443,0.4799999999999999,1
8,2,132,4,0,0.49552401900291443,0.4799999999999999,1
8,2,133,4,0,0.49845683574676514,0.4799999999999999,1
8,2,134,4,0,0.5000633001327515,0.4799999999999999,1
8,2,135,4,0,0.48424938321113586,0.4799999999999999,1
8,2,136,4,0,0.48503535985946655,0.4799999999999999,1
8,2,177,9,0,0.5119242668151855,0.4799999999999999,1
8,2,178,9,0,0.4819265604019165,0.4799999999999999,1
8,2,179,9,0,0.48113974928855896,0.4799999999999999,1
8,2,180,9,0,0.48114001750946045,0.4799999999999999,1
8,2,181,9,0,0.48114004731178284,0.4799999999999999,1
8,2,182,9,0,0.4819265305995941,0.4799999999999999,1
8,2,183,9,0,0.4955229163169861,0.4799999999999999,1
8,2,184,9,0,0.4811403453350067,0.4799999999999999,1
8,2,185,9,0,0.4819262623786926,0.4799999999999999,1
8,2,186,9,0,0.4837121069431305,0.4799999999999999,1
8,2,197,11,0,0.48192569613456726,0.4799999999999999,1
8,2,198,11,0,0.48114001750946045,0.4799999999999999,1
8,2,199,11,0,0.4955933392047882,0.4799999999999999,1
8,2,200,11,0,0.48113974928855896,0.4799999999999999,1
8,2,201,11,0,0.48113974928855896,0.4799999999999999,1
8,2,202,11,0,0.49480751156806946,0.4799999999999999,1
8,2,203,11,0,0.48114001750946045,0.4799999999999999,1
8,2,204,11,0,0.48113974928855896,0.4799999999999999,1
8,2,205,11,0,0.49552351236343384,0.4799999999999999,1
8,2,206,11,0,0.49606096744537354,0.4799999999999999,1
8,2,287,20,0,0.5157111287117004,0.4799999999999999,1
8,2,288,20,0,0.49606385827064514,0.4799999999999999,1
8,2,289,20,0,0.5143464207649231,0.4799999999999999,1
8,2,290,20,0,0.48192569613456726,0.4799999999999999,1
8,2,291,20,0,0.5502203106880188,0.4799999999999999,1
8,2,292,20,0,0.48113974928855896,0.4799999999999999,1
8,2,293,20,0,0.48167651891708374,0.4799999999999999,1
8,2,294,20,0,0.5037481188774109,0.4799999999999999,1
8,2,295,20,0,0.48113977909088135,0.4799999999999999,1
8,2,296,20,0,0.4829265773296356,0.4799999999999999,1
8,2,327,24,0,0.48114001750946045,0.4799999999999999,1
8,2,328,24,0,0.48114001750946045,0.4799999999999999,1
8,2,329,24,0,0.4816765785217285,0.4799999999999999,1
8,2,330,24,0,0.48114001750946045,0.4799999999999999,1
8,2,331,24,0,0.5008476972579956,0.4799999999999999,1
8,2,332,24,0,0.4816768169403076,0.4799999999999999,1
8,2,333,24,0,0.4816768169403076,0.4799999999999999,1
8,2,334,24,0,0.4816768169403076,0.4799999999999999,1
8,2,335,24,0,0.48114001750946045,0.4799999999999999,1
8,2,336,24,0,0.4816768169403076,0.4799999999999999,1
8,2,357,27,0,0.4955231249332428,0.4799999999999999,1
8,2,358,27,0,0.4955229163169861,0.4799999999999999,1
8,2,359,27,0,0.49552294611930847,0.4799999999999999,1
8,2,360,27,0,0.49741822481155396,0.4799999999999999,1
8,2,361,27,0,0.49606063961982727,0.4799999999999999,1
8,2,362,27,0,0.5159813165664673,0.4799999999999999,1
8,2,363,27,0,0.49606120586395264,0.4799999999999999,1
8,2,364,27,0,0.49606072902679443,0.4799999999999999,1
8,2,365,27,0,0.4811412990093231,0.4799999999999999,1
8,2,366,27,0,0.48113974928855896,0.4799999999999999,1
8,2,367,28,0,0.4955250322818756,0.4799999999999999,1
8,2,368,28,0,0.48192620277404785,0.4799999999999999,1
8,2,369,28,0,0.49606072902679443,0.4799999999999999,1
8,2,370,28,0,0.49606072902679443,0.4799999999999999,1
8,2,371,28,0,0.4960609972476959,0.4799999999999999,1
8,2,372,28,0,0.4811399579048157,0.4799999999999999,1
8,2,373,28,0,0.49559420347213745,0.4799999999999999,1
8,2,374,28,0,0.49606072902679443,0.4799999999999999,1
8,2,375,28,0,0.4955233931541443,0.4799999999999999,1
8,2,376,28,0,0.4819253981113434,0.4799999999999999,1
8,2,377,29,0,0.5155284404754639,0.4799999999999999,1
8,2,378,29,0,0.49606043100357056,0.4799999999999999,1
8,2,379,29,0,0.4955250024795532,0.4799999999999999,1
8,2,380,29,0,0.4955250322818756,0.4799999999999999,1
8,2,381,29,0,0.49606072902679443,0.4799999999999999,1
8,2,382,29,0,0.4960609972476959,0.4799999999999999,1
8,2,383,29,0,0.49999627470970154,0.4799999999999999,1
8,2,384,29,0,0.4819253981113434,0.4799999999999999,1
8,2,385,29,0,0.48192542791366577,0.4799999999999999,1
8,2,386,29,0,0.4816768169403076,0.4799999999999999,1
8,2,437,35,0,0.48292601108551025,0.4799999999999999,1
8,2,438,35,0,0.48113974928855896,0.4799999999999999,1
8,2,439,35,0,0.48113977909088135,0.4799999999999999,1
8,2,440,35,0,0.5039031505584717,0.4799999999999999,1
8,2,441,35,0,0.48113974928855896,0.4799999999999999,1
8,2,442,35,0,0.4816768169403076,0.4799999999999999,1
8,2,443,35,0,0.5091233253479004,0.4799999999999999,1
8,2,444,35,0,0.5213541388511658,0.4799999999999999,1
8,2,445,35,0,0.4811399579048157,0.4799999999999999,1
8,2,446,35,0,0.48246222734451294,0.4799999999999999,1
8,2,477,39,0,0.48113974928855896,0.4799999999999999,1
8,2,478,39,0,0.4816770851612091,0.4799999999999999,1
8,2,479,39,0,0.4816770851612091,0.4799999999999999,1
8,2,480,39,0,0.4958823025226593,0.4799999999999999,1
8,2,481,39,0,0.48192596435546875,0.4799999999999999,1
8,2,482,39,0,0.48114001750946045,0.4799999999999999,1
8,2,483,39,0,0.4961310923099518,0.4799999999999999,1
8,2,484,39,0,0.4960639476776123,0.4799999999999999,1
8,2,485,39,0,0.5023676156997681,0.4799999999999999,1
8,2,486,39,0,0.5023676156997681,0.4799999999999999,1
8,2,577,49,0,0.48113974928855896,0.4799999999999999,1
8,2,578,49,0,0.4811399579048157,0.4799999999999999,1
8,2,579,49,0,0.48114001750946045,0.4799999999999999,1
8,2,580,49,0,0.4811399579048157,0.4799999999999999,1
8,2,581,49,0,0.5000609159469604,0.4799999999999999,1
8,2,582,49,0,0.4834628403186798,0.4799999999999999,1
8,2,583,49,0,0.5008476972579956,0.4799999999999999,1
8,2,584,49,0,0.48114001750946045,0.4799999999999999,1
8,2,585,49,0,0.4811399579048157,0.4799999999999999,1
8,2,586,49,0,0.48114001750946045,0.4799999999999999,1
8,2,597,51,0,0.5155239105224609,0.4799999999999999,1
8,2,598,51,0,0.49659761786460876,0.4799999999999999,1
8,2,599,51,0,0.49473628401756287,0.4799999999999999,1
8,2,600,51,0,0.49805977940559387,0.4799999999999999,1
8,2,601,51,0,0.48188769817352295,0.4799999999999999,1
8,2,602,51,0,0.49706223607063293,0.4799999999999999,1
8,2,603,51,0,0.49659761786460876,0.4799999999999999,1
8,2,604,51,0,0.49805977940559387,0.4799999999999999,1
8,2,605,51,0,0.48292630910873413,0.4799999999999999,1
8,2,606,51,0,0.4816770851612091,0.4799999999999999,1
8,2,707,62,0,0.48113974928855896,0.4799999999999999,1
8,2,708,62,0,0.48114001750946045,0.4799999999999999,1
8,2,709,62,0,0.49666890501976013,0.4799999999999999,1
8,2,710,62,0,0.48192569613456726,0.4799999999999999,1
8,2,711,62,0,0.48292630910873413,0.4799999999999999,1
8,2,712,62,0,0.48113974928855896,0.4799999999999999,1
8,2,713,62,0,0.483462929725647,0.4799999999999999,1
8,2,714,62,0,0.49473628401756287,0.4799999999999999,1
8,2,715,62,0,0.48114001750946045,0.4799999999999999,1
8,2,716,62,0,0.4816768169403076,0.4799999999999999,1
8,2,777,69,0,0.4965994358062744,0.4799999999999999,1
8,2,778,69,0,0.49606072902679443,0.4799999999999999,1
8,2,779,69,0,0.49552321434020996,0.4799999999999999,1
8,2,780,69,0,0.48192596435546875,0.4799999999999999,1
8,2,781,69,0,0.4960644841194153,0.4799999999999999,1
8,2,782,69,0,0.48271217942237854,0.4799999999999999,1
8,2,783,69,0,0.48113974928855896,0.4799999999999999,1
8,2,784,69,0,0.5119913816452026,0.4799999999999999,1
8,2,785,69,0,0.48114001750946045,0.4799999999999999,1
8,2,786,69,0,0.49527403712272644,0.4799999999999999,1
8,2,787,70,0,0.4819262623786926,0.4799999999999999,1
8,2,788,70,0,0.4819262623786926,0.4799999999999999,1
8,2,789,70,0,0.49552321434020996,0.4799999999999999,1
8,2,790,70,0,0.4978488087654114,0.4799999999999999,1
8,2,791,70,0,0.4842488169670105,0.4799999999999999,1
8,2,792,70,0,0.49613237380981445,0.4799999999999999,1
8,2,793,70,0,0.49691805243492126,0.4799999999999999,1
8,2,794,70,0,0.4955240488052368,0.4799999999999999,1
8,2,795,70,0,0.48292598128318787,0.4799999999999999,1
8,2,796,70,0,0.4952736496925354,0.4799999999999999,1
8,2,877,79,0,0.49527376890182495,0.4799999999999999,1
8,2,878,79,0,0.4842487573623657,0.4799999999999999,1
8,2,879,79,0,0.495522677898407,0.4799999999999999,1
8,2,880,79,0,0.49552294611930847,0.4799999999999999,1
8,2,881,79,0,0.4947360157966614,0.4799999999999999,1
8,2,882,79,0,0.494735985994339,0.4799999999999999,1
8,2,883,79,0,0.495522677898407,0.4799999999999999,1
8,2,884,79,0,0.494735985994339,0.4799999999999999,1
8,2,885,79,0,0.49473604559898376,0.4799999999999999,1
8,2,886,79,0,0.4947360157966614,0.4799999999999999,1
8,3,2,2,1,0.5523607134819031,0.5249999999999999,1
8,3,5,5,1,0.5311517119407654,0.5249999999999999,1
8,3,7,7,1,0.5069001317024231,0.5249999999999999,0
8,3,8,8,1,0.5128882527351379,0.5249999999999999,0
8,3,14,14,1,0.529818058013916,0.5249999999999999,1
8,3,15,15,1,0.5468525290489197,0.5249999999999999,1
8,3,25,25,1,0.5468525290489197,0.5249999999999999,1
8,3,26,26,1,0.5069001317024231,0.5249999999999999,0
8,3,37,37,1,0.5311517119407654,0.5249999999999999,1
8,3,44,44,1,0.5029289126396179,0.5249999999999999,0
8,3,47,47,1,0.5523607134819031,0.5249999999999999,1
8,3,52,52,1,0.5057183504104614,0.5249999999999999,0
8,3,55,55,1,0.5473943948745728,0.5249999999999999,1
8,3,58,58,1,0.5311517119407654,0.5249999999999999,1
8,3,65,65,1,0.5069010257720947,0.5249999999999999,0
8,3,76,76,1,0.5104092359542847,0.5249999999999999,0
8,3,107,2,0,0.48641008138656616,0.5249999999999999,0
8,3,108,2,0,0.48641008138656616,0.5249999999999999,0
8,3,109,2,0,0.4769512116909027,0.5249999999999999,0
8,3,110,2,0,0.48786142468452454,0.5249999999999999,0
8,3,111,2,0,0.4887317419052124,0.5249999999999999,0
8,3,112,2,0,0.4754464030265808,0.5249999999999999,0
8,3,113,2,0,0.4796534776687622,0.5249999999999999,0
8,3,114,2,0,0.4761894941329956,0.5249999999999999,0
8,3,115,2,0,0.48756399750709534,0.5249999999999999,0
8,3,116,2,0,0.48756399750709534,0.5249999999999999,0
8,3,137,5,0,0.49313774704933167,0.5249999999999999,0
8,3,138,5,0,0.5523607134819031,0.5249999999999999,1
8,3,139,5,0,0.48608145117759705,0.5249999999999999,0
8,3,140,5,0,0.4857703745365143,0.5249999999999999,0
8,3,141,5,0,0.487050861120224,0.5249999999999999,0
8,3,142,5,0,0.4750702977180481,0.5249999999999999,0
8,3,143,5,0,0.4868448078632355,0.5249999999999999,0
8,3,144,5,0,0.48727965354919434,0.5249999999999999,0
8,3,145,5,0,0.4915776550769806,0.5249999999999999,0
8,3,146,5,0,0.5020464062690735,0.5249999999999999,0
8,3,157,7,0,0.4739975929260254,0.5249999999999999,0
8,3,158,7,0,0.4739980697631836,0.5249999999999999,0
8,3,159,7,0,0.4737922251224518,0.5249999999999999,0
8,3,160,7,0,0.48641008138656616,0.5249999999999999,0
8,3,161,7,0,0.4857698678970337,0.5249999999999999,0
8,3,162,7,0,0.4857698678970337,0.5249999999999999,0
8,3,163,7,0,0.48608073592185974,0.5249999999999999,0
8,3,164,7,0,0.47463729977607727,0.5249999999999999,0
8,3,165,7,0,0.48608124256134033,0.5249999999999999,0
8,3,166,7,0,0.48641079664230347,0.5249999999999999,0
8,3,167,8,0,0.4737919569015503,0.5249999999999999,0
8,3,168,8,0,0.4739982783794403,0.5249999999999999,0
8,3,169,8,0,0.48608100414276123,0.5249999999999999,0
8,3,170,8,0,0.4739982783794403,0.5249999999999999,0
8,3,171,8,0,0.4733595848083496,0.5249999999999999,0
8,3,172,8,0,0.4750698506832123,0.5249999999999999,0
8,3,173,8,0,0.4864102900028229,0.5249999999999999,0
8,3,174,8,0,0.4733591377735138,0.5249999999999999,0
8,3,175,8,0,0.48649078607559204,0.5249999999999999,0
8,3,176,8,0,0.4733591377735138,0.5249999999999999,0
8,3,227,14,0,0.4748065769672394,0.5249999999999999,0
8,3,228,14,0,0.47544533014297485,0.5249999999999999,0
8,3,229,14,0,0.47544601559638977,0.5249999999999999,0
8,3,230,14,0,0.4864106774330139,0.5249999999999999,0
8,3,231,14,0,0.4748067855834961,0.5249999999999999,0
8,3,232,14,0,0.4755255877971649,0.5249999999999999,0
8,3,233,14,0,0.4857701063156128,0.5249999999999999,0
8,3,234,14,0,0.48852163553237915,0.5249999999999999,0
8,3,235,14,0,0.4737919569015503,0.5249999999999999,0
8,3,236,14,0,0.4864104688167572,0.5249999999999999,0
8,3,237,15,0,0.48577025532722473,0.5249999999999999,0
8,3,238,15,0,0.47480666637420654,0.5249999999999999,0
8,3,239,15,0,0.47443076968193054,0.5249999999999999,0
8,3,240,15,0,0.5062360763549805,0.5249999999999999,0
8,3,241,15,0,0.48786118626594543,0.5249999999999999,0
8,3,242,15,0,0.5056801438331604,0.5249999999999999,0
8,3,243,15,0,0.48641055822372437,0.5249999999999999,0
8,3,244,15,0,0.5039600133895874,0.5249999999999999,0
8,3,245,15,0,0.47544601559638977,0.5249999999999999,0
8,3,246,15,0,0.48641008138656616,0.5249999999999999,0
8,3,337,25,0,0.4733588695526123,0.5249999999999999,0
8,3,338,25,0,0.4733588993549347,0.5249999999999999,0
8,3,339,25,0,0.4733588993549347,0.5249999999999999,0
8,3,340,25,0,0.4733588993549347,0.5249999999999999,0
8,3,341,25,0,0.4733591377735138,0.5249999999999999,0
8,3,342,25,0,0.5311517715454102,0.5249999999999999,1
8,3,343,25,0,0.4864098131656647,0.5249999999999999,0
8,3,344,25,0,0.4864102303981781,0.5249999999999999,0
8,3,345,25,0,0.48684442043304443,0.5249999999999999,0
8,3,346,25,0,0.48641008138656616,0.5249999999999999,0
8,3,347,26,0,0.4898642301559448,0.5249999999999999,0
8,3,348,26,0,0.4737919569015503,0.5249999999999999,0
8,3,349,26,0,0.48786118626594543,0.5249999999999999,0
8,3,350,26,0,0.48794347047805786,0.5249999999999999,0
8,3,351,26,0,0.48641031980514526,0.5249999999999999,0
8,3,352,26,0,0.4737919569015503,0.5249999999999999,0
8,3,353,26,0,0.4864906072616577,0.5249999999999999,0
8,3,354,26,0,0.4864903390407562,0.5249999999999999,0
8,3,355,26,0,0.4733588993549347,0.5249999999999999,0
8,3,356,26,0,0.4733588993549347,0.5249999999999999,0
8,3,457,37,0,0.4733588695526123,0.5249999999999999,0
8,3,458,37,0,0.4763951003551483,0.5249999999999999,0
8,3,459,37,0,0.4868448078632355,0.5249999999999999,0
8,3,460,37,0,0.4737919569015503,0.5249999999999999,0
8,3,461,37,0,0.4737922251224518,0.5249999999999999,0
8,3,462,37,0,0.4737919569015503,0.5249999999999999,0
8,3,463,37,0,0.4768279790878296,0.5249999999999999,0
8,3,464,37,0,0.4737922251224518,0.5249999999999999,0
8,3,465,37,0,0.4893694519996643,0.5249999999999999,0
8,3,466,37,0,0.4737922251224518,0.5249999999999999,0
8,3,527,44,0,0.5020550489425659,0.5249999999999999,0
8,3,528,44,0,0.4733588993549347,0.5249999999999999,0
8,3,529,44,0,0.4862039387226105,0.5249999999999999,0
8,3,530,44,0,0.4876546561717987,0.5249999999999999,0
8,3,531,44,0,0.4862041771411896,0.5249999999999999,0
8,3,532,44,0,0.4758791923522949,0.5249999999999999,0
8,3,533,44,0,0.47480645775794983,0.5249999999999999,0
8,3,534,44,0,0.4733588695526123,0.5249999999999999,0
8,3,535,44,0,0.4733588993549347,0.5249999999999999,0
8,3,536,44,0,0.4733588993549347,0.5249999999999999,0
8,3,557,47,0,0.4736693203449249,0.5249999999999999,0
8,3,558,47,0,0.4733588695526123,0.5249999999999999,0
8,3,559,47,0,0.4737917482852936,0.5249999999999999,0
8,3,560,47,0,0.4737919569015503,0.5249999999999999,0
8,3,561,47,0,0.4737919569015503,0.5249999999999999,0
8,3,562,47,0,0.4737917482852936,0.5249999999999999,0
8,3,563,47,0,0.4737922251224518,0.5249999999999999,0
8,3,564,47,0,0.4737919569015503,0.5249999999999999,0
8,3,565,47,0,0.4737917482852936,0.5249999999999999,0
8,3,566,47,0,0.4737919569015503,0.5249999999999999,0
8,3,607,52,0,0.4737922251224518,0.5249999999999999,0
8,3,608,52,0,0.48858362436294556,0.5249999999999999,0
8,3,609,52,0,0.4737917482852936,0.5249999999999999,0
8,3,610,52,0,0.4882951080799103,0.5249999999999999,0
8,3,611,52,0,0.4752398729324341,0.5249999999999999,0
8,3,612,52,0,0.4733588695526123,0.5249999999999999,0
8,3,613,52,0,0.4733588993549347,0.5249999999999999,0
8,3,614,52,0,0.4872358441352844,0.5249999999999999,0
8,3,615,52,0,0.48912015557289124,0.5249999999999999,0
8,3,616,52,0,0.4894590377807617,0.5249999999999999,0
8,3,637,55,0,0.4733588695526123,0.5249999999999999,0
8,3,638,55,0,0.4733588993549347,0.5249999999999999,0
8,3,639,55,0,0.4733588695526123,0.5249999999999999,0
8,3,640,55,0,0.4733591377735138,0.5249999999999999,0
8,3,641,55,0,0.48641008138656616,0.5249999999999999,0
8,3,642,55,0,0.4876944124698639,0.5249999999999999,0
8,3,643,55,0,0.4733588993549347,0.5249999999999999,0
8,3,644,55,0,0.4866381883621216,0.5249999999999999,0
8,3,645,55,0,0.4754454493522644,0.5249999999999999,0
8,3,646,55,0,0.4737917482852936,0.5249999999999999,0
8,3,667,58,0,0.4737919569015503,0.5249999999999999,0
8,3,668,58,0,0.4737917482852936,0.5249999999999999,0
8,3,669,58,0,0.4737919569015503,0.5249999999999999,0
8,3,670,58,0,0.47480666637420654,0.5249999999999999,0
8,3,671,58,0,0.47523969411849976,0.5249999999999999,0
8,3,672,58,0,0.47480645775794983,0.5249999999999999,0
8,3,673,58,0,0.47480645775794983,0.5249999999999999,0
8,3,674,58,0,0.48997241258621216,0.5249999999999999,0
8,3,675,58,0,0.48997241258621216,0.5249999999999999,0
8,3,676,58,0,0.4737919569015503,0.5249999999999999,0
8,3,737,65,0,0.48935040831565857,0.5249999999999999,0
8,3,738,65,0,0.4758794605731964,0.5249999999999999,0
8,3,739,65,0,0.49104833602905273,0.5249999999999999,0
8,3,740,65,0,0.47480645775794983,0.5249999999999999,0
8,3,741,65,0,0.4733588695526123,0.5249999999999999,0
8,3,742,65,0,0.4733588993549347,0.5249999999999999,0
8,3,743,65,0,0.47506603598594666,0.5249999999999999,0
8,3,744,65,0,0.4733591377735138,0.5249999999999999,0
8,3,745,65,0,0.4733588695526123,0.5249999999999999,0
8,3,746,65,0,0.473359078168869,0.5249999999999999,0
8,3,847,76,0,0.47399845719337463,0.5249999999999999,0
8,3,848,76,0,0.4737919569015503,0.5249999999999999,0
8,3,849,76,0,0.4739980697631836,0.5249999999999999,0
8,3,850,76,0,0.48997217416763306,0.5249999999999999,0
8,3,851,76,0,0.48916178941726685,0.5249999999999999,0
8,3,852,76,0,0.5026683807373047,0.5249999999999999,0
8,3,853,76,0,0.4857701063156128,0.5249999999999999,0
8,3,854,76,0,0.48641008138656616,0.5249999999999999,0
8,3,855,76,0,0.4857701063156128,0.5249999999999999,0
8,3,856,76,0,0.47379177808761597,0.5249999999999999,0
8,4,0,0,1,0.4900941848754883,0.5299999999999999,0
8,4,3,3,1,0.4805239737033844,0.5299999999999999,0
8,4,6,6,1,0.5546320080757141,0.5299999999999999,1
8,4,12,12,1,0.5546320080757141,0.5299999999999999,1
8,4,13,13,1,0.48364999890327454,0.5299999999999999,0
8,4,17,17,1,0.5259016752243042,0.5299999999999999,0
8,4,33,33,1,0.5259016156196594,0.5299999999999999,0
8,4,43,43,1,0.47375574707984924,0.5299999999999999,0
8,4,45,45,1,0.4782615602016449,0.5299999999999999,0
8,4,50,50,1,0.5020369291305542,0.5299999999999999,0
8,4,54,54,1,0.480011910200119,0.5299999999999999,0
8,4,56,56,1,0.5287941694259644,0.5299999999999999,0
8,4,61,61,1,0.5287941694259644,0.5299999999999999,0
8,4,63,63,1,0.5546320080757141,0.5299999999999999,1
8,4,67,67,1,0.5259016156196594,0.5299999999999999,0
8,4,72,72,1,0.5267372727394104,0.5299999999999999,0
8,4,87,0,0,0.49009421467781067,0.5299999999999999,0
8,4,88,0,0,0.42600277066230774,0.5299999999999999,0
8,4,89,0,0,0.4746355712413788,0.5299999999999999,0
8,4,90,0,0,0.4223218560218811,0.5299999999999999,0
8,4,91,0,0,0.44856759905815125,0.5299999999999999,0
8,4,92,0,0,0.42275333404541016,0.5299999999999999,0
8,4,93,0,0,0.4455393850803375,0.5299999999999999,0
8,4,94,0,0,0.4223218262195587,0.5299999999999999,0
8,4,95,0,0,0.4429846704006195,0.5299999999999999,0
8,4,96,0,0,0.44553980231285095,0.5299999999999999,0
8,4,117,3,0,0.44417235255241394,0.5299999999999999,0
8,4,118,3,0,0.4242851436138153,0.5299999999999999,0
8,4,119,3,0,0.4437989890575409,0.5299999999999999,0
8,4,120,3,0,0.44283291697502136,0.5299999999999999,0
8,4,121,3,0,0.4257653057575226,0.5299999999999999,0
8,4,122,3,0,0.4445735812187195,0.5299999999999999,0
8,4,123,3,0,0.4437989592552185,0.5299999999999999,0
8,4,124,3,0,0.4281424582004547,0.5299999999999999,0
8,4,125,3,0,0.44283169507980347,0.5299999999999999,0
8,4,126,3,0,0.42351776361465454,0.5299999999999999,0
8,4,147,6,0,0.42423275113105774,0.5299999999999999,0
8,4,148,6,0,0.4282098710536957,0.5299999999999999,0
8,4,149,6,0,0.4441744089126587,0.5299999999999999,0
8,4,150,6,0,0.4437589645385742,0.5299999999999999,0
8,4,151,6,0,0.4428315758705139,0.5299999999999999,0
8,4,152,6,0,0.442435085773468,0.5299999999999999,0
8,4,153,6,0,0.4423955976963043,0.5299999999999999,0
8,4,154,6,0,0.425432026386261,0.5299999999999999,0
8,4,155,6,0,0.4416217505931854,0.5299999999999999,0
8,4,156,6,0,0.44737035036087036,0.5299999999999999,0
8,4,207,12,0,0.42155584692955017,0.5299999999999999,0
8,4,208,12,0,0.4223202168941498,0.5299999999999999,0
8,4,209,12,0,0.4223206341266632,0.5299999999999999,0
8,4,210,12,0,0.4436055123806,0.5299999999999999,0
8,4,211,12,0,0.42155584692955017,0.5299999999999999,0
8,4,212,12,0,0.42155584692955017,0.5299999999999999,0
8,4,213,12,0,0.44857215881347656,0.5299999999999999,0
8,4,214,12,0,0.42155545949935913,0.5299999999999999,0
8,4,215,12,0,0.42275241017341614,0.5299999999999999,0
8,4,216,12,0,0.42275238037109375,0.5299999999999999,0
8,4,217,13,0,0.42423346638679504,0.5299999999999999,0
8,4,218,13,0,0.42155584692955017,0.5299999999999999,0
8,4,219,13,0,0.42155665159225464,0.5299999999999999,0
8,4,220,13,0,0.4215569794178009,0.5299999999999999,0
8,4,221,13,0,0.42499831318855286,0.5299999999999999,0
8,4,222,13,0,0.42351847887039185,0.5299999999999999,0
8,4,223,13,0,0.4254312217235565,0.5299999999999999,0
8,4,224,13,0,0.4227519929409027,0.5299999999999999,0
8,4,225,13,0,0.42155569791793823,0.5299999999999999,0
8,4,226,13,0,0.4215558171272278,0.5299999999999999,0
8,4,257,17,0,0.4428326189517975,0.5299999999999999,0
8,4,258,17,0,0.44283169507980347,0.5299999999999999,0
8,4,259,17,0,0.4436069130897522,0.5299999999999999,0
8,4,260,17,0,0.4428320825099945,0.5299999999999999,0
8,4,261,17,0,0.42393994331359863,0.5299999999999999,0
8,4,262,17,0,0.4490104913711548,0.5299999999999999,0
8,4,263,17,0,0.42392683029174805,0.5299999999999999,0
8,4,264,17,0,0.441621333360672,0.5299999999999999,0
8,4,265,17,0,0.4447918236255646,0.5299999999999999,0
8,4,266,17,0,0.42511656880378723,0.5299999999999999,0
8,4,417,33,0,0.4254312217235565,0.5299999999999999,0
8,4,418,33,0,0.42543119192123413,0.5299999999999999,0
8,4,419,33,0,0.44360634684562683,0.5299999999999999,0
8,4,420,33,0,0.42232024669647217,0.5299999999999999,0
8,4,421,33,0,0.42275238037109375,0.5299999999999999,0
8,4,422,33,0,0.4450860321521759,0.5299999999999999,0
8,4,423,33,0,0.4223202168941498,0.5299999999999999,0
8,4,424,33,0,0.4751843214035034,0.5299999999999999,0
8,4,425,33,0,0.42155584692955017,0.5299999999999999,0
8,4,426,33,0,0.42155542969703674,0.5299999999999999,0
8,4,517,43,0,0.4544200301170349,0.5299999999999999,0
8,4,518,43,0,0.4544200897216797,0.5299999999999999,0
8,4,519,43,0,0.42423197627067566,0.5299999999999999,0
8,4,520,43,0,0.42155545949935913,0.5299999999999999,0
8,4,521,43,0,0.42155545949935913,0.5299999999999999,0
8,4,522,43,0,0.42155542969703674,0.5299999999999999,0
8,4,523,43,0,0.42155542969703674,0.5299999999999999,0
8,4,524,43,0,0.42155545949935913,0.5299999999999999,0
8,4,525,43,0,0.4223202168941498,0.5299999999999999,0
8,4,526,43,0,0.4223206341266632,0.5299999999999999,0
8,4,537,45,0,0.42155545949935913,0.5299999999999999,0
8,4,538,45,0,0.42155545949935913,0.5299999999999999,0
8,4,539,45,0,0.42155545949935913,0.5299999999999999,0
8,4,540,45,0,0.42155542969703674,0.5299999999999999,0
8,4,541,45,0,0.42155545949935913,0.5299999999999999,0
8,4,542,45,0,0.4242323637008667,0.5299999999999999,0
8,4,543,45,0,0.44592681527137756,0.5299999999999999,0
8,4,544,45,0,0.45157498121261597,0.5299999999999999,0
8,4,545,45,0,0.42155542969703674,0.5299999999999999,0
8,4,546,45,0,0.4745977818965912,0.5299999999999999,0
8,4,587,50,0,0.422321081161499,0.5299999999999999,0
8,4,588,50,0,0.4223206043243408,0.5299999999999999,0
8,4,589,50,0,0.4515749514102936,0.5299999999999999,0
8,4,590,50,0,0.42423197627067566,0.5299999999999999,0
8,4,591,50,0,0.46552574634552,0.5299999999999999,0
8,4,592,50,0,0.42155584692955017,0.5299999999999999,0
8,4,593,50,0,0.44779643416404724,0.5299999999999999,0
8,4,594,50,0,0.4215558171272278,0.5299999999999999,0
8,4,595,50,0,0.422321081161499,0.5299999999999999,0
8,4,596,50,0,0.42155542969703674,0.5299999999999999,0
8,4,627,54,0,0.42155545949935913,0.5299999999999999,0
8,4,628,54,0,0.4483412802219391,0.5299999999999999,0
8,4,629,54,0,0.42155542969703674,0.5299999999999999,0
8,4,630,54,0,0.42155545949935913,0.5299999999999999,0
8,4,631,54,0,0.42155545949935913,0.5299999999999999,0
8,4,632,54,0,0.42155545949935913,0.5299999999999999,0
8,4,633,54,0,0.42155542969703674,0.5299999999999999,0
8,4,634,54,0,0.42155545949935913,0.5299999999999999,0
8,4,635,54,0,0.42155545949935913,0.5299999999999999,0
8,4,636,54,0,0.42155545949935913,0.5299999999999999,0
8,4,647,56,0,0.44440481066703796,0.5299999999999999,0
8,4,648,56,0,0.47375619411468506,0.5299999999999999,0
8,4,649,56,0,0.4223212003707886,0.5299999999999999,0
8,4,650,56,0,0.4437604248523712,0.5299999999999999,0
8,4,651,56,0,0.42155545949935913,0.5299999999999999,0
8,4,652,56,0,0.42155545949935913,0.5299999999999999,0
8,4,653,56,0,0.42155545949935913,0.5299999999999999,0
8,4,654,56,0,0.42423227429389954,0.5299999999999999,0
8,4,655,56,0,0.4429851174354553,0.5299999999999999,0
8,4,656,56,0,0.44337111711502075,0.5299999999999999,0
8,4,697,61,0,0.4223206639289856,0.5299999999999999,0
8,4,698,61,0,0.4223206639289856,0.5299999999999999,0
8,4,699,61,0,0.47826164960861206,0.5299999999999999,0
8,4,700,61,0,0.424233078956604,0.5299999999999999,0
8,4,701,61,0,0.44283172488212585,0.5299999999999999,0
8,4,702,61,0,0.42155545949935913,0.5299999999999999,0
8,4,703,61,0,0.42232027649879456,0.5299999999999999,0
8,4,704,61,0,0.42232027649879456,0.5299999999999999,0
8,4,705,61,0,0.4215562641620636,0.5299999999999999,0
8,4,706,61,0,0.4215557873249054,0.5299999999999999,0
8,4,717,63,0,0.4476475715637207,0.5299999999999999,0
8,4,718,63,0,0.42155545949935913,0.5299999999999999,0
8,4,719,63,0,0.42155545949935913,0.5299999999999999,0
8,4,720,63,0,0.42155545949935913,0.5299999999999999,0
8,4,721,63,0,0.4472986161708832,0.5299999999999999,0
8,4,722,63,0,0.4242323935031891,0.5299999999999999,0
8,4,723,63,0,0.42155584692955017,0.5299999999999999,0
8,4,724,63,0,0.42232242226600647,0.5299999999999999,0
8,4,725,63,0,0.422321081161499,0.5299999999999999,0
8,4,726,63,0,0.4215557873249054,0.5299999999999999,0
8,4,757,67,0,0.4448377192020416,0.5299999999999999,0
8,4,758,67,0,0.44822415709495544,0.5299999999999999,0
8,4,759,67,0,0.44162219762802124,0.5299999999999999,0
8,4,760,67,0,0.4428366720676422,0.5299999999999999,0
8,4,761,67,0,0.44569262862205505,0.5299999999999999,0
8,4,762,67,0,0.4655252993106842,0.5299999999999999,0
8,4,763,67,0,0.42423224449157715,0.5299999999999999,0
8,4,764,67,0,0.422753244638443,0.5299999999999999,0
8,4,765,67,0,0.44569262862205505,0.5299999999999999,0
8,4,766,67,0,0.4423955976963043,0.5299999999999999,0
8,4,807,72,0,0.4227522909641266,0.5299999999999999,0
8,4,808,72,0,0.4227522611618042,0.5299999999999999,0
8,4,809,72,0,0.4227520227432251,0.5299999999999999,0
8,4,810,72,0,0.42275270819664,0.5299999999999999,0
8,4,811,72,0,0.42275270819664,0.5299999999999999,0
8,4,812,72,0,0.42275270819664,0.5299999999999999,0
8,4,813,72,0,0.4227520227432251,0.5299999999999999,0
8,4,814,72,0,0.45097360014915466,0.5299999999999999,0
8,4,815,72,0,0.42275309562683105,0.5299999999999999,0
8,4,816,72,0,0.42275270819664,0.5299999999999999,0
8,5,16,16,1,0.46224185824394226,0.48499999999999993,0
8,5,19,19,1,0.46224185824394226,0.48499999999999993,0
8,5,21,21,1,0.46820947527885437,0.48499999999999993,0
8,5,22,22,1,0.46224185824394226,0.48499999999999993,0
8,5,23,23,1,0.4626949429512024,0.48499999999999993,0
8,5,31,31,1,0.4626949429512024,0.48499999999999993,0
8,5,32,32,1,0.4544660747051239,0.48499999999999993,0
8,5,42,42,1,0.45299237966537476,0.48499999999999993,0
8,5,46,46,1,0.4685000479221344,0.48499999999999993,0
8,5,48,48,1,0.45419618487358093,0.48499999999999993,0
8,5,57,57,1,0.4684329628944397,0.48499999999999993,0
8,5,60,60,1,0.45299237966537476,0.48499999999999993,0
8,5,64,64,1,0.4544660747051239,0.48499999999999993,0
8,5,68,68,1,0.46239349246025085,0.48499999999999993,0
8,5,71,71,1,0.44872015714645386,0.48499999999999993,0
8,5,75,75,1,0.45537230372428894,0.48499999999999993,0
8,5,247,16,0,0.44744873046875,0.48499999999999993,0
8,5,248,16,0,0.4472361207008362,0.48499999999999993,0
8,5,249,16,0,0.44728323817253113,0.48499999999999993,0
8,5,250,16,0,0.4423947334289551,0.48499999999999993,0
8,5,251,16,0,0.4423946738243103,0.48499999999999993,0
8,5,252,16,0,0.4472833275794983,0.48499999999999993,0
8,5,253,16,0,0.4434066116809845,0.48499999999999993,0
8,5,254,16,0,0.4479367733001709,0.48499999999999993,0
8,5,255,16,0,0.4477713406085968,0.48499999999999993,0
8,5,256,16,0,0.4472832679748535,0.48499999999999993,0
8,5,277,19,0,0.4426073729991913,0.48499999999999993,0
8,5,278,19,0,0.44829753041267395,0.48499999999999993,0
8,5,279,19,0,0.4423947036266327,0.48499999999999993,0
8,5,280,19,0,0.44728338718414307,0.48499999999999993,0
8,5,281,19,0,0.44239455461502075,0.48499999999999993,0
8,5,282,19,0,0.4426068663597107,0.48499999999999993,0
8,5,283,19,0,0.44260695576667786,0.48499999999999993,0
8,5,284,19,0,0.44842231273651123,0.48499999999999993,0
8,5,285,19,0,0.4472833275794983,0.48499999999999993,0
8,5,286,19,0,0.44445571303367615,0.48499999999999993,0
8,5,297,21,0,0.4425596594810486,0.48499999999999993,0
8,5,298,21,0,0.44826748967170715,0.48499999999999993,0
8,5,299,21,0,0.44281914830207825,0.48499999999999993,0
8,5,300,21,0,0.4474755525588989,0.48499999999999993,0
8,5,301,21,0,0.4432588517665863,0.48499999999999993,0
8,5,302,21,0,0.44325894117355347,0.48499999999999993,0
8,5,303,21,0,0.4473099112510681,0.48499999999999993,0
8,5,304,21,0,0.44239455461502075,0.48499999999999993,0
8,5,305,21,0,0.44239455461502075,0.48499999999999993,0
8,5,306,21,0,0.4472728967666626,0.48499999999999993,0
8,5,307,22,0,0.4473099112510681,0.48499999999999993,0
8,5,308,22,0,0.44255974888801575,0.48499999999999993,0
8,5,309,22,0,0.4425596594810486,0.48499999999999993,0
8,5,310,22,0,0.4425596594810486,0.48499999999999993,0
8,5,311,22,0,0.44239455461502075,0.48499999999999993,0
8,5,312,22,0,0.4423947036266327,0.48499999999999993,0
8,5,313,22,0,0.44239455461502075,0.48499999999999993,0
8,5,314,22,0,0.4428815245628357,0.48499999999999993,0
8,5,315,22,0,0.44239455461502075,0.48499999999999993,0
8,5,316,22,0,0.4423946142196655,0.48499999999999993,0
8,5,317,23,0,0.44239455461502075,0.48499999999999993,0
8,5,318,23,0,0.44707056879997253,0.48499999999999993,0
8,5,319,23,0,0.44239455461502075,0.48499999999999993,0
8,5,320,23,0,0.4425596594810486,0.48499999999999993,0
8,5,321,23,0,0.4425595998764038,0.48499999999999993,0
8,5,322,23,0,0.4423946440219879,0.48499999999999993,0
8,5,323,23,0,0.44239455461502075,0.48499999999999993,0
8,5,324,23,0,0.4479265511035919,0.48499999999999993,0
8,5,325,23,0,0.44281911849975586,0.48499999999999993,0
8,5,326,23,0,0.4423946440219879,0.48499999999999993,0
8,5,397,31,0,0.4425595998764038,0.48499999999999993,0
8,5,398,31,0,0.4425596594810486,0.48499999999999993,0
8,5,399,31,0,0.4425596594810486,0.48499999999999993,0
8,5,400,31,0,0.4427718222141266,0.48499999999999993,0
8,5,401,31,0,0.4423947036266327,0.48499999999999993,0
8,5,402,31,0,0.4425596594810486,0.48499999999999993,0
8,5,403,31,0,0.4425596296787262,0.48499999999999993,0
8,5,404,31,0,0.4425595998764038,0.48499999999999993,0
8,5,405,31,0,0.4428814649581909,0.48499999999999993,0
8,5,406,31,0,0.44707056879997253,0.48499999999999993,0
8,5,407,32,0,0.4423946738243103,0.48499999999999993,0
8,5,408,32,0,0.4423946738243103,0.48499999999999993,0
8,5,409,32,0,0.4528965950012207,0.48499999999999993,0
8,5,410,32,0,0.4423946440219879,0.48499999999999993,0
8,5,411,32,0,0.4425595998764038,0.48499999999999993,0
8,5,412,32,0,0.44239455461502075,0.48499999999999993,0
8,5,413,32,0,0.44297024607658386,0.48499999999999993,0
8,5,414,32,0,0.4428815245628357,0.48499999999999993,0
8,5,415,32,0,0.44239455461502075,0.48499999999999993,0
8,5,416,32,0,0.44239455461502075,0.48499999999999993,0
8,5,507,42,0,0.44723594188690186,0.48499999999999993,0
8,5,508,42,0,0.44723591208457947,0.48499999999999993,0
8,5,509,42,0,0.44737792015075684,0.48499999999999993,0
8,5,510,42,0,0.4423946440219879,0.48499999999999993,0
8,5,511,42,0,0.4428815245628357,0.48499999999999993,0
8,5,512,42,0,0.4474012851715088,0.48499999999999993,0
8,5,513,42,0,0.4425596594810486,0.48499999999999993,0
8,5,514,42,0,0.44707056879997253,0.48499999999999993,0
8,5,515,42,0,0.4428814649581909,0.48499999999999993,0
8,5,516,42,0,0.4425596594810486,0.48499999999999993,0
8,5,547,46,0,0.44277191162109375,0.48499999999999993,0
8,5,548,46,0,0.44728320837020874,0.48499999999999993,0
8,5,549,46,0,0.4474753141403198,0.48499999999999993,0
8,5,550,46,0,0.4474755525588989,0.48499999999999993,0
8,5,551,46,0,0.4423946738243103,0.48499999999999993,0
8,5,552,46,0,0.4425598084926605,0.48499999999999993,0
8,5,553,46,0,0.4423946142196655,0.48499999999999993,0
8,5,554,46,0,0.4545135498046875,0.48499999999999993,0
8,5,555,46,0,0.44707056879997253,0.48499999999999993,0
8,5,556,46,0,0.44239455461502075,0.48499999999999993,0
8,5,567,48,0,0.4425596594810486,0.48499999999999993,0
8,5,568,48,0,0.4428815543651581,0.48499999999999993,0
8,5,569,48,0,0.44239455461502075,0.48499999999999993,0
8,5,570,48,0,0.44869744777679443,0.48499999999999993,0
8,5,571,48,0,0.4432588219642639,0.48499999999999993,0
8,5,572,48,0,0.4425595998764038,0.48499999999999993,0
8,5,573,48,0,0.44239485263824463,0.48499999999999993,0
8,5,574,48,0,0.44239485263824463,0.48499999999999993,0
8,5,575,48,0,0.4425596594810486,0.48499999999999993,0
8,5,576,48,0,0.44239455461502075,0.48499999999999993,0
8,5,657,57,0,0.45381179451942444,0.48499999999999993,0
8,5,658,57,0,0.44723591208457947,0.48499999999999993,0
8,5,659,57,0,0.44277191162109375,0.48499999999999993,0
8,5,660,57,0,0.4423946142196655,0.48499999999999993,0
8,5,661,57,0,0.4425595998764038,0.48499999999999993,0
8,5,662,57,0,0.4425595998764038,0.48499999999999993,0
8,5,663,57,0,0.4425595998764038,0.48499999999999993,0
8,5,664,57,0,0.4472728967666626,0.48499999999999993,0
8,5,665,57,0,0.44239455461502075,0.48499999999999993,0
8,5,666,57,0,0.44239455461502075,0.48499999999999993,0
8,5,687,60,0,0.4428815245628357,0.48499999999999993,0
8,5,688,60,0,0.4425595998764038,0.48499999999999993,0
8,5,689,60,0,0.4425595998764038,0.48499999999999993,0
8,5,690,60,0,0.44239455461502075,0.48499999999999993,0
8,5,691,60,0,0.4482092559337616,0.48499999999999993,0
8,5,692,60,0,0.44797366857528687,0.48499999999999993,0
8,5,693,60,0,0.4425596594810486,0.48499999999999993,0
8,5,694,60,0,0.4423946142196655,0.48499999999999993,0
8,5,695,60,0,0.45396745204925537,0.48499999999999993,0
8,5,696,60,0,0.44730985164642334,0.48499999999999993,0
8,5,727,64,0,0.4423946738243103,0.48499999999999993,0
8,5,728,64,0,0.4423946142196655,0.48499999999999993,0
8,5,729,64,0,0.4423946738243103,0.48499999999999993,0
8,5,730,64,0,0.44263359904289246,0.48499999999999993,0
8,5,731,64,0,0.4425596594810486,0.48499999999999993,0
8,5,732,64,0,0.4428814649581909,0.48499999999999993,0
8,5,733,64,0,0.4428815245628357,0.48499999999999993,0
8,5,734,64,0,0.44239455461502075,0.48499999999999993,0
8,5,735,64,0,0.44239455461502075,0.48499999999999993,0
8,5,736,64,0,0.44239455461502075,0.48499999999999993,0
8,5,767,68,0,0.44768792390823364,0.48499999999999993,0
8,5,768,68,0,0.4474487006664276,0.48499999999999993,0
8,5,769,68,0,0.44744861125946045,0.48499999999999993,0
8,5,770,68,0,0.44728338718414307,0.48499999999999993,0
8,5,771,68,0,0.44744873046875,0.48499999999999993,0
8,5,772,68,0,0.44707056879997253,0.48499999999999993,0
8,5,773,68,0,0.44707047939300537,0.48499999999999993,0
8,5,774,68,0,0.4476175904273987,0.48499999999999993,0
8,5,775,68,0,0.44801050424575806,0.48499999999999993,0
8,5,776,68,0,0.44728338718414307,0.48499999999999993,0
8,5,797,71,0,0.44728338718414307,0.48499999999999993,0
8,5,798,71,0,0.4470706284046173,0.48499999999999993,0
8,5,799,71,0,0.4474252462387085,0.48499999999999993,0
8,5,800,71,0,0.4474278688430786,0.48499999999999993,0
8,5,801,71,0,0.45308172702789307,0.48499999999999993,0
8,5,802,71,0,0.4426068961620331,0.48499999999999993,0
8,5,803,71,0,0.4487657845020294,0.48499999999999993,0
8,5,804,71,0,0.44239455461502075,0.48499999999999993,0
8,5,805,71,0,0.4426147937774658,0.48499999999999993,0
8,5,806,71,0,0.44281911849975586,0.48499999999999993,0
8,5,837,75,0,0.44260692596435547,0.48499999999999993,0
8,5,838,75,0,0.44309383630752563,0.48499999999999993,0
8,5,839,75,0,0.44239476323127747,0.48499999999999993,0
8,5,840,75,0,0.44260698556900024,0.48499999999999993,0
8,5,841,75,0,0.4426068663597107,0.48499999999999993,0
8,5,842,75,0,0.44288161396980286,0.48499999999999993,0
8,5,843,75,0,0.44288161396980286,0.48499999999999993,0
8,5,844,75,0,0.44260695576667786,0.48499999999999993,0
8,5,845,75,0,0.44260692596435547,0.48499999999999993,0
8,5,846,75,0,0.44239455461502075,0.48499999999999993,0
9,1,0,0,1,0.6459786891937256,0.5399999999999999,1
9,1,4,4,1,0.6793660521507263,0.5399999999999999,1
9,1,9,9,1,0.6770074963569641,0.5399999999999999,1
9,1,20,20,1,0.6770074963569641,0.5399999999999999,1
9,1,25,25,1,0.7027595639228821,0.5399999999999999,1
9,1,26,26,1,0.6442993879318237,0.5399999999999999,1
9,1,28,28,1,0.7027595639228821,0.5399999999999999,1
9,1,29,29,1,0.6442993879318237,0.5399999999999999,1
9,1,31,31,1,0.6793659925460815,0.5399999999999999,1
9,1,33,33,1,0.6770074963569641,0.5399999999999999,1
9,1,37,37,1,0.6793659925460815,0.5399999999999999,1
9,1,45,45,1,0.6410406827926636,0.5399999999999999,1
9,1,58,58,1,0.6793660521507263,0.5399999999999999,1
9,1,59,59,1,0.63750821352005,0.5399999999999999,1
9,1,68,68,1,0.6776319742202759,0.5399999999999999,1
9,1,70,70,1,0.6443007588386536,0.5399999999999999,1
9,1,77,77,1,0.6469232439994812,0.5399999999999999,1
9,1,87,0,0,0.6459786891937256,0.5399999999999999,1
9,1,88,0,0,0.5945473909378052,0.5399999999999999,1
9,1,89,0,0,0.6437683701515198,0.5399999999999999,1
9,1,90,0,0,0.5911454558372498,0.5399999999999999,1
9,1,91,0,0,0.617607593536377,0.5399999999999999,1
9,1,92,0,0,0.591461718082428,0.5399999999999999,1
9,1,93,0,0,0.6151130795478821,0.5399999999999999,1
9,1,94,0,0,0.5911454558372498,0.5399999999999999,1
9,1,95,0,0,0.6130085587501526,0.5399999999999999,1
9,1,96,0,0,0.6151133179664612,0.5399999999999999,1
9,1,127,4,0,0.5904617309570312,0.5399999999999999,1
9,1,128,4,0,0.5915859937667847,0.5399999999999999,1
9,1,129,4,0,0.5929502844810486,0.5399999999999999,1
9,1,130,4,0,0.6189879775047302,0.5399999999999999,1
9,1,131,4,0,0.6135565042495728,0.5399999999999999,1
9,1,132,4,0,0.6128876805305481,0.5399999999999999,1
9,1,133,4,0,0.616571843624115,0.5399999999999999,1
9,1,134,4,0,0.618565022945404,0.5399999999999999,1
9,1,135,4,0,0.59441077709198,0.5399999999999999,1
9,1,136,4,0,0.5954068303108215,0.5399999999999999,1
9,1,177,9,0,0.6392022371292114,0.5399999999999999,1
9,1,178,9,0,0.5914619565010071,0.5399999999999999,1
9,1,179,9,0,0.5904613733291626,0.5399999999999999,1
9,1,180,9,0,0.5904617309570312,0.5399999999999999,1
9,1,181,9,0,0.5904617309570312,0.5399999999999999,1
9,1,182,9,0,0.5914618968963623,0.5399999999999999,1
9,1,183,9,0,0.6128863096237183,0.5399999999999999,1
9,1,184,9,0,0.5904621481895447,0.5399999999999999,1
9,1,185,9,0,0.5914615392684937,0.5399999999999999,1
9,1,186,9,0,0.5937293767929077,0.5399999999999999,1
9,1,287,20,0,0.6426438093185425,0.5399999999999999,1
9,1,288,20,0,0.6135604381561279,0.5399999999999999,1
9,1,289,20,0,0.6409624814987183,0.5399999999999999,1
9,1,290,20,0,0.5914607644081116,0.5399999999999999,1
9,1,291,20,0,0.6793659925460815,0.5399999999999999,1
9,1,292,20,0,0.5904613733291626,0.5399999999999999,1
9,1,293,20,0,0.5911440849304199,0.5399999999999999,1
9,1,294,20,0,0.6231222152709961,0.5399999999999999,1
9,1,295,20,0,0.5904613733291626,0.5399999999999999,1
9,1,296,20,0,0.5927324295043945,0.5399999999999999,1
9,1,337,25,0,0.5904613733291626,0.5399999999999999,1
9,1,338,25,0,0.5904613733291626,0.5399999999999999,1
9,1,339,25,0,0.5904613733291626,0.5399999999999999,1
9,1,340,25,0,0.5904613733291626,0.5399999999999999,1
9,1,341,25,0,0.5904617309570312,0.5399999999999999,1
9,1,342,25,0,0.6793660521507263,0.5399999999999999,1
9,1,343,25,0,0.6128860116004944,0.5399999999999999,1
9,1,344,25,0,0.6128865480422974,0.5399999999999999,1
9,1,345,25,0,0.6135565042495728,0.5399999999999999,1
9,1,346,25,0,0.612886369228363,0.5399999999999999,1
9,1,347,26,0,0.6181774735450745,0.5399999999999999,1
9,1,348,26,0,0.5911444425582886,0.5399999999999999,1
9,1,349,26,0,0.6151139736175537,0.5399999999999999,1
9,1,350,26,0,0.6152462363243103,0.5399999999999999,1
9,1,351,26,0,0.6128866672515869,0.5399999999999999,1
9,1,352,26,0,0.5911444425582886,0.5399999999999999,1
9,1,353,26,0,0.6130097508430481,0.5399999999999999,1
9,1,354,26,0,0.6130092740058899,0.5399999999999999,1
9,1,355,26,0,0.5904613733291626,0.5399999999999999,1
9,1,356,26,0,0.5904613733291626,0.5399999999999999,1
9,1,367,28,0,0.6128889322280884,0.5399999999999999,1
9,1,368,28,0,0.5914614796638489,0.5399999999999999,1
9,1,369,28,0,0.6135565042495728,0.5399999999999999,1
9,1,370,28,0,0.6135565042495728,0.5399999999999999,1
9,1,371,28,0,0.6135568618774414,0.5399999999999999,1
9,1,372,28,0,0.5904616713523865,0.5399999999999999,1
9,1,373,28,0,0.6130099892616272,0.5399999999999999,1
9,1,374,28,0,0.6135565042495728,0.5399999999999999,1
9,1,375,28,0,0.612886905670166,0.5399999999999999,1
9,1,376,28,0,0.5914604663848877,0.5399999999999999,1
9,1,377,29,0,0.6424569487571716,0.5399999999999999,1
9,1,378,29,0,0.6135561466217041,0.5399999999999999,1
9,1,379,29,0,0.6128889918327332,0.5399999999999999,1
9,1,380,29,0,0.6128889322280884,0.5399999999999999,1
9,1,381,29,0,0.6135565042495728,0.5399999999999999,1
9,1,382,29,0,0.6135568618774414,0.5399999999999999,1
9,1,383,29,0,0.6192326545715332,0.5399999999999999,1
9,1,384,29,0,0.5914604663848877,0.5399999999999999,1
9,1,385,29,0,0.5914604663848877,0.5399999999999999,1
9,1,386,29,0,0.5911443829536438,0.5399999999999999,1
9,1,397,31,0,0.5911440849304199,0.5399999999999999,1
9,1,398,31,0,0.5911444425582886,0.5399999999999999,1
9,1,399,31,0,0.5911444425582886,0.5399999999999999,1
9,1,400,31,0,0.592142641544342,0.5399999999999999,1
9,1,401,31,0,0.5904617309570312,0.5399999999999999,1
9,1,402,31,0,0.5911444425582886,0.5399999999999999,1
9,1,403,31,0,0.5911440849304199,0.5399999999999999,1
9,1,404,31,0,0.5911440849304199,0.5399999999999999,1
9,1,405,31,0,0.5927312970161438,0.5399999999999999,1
9,1,406,31,0,0.6119052171707153,0.5399999999999999,1
9,1,417,33,0,0.5937292575836182,0.5399999999999999,1
9,1,418,33,0,0.5937293171882629,0.5399999999999999,1
9,1,419,33,0,0.6135568618774414,0.5399999999999999,1
9,1,420,33,0,0.5911440849304199,0.5399999999999999,1
9,1,421,33,0,0.5914607644081116,0.5399999999999999,1
9,1,422,33,0,0.6173454523086548,0.5399999999999999,1
9,1,423,33,0,0.5911440849304199,0.5399999999999999,1
9,1,424,33,0,0.6411992907524109,0.5399999999999999,1
9,1,425,33,0,0.590461790561676,0.5399999999999999,1
9,1,426,33,0,0.5904613733291626,0.5399999999999999,1
9,1,457,37,0,0.5904613733291626,0.5399999999999999,1
9,1,458,37,0,0.5956404805183411,0.5399999999999999,1
9,1,459,37,0,0.6135572195053101,0.5399999999999999,1
9,1,460,37,0,0.5911444425582886,0.5399999999999999,1
9,1,461,37,0,0.5911448001861572,0.5399999999999999,1
9,1,462,37,0,0.5911444425582886,0.5399999999999999,1
9,1,463,37,0,0.5963200926780701,0.5399999999999999,1
9,1,464,37,0,0.5911448001861572,0.5399999999999999,1
9,1,465,37,0,0.6174266338348389,0.5399999999999999,1
9,1,466,37,0,0.5911448001861572,0.5399999999999999,1
9,1,537,45,0,0.5904613733291626,0.5399999999999999,1
9,1,538,45,0,0.5904613733291626,0.5399999999999999,1
9,1,539,45,0,0.5904613733291626,0.5399999999999999,1
9,1,540,45,0,0.5904613733291626,0.5399999999999999,1
9,1,541,45,0,0.5904613733291626,0.5399999999999999,1
9,1,542,45,0,0.5927316546440125,0.5399999999999999,1
9,1,543,45,0,0.6154714822769165,0.5399999999999999,1
9,1,544,45,0,0.6152557730674744,0.5399999999999999,1
9,1,545,45,0,0.5904613733291626,0.5399999999999999,1
9,1,546,45,0,0.6383978724479675,0.5399999999999999,1
9,1,667,58,0,0.5911444425582886,0.5399999999999999,1
9,1,668,58,0,0.5911440849304199,0.5399999999999999,1
9,1,669,58,0,0.5911444425582886,0.5399999999999999,1
9,1,670,58,0,0.5927317142486572,0.5399999999999999,1
9,1,671,58,0,0.593413233757019,0.5399999999999999,1
9,1,672,58,0,0.5927313566207886,0.5399999999999999,1
9,1,673,58,0,0.5927312970161438,0.5399999999999999,1
9,1,674,58,0,0.6195628046989441,0.5399999999999999,1
9,1,675,58,0,0.6195627450942993,0.5399999999999999,1
9,1,676,58,0,0.5911444425582886,0.5399999999999999,1
9,1,677,59,0,0.5911444425582886,0.5399999999999999,1
9,1,678,59,0,0.5904617309570312,0.5399999999999999,1
9,1,679,59,0,0.5904613733291626,0.5399999999999999,1
9,1,680,59,0,0.5904613733291626,0.5399999999999999,1
9,1,681,59,0,0.5904613733291626,0.5399999999999999,1
9,1,682,59,0,0.5904616117477417,0.5399999999999999,1
9,1,683,59,0,0.5904617309570312,0.5399999999999999,1
9,1,684,59,0,0.5934130549430847,0.5399999999999999,1
9,1,685,59,0,0.6149466633796692,0.5399999999999999,1
9,1,686,59,0,0.5904617309570312,0.5399999999999999,1
9,1,767,68,0,0.614657998085022,0.5399999999999999,1
9,1,768,68,0,0.6135563850402832,0.5399999999999999,1
9,1,769,68,0,0.6135561466217041,0.5399999999999999,1
9,1,770,68,0,0.6128870248794556,0.5399999999999999,1
9,1,771,68,0,0.6135565042495728,0.5399999999999999,1
9,1,772,68,0,0.6119052767753601,0.5399999999999999,1
9,1,773,68,0,0.6119049191474915,0.5399999999999999,1
9,1,774,68,0,0.6145797371864319,0.5399999999999999,1
9,1,775,68,0,0.6162132620811462,0.5399999999999999,1
9,1,776,68,0,0.6128870844841003,0.5399999999999999,1
9,1,787,70,0,0.5914615392684937,0.5399999999999999,1
9,1,788,70,0,0.5914615392684937,0.5399999999999999,1
9,1,789,70,0,0.6128867268562317,0.5399999999999999,1
9,1,790,70,0,0.6157816648483276,0.5399999999999999,1
9,1,791,70,0,0.5944100022315979,0.5399999999999999,1
9,1,792,70,0,0.6136806011199951,0.5399999999999999,1
9,1,793,70,0,0.6146587133407593,0.5399999999999999,1
9,1,794,70,0,0.6128877401351929,0.5399999999999999,1
9,1,795,70,0,0.5927317142486572,0.5399999999999999,1
9,1,796,70,0,0.6125755906105042,0.5399999999999999,1
9,1,857,77,0,0.6119052767753601,0.5399999999999999,1
9,1,858,77,0,0.5911444425582886,0.5399999999999999,1
9,1,859,77,0,0.6119052767753601,0.5399999999999999,1
9,1,860,77,0,0.5911440849304199,0.5399999999999999,1
9,1,861,77,0,0.6142265200614929,0.5399999999999999,1
9,1,862,77,0,0.6141349673271179,0.5399999999999999,1
9,1,863,77,0,0.5904613733291626,0.5399999999999999,1
9,1,864,77,0,0.612575352191925,0.5399999999999999,1
9,1,865,77,0,0.5911444425582886,0.5399999999999999,1
9,1,866,77,0,0.5914607644081116,0.5399999999999999,1
9,2,2,2,1,0.9608290195465088,0.5349999999999999,1
9,2,14,14,1,0.8738002181053162,0.5349999999999999,1
9,2,24,24,1,0.882225513458252,0.5349999999999999,1
9,2,36,36,1,0.6270950436592102,0.5349999999999999,1
9,2,38,38,1,0.882225513458252,0.5349999999999999,1
9,2,43,43,1,0.5657151937484741,0.5349999999999999,1
9,2,46,46,1,0.9476465582847595,0.5349999999999999,1
9,2,51,51,1,0.38247859477996826,0.5349999999999999,0
9,2,52,52,1,0.6095927357673645,0.5349999999999999,1
9,2,53,53,1,0.5916659235954285,0.5349999999999999,1
9,2,55,55,1,0.9471666812896729,0.5349999999999999,1
9,2,63,63,1,0.945453405380249,0.5349999999999999,1
9,2,65,65,1,0.6271092891693115,0.5349999999999999,1
9,2,75,75,1,0.6986298561096191,0.5349999999999999,1
9,2,78,78,1,0.9454532861709595,0.5349999999999999,1
9,2,80,80,1,0.8767675757408142,0.5349999999999999,1
9,2,107,2,0,0.32202041149139404,0.5349999999999999,0
9,2,108,2,0,0.32202044129371643,0.5349999999999999,0
9,2,109,2,0,0.22922834753990173,0.5349999999999999,0
9,2,110,2,0,0.3411516547203064,0.5349999999999999,0
9,2,111,2,0,0.35387033224105835,0.5349999999999999,0
9,2,112,2,0,0.21314162015914917,0.5349999999999999,0
9,2,113,2,0,0.2594510018825531,0.5349999999999999,0
9,2,114,2,0,0.22055573761463165,0.5349999999999999,0
9,2,115,2,0,0.33792200684547424,0.5349999999999999,0
9,2,116,2,0,0.33792197704315186,0.5349999999999999,0
9,2,227,14,0,0.20667435228824615,0.5349999999999999,0
9,2,228,14,0,0.21312937140464783,0.5349999999999999,0
9,2,229,14,0,0.21313689649105072,0.5349999999999999,0
9,2,230,14,0,0.32202911376953125,0.5349999999999999,0
9,2,231,14,0,0.20667679607868195,0.5349999999999999,0
9,2,232,14,0,0.21387417614459991,0.5349999999999999,0
9,2,233,14,0,0.31357958912849426,0.5349999999999999,0
9,2,234,14,0,0.3382520079612732,0.5349999999999999,0
9,2,235,14,0,0.1972799450159073,0.5349999999999999,0
9,2,236,14,0,0.322025865316391,0.5349999999999999,0
9,2,327,24,0,0.19288653135299683,0.5349999999999999,0
9,2,328,24,0,0.19288653135299683,0.5349999999999999,0
9,2,329,24,0,0.19727759063243866,0.5349999999999999,0
9,2,330,24,0,0.19288653135299683,0.5349999999999999,0
9,2,331,24,0,0.39185068011283875,0.5349999999999999,0
9,2,332,24,0,0.1972799450159073,0.5349999999999999,0
9,2,333,24,0,0.19727995991706848,0.5349999999999999,0
9,2,334,24,0,0.1972799450159073,0.5349999999999999,0
9,2,335,24,0,0.19288650155067444,0.5349999999999999,0
9,2,336,24,0,0.1972799450159073,0.5349999999999999,0
9,2,447,36,0,0.3135795593261719,0.5349999999999999,0
9,2,448,36,0,0.3292888104915619,0.5349999999999999,0
9,2,449,36,0,0.35993102192878723,0.5349999999999999,0
9,2,450,36,0,0.2186165601015091,0.5349999999999999,0
9,2,451,36,0,0.19288653135299683,0.5349999999999999,0
9,2,452,36,0,0.3220050632953644,0.5349999999999999,0
9,2,453,36,0,0.1972823292016983,0.5349999999999999,0
9,2,454,36,0,0.19728554785251617,0.5349999999999999,0
9,2,455,36,0,0.3135795295238495,0.5349999999999999,0
9,2,456,36,0,0.3599310517311096,0.5349999999999999,0
9,2,467,38,0,0.2131335586309433,0.5349999999999999,0
9,2,468,38,0,0.1928841769695282,0.5349999999999999,0
9,2,469,38,0,0.7080269455909729,0.5349999999999999,1
9,2,470,38,0,0.20518186688423157,0.5349999999999999,0
9,2,471,38,0,0.21786366403102875,0.5349999999999999,0
9,2,472,38,0,0.21129964292049408,0.5349999999999999,0
9,2,473,38,0,0.19288420677185059,0.5349999999999999,0
9,2,474,38,0,0.3386772871017456,0.5349999999999999,0
9,2,475,38,0,0.1972799450159073,0.5349999999999999,0
9,2,476,38,0,0.2131335586309433,0.5349999999999999,0
9,2,517,43,0,0.40771162509918213,0.5349999999999999,0
9,2,518,43,0,0.4077116847038269,0.5349999999999999,0
9,2,519,43,0,0.20667266845703125,0.5349999999999999,0
9,2,520,43,0,0.1928841769695282,0.5349999999999999,0
9,2,521,43,0,0.1928841769695282,0.5349999999999999,0
9,2,522,43,0,0.19288420677185059,0.5349999999999999,0
9,2,523,43,0,0.19288420677185059,0.5349999999999999,0
9,2,524,43,0,0.19288420677185059,0.5349999999999999,0
9,2,525,43,0,0.19727757573127747,0.5349999999999999,0
9,2,526,43,0,0.1972799450159073,0.5349999999999999,0
9,2,547,46,0,0.20351843535900116,0.5349999999999999,0
9,2,548,46,0,0.32202041149139404,0.5349999999999999,0
9,2,549,46,0,0.3292921483516693,0.5349999999999999,0
9,2,550,46,0,0.32930001616477966,0.5349999999999999,0
9,2,551,46,0,0.1928860992193222,0.5349999999999999,0
9,2,552,46,0,0.1972823143005371,0.5349999999999999,0
9,2,553,46,0,0.19288420677185059,0.5349999999999999,0
9,2,554,46,0,0.55961674451828,0.5349999999999999,1
9,2,555,46,0,0.3135795295238495,0.5349999999999999,0
9,2,556,46,0,0.19288420677185059,0.5349999999999999,0
9,2,597,51,0,0.5657188892364502,0.5349999999999999,1
9,2,598,51,0,0.3343541622161865,0.5349999999999999,0
9,2,599,51,0,0.3135795295238495,0.5349999999999999,0
9,2,600,51,0,0.34465888142585754,0.5349999999999999,0
9,2,601,51,0,0.19534392654895782,0.5349999999999999,0
9,2,602,51,0,0.33868396282196045,0.5349999999999999,0
9,2,603,51,0,0.3340317904949188,0.5349999999999999,0
9,2,604,51,0,0.34465888142585754,0.5349999999999999,0
9,2,605,51,0,0.2066776007413864,0.5349999999999999,0
9,2,606,51,0,0.1972823292016983,0.5349999999999999,0
9,2,607,52,0,0.1972823292016983,0.5349999999999999,0
9,2,608,52,0,0.3517272174358368,0.5349999999999999,0
9,2,609,52,0,0.19727757573127747,0.5349999999999999,0
9,2,610,52,0,0.3474607467651367,0.5349999999999999,0
9,2,611,52,0,0.21130290627479553,0.5349999999999999,0
9,2,612,52,0,0.19288420677185059,0.5349999999999999,0
9,2,613,52,0,0.1928841769695282,0.5349999999999999,0
9,2,614,52,0,0.33277884125709534,0.5349999999999999,0
9,2,615,52,0,0.35860559344291687,0.5349999999999999,0
9,2,616,52,0,0.3639707565307617,0.5349999999999999,0
9,2,617,53,0,0.19727995991706848,0.5349999999999999,0
9,2,618,53,0,0.21129964292049408,0.5349999999999999,0
9,2,619,53,0,0.34745511412620544,0.5349999999999999,0
9,2,620,53,0,0.1972823292016983,0.5349999999999999,0
9,2,621,53,0,0.1972823143005371,0.5349999999999999,0
9,2,622,53,0,0.3406628668308258,0.5349999999999999,0
9,2,623,53,0,0.1928841769695282,0.5349999999999999,0
9,2,624,53,0,0.3826124370098114,0.5349999999999999,0
9,2,625,53,0,0.21313591301441193,0.5349999999999999,0
9,2,626,53,0,0.39185357093811035,0.5349999999999999,0
9,2,637,55,0,0.19288422167301178,0.5349999999999999,0
9,2,638,55,0,0.1928841769695282,0.5349999999999999,0
9,2,639,55,0,0.19288422167301178,0.5349999999999999,0
9,2,640,55,0,0.19288653135299683,0.5349999999999999,0
9,2,641,55,0,0.32202041149139404,0.5349999999999999,0
9,2,642,55,0,0.3689483106136322,0.5349999999999999,0
9,2,643,55,0,0.19288420677185059,0.5349999999999999,0
9,2,644,55,0,0.3257480263710022,0.5349999999999999,0
9,2,645,55,0,0.21313104033470154,0.5349999999999999,0
9,2,646,55,0,0.19727759063243866,0.5349999999999999,0
9,2,717,63,0,0.36245205998420715,0.5349999999999999,0
9,2,718,63,0,0.19288420677185059,0.5349999999999999,0
9,2,719,63,0,0.19288420677185059,0.5349999999999999,0
9,2,720,63,0,0.19288420677185059,0.5349999999999999,0
9,2,721,63,0,0.35301023721694946,0.5349999999999999,0
9,2,722,63,0,0.20667514204978943,0.5349999999999999,0
9,2,723,63,0,0.19288650155067444,0.5349999999999999,0
9,2,724,63,0,0.19729028642177582,0.5349999999999999,0
9,2,725,63,0,0.1972823143005371,0.5349999999999999,0
9,2,726,63,0,0.19288606941699982,0.5349999999999999,0
9,2,737,65,0,0.39185062050819397,0.5349999999999999,0
9,2,738,65,0,0.21787187457084656,0.5349999999999999,0
9,2,739,65,0,0.3733455240726471,0.5349999999999999,0
9,2,740,65,0,0.20667266845703125,0.5349999999999999,0
9,2,741,65,0,0.192884162068367,0.5349999999999999,0
9,2,742,65,0,0.1928841769695282,0.5349999999999999,0
9,2,743,65,0,0.20878808200359344,0.5349999999999999,0
9,2,744,65,0,0.19288650155067444,0.5349999999999999,0
9,2,745,65,0,0.19288420677185059,0.5349999999999999,0
9,2,746,65,0,0.19288606941699982,0.5349999999999999,0
9,2,837,75,0,0.19902053475379944,0.5349999999999999,0
9,2,838,75,0,0.2131318300962448,0.5349999999999999,0
9,2,839,75,0,0.19288881123065948,0.5349999999999999,0
9,2,840,75,0,0.19902290403842926,0.5349999999999999,0
9,2,841,75,0,0.19901975989341736,0.5349999999999999,0
9,2,842,75,0,0.20667672157287598,0.5349999999999999,0
9,2,843,75,0,0.20667672157287598,0.5349999999999999,0
9,2,844,75,0,0.199022114276886,0.5349999999999999,0
9,2,845,75,0,0.199022114276886,0.5349999999999999,0
9,2,846,75,0,0.192884162068367,0.5349999999999999,0
9,2,867,78,0,0.20667849481105804,0.5349999999999999,0
9,2,868,78,0,0.19727756083011627,0.5349999999999999,0
9,2,869,78,0,0.3135763704776764,0.5349999999999999,0
9,2,870,78,0,0.3135763108730316,0.5349999999999999,0
9,2,871,78,0,0.3354977071285248,0.5349999999999999,0
9,2,872,78,0,0.20667849481105804,0.5349999999999999,0
9,2,873,78,0,0.20667849481105804,0.5349999999999999,0
9,2,874,78,0,0.20518185198307037,0.5349999999999999,0
9,2,875,78,0,0.3135795593261719,0.5349999999999999,0
9,2,876,78,0,0.1972799450159073,0.5349999999999999,0
9,2,887,80,0,0.1972799450159073,0.5349999999999999,0
9,2,888,80,0,0.20518185198307037,0.5349999999999999,0
9,2,889,80,0,0.20340102910995483,0.5349999999999999,0
9,2,890,80,0,0.19727757573127747,0.5349999999999999,0
9,2,891,80,0,0.19288420677185059,0.5349999999999999,0
9,2,892,80,0,0.19288650155067444,0.5349999999999999,0
9,2,893,80,0,0.19288650155067444,0.5349999999999999,0
9,2,894,80,0,0.39185354113578796,0.5349999999999999,0
9,2,895,80,0,0.20667266845703125,0.5349999999999999,0
9,2,896,80,0,0.3578217625617981,0.5349999999999999,0
9,3,8,8,1,0.6335452795028687,0.4599999999999999,1
9,3,12,12,1,0.9068484306335449,0.4599999999999999,1
9,3,15,15,1,0.9068484306335449,0.4599999999999999,1
9,3,16,16,1,0.8048444390296936,0.4599999999999999,1
9,3,18,18,1,0.9068484306335449,0.4599999999999999,1
9,3,21,21,1,0.9068484306335449,0.4599999999999999,1
9,3,39,39,1,0.8157764673233032,0.4599999999999999,1
9,3,49,49,1,0.5505916476249695,0.4599999999999999,1
9,3,54,54,1,0.5505314469337463,0.4599999999999999,1
9,3,61,61,1,0.8157764673233032,0.4599999999999999,1
9,3,62,62,1,0.9068484306335449,0.4599999999999999,1
9,3,67,67,1,0.8048444390296936,0.4599999999999999,1
9,3,71,71,1,0.3583340048789978,0.4599999999999999,0
9,3,73,73,1,0.8157764673233032,0.4599999999999999,1
9,3,76,76,1,0.6101444959640503,0.4599999999999999,1
9,3,79,79,1,0.8048444390296936,0.4599999999999999,1
9,3,167,8,0,0.19643495976924896,0.4599999999999999,0
9,3,168,8,0,0.198404923081398,0.4599999999999999,0
9,3,169,8,0,0.30823594331741333,0.4599999999999999,0
9,3,170,8,0,0.198404923081398,0.4599999999999999,0
9,3,171,8,0,0.19324806332588196,0.4599999999999999,0
9,3,172,8,0,0.20695464313030243,0.4599999999999999,0
9,3,173,8,0,0.3115604519844055,0.4599999999999999,0
9,3,174,8,0,0.19324468076229095,0.4599999999999999,0
9,3,175,8,0,0.31226053833961487,0.4599999999999999,0
9,3,176,8,0,0.19324471056461334,0.4599999999999999,0
9,3,207,12,0,0.19324468076229095,0.4599999999999999,0
9,3,208,12,0,0.19643329083919525,0.4599999999999999,0
9,3,209,12,0,0.19643495976924896,0.4599999999999999,0
9,3,210,12,0,0.3164012134075165,0.4599999999999999,0
9,3,211,12,0,0.19324468076229095,0.4599999999999999,0
9,3,212,12,0,0.19324466586112976,0.4599999999999999,0
9,3,213,12,0,0.3583967685699463,0.4599999999999999,0
9,3,214,12,0,0.19324299693107605,0.4599999999999999,0
9,3,215,12,0,0.19840145111083984,0.4599999999999999,0
9,3,216,12,0,0.19840145111083984,0.4599999999999999,0
9,3,237,15,0,0.30457955598831177,0.4599999999999999,0
9,3,238,15,0,0.2049453854560852,0.4599999999999999,0
9,3,239,15,0,0.20165562629699707,0.4599999999999999,0
9,3,240,15,0,0.5554434657096863,0.4599999999999999,1
9,3,241,15,0,0.3275863826274872,0.4599999999999999,0
9,3,242,15,0,0.5439506769180298,0.4599999999999999,1
9,3,243,15,0,0.31156301498413086,0.4599999999999999,0
9,3,244,15,0,0.5220859050750732,0.4599999999999999,1
9,3,245,15,0,0.2103366255760193,0.4599999999999999,0
9,3,246,15,0,0.3115578889846802,0.4599999999999999,0
9,3,247,16,0,0.3164038360118866,0.4599999999999999,0
9,3,248,16,0,0.3093661963939667,0.4599999999999999,0
9,3,249,16,0,0.3115578591823578,0.4599999999999999,0
9,3,250,16,0,0.1932457983493805,0.4599999999999999,0
9,3,251,16,0,0.19324466586112976,0.4599999999999999,0
9,3,252,16,0,0.3115604519844055,0.4599999999999999,0
9,3,253,16,0,0.21549439430236816,0.4599999999999999,0
9,3,254,16,0,0.33256933093070984,0.4599999999999999,0
9,3,255,16,0,0.3275846540927887,0.4599999999999999,0
9,3,256,16,0,0.3115595281124115,0.4599999999999999,0
9,3,267,18,0,0.3236848711967468,0.4599999999999999,0
9,3,268,18,0,0.3275873064994812,0.4599999999999999,0
9,3,269,18,0,0.20494475960731506,0.4599999999999999,0
9,3,270,18,0,0.20168490707874298,0.4599999999999999,0
9,3,271,18,0,0.3115656077861786,0.4599999999999999,0
9,3,272,18,0,0.34391963481903076,0.4599999999999999,0
9,3,273,18,0,0.20646724104881287,0.4599999999999999,0
9,3,274,18,0,0.20165719091892242,0.4599999999999999,0
9,3,275,18,0,0.19840145111083984,0.4599999999999999,0
9,3,276,18,0,0.19840145111083984,0.4599999999999999,0
9,3,297,21,0,0.19643495976924896,0.4599999999999999,0
9,3,298,21,0,0.34265807271003723,0.4599999999999999,0
9,3,299,21,0,0.20363156497478485,0.4599999999999999,0
9,3,300,21,0,0.3171868622303009,0.4599999999999999,0
9,3,301,21,0,0.2137306034564972,0.4599999999999999,0
9,3,302,21,0,0.21373240649700165,0.4599999999999999,0
9,3,303,21,0,0.3123314082622528,0.4599999999999999,0
9,3,304,21,0,0.19324301183223724,0.4599999999999999,0
9,3,305,21,0,0.19324299693107605,0.4599999999999999,0
9,3,306,21,0,0.32430875301361084,0.4599999999999999,0
9,3,477,39,0,0.19324301183223724,0.4599999999999999,0
9,3,478,39,0,0.19643670320510864,0.4599999999999999,0
9,3,479,39,0,0.19643668830394745,0.4599999999999999,0
9,3,480,39,0,0.3149729371070862,0.4599999999999999,0
9,3,481,39,0,0.19840319454669952,0.4599999999999999,0
9,3,482,39,0,0.19324471056461334,0.4599999999999999,0
9,3,483,39,0,0.317181259393692,0.4599999999999999,0
9,3,484,39,0,0.31643158197402954,0.4599999999999999,0
9,3,485,39,0,0.35687461495399475,0.4599999999999999,0
9,3,486,39,0,0.35687461495399475,0.4599999999999999,0
9,3,577,49,0,0.19324298202991486,0.4599999999999999,0
9,3,578,49,0,0.1932443231344223,0.4599999999999999,0
9,3,579,49,0,0.19324436783790588,0.4599999999999999,0
9,3,580,49,0,0.19324436783790588,0.4599999999999999,0
9,3,581,49,0,0.3406631350517273,0.4599999999999999,0
9,3,582,49,0,0.2082788497209549,0.4599999999999999,0
9,3,583,49,0,0.3480566442012787,0.4599999999999999,0
9,3,584,49,0,0.19324468076229095,0.4599999999999999,0
9,3,585,49,0,0.19324436783790588,0.4599999999999999,0
9,3,586,49,0,0.19324468076229095,0.4599999999999999,0
9,3,627,54,0,0.19324301183223724,0.4599999999999999,0
9,3,628,54,0,0.34374314546585083,0.4599999999999999,0
9,3,629,54,0,0.19324298202991486,0.4599999999999999,0
9,3,630,54,0,0.19324299693107605,0.4599999999999999,0
9,3,631,54,0,0.19324301183223724,0.4599999999999999,0
9,3,632,54,0,0.19324301183223724,0.4599999999999999,0
9,3,633,54,0,0.19324298202991486,0.4599999999999999,0
9,3,634,54,0,0.19324298202991486,0.4599999999999999,0
9,3,635,54,0,0.19324299693107605,0.4599999999999999,0
9,3,636,54,0,0.19324301183223724,0.4599999999999999,0
9,3,697,61,0,0.19643495976924896,0.4599999999999999,0
9,3,698,61,0,0.19643495976924896,0.4599999999999999,0
9,3,699,61,0,0.5405592918395996,0.4599999999999999,1
9,3,700,61,0,0.2049483209848404,0.4599999999999999,0
9,3,701,61,0,0.3115578889846802,0.4599999999999999,0
9,3,702,61,0,0.19324298202991486,0.4599999999999999,0
9,3,703,61,0,0.19643329083919525,0.4599999999999999,0
9,3,704,61,0,0.19643329083919525,0.4599999999999999,0
9,3,705,61,0,0.19324636459350586,0.4599999999999999,0
9,3,706,61,0,0.19324436783790588,0.4599999999999999,0
9,3,707,62,0,0.19324301183223724,0.4599999999999999,0
9,3,708,62,0,0.19324462115764618,0.4599999999999999,0
9,3,709,62,0,0.32208073139190674,0.4599999999999999,0
9,3,710,62,0,0.19840148091316223,0.4599999999999999,0
9,3,711,62,0,0.20494714379310608,0.4599999999999999,0
9,3,712,62,0,0.19324301183223724,0.4599999999999999,0
9,3,713,62,0,0.20827946066856384,0.4599999999999999,0
9,3,714,62,0,0.30457744002342224,0.4599999999999999,0
9,3,715,62,0,0.19324471056461334,0.4599999999999999,0
9,3,716,62,0,0.19643495976924896,0.4599999999999999,0
9,3,757,67,0,0.3236561119556427,0.4599999999999999,0
9,3,758,67,0,0.3440055251121521,0.4599999999999999,0
9,3,759,67,0,0.3045799732208252,0.4599999999999999,0
9,3,760,67,0,0.31158721446990967,0.4599999999999999,0
9,3,761,67,0,0.3283683955669403,0.4599999999999999,0
9,3,762,67,0,0.4863370656967163,0.4599999999999999,1
9,3,763,67,0,0.20494478940963745,0.4599999999999999,0
9,3,764,67,0,0.198404923081398,0.4599999999999999,0
9,3,765,67,0,0.3283683955669403,0.4599999999999999,0
9,3,766,67,0,0.30936360359191895,0.4599999999999999,0
9,3,797,71,0,0.31156301498413086,0.4599999999999999,0
9,3,798,71,0,0.3045800030231476,0.4599999999999999,0
9,3,799,71,0,0.31526392698287964,0.4599999999999999,0
9,3,800,71,0,0.31496721506118774,0.4599999999999999,0
9,3,801,71,0,0.5144309401512146,0.4599999999999999,1
9,3,802,71,0,0.19840148091316223,0.4599999999999999,0
9,3,803,71,0,0.3616090714931488,0.4599999999999999,0
9,3,804,71,0,0.19324299693107605,0.4599999999999999,0
9,3,805,71,0,0.19858099520206451,0.4599999999999999,0
9,3,806,71,0,0.20359796285629272,0.4599999999999999,0
9,3,817,73,0,0.19840319454669952,0.4599999999999999,0
9,3,818,73,0,0.19840264320373535,0.4599999999999999,0
9,3,819,73,0,0.19840262830257416,0.4599999999999999,0
9,3,820,73,0,0.19840320944786072,0.4599999999999999,0
9,3,821,73,0,0.19840434193611145,0.4599999999999999,0
9,3,822,73,0,0.19840262830257416,0.4599999999999999,0
9,3,823,73,0,0.19840437173843384,0.4599999999999999,0
9,3,824,73,0,0.19840608537197113,0.4599999999999999,0
9,3,825,73,0,0.19324471056461334,0.4599999999999999,0
9,3,826,73,0,0.3164284825325012,0.4599999999999999,0
9,3,847,76,0,0.19840608537197113,0.4599999999999999,0
9,3,848,76,0,0.19643498957157135,0.4599999999999999,0
9,3,849,76,0,0.19840319454669952,0.4599999999999999,0
9,3,850,76,0,0.3532230257987976,0.4599999999999999,0
9,3,851,76,0,0.3439110815525055,0.4599999999999999,0
9,3,852,76,0,0.5104134678840637,0.4599999999999999,1
9,3,853,76,0,0.30457744002342224,0.4599999999999999,0
9,3,854,76,0,0.31151872873306274,0.4599999999999999,0
9,3,855,76,0,0.30457746982574463,0.4599999999999999,0
9,3,856,76,0,0.19643329083919525,0.4599999999999999,0
9,3,877,79,0,0.3093610405921936,0.4599999999999999,0
9,3,878,79,0,0.2137305587530136,0.4599999999999999,0
9,3,879,79,0,0.31155067682266235,0.4599999999999999,0
9,3,880,79,0,0.31151869893074036,0.4599999999999999,0
9,3,881,79,0,0.3045749068260193,0.4599999999999999,0
9,3,882,79,0,0.3045748770236969,0.4599999999999999,0
9,3,883,79,0,0.31155067682266235,0.4599999999999999,0
9,3,884,79,0,0.3045749068260193,0.4599999999999999,0
9,3,885,79,0,0.3045748770236969,0.4599999999999999,0
9,3,886,79,0,0.3045748770236969,0.4599999999999999,0
9,4,7,7,1,0.48515182733535767,0.5299999999999999,0
9,4,11,11,1,0.5056893825531006,0.5299999999999999,0
9,4,17,17,1,0.5056893229484558,0.5299999999999999,0
9,4,19,19,1,0.5056893229484558,0.5299999999999999,0
9,4,22,22,1,0.5056893229484558,0.5299999999999999,0
9,4,23,23,1,0.5074465870857239,0.5299999999999999,0
9,4,32,32,1,0.48515182733535767,0.5299999999999999,0
9,4,34,34,1,0.5074465870857239,0.5299999999999999,0
9,4,42,42,1,0.48073944449424744,0.5299999999999999,0
9,4,47,47,1,0.5294193625450134,0.5299999999999999,0
9,4,48,48,1,0.4840085208415985,0.5299999999999999,0
9,4,57,57,1,0.524301290512085,0.5299999999999999,0
9,4,64,64,1,0.48515182733535767,0.5299999999999999,0
9,4,66,66,1,0.454338937997818,0.5299999999999999,0
9,4,69,69,1,0.4901164770126343,0.5299999999999999,0
9,4,74,74,1,0.5074465870857239,0.5299999999999999,0
9,4,157,7,0,0.45243123173713684,0.5299999999999999,0
9,4,158,7,0,0.4524316191673279,0.5299999999999999,0
9,4,159,7,0,0.4522470533847809,0.5299999999999999,0
9,4,160,7,0,0.46583423018455505,0.5299999999999999,0
9,4,161,7,0,0.4652489721775055,0.5299999999999999,0
9,4,162,7,0,0.4652489721775055,0.5299999999999999,0
9,4,163,7,0,0.4659665524959564,0.5299999999999999,0
9,4,164,7,0,0.45301467180252075,0.5299999999999999,0
9,4,165,7,0,0.46596696972846985,0.5299999999999999,0
9,4,166,7,0,0.46583497524261475,0.5299999999999999,0
9,4,197,11,0,0.45243141055107117,0.5299999999999999,0
9,4,198,11,0,0.45184892416000366,0.5299999999999999,0
9,4,199,11,0,0.46590739488601685,0.5299999999999999,0
9,4,200,11,0,0.45184868574142456,0.5299999999999999,0
9,4,201,11,0,0.45184871554374695,0.5299999999999999,0
9,4,202,11,0,0.46532297134399414,0.5299999999999999,0
9,4,203,11,0,0.45184895396232605,0.5299999999999999,0
9,4,204,11,0,0.45184874534606934,0.5299999999999999,0
9,4,205,11,0,0.4658346474170685,0.5299999999999999,0
9,4,206,11,0,0.466234415769577,0.5299999999999999,0
9,4,257,17,0,0.4658347964286804,0.5299999999999999,0
9,4,258,17,0,0.46583423018455505,0.5299999999999999,0
9,4,259,17,0,0.4662347733974457,0.5299999999999999,0
9,4,260,17,0,0.46583446860313416,0.5299999999999999,0
9,4,261,17,0,0.4530142545700073,0.5299999999999999,0
9,4,262,17,0,0.4708319902420044,0.5299999999999999,0
9,4,263,17,0,0.45301496982574463,0.5299999999999999,0
9,4,264,17,0,0.4652489721775055,0.5299999999999999,0
9,4,265,17,0,0.46681949496269226,0.5299999999999999,0
9,4,266,17,0,0.4535978436470032,0.5299999999999999,0
9,4,277,19,0,0.4524325430393219,0.5299999999999999,0
9,4,278,19,0,0.46841612458229065,0.5299999999999999,0
9,4,279,19,0,0.451849102973938,0.5299999999999999,0
9,4,280,19,0,0.46583467721939087,0.5299999999999999,0
9,4,281,19,0,0.45184868574142456,0.5299999999999999,0
9,4,282,19,0,0.45243141055107117,0.5299999999999999,0
9,4,283,19,0,0.4524316191673279,0.5299999999999999,0
9,4,284,19,0,0.46950089931488037,0.5299999999999999,0
9,4,285,19,0,0.46583443880081177,0.5299999999999999,0
9,4,286,19,0,0.45714086294174194,0.5299999999999999,0
9,4,307,22,0,0.46590760350227356,0.5299999999999999,0
9,4,308,22,0,0.45224708318710327,0.5299999999999999,0
9,4,309,22,0,0.45224690437316895,0.5299999999999999,0
9,4,310,22,0,0.45224690437316895,0.5299999999999999,0
9,4,311,22,0,0.45184871554374695,0.5299999999999999,0
9,4,312,22,0,0.45184892416000366,0.5299999999999999,0
9,4,313,22,0,0.45184874534606934,0.5299999999999999,0
9,4,314,22,0,0.45317310094833374,0.5299999999999999,0
9,4,315,22,0,0.45184868574142456,0.5299999999999999,0
9,4,316,22,0,0.45184868574142456,0.5299999999999999,0
9,4,317,23,0,0.45184871554374695,0.5299999999999999,0
9,4,318,23,0,0.46524909138679504,0.5299999999999999,0
9,4,319,23,0,0.45184871554374695,0.5299999999999999,0
9,4,320,23,0,0.45224690437316895,0.5299999999999999,0
9,4,321,23,0,0.45224669575691223,0.5299999999999999,0
9,4,322,23,0,0.45184895396232605,0.5299999999999999,0
9,4,323,23,0,0.45184871554374695,0.5299999999999999,0
9,4,324,23,0,0.4662976562976837,0.5299999999999999,0
9,4,325,23,0,0.4530140161514282,0.5299999999999999,0
9,4,326,23,0,0.4518488943576813,0.5299999999999999,0
9,4,407,32,0,0.45184892416000366,0.5299999999999999,0
9,4,408,32,0,0.45184895396232605,0.5299999999999999,0
9,4,409,32,0,0.4823754131793976,0.5299999999999999,0
9,4,410,32,0,0.45184895396232605,0.5299999999999999,0
9,4,411,32,0,0.45224669575691223,0.5299999999999999,0
9,4,412,32,0,0.45184871554374695,0.5299999999999999,0
9,4,413,32,0,0.45393410325050354,0.5299999999999999,0
9,4,414,32,0,0.4531729519367218,0.5299999999999999,0
9,4,415,32,0,0.45184871554374695,0.5299999999999999,0
9,4,416,32,0,0.45184868574142456,0.5299999999999999,0
9,4,427,34,0,0.48169246315956116,0.5299999999999999,0
9,4,428,34,0,0.4816920757293701,0.5299999999999999,0
9,4,429,34,0,0.45184892416000366,0.5299999999999999,0
9,4,430,34,0,0.45184895396232605,0.5299999999999999,0
9,4,431,34,0,0.45224690437316895,0.5299999999999999,0
9,4,432,34,0,0.4518488943576813,0.5299999999999999,0
9,4,433,34,0,0.45184868574142456,0.5299999999999999,0
9,4,434,34,0,0.4823754131793976,0.5299999999999999,0
9,4,435,34,0,0.45184892416000366,0.5299999999999999,0
9,4,436,34,0,0.45184892416000366,0.5299999999999999,0
9,4,507,42,0,0.46564891934394836,0.5299999999999999,0
9,4,508,42,0,0.4656488597393036,0.5299999999999999,0
9,4,509,42,0,0.4663664996623993,0.5299999999999999,0
9,4,510,42,0,0.4518488943576813,0.5299999999999999,0
9,4,511,42,0,0.45317313075065613,0.5299999999999999,0
9,4,512,42,0,0.4660486876964569,0.5299999999999999,0
9,4,513,42,0,0.45224687457084656,0.5299999999999999,0
9,4,514,42,0,0.46524912118911743,0.5299999999999999,0
9,4,515,42,0,0.4531729221343994,0.5299999999999999,0
9,4,516,42,0,0.45224684476852417,0.5299999999999999,0
9,4,557,47,0,0.45256325602531433,0.5299999999999999,0
9,4,558,47,0,0.45184871554374695,0.5299999999999999,0
9,4,559,47,0,0.45224669575691223,0.5299999999999999,0
9,4,560,47,0,0.45224690437316895,0.5299999999999999,0
9,4,561,47,0,0.45224690437316895,0.5299999999999999,0
9,4,562,47,0,0.45224663615226746,0.5299999999999999,0
9,4,563,47,0,0.45224708318710327,0.5299999999999999,0
9,4,564,47,0,0.45224690437316895,0.5299999999999999,0
9,4,565,47,0,0.45224669575691223,0.5299999999999999,0
9,4,566,47,0,0.45224690437316895,0.5299999999999999,0
9,4,567,48,0,0.45224687457084656,0.5299999999999999,0
9,4,568,48,0,0.45317313075065613,0.5299999999999999,0
9,4,569,48,0,0.45184871554374695,0.5299999999999999,0
9,4,570,48,0,0.47024595737457275,0.5299999999999999,0
9,4,571,48,0,0.45415404438972473,0.5299999999999999,0
9,4,572,48,0,0.45224669575691223,0.5299999999999999,0
9,4,573,48,0,0.45184940099716187,0.5299999999999999,0
9,4,574,48,0,0.45184943079948425,0.5299999999999999,0
9,4,575,48,0,0.45224690437316895,0.5299999999999999,0
9,4,576,48,0,0.45184868574142456,0.5299999999999999,0
9,4,657,57,0,0.48509764671325684,0.5299999999999999,0
9,4,658,57,0,0.4656488597393036,0.5299999999999999,0
9,4,659,57,0,0.45282942056655884,0.5299999999999999,0
9,4,660,57,0,0.45184874534606934,0.5299999999999999,0
9,4,661,57,0,0.45224669575691223,0.5299999999999999,0
9,4,662,57,0,0.45224666595458984,0.5299999999999999,0
9,4,663,57,0,0.45224669575691223,0.5299999999999999,0
9,4,664,57,0,0.4645673334598541,0.5299999999999999,0
9,4,665,57,0,0.45184874534606934,0.5299999999999999,0
9,4,666,57,0,0.45184871554374695,0.5299999999999999,0
9,4,727,64,0,0.4518488943576813,0.5299999999999999,0
9,4,728,64,0,0.45184871554374695,0.5299999999999999,0
9,4,729,64,0,0.4518488943576813,0.5299999999999999,0
9,4,730,64,0,0.45250463485717773,0.5299999999999999,0
9,4,731,64,0,0.45224690437316895,0.5299999999999999,0
9,4,732,64,0,0.4531729221343994,0.5299999999999999,0
9,4,733,64,0,0.45317313075065613,0.5299999999999999,0
9,4,734,64,0,0.45184871554374695,0.5299999999999999,0
9,4,735,64,0,0.45184871554374695,0.5299999999999999,0
9,4,736,64,0,0.45184874534606934,0.5299999999999999,0
9,4,747,66,0,0.45224690437316895,0.5299999999999999,0
9,4,748,66,0,0.45184868574142456,0.5299999999999999,0
9,4,749,66,0,0.45184871554374695,0.5299999999999999,0
9,4,750,66,0,0.46863436698913574,0.5299999999999999,0
9,4,751,66,0,0.4662342965602875,0.5299999999999999,0
9,4,752,66,0,0.4662342071533203,0.5299999999999999,0
9,4,753,66,0,0.451849102973938,0.5299999999999999,0
9,4,754,66,0,0.4658370912075043,0.5299999999999999,0
9,4,755,66,0,0.4658375084400177,0.5299999999999999,0
9,4,756,66,0,0.4658370912075043,0.5299999999999999,0
9,4,777,69,0,0.4666350185871124,0.5299999999999999,0
9,4,778,69,0,0.4662342965602875,0.5299999999999999,0
9,4,779,69,0,0.46583446860313416,0.5299999999999999,0
9,4,780,69,0,0.4524316191673279,0.5299999999999999,0
9,4,781,69,0,0.46623706817626953,0.5299999999999999,0
9,4,782,69,0,0.453014612197876,0.5299999999999999,0
9,4,783,69,0,0.45184874534606934,0.5299999999999999,0
9,4,784,69,0,0.4830363690853119,0.5299999999999999,0
9,4,785,69,0,0.4518488943576813,0.5299999999999999,0
9,4,786,69,0,0.4656491279602051,0.5299999999999999,0
9,4,827,74,0,0.45184895396232605,0.5299999999999999,0
9,4,828,74,0,0.4658350646495819,0.5299999999999999,0
9,4,829,74,0,0.4702461063861847,0.5299999999999999,0
9,4,830,74,0,0.46663424372673035,0.5299999999999999,0
9,4,831,74,0,0.45243141055107117,0.5299999999999999,0
9,4,832,74,0,0.45243141055107117,0.5299999999999999,0
9,4,833,74,0,0.45184892416000366,0.5299999999999999,0
9,4,834,74,0,0.45184895396232605,0.5299999999999999,0
9,4,835,74,0,0.4537562429904938,0.5299999999999999,0
9,4,836,74,0,0.4524317681789398,0.5299999999999999,0
9,5,1,1,1,0.5074971914291382,0.48499999999999993,1
9,5,3,3,1,0.5065456628799438,0.48499999999999993,1
9,5,5,5,1,0.5203160643577576,0.48499999999999993,1
9,5,6,6,1,0.5298997759819031,0.48499999999999993,1
9,5,10,10,1,0.510470449924469,0.48499999999999993,1
9,5,13,13,1,0.5074996948242188,0.48499999999999993,1
9,5,27,27,1,0.5203160643577576,0.48499999999999993,1
9,5,30,30,1,0.51952064037323,0.48499999999999993,1
9,5,35,35,1,0.5203160643577576,0.48499999999999993,1
9,5,40,40,1,0.5069757699966431,0.48499999999999993,1
9,5,41,41,1,0.5197634696960449,0.48499999999999993,1
9,5,44,44,1,0.5047905445098877,0.48499999999999993,1
9,5,50,50,1,0.5126489996910095,0.48499999999999993,1
9,5,56,56,1,0.5203161239624023,0.48499999999999993,1
9,5,60,60,1,0.5045861005783081,0.48499999999999993,1
9,5,72,72,1,0.5197615027427673,0.48499999999999993,1
9,5,97,1,0,0.48859429359436035,0.48499999999999993,1
9,5,98,1,0,0.4888346791267395,0.48499999999999993,1
9,5,99,1,0,0.4904899299144745,0.48499999999999993,1
9,5,100,1,0,0.49587640166282654,0.48499999999999993,1
9,5,101,1,0,0.4877941310405731,0.48499999999999993,1
9,5,102,1,0,0.488834410905838,0.48499999999999993,1
9,5,103,1,0,0.4956355690956116,0.48499999999999993,1
9,5,104,1,0,0.4956357479095459,0.48499999999999993,1
9,5,105,1,0,0.49590328335762024,0.48499999999999993,1
9,5,106,1,0,0.49587616324424744,0.48499999999999993,1
9,5,117,3,0,0.4960315227508545,0.48499999999999993,1
9,5,118,3,0,0.488275408744812,0.48499999999999993,1
9,5,119,3,0,0.49594739079475403,0.48499999999999993,1
9,5,120,3,0,0.49563610553741455,0.48499999999999993,1
9,5,121,3,0,0.48872286081314087,0.48499999999999993,1
9,5,122,3,0,0.4961879551410675,0.48499999999999993,1
9,5,123,3,0,0.4959474205970764,0.48499999999999993,1
9,5,124,3,0,0.4894266128540039,0.48499999999999993,1
9,5,125,3,0,0.4956357479095459,0.48499999999999993,1
9,5,126,3,0,0.4880344867706299,0.48499999999999993,1
9,5,137,5,0,0.49834781885147095,0.48499999999999993,1
9,5,138,5,0,0.5330995321273804,0.48499999999999993,1
9,5,139,5,0,0.495551735162735,0.48499999999999993,1
9,5,140,5,0,0.49528390169143677,0.48499999999999993,1
9,5,141,5,0,0.4959881007671356,0.48499999999999993,1
9,5,142,5,0,0.48838669061660767,0.48499999999999993,1
9,5,143,5,0,0.4958765208721161,0.48499999999999993,1
9,5,144,5,0,0.4961174428462982,0.48499999999999993,1
9,5,145,5,0,0.4984845221042633,0.48499999999999993,1
9,5,146,5,0,0.5053694844245911,0.48499999999999993,1
9,5,147,6,0,0.48824211955070496,0.48499999999999993,1
9,5,148,6,0,0.48944151401519775,0.48499999999999993,1
9,5,149,6,0,0.4960322082042694,0.48499999999999993,1
9,5,150,6,0,0.49592018127441406,0.48499999999999993,1
9,5,151,6,0,0.49563565850257874,0.48499999999999993,1
9,5,152,6,0,0.4955514371395111,0.48499999999999993,1
9,5,153,6,0,0.4955243766307831,0.48499999999999993,1
9,5,154,6,0,0.4885941445827484,0.48499999999999993,1
9,5,155,6,0,0.4952837824821472,0.48499999999999993,1
9,5,156,6,0,0.4969647526741028,0.48499999999999993,1
9,5,187,10,0,0.49552425742149353,0.48499999999999993,1
9,5,188,10,0,0.4961605370044708,0.48499999999999993,1
9,5,189,10,0,0.5045861005783081,0.48499999999999993,1
9,5,190,10,0,0.48779401183128357,0.48499999999999993,1
9,5,191,10,0,0.48824188113212585,0.48499999999999993,1
9,5,192,10,0,0.496933251619339,0.48499999999999993,1
9,5,193,10,0,0.488241970539093,0.48499999999999993,1
9,5,194,10,0,0.48748648166656494,0.48499999999999993,1
9,5,195,10,0,0.4959878623485565,0.48499999999999993,1
9,5,196,10,0,0.48779425024986267,0.48499999999999993,1
9,5,217,13,0,0.4882422983646393,0.48499999999999993,1
9,5,218,13,0,0.48744240403175354,0.48499999999999993,1
9,5,219,13,0,0.48744264245033264,0.48499999999999993,1
9,5,220,13,0,0.4874427318572998,0.48499999999999993,1
9,5,221,13,0,0.4884823262691498,0.48499999999999993,1
9,5,222,13,0,0.488034725189209,0.48499999999999993,1
9,5,223,13,0,0.48859384655952454,0.48499999999999993,1
9,5,224,13,0,0.48779401183128357,0.48499999999999993,1
9,5,225,13,0,0.48744237422943115,0.48499999999999993,1
9,5,226,13,0,0.48744237422943115,0.48499999999999993,1
9,5,357,27,0,0.4956358075141907,0.48499999999999993,1
9,5,358,27,0,0.4956357479095459,0.48499999999999993,1
9,5,359,27,0,0.4956356883049011,0.48499999999999993,1
9,5,360,27,0,0.4964836537837982,0.48499999999999993,1
9,5,361,27,0,0.495876282453537,0.48499999999999993,1
9,5,362,27,0,0.5071038007736206,0.48499999999999993,1
9,5,363,27,0,0.4958765208721161,0.48499999999999993,1
9,5,364,27,0,0.495876282453537,0.48499999999999993,1
9,5,365,27,0,0.48744291067123413,0.48499999999999993,1
9,5,366,27,0,0.487442284822464,0.48499999999999993,1
9,5,387,30,0,0.4963241517543793,0.48499999999999993,1
9,5,388,30,0,0.48803436756134033,0.48499999999999993,1
9,5,389,30,0,0.49667617678642273,0.48499999999999993,1
9,5,390,30,0,0.4956356883049011,0.48499999999999993,1
9,5,391,30,0,0.4956357479095459,0.48499999999999993,1
9,5,392,30,0,0.4958762526512146,0.48499999999999993,1
9,5,393,30,0,0.5298997759819031,0.48499999999999993,1
9,5,394,30,0,0.49808546900749207,0.48499999999999993,1
9,5,395,30,0,0.4876827001571655,0.48499999999999993,1
9,5,396,30,0,0.4876827001571655,0.48499999999999993,1
9,5,437,35,0,0.488241970539093,0.48499999999999993,1
9,5,438,35,0,0.4874422252178192,0.48499999999999993,1
9,5,439,35,0,0.4874422550201416,0.48499999999999993,1
9,5,440,35,0,0.497325599193573,0.48499999999999993,1
9,5,441,35,0,0.4874422252178192,0.48499999999999993,1
9,5,442,35,0,0.4876827597618103,0.48499999999999993,1
9,5,443,35,0,0.5003307461738586,0.48499999999999993,1
9,5,444,35,0,0.5069752335548401,0.48499999999999993,1
9,5,445,35,0,0.48744237422943115,0.48499999999999993,1
9,5,446,35,0,0.48803433775901794,0.48499999999999993,1
9,5,487,40,0,0.4885937571525574,0.48499999999999993,1
9,5,488,40,0,0.5003307461738586,0.48499999999999993,1
9,5,489,40,0,0.48824191093444824,0.48499999999999993,1
9,5,490,40,0,0.4874422550201416,0.48499999999999993,1
9,5,491,40,0,0.4874422252178192,0.48499999999999993,1
9,5,492,40,0,0.48744240403175354,0.48499999999999993,1
9,5,493,40,0,0.4876827001571655,0.48499999999999993,1
9,5,494,40,0,0.4964357614517212,0.48499999999999993,1
9,5,495,40,0,0.5195205807685852,0.48499999999999993,1
9,5,496,40,0,0.495283842086792,0.48499999999999993,1
9,5,497,41,0,0.4885939061641693,0.48499999999999993,1
9,5,498,41,0,0.49643591046333313,0.48499999999999993,1
9,5,499,41,0,0.5104703903198242,0.48499999999999993,1
9,5,500,41,0,0.49808549880981445,0.48499999999999993,1
9,5,501,41,0,0.4952837824821472,0.48499999999999993,1
9,5,502,41,0,0.4958763122558594,0.48499999999999993,1
9,5,503,41,0,0.4955514371395111,0.48499999999999993,1
9,5,504,41,0,0.49608367681503296,0.48499999999999993,1
9,5,505,41,0,0.4876827001571655,0.48499999999999993,1
9,5,506,41,0,0.4952837824821472,0.48499999999999993,1
9,5,527,44,0,0.5043091177940369,0.48499999999999993,1
9,5,528,44,0,0.4874422252178192,0.48499999999999993,1
9,5,529,44,0,0.495524138212204,0.48499999999999993,1
9,5,530,44,0,0.4963242709636688,0.48499999999999993,1
9,5,531,44,0,0.49552425742149353,0.48499999999999993,1
9,5,532,44,0,0.4888344407081604,0.48499999999999993,1
9,5,533,44,0,0.48824185132980347,0.48499999999999993,1
9,5,534,44,0,0.4874422550201416,0.48499999999999993,1
9,5,535,44,0,0.487442284822464,0.48499999999999993,1
9,5,536,44,0,0.487442284822464,0.48499999999999993,1
9,5,587,50,0,0.48768290877342224,0.48499999999999993,1
9,5,588,50,0,0.4876827001571655,0.48499999999999993,1
9,5,589,50,0,0.4962610602378845,0.48499999999999993,1
9,5,590,50,0,0.48824188113212585,0.48499999999999993,1
9,5,591,50,0,0.5047770142555237,0.48499999999999993,1
9,5,592,50,0,0.4874424338340759,0.48499999999999993,1
9,5,593,50,0,0.4977332353591919,0.48499999999999993,1
9,5,594,50,0,0.4874424636363983,0.48499999999999993,1
9,5,595,50,0,0.48768284916877747,0.48499999999999993,1
9,5,596,50,0,0.4874421954154968,0.48499999999999993,1
9,5,647,56,0,0.4961165487766266,0.48499999999999993,1
9,5,648,56,0,0.5045862197875977,0.48499999999999993,1
9,5,649,56,0,0.48768287897109985,0.48499999999999993,1
9,5,650,56,0,0.4959206283092499,0.48499999999999993,1
9,5,651,56,0,0.487442284822464,0.48499999999999993,1
9,5,652,56,0,0.4874422550201416,0.48499999999999993,1
9,5,653,56,0,0.4874422252178192,0.48499999999999993,1
9,5,654,56,0,0.48824191093444824,0.48499999999999993,1
9,5,655,56,0,0.4956797659397125,0.48499999999999993,1
9,5,656,56,0,0.49580857157707214,0.48499999999999993,1
9,5,687,60,0,0.48824191093444824,0.48499999999999993,1
9,5,688,60,0,0.48768261075019836,0.48499999999999993,1
9,5,689,60,0,0.487682580947876,0.48499999999999993,1
9,5,690,60,0,0.4874422252178192,0.48499999999999993,1
9,5,691,60,0,0.49693331122398376,0.48499999999999993,1
9,5,692,60,0,0.4962610602378845,0.48499999999999993,1
9,5,693,60,0,0.4876827001571655,0.48499999999999993,1
9,5,694,60,0,0.4874422252178192,0.48499999999999993,1
9,5,695,60,0,0.5059947371482849,0.48499999999999993,1
9,5,696,60,0,0.4956797659397125,0.48499999999999993,1
9,5,807,72,0,0.4877941310405731,0.48499999999999993,1
9,5,808,72,0,0.4877941310405731,0.48499999999999993,1
9,5,809,72,0,0.48779401183128357,0.48499999999999993,1
9,5,810,72,0,0.48779425024986267,0.48499999999999993,1
9,5,811,72,0,0.48779425024986267,0.48499999999999993,1
9,5,812,72,0,0.48779425024986267,0.48499999999999993,1
9,5,813,72,0,0.48779401183128357,0.48499999999999993,1
9,5,814,72,0,0.49819785356521606,0.48499999999999993,1
9,5,815,72,0,0.4877943992614746,0.48499999999999993,1
9,5,816,72,0,0.48779425024986267,0.48499999999999993,1
10,1,3,3,1,0.5302754044532776,0.49999999999999994,1
10,1,7,7,1,0.5303754210472107,0.49999999999999994,1
10,1,11,11,1,0.53276526927948,0.49999999999999994,1
10,1,18,18,1,0.5347955226898193,0.49999999999999994,1
10,1,23,23,1,0.5329355597496033,0.49999999999999994,1
10,1,24,24,1,0.5329355597496033,0.49999999999999994,1
10,1,25,25,1,0.5347955226898193,0.49999999999999994,1
10,1,30,30,1,0.53276526927948,0.49999999999999994,1
10,1,36,36,1,0.5303754210472107,0.49999999999999994,1
10,1,52,52,1,0.5302206873893738,0.49999999999999994,1
10,1,62,62,1,0.5347955226898193,0.49999999999999994,1
10,1,68,68,1,0.5328119397163391,0.49999999999999994,1
10,1,70,70,1,0.5303755402565002,0.49999999999999994,1
10,1,71,71,1,0.528617799282074,0.49999999999999994,1
10,1,74,74,1,0.5329355597496033,0.49999999999999994,1
10,1,76,76,1,0.5304754376411438,0.49999999999999994,1
10,1,80,80,1,0.5328115224838257,0.49999999999999994,1
10,1,117,3,0,0.5282581448554993,0.49999999999999994,1
10,1,118,3,0,0.5267189145088196,0.49999999999999994,1
10,1,119,3,0,0.5282496213912964,0.49999999999999994,1
10,1,120,3,0,0.5281822085380554,0.49999999999999994,1
10,1,121,3,0,0.5268048644065857,0.49999999999999994,1
10,1,122,3,0,0.5282957553863525,0.49999999999999994,1
10,1,123,3,0,0.5282496213912964,0.49999999999999994,1
10,1,124,3,0,0.5269400477409363,0.49999999999999994,1
10,1,125,3,0,0.5281821489334106,0.49999999999999994,1
10,1,126,3,0,0.5266726613044739,0.49999999999999994,1
10,1,157,7,0,0.526626467704773,0.49999999999999994,1
10,1,158,7,0,0.5266265273094177,0.49999999999999994,1
10,1,159,7,0,0.5266051292419434,0.49999999999999994,1
10,1,160,7,0,0.5281821489334106,0.49999999999999994,1
10,1,161,7,0,0.5281145572662354,0.49999999999999994,1
10,1,162,7,0,0.5281145572662354,0.49999999999999994,1
10,1,163,7,0,0.5281736254692078,0.49999999999999994,1
10,1,164,7,0,0.5266941785812378,0.49999999999999994,1
10,1,165,7,0,0.5281736254692078,0.49999999999999994,1
10,1,166,7,0,0.5281822085380554,0.49999999999999994,1
10,1,197,11,0,0.5266265273094177,0.49999999999999994,1
10,1,198,11,0,0.5265589356422424,0.49999999999999994,1
10,1,199,11,0,0.5281906127929688,0.49999999999999994,1
10,1,200,11,0,0.5265589356422424,0.49999999999999994,1
10,1,201,11,0,0.5265589356422424,0.49999999999999994,1
10,1,202,11,0,0.5281230807304382,0.49999999999999994,1
10,1,203,11,0,0.5265589356422424,0.49999999999999994,1
10,1,204,11,0,0.5265589356422424,0.49999999999999994,1
10,1,205,11,0,0.5281822085380554,0.49999999999999994,1
10,1,206,11,0,0.5282283425331116,0.49999999999999994,1
10,1,267,18,0,0.5280309915542603,0.49999999999999994,1
10,1,268,18,0,0.5283357501029968,0.49999999999999994,1
10,1,269,18,0,0.5267125368118286,0.49999999999999994,1
10,1,270,18,0,0.5266730785369873,0.49999999999999994,1
10,1,271,18,0,0.5281822085380554,0.49999999999999994,1
10,1,272,18,0,0.5285768508911133,0.49999999999999994,1
10,1,273,18,0,0.5267531871795654,0.49999999999999994,1
10,1,274,18,0,0.5266727209091187,0.49999999999999994,1
10,1,275,18,0,0.5266265273094177,0.49999999999999994,1
10,1,276,18,0,0.526626467704773,0.49999999999999994,1
10,1,317,23,0,0.5265589356422424,0.49999999999999994,1
10,1,318,23,0,0.5281145572662354,0.49999999999999994,1
10,1,319,23,0,0.5265589356422424,0.49999999999999994,1
10,1,320,23,0,0.5266051292419434,0.49999999999999994,1
10,1,321,23,0,0.5266050696372986,0.49999999999999994,1
10,1,322,23,0,0.5265589356422424,0.49999999999999994,1
10,1,323,23,0,0.5265589356422424,0.49999999999999994,1
10,1,324,23,0,0.5282307863235474,0.49999999999999994,1
10,1,325,23,0,0.526694118976593,0.49999999999999994,1
10,1,326,23,0,0.5265589356422424,0.49999999999999994,1
10,1,327,24,0,0.5265589356422424,0.49999999999999994,1
10,1,328,24,0,0.5265589356422424,0.49999999999999994,1
10,1,329,24,0,0.5266050696372986,0.49999999999999994,1
10,1,330,24,0,0.5265589356422424,0.49999999999999994,1
10,1,331,24,0,0.5282520651817322,0.49999999999999994,1
10,1,332,24,0,0.5266051292419434,0.49999999999999994,1
10,1,333,24,0,0.5266051292419434,0.49999999999999994,1
10,1,334,24,0,0.5266051292419434,0.49999999999999994,1
10,1,335,24,0,0.5265589356422424,0.49999999999999994,1
10,1,336,24,0,0.5266051292419434,0.49999999999999994,1
10,1,337,25,0,0.5265589356422424,0.49999999999999994,1
10,1,338,25,0,0.5265589356422424,0.49999999999999994,1
10,1,339,25,0,0.5265589356422424,0.49999999999999994,1
10,1,340,25,0,0.5265589356422424,0.49999999999999994,1
10,1,341,25,0,0.5265589356422424,0.49999999999999994,1
10,1,342,25,0,0.5329355597496033,0.49999999999999994,1
10,1,343,25,0,0.5281820893287659,0.49999999999999994,1
10,1,344,25,0,0.5281821489334106,0.49999999999999994,1
10,1,345,25,0,0.5282283425331116,0.49999999999999994,1
10,1,346,25,0,0.5281821489334106,0.49999999999999994,1
10,1,387,30,0,0.5283142328262329,0.49999999999999994,1
10,1,388,30,0,0.5266726613044739,0.49999999999999994,1
10,1,389,30,0,0.5283818244934082,0.49999999999999994,1
10,1,390,30,0,0.5281821489334106,0.49999999999999994,1
10,1,391,30,0,0.5281821489334106,0.49999999999999994,1
10,1,392,30,0,0.5282283425331116,0.49999999999999994,1
10,1,393,30,0,0.5347955226898193,0.49999999999999994,1
10,1,394,30,0,0.5287303328514099,0.49999999999999994,1
10,1,395,30,0,0.5266051292419434,0.49999999999999994,1
10,1,396,30,0,0.5266051292419434,0.49999999999999994,1
10,1,447,36,0,0.5281145572662354,0.49999999999999994,1
10,1,448,36,0,0.5282367467880249,0.49999999999999994,1
10,1,449,36,0,0.5285084843635559,0.49999999999999994,1
10,1,450,36,0,0.5268347263336182,0.49999999999999994,1
10,1,451,36,0,0.5265589356422424,0.49999999999999994,1
10,1,452,36,0,0.5281821489334106,0.49999999999999994,1
10,1,453,36,0,0.5266051292419434,0.49999999999999994,1
10,1,454,36,0,0.5266051888465881,0.49999999999999994,1
10,1,455,36,0,0.5281145572662354,0.49999999999999994,1
10,1,456,36,0,0.5285084247589111,0.49999999999999994,1
10,1,607,52,0,0.5266051292419434,0.49999999999999994,1
10,1,608,52,0,0.528412401676178,0.49999999999999994,1
10,1,609,52,0,0.5266050696372986,0.49999999999999994,1
10,1,610,52,0,0.5283818244934082,0.49999999999999994,1
10,1,611,52,0,0.5267587900161743,0.49999999999999994,1
10,1,612,52,0,0.5265589356422424,0.49999999999999994,1
10,1,613,52,0,0.5265589356422424,0.49999999999999994,1
10,1,614,52,0,0.5282958745956421,0.49999999999999994,1
10,1,615,52,0,0.5284954905509949,0.49999999999999994,1
10,1,616,52,0,0.5285050868988037,0.49999999999999994,1
10,1,707,62,0,0.5265589356422424,0.49999999999999994,1
10,1,708,62,0,0.5265589356422424,0.49999999999999994,1
10,1,709,62,0,0.5282829403877258,0.49999999999999994,1
10,1,710,62,0,0.5266265273094177,0.49999999999999994,1
10,1,711,62,0,0.5267125368118286,0.49999999999999994,1
10,1,712,62,0,0.5265589356422424,0.49999999999999994,1
10,1,713,62,0,0.5267586708068848,0.49999999999999994,1
10,1,714,62,0,0.5281145572662354,0.49999999999999994,1
10,1,715,62,0,0.5265589356422424,0.49999999999999994,1
10,1,716,62,0,0.5266051292419434,0.49999999999999994,1
10,1,767,68,0,0.5283042788505554,0.49999999999999994,1
10,1,768,68,0,0.5282283425331116,0.49999999999999994,1
10,1,769,68,0,0.5282282829284668,0.49999999999999994,1
10,1,770,68,0,0.5281822085380554,0.49999999999999994,1
10,1,771,68,0,0.5282283425331116,0.49999999999999994,1
10,1,772,68,0,0.5281146168708801,0.49999999999999994,1
10,1,773,68,0,0.5281145572662354,0.49999999999999994,1
10,1,774,68,0,0.5282958745956421,0.49999999999999994,1
10,1,775,68,0,0.5284116864204407,0.49999999999999994,1
10,1,776,68,0,0.5281822085380554,0.49999999999999994,1
10,1,787,70,0,0.5266265273094177,0.49999999999999994,1
10,1,788,70,0,0.5266265869140625,0.49999999999999994,1
10,1,789,70,0,0.5281822085380554,0.49999999999999994,1
10,1,790,70,0,0.528381884098053,0.49999999999999994,1
10,1,791,70,0,0.5268262624740601,0.49999999999999994,1
10,1,792,70,0,0.5282369256019592,0.49999999999999994,1
10,1,793,70,0,0.5283043384552002,0.49999999999999994,1
10,1,794,70,0,0.5281822085380554,0.49999999999999994,1
10,1,795,70,0,0.5267125368118286,0.49999999999999994,1
10,1,796,70,0,0.5281607508659363,0.49999999999999994,1
10,1,797,71,0,0.5281822085380554,0.49999999999999994,1
10,1,798,71,0,0.5281146168708801,0.49999999999999994,1
10,1,799,71,0,0.5282411575317383,0.49999999999999994,1
10,1,800,71,0,0.5282153487205505,0.49999999999999994,1
10,1,801,71,0,0.5299562811851501,0.49999999999999994,1
10,1,802,71,0,0.5266265273094177,0.49999999999999994,1
10,1,803,71,0,0.5286384224891663,0.49999999999999994,1
10,1,804,71,0,0.5265589356422424,0.49999999999999994,1
10,1,805,71,0,0.5266290307044983,0.49999999999999994,1
10,1,806,71,0,0.526694118976593,0.49999999999999994,1
10,1,827,74,0,0.5265589356422424,0.49999999999999994,1
10,1,828,74,0,0.5281822681427002,0.49999999999999994,1
10,1,829,74,0,0.5286628007888794,0.49999999999999994,1
10,1,830,74,0,0.5282744765281677,0.49999999999999994,1
10,1,831,74,0,0.5266265273094177,0.49999999999999994,1
10,1,832,74,0,0.5266265273094177,0.49999999999999994,1
10,1,833,74,0,0.5265589356422424,0.49999999999999994,1
10,1,834,74,0,0.5265589356422424,0.49999999999999994,1
10,1,835,74,0,0.5267801284790039,0.49999999999999994,1
10,1,836,74,0,0.5266265869140625,0.49999999999999994,1
10,1,847,76,0,0.5266266465187073,0.49999999999999994,1
10,1,848,76,0,0.5266051292419434,0.49999999999999994,1
10,1,849,76,0,0.5266265273094177,0.49999999999999994,1
10,1,850,76,0,0.5286627411842346,0.49999999999999994,1
10,1,851,76,0,0.5285767912864685,0.49999999999999994,1
10,1,852,76,0,0.5298995971679688,0.49999999999999994,1
10,1,853,76,0,0.5281146168708801,0.49999999999999994,1
10,1,854,76,0,0.5281822085380554,0.49999999999999994,1
10,1,855,76,0,0.5281146168708801,0.49999999999999994,1
10,1,856,76,0,0.5266051292419434,0.49999999999999994,1
10,1,887,80,0,0.5266051292419434,0.49999999999999994,1
10,1,888,80,0,0.5266940593719482,0.49999999999999994,1
10,1,889,80,0,0.5266727209091187,0.49999999999999994,1
10,1,890,80,0,0.5266051292419434,0.49999999999999994,1
10,1,891,80,0,0.5265589356422424,0.49999999999999994,1
10,1,892,80,0,0.5265589952468872,0.49999999999999994,1
10,1,893,80,0,0.5265589356422424,0.49999999999999994,1
10,1,894,80,0,0.528252124786377,0.49999999999999994,1
10,1,895,80,0,0.5267125368118286,0.49999999999999994,1
10,1,896,80,0,0.5286627411842346,0.49999999999999994,1
10,2,0,0,1,0.43932950496673584,0.5349999999999999,0
10,2,2,2,1,0.45279115438461304,0.5349999999999999,0
10,2,5,5,1,0.4461270570755005,0.5349999999999999,0
10,2,9,9,1,0.44551822543144226,0.5349999999999999,0
10,2,10,10,1,0.44121992588043213,0.5349999999999999,0
10,2,12,12,1,0.4508621096611023,0.5349999999999999,0
10,2,14,14,1,0.44551822543144226,0.5349999999999999,0
10,2,15,15,1,0.4508621096611023,0.5349999999999999,0
10,2,19,19,1,0.44551822543144226,0.5349999999999999,0
10,2,31,31,1,0.4461270868778229,0.5349999999999999,0
10,2,33,33,1,0.44551822543144226,0.5349999999999999,0
10,2,35,35,1,0.4461270570755005,0.5349999999999999,0
10,2,40,40,1,0.43958839774131775,0.5349999999999999,0
10,2,64,64,1,0.43958815932273865,0.5349999999999999,0
10,2,65,65,1,0.43958839774131775,0.5349999999999999,0
10,2,67,67,1,0.44551822543144226,0.5349999999999999,0
10,2,87,0,0,0.4393295347690582,0.5349999999999999,0
10,2,88,0,0,0.4303604066371918,0.5349999999999999,0
10,2,89,0,0,0.4397604763507843,0.5349999999999999,0
10,2,90,0,0,0.4296659231185913,0.5349999999999999,0
10,2,91,0,0,0.4346626102924347,0.5349999999999999,0
10,2,92,0,0,0.4297201335430145,0.5349999999999999,0
10,2,93,0,0,0.43422454595565796,0.5349999999999999,0
10,2,94,0,0,0.4296659231185913,0.5349999999999999,0
10,2,95,0,0,0.4338558316230774,0.5349999999999999,0
10,2,96,0,0,0.43422457575798035,0.5349999999999999,0
10,2,107,2,0,0.4338344633579254,0.5349999999999999,0
10,2,108,2,0,0.4338344633579254,0.5349999999999999,0
10,2,109,2,0,0.43051454424858093,0.5349999999999999,0
10,2,110,2,0,0.4342247545719147,0.5349999999999999,0
10,2,111,2,0,0.4344598352909088,0.5349999999999999,0
10,2,112,2,0,0.4301093816757202,0.5349999999999999,0
10,2,113,2,0,0.43124186992645264,0.5349999999999999,0
10,2,114,2,0,0.4304942190647125,0.5349999999999999,0
10,2,115,2,0,0.43414464592933655,0.5349999999999999,0
10,2,116,2,0,0.43414464592933655,0.5349999999999999,0
10,2,137,5,0,0.4348614811897278,0.5349999999999999,0
10,2,138,5,0,0.4527912139892578,0.5349999999999999,0
10,2,139,5,0,0.433931440114975,0.5349999999999999,0
10,2,140,5,0,0.43366292119026184,0.5349999999999999,0
10,2,141,5,0,0.4340062439441681,0.5349999999999999,0
10,2,142,5,0,0.4300083518028259,0.5349999999999999,0
10,2,143,5,0,0.43395182490348816,0.5349999999999999,0
10,2,144,5,0,0.43406930565834045,0.5349999999999999,0
10,2,145,5,0,0.4352237284183502,0.5349999999999999,0
10,2,146,5,0,0.439325749874115,0.5349999999999999,0
10,2,177,9,0,0.439208984375,0.5349999999999999,0
10,2,178,9,0,0.4297201931476593,0.5349999999999999,0
10,2,179,9,0,0.4295487403869629,0.5349999999999999,0
10,2,180,9,0,0.4295487701892853,0.5349999999999999,0
10,2,181,9,0,0.4295487701892853,0.5349999999999999,0
10,2,182,9,0,0.4297201931476593,0.5349999999999999,0
10,2,183,9,0,0.4338344633579254,0.5349999999999999,0
10,2,184,9,0,0.42954885959625244,0.5349999999999999,0
10,2,185,9,0,0.42972010374069214,0.5349999999999999,0
10,2,186,9,0,0.4301092326641083,0.5349999999999999,0
10,2,187,10,0,0.43378010392189026,0.5349999999999999,0
10,2,188,10,0,0.43409034609794617,0.5349999999999999,0
10,2,189,10,0,0.4382026791572571,0.5349999999999999,0
10,2,190,10,0,0.4297198951244354,0.5349999999999999,0
10,2,191,10,0,0.42993786931037903,0.5349999999999999,0
10,2,192,10,0,0.43491020798683167,0.5349999999999999,0
10,2,193,10,0,0.4299379289150238,0.5349999999999999,0
10,2,194,10,0,0.4295702576637268,0.5349999999999999,0
10,2,195,10,0,0.4340061545372009,0.5349999999999999,0
10,2,196,10,0,0.42972007393836975,0.5349999999999999,0
10,2,207,12,0,0.4295487701892853,0.5349999999999999,0
10,2,208,12,0,0.4296657145023346,0.5349999999999999,0
10,2,209,12,0,0.429665744304657,0.5349999999999999,0
10,2,210,12,0,0.4339516758918762,0.5349999999999999,0
10,2,211,12,0,0.4295487701892853,0.5349999999999999,0
10,2,212,12,0,0.4295487701892853,0.5349999999999999,0
10,2,213,12,0,0.4354178011417389,0.5349999999999999,0
10,2,214,12,0,0.4295487403869629,0.5349999999999999,0
10,2,215,12,0,0.4297199845314026,0.5349999999999999,0
10,2,216,12,0,0.4297199845314026,0.5349999999999999,0
10,2,227,14,0,0.4299378991127014,0.5349999999999999,0
10,2,228,14,0,0.43010908365249634,0.5349999999999999,0
10,2,229,14,0,0.43010929226875305,0.5349999999999999,0
10,2,230,14,0,0.43383461236953735,0.5349999999999999,0
10,2,231,14,0,0.4299379885196686,0.5349999999999999,0
10,2,232,14,0,0.43013060092926025,0.5349999999999999,0
10,2,233,14,0,0.43366286158561707,0.5349999999999999,0
10,2,234,14,0,0.43491029739379883,0.5349999999999999,0
10,2,235,14,0,0.429665744304657,0.5349999999999999,0
10,2,236,14,0,0.4338345527648926,0.5349999999999999,0
10,2,237,15,0,0.43366292119026184,0.5349999999999999,0
10,2,238,15,0,0.4299379289150238,0.5349999999999999,0
10,2,239,15,0,0.4298369586467743,0.5349999999999999,0
10,2,240,15,0,0.43916043639183044,0.5349999999999999,0
10,2,241,15,0,0.4342246949672699,0.5349999999999999,0
10,2,242,15,0,0.4397348463535309,0.5349999999999999,0
10,2,243,15,0,0.4338345527648926,0.5349999999999999,0
10,2,244,15,0,0.43927231431007385,0.5349999999999999,0
10,2,245,15,0,0.43010929226875305,0.5349999999999999,0
10,2,246,15,0,0.4338344633579254,0.5349999999999999,0
10,2,277,19,0,0.42972034215927124,0.5349999999999999,0
10,2,278,19,0,0.43459147214889526,0.5349999999999999,0
10,2,279,19,0,0.42954885959625244,0.5349999999999999,0
10,2,280,19,0,0.4338345527648926,0.5349999999999999,0
10,2,281,19,0,0.4295487403869629,0.5349999999999999,0
10,2,282,19,0,0.4297199845314026,0.5349999999999999,0
10,2,283,19,0,0.42972004413604736,0.5349999999999999,0
10,2,284,19,0,0.4350821375846863,0.5349999999999999,0
10,2,285,19,0,0.4338345527648926,0.5349999999999999,0
10,2,286,19,0,0.43110328912734985,0.5349999999999999,0
10,2,397,31,0,0.4296657145023346,0.5349999999999999,0
10,2,398,31,0,0.429665744304657,0.5349999999999999,0
10,2,399,31,0,0.429665744304657,0.5349999999999999,0
10,2,400,31,0,0.4298368990421295,0.5349999999999999,0
10,2,401,31,0,0.42954882979393005,0.5349999999999999,0
10,2,402,31,0,0.429665744304657,0.5349999999999999,0
10,2,403,31,0,0.4296657145023346,0.5349999999999999,0
10,2,404,31,0,0.4296656847000122,0.5349999999999999,0
10,2,405,31,0,0.42993786931037903,0.5349999999999999,0
10,2,406,31,0,0.43366286158561707,0.5349999999999999,0
10,2,417,33,0,0.4301092028617859,0.5349999999999999,0
10,2,418,33,0,0.4301092326641083,0.5349999999999999,0
10,2,419,33,0,0.43395182490348816,0.5349999999999999,0
10,2,420,33,0,0.4296657145023346,0.5349999999999999,0
10,2,421,33,0,0.4297199845314026,0.5349999999999999,0
10,2,422,33,0,0.43491020798683167,0.5349999999999999,0
10,2,423,33,0,0.4296656847000122,0.5349999999999999,0
10,2,424,33,0,0.4391632080078125,0.5349999999999999,0
10,2,425,33,0,0.4295487701892853,0.5349999999999999,0
10,2,426,33,0,0.4295487105846405,0.5349999999999999,0
10,2,437,35,0,0.4299379289150238,0.5349999999999999,0
10,2,438,35,0,0.4295487403869629,0.5349999999999999,0
10,2,439,35,0,0.4295487403869629,0.5349999999999999,0
10,2,440,35,0,0.4347180426120758,0.5349999999999999,0
10,2,441,35,0,0.4295487403869629,0.5349999999999999,0
10,2,442,35,0,0.429665744304657,0.5349999999999999,0
10,2,443,35,0,0.43582990765571594,0.5349999999999999,0
10,2,444,35,0,0.43958815932273865,0.5349999999999999,0
10,2,445,35,0,0.4295487701892853,0.5349999999999999,0
10,2,446,35,0,0.4298368990421295,0.5349999999999999,0
10,2,487,40,0,0.4301091730594635,0.5349999999999999,0
10,2,488,40,0,0.43582993745803833,0.5349999999999999,0
10,2,489,40,0,0.42993786931037903,0.5349999999999999,0
10,2,490,40,0,0.4295487403869629,0.5349999999999999,0
10,2,491,40,0,0.4295487403869629,0.5349999999999999,0
10,2,492,40,0,0.4295487701892853,0.5349999999999999,0
10,2,493,40,0,0.429665744304657,0.5349999999999999,0
10,2,494,40,0,0.4342244863510132,0.5349999999999999,0
10,2,495,40,0,0.44551822543144226,0.5349999999999999,0
10,2,496,40,0,0.43366292119026184,0.5349999999999999,0
10,2,727,64,0,0.4295487701892853,0.5349999999999999,0
10,2,728,64,0,0.4295487105846405,0.5349999999999999,0
10,2,729,64,0,0.4295487701892853,0.5349999999999999,0
10,2,730,64,0,0.4297415018081665,0.5349999999999999,0
10,2,731,64,0,0.429665744304657,0.5349999999999999,0
10,2,732,64,0,0.42993786931037903,0.5349999999999999,0
10,2,733,64,0,0.4299379289150238,0.5349999999999999,0
10,2,734,64,0,0.4295487403869629,0.5349999999999999,0
10,2,735,64,0,0.4295487403869629,0.5349999999999999,0
10,2,736,64,0,0.4295487403869629,0.5349999999999999,0
10,2,737,65,0,0.4338439404964447,0.5349999999999999,0
10,2,738,65,0,0.4302264153957367,0.5349999999999999,0
10,2,739,65,0,0.43558964133262634,0.5349999999999999,0
10,2,740,65,0,0.42993783950805664,0.5349999999999999,0
10,2,741,65,0,0.4295487403869629,0.5349999999999999,0
10,2,742,65,0,0.4295487403869629,0.5349999999999999,0
10,2,743,65,0,0.43025368452072144,0.5349999999999999,0
10,2,744,65,0,0.4295487701892853,0.5349999999999999,0
10,2,745,65,0,0.4295487403869629,0.5349999999999999,0
10,2,746,65,0,0.4295487701892853,0.5349999999999999,0
10,2,757,67,0,0.4341265559196472,0.5349999999999999,0
10,2,758,67,0,0.43461284041404724,0.5349999999999999,0
10,2,759,67,0,0.43366292119026184,0.5349999999999999,0
10,2,760,67,0,0.4338352382183075,0.5349999999999999,0
10,2,761,67,0,0.43424585461616516,0.5349999999999999,0
10,2,762,67,0,0.4390360713005066,0.5349999999999999,0
10,2,763,67,0,0.4299378991127014,0.5349999999999999,0
10,2,764,67,0,0.42972010374069214,0.5349999999999999,0
10,2,765,67,0,0.43424591422080994,0.5349999999999999,0
10,2,766,67,0,0.43378013372421265,0.5349999999999999,0
10,3,8,8,1,0.3962532579898834,0.575,0
10,3,21,21,1,0.7281014919281006,0.575,1
10,3,26,26,1,0.3446480333805084,0.575,0
10,3,27,27,1,0.6042870879173279,0.575,1
10,3,29,29,1,0.3446480631828308,0.575,0
10,3,34,34,1,0.6042870879173279,0.575,1
10,3,39,39,1,0.6042870879173279,0.575,1
10,3,49,49,1,0.33349844813346863,0.575,0
10,3,51,51,1,0.194701686501503,0.575,0
10,3,55,55,1,0.7373865246772766,0.575,1
10,3,59,59,1,0.2957436740398407,0.575,0
10,3,60,60,1,0.2957437038421631,0.575,0
10,3,63,63,1,0.7281015515327454,0.575,1
10,3,66,66,1,0.1249232217669487,0.575,0
10,3,69,69,1,0.3962477445602417,0.575,0
10,3,72,72,1,0.5855139493942261,0.575,1
10,3,167,8,0,0.11425445228815079,0.575,0
10,3,168,8,0,0.11516144871711731,0.575,0
10,3,169,8,0,0.17136496305465698,0.575,0
10,3,170,8,0,0.11516143381595612,0.575,0
10,3,171,8,0,0.11231748759746552,0.575,0
10,3,172,8,0,0.12009559571743011,0.575,0
10,3,173,8,0,0.17011870443820953,0.575,0
10,3,174,8,0,0.11231543123722076,0.575,0
10,3,175,8,0,0.1706094890832901,0.575,0
10,3,176,8,0,0.11231546103954315,0.575,0
10,3,297,21,0,0.1142544373869896,0.575,0
10,3,298,21,0,0.18805968761444092,0.575,0
10,3,299,21,0,0.118069589138031,0.575,0
10,3,300,21,0,0.17335347831249237,0.575,0
10,3,301,21,0,0.1239471286535263,0.575,0
10,3,302,21,0,0.12394818663597107,0.575,0
10,3,303,21,0,0.17060121893882751,0.575,0
10,3,304,21,0,0.11231444031000137,0.575,0
10,3,305,21,0,0.11231439560651779,0.575,0
10,3,306,21,0,0.18953706324100494,0.575,0
10,3,347,26,0,0.19279265403747559,0.575,0
10,3,348,26,0,0.1142544373869896,0.575,0
10,3,349,26,0,0.17938058078289032,0.575,0
10,3,350,26,0,0.1799488067626953,0.575,0
10,3,351,26,0,0.17011867463588715,0.575,0
10,3,352,26,0,0.11425445228815079,0.575,0
10,3,353,26,0,0.1706032156944275,0.575,0
10,3,354,26,0,0.1706012636423111,0.575,0
10,3,355,26,0,0.11231439560651779,0.575,0
10,3,356,26,0,0.11231441050767899,0.575,0
10,3,357,27,0,0.17011821269989014,0.575,0
10,3,358,27,0,0.17011722922325134,0.575,0
10,3,359,27,0,0.17011721432209015,0.575,0
10,3,360,27,0,0.1799488216638565,0.575,0
10,3,361,27,0,0.1728607565164566,0.575,0
10,3,362,27,0,0.28422680497169495,0.575,0
10,3,363,27,0,0.17286372184753418,0.575,0
10,3,364,27,0,0.1728612631559372,0.575,0
10,3,365,27,0,0.1123199388384819,0.575,0
10,3,366,27,0,0.11231439560651779,0.575,0
10,3,377,29,0,0.2923789918422699,0.575,0
10,3,378,29,0,0.1728598028421402,0.575,0
10,3,379,29,0,0.17012782394886017,0.575,0
10,3,380,29,0,0.17012783885002136,0.575,0
10,3,381,29,0,0.1728612631559372,0.575,0
10,3,382,29,0,0.1728627234697342,0.575,0
10,3,383,29,0,0.1964886486530304,0.575,0
10,3,384,29,0,0.11516212671995163,0.575,0
10,3,385,29,0,0.11516212671995163,0.575,0
10,3,386,29,0,0.11425445228815079,0.575,0
10,3,427,34,0,0.3081102967262268,0.575,0
10,3,428,34,0,0.30810633301734924,0.575,0
10,3,429,34,0,0.11231543123722076,0.575,0
10,3,430,34,0,0.11231541633605957,0.575,0
10,3,431,34,0,0.11425445228815079,0.575,0
10,3,432,34,0,0.11231524497270584,0.575,0
10,3,433,34,0,0.11231439560651779,0.575,0
10,3,434,34,0,0.2487189769744873,0.575,0
10,3,435,34,0,0.11231543123722076,0.575,0
10,3,436,34,0,0.11231541633605957,0.575,0
10,3,477,39,0,0.11231441050767899,0.575,0
10,3,478,39,0,0.11425548046827316,0.575,0
10,3,479,39,0,0.11425545066595078,0.575,0
10,3,480,39,0,0.17207875847816467,0.575,0
10,3,481,39,0,0.11516039073467255,0.575,0
10,3,482,39,0,0.11231546103954315,0.575,0
10,3,483,39,0,0.17334993183612823,0.575,0
10,3,484,39,0,0.17287786304950714,0.575,0
10,3,485,39,0,0.21559017896652222,0.575,0
10,3,486,39,0,0.21559016406536102,0.575,0
10,3,577,49,0,0.11231439560651779,0.575,0
10,3,578,49,0,0.11231524497270584,0.575,0
10,3,579,49,0,0.11231523007154465,0.575,0
10,3,580,49,0,0.11231524497270584,0.575,0
10,3,581,49,0,0.1996002197265625,0.575,0
10,3,582,49,0,0.12091582268476486,0.575,0
10,3,583,49,0,0.20414592325687408,0.575,0
10,3,584,49,0,0.11231543123722076,0.575,0
10,3,585,49,0,0.11231524497270584,0.575,0
10,3,586,49,0,0.11231543123722076,0.575,0
10,3,597,51,0,0.2957458198070526,0.575,0
10,3,598,51,0,0.1756357103586197,0.575,0
10,3,599,51,0,0.16617104411125183,0.575,0
10,3,600,51,0,0.18489745259284973,0.575,0
10,3,601,51,0,0.11606034636497498,0.575,0
10,3,602,51,0,0.1780700832605362,0.575,0
10,3,603,51,0,0.1756412386894226,0.575,0
10,3,604,51,0,0.18489740788936615,0.575,0
10,3,605,51,0,0.11888039112091064,0.575,0
10,3,606,51,0,0.11425550282001495,0.575,0
10,3,637,55,0,0.11231439560651779,0.575,0
10,3,638,55,0,0.112314373254776,0.575,0
10,3,639,55,0,0.11231441050767899,0.575,0
10,3,640,55,0,0.11231543123722076,0.575,0
10,3,641,55,0,0.17011725902557373,0.575,0
10,3,642,55,0,0.1925254911184311,0.575,0
10,3,643,55,0,0.11231439560651779,0.575,0
10,3,644,55,0,0.1715891808271408,0.575,0
10,3,645,55,0,0.12186619639396667,0.575,0
10,3,646,55,0,0.11425339430570602,0.575,0
10,3,677,59,0,0.1142544373869896,0.575,0
10,3,678,59,0,0.11231543123722076,0.575,0
10,3,679,59,0,0.11231441050767899,0.575,0
10,3,680,59,0,0.11231441050767899,0.575,0
10,3,681,59,0,0.11231439560651779,0.575,0
10,3,682,59,0,0.11231524497270584,0.575,0
10,3,683,59,0,0.11231524497270584,0.575,0
10,3,684,59,0,0.12091583758592606,0.575,0
10,3,685,59,0,0.20270603895187378,0.575,0
10,3,686,59,0,0.11231541633605957,0.575,0
10,3,687,60,0,0.11887899041175842,0.575,0
10,3,688,60,0,0.11425340920686722,0.575,0
10,3,689,60,0,0.11425343155860901,0.575,0
10,3,690,60,0,0.11231441050767899,0.575,0
10,3,691,60,0,0.17368394136428833,0.575,0
10,3,692,60,0,0.20414616167545319,0.575,0
10,3,693,60,0,0.11425445228815079,0.575,0
10,3,694,60,0,0.11231439560651779,0.575,0
10,3,695,60,0,0.30286064743995667,0.575,0
10,3,696,60,0,0.17059984803199768,0.575,0
10,3,717,63,0,0.18953971564769745,0.575,0
10,3,718,63,0,0.11231447011232376,0.575,0
10,3,719,63,0,0.11231439560651779,0.575,0
10,3,720,63,0,0.11231439560651779,0.575,0
10,3,721,63,0,0.1882394403219223,0.575,0
10,3,722,63,0,0.11887935549020767,0.575,0
10,3,723,63,0,0.11231543123722076,0.575,0
10,3,724,63,0,0.1142590343952179,0.575,0
10,3,725,63,0,0.11425554007291794,0.575,0
10,3,726,63,0,0.11231529712677002,0.575,0
10,3,747,66,0,0.11425445228815079,0.575,0
10,3,748,66,0,0.11231444031000137,0.575,0
10,3,749,66,0,0.11231444031000137,0.575,0
10,3,750,66,0,0.19003833830356598,0.575,0
10,3,751,66,0,0.17286129295825958,0.575,0
10,3,752,66,0,0.172860786318779,0.575,0
10,3,753,66,0,0.11231650412082672,0.575,0
10,3,754,66,0,0.17013674974441528,0.575,0
10,3,755,66,0,0.17013949155807495,0.575,0
10,3,756,66,0,0.17013674974441528,0.575,0
10,3,777,69,0,0.1756451427936554,0.575,0
10,3,778,69,0,0.17286129295825958,0.575,0
10,3,779,69,0,0.17011870443820953,0.575,0
10,3,780,69,0,0.11516040563583374,0.575,0
10,3,781,69,0,0.17288053035736084,0.575,0
10,3,782,69,0,0.11807253956794739,0.575,0
10,3,783,69,0,0.11231441050767899,0.575,0
10,3,784,69,0,0.25467976927757263,0.575,0
10,3,785,69,0,0.11231543123722076,0.575,0
10,3,786,69,0,0.1688643991947174,0.575,0
10,3,807,72,0,0.11515898257493973,0.575,0
10,3,808,72,0,0.11515900492668152,0.575,0
10,3,809,72,0,0.115158312022686,0.575,0
10,3,810,72,0,0.11516006290912628,0.575,0
10,3,811,72,0,0.1151600331068039,0.575,0
10,3,812,72,0,0.1151600331068039,0.575,0
10,3,813,72,0,0.11515828967094421,0.575,0
10,3,814,72,0,0.20097632706165314,0.575,0
10,3,815,72,0,0.11516111344099045,0.575,0
10,3,816,72,0,0.1151600331068039,0.575,0
10,4,6,6,1,0.5246902704238892,0.4649999999999999,1
10,4,20,20,1,0.5056656002998352,0.4649999999999999,1
10,4,22,22,1,0.5056656002998352,0.4649999999999999,1
10,4,32,32,1,0.4876062870025635,0.4649999999999999,1
10,4,37,37,1,0.5116040110588074,0.4649999999999999,1
10,4,41,41,1,0.506102979183197,0.4649999999999999,1
10,4,44,44,1,0.4836815297603607,0.4649999999999999,1
10,4,45,45,1,0.4811544120311737,0.4649999999999999,1
10,4,47,47,1,0.5380262732505798,0.4649999999999999,1
10,4,50,50,1,0.4932999610900879,0.4649999999999999,1
10,4,54,54,1,0.4864897131919861,0.4649999999999999,1
10,4,57,57,1,0.5284955501556396,0.4649999999999999,1
10,4,58,58,1,0.5116040110588074,0.4649999999999999,1
10,4,75,75,1,0.48420342803001404,0.4649999999999999,1
10,4,78,78,1,0.5246902704238892,0.4649999999999999,1
10,4,79,79,1,0.5056655406951904,0.4649999999999999,1
10,4,147,6,0,0.44912251830101013,0.4649999999999999,0
10,4,148,6,0,0.4512583315372467,0.4649999999999999,0
10,4,149,6,0,0.46348780393600464,0.4649999999999999,0
10,4,150,6,0,0.4632875323295593,0.4649999999999999,0
10,4,151,6,0,0.46277883648872375,0.4649999999999999,0
10,4,152,6,0,0.4657144844532013,0.4649999999999999,1
10,4,153,6,0,0.4625798463821411,0.4649999999999999,0
10,4,154,6,0,0.4497491717338562,0.4649999999999999,0
10,4,155,6,0,0.4621497392654419,0.4649999999999999,0
10,4,156,6,0,0.46515581011772156,0.4649999999999999,1
10,4,287,20,0,0.482829213142395,0.4649999999999999,1
10,4,288,20,0,0.46321165561676025,0.4649999999999999,0
10,4,289,20,0,0.48470988869667053,0.4649999999999999,1
10,4,290,20,0,0.4483252763748169,0.4649999999999999,0
10,4,291,20,0,0.5116040110588074,0.4649999999999999,1
10,4,292,20,0,0.4476991295814514,0.4649999999999999,0
10,4,293,20,0,0.44812676310539246,0.4649999999999999,0
10,4,294,20,0,0.4693863093852997,0.4649999999999999,1
10,4,295,20,0,0.4476991891860962,0.4649999999999999,0
10,4,296,20,0,0.4491227865219116,0.4649999999999999,0
10,4,307,22,0,0.46285781264305115,0.4649999999999999,0
10,4,308,22,0,0.44812723994255066,0.4649999999999999,0
10,4,309,22,0,0.44812697172164917,0.4649999999999999,0
10,4,310,22,0,0.44812697172164917,0.4649999999999999,0
10,4,311,22,0,0.4476991593837738,0.4649999999999999,0
10,4,312,22,0,0.4476993680000305,0.4649999999999999,0
10,4,313,22,0,0.4476991593837738,0.4649999999999999,0
10,4,314,22,0,0.44912219047546387,0.4649999999999999,0
10,4,315,22,0,0.4476991593837738,0.4649999999999999,0
10,4,316,22,0,0.4476991593837738,0.4649999999999999,0
10,4,407,32,0,0.4476993680000305,0.4649999999999999,0
10,4,408,32,0,0.44769933819770813,0.4649999999999999,0
10,4,409,32,0,0.4805455803871155,0.4649999999999999,1
10,4,410,32,0,0.4476993680000305,0.4649999999999999,0
10,4,411,32,0,0.44812676310539246,0.4649999999999999,0
10,4,412,32,0,0.4476991891860962,0.4649999999999999,0
10,4,413,32,0,0.4539512097835541,0.4649999999999999,0
10,4,414,32,0,0.4491221308708191,0.4649999999999999,0
10,4,415,32,0,0.4476991593837738,0.4649999999999999,0
10,4,416,32,0,0.4476991593837738,0.4649999999999999,0
10,4,457,37,0,0.4476991593837738,0.4649999999999999,0
10,4,458,37,0,0.453925758600235,0.4649999999999999,0
10,4,459,37,0,0.4632095694541931,0.4649999999999999,0
10,4,460,37,0,0.44812697172164917,0.4649999999999999,0
10,4,461,37,0,0.44812721014022827,0.4649999999999999,0
10,4,462,37,0,0.44812700152397156,0.4649999999999999,0
10,4,463,37,0,0.4543542265892029,0.4649999999999999,0
10,4,464,37,0,0.44812721014022827,0.4649999999999999,0
10,4,465,37,0,0.4657000005245209,0.4649999999999999,1
10,4,466,37,0,0.44812721014022827,0.4649999999999999,0
10,4,497,41,0,0.44974884390830994,0.4649999999999999,0
10,4,498,41,0,0.46420979499816895,0.4649999999999999,0
10,4,499,41,0,0.492483913898468,0.4649999999999999,1
10,4,500,41,0,0.4680808484554291,0.4649999999999999,1
10,4,501,41,0,0.4621497392654419,0.4649999999999999,0
10,4,502,41,0,0.4632090926170349,0.4649999999999999,0
10,4,503,41,0,0.4657144546508789,0.4649999999999999,1
10,4,504,41,0,0.4635798931121826,0.4649999999999999,0
10,4,505,41,0,0.44812697172164917,0.4649999999999999,0
10,4,506,41,0,0.4621497392654419,0.4649999999999999,0
10,4,527,44,0,0.4828169643878937,0.4649999999999999,1
10,4,528,44,0,0.4476991593837738,0.4649999999999999,0
10,4,529,44,0,0.4625793695449829,0.4649999999999999,0
10,4,530,44,0,0.46401017904281616,0.4649999999999999,0
10,4,531,44,0,0.4625796377658844,0.4649999999999999,0
10,4,532,44,0,0.45017722249031067,0.4649999999999999,0
10,4,533,44,0,0.4491221010684967,0.4649999999999999,0
10,4,534,44,0,0.4476991593837738,0.4649999999999999,0
10,4,535,44,0,0.4476991593837738,0.4649999999999999,0
10,4,536,44,0,0.4476991891860962,0.4649999999999999,0
10,4,537,45,0,0.4476991295814514,0.4649999999999999,0
10,4,538,45,0,0.4476991593837738,0.4649999999999999,0
10,4,539,45,0,0.4476991295814514,0.4649999999999999,0
10,4,540,45,0,0.4476991593837738,0.4649999999999999,0
10,4,541,45,0,0.4476991593837738,0.4649999999999999,0
10,4,542,45,0,0.4491223096847534,0.4649999999999999,0
10,4,543,45,0,0.4644402265548706,0.4649999999999999,0
10,4,544,45,0,0.46343064308166504,0.4649999999999999,0
10,4,545,45,0,0.4476991593837738,0.4649999999999999,0
10,4,546,45,0,0.48368173837661743,0.4649999999999999,1
10,4,557,47,0,0.45124611258506775,0.4649999999999999,0
10,4,558,47,0,0.4476991295814514,0.4649999999999999,0
10,4,559,47,0,0.44812676310539246,0.4649999999999999,0
10,4,560,47,0,0.44812700152397156,0.4649999999999999,0
10,4,561,47,0,0.44812700152397156,0.4649999999999999,0
10,4,562,47,0,0.44812676310539246,0.4649999999999999,0
10,4,563,47,0,0.44812721014022827,0.4649999999999999,0
10,4,564,47,0,0.44812697172164917,0.4649999999999999,0
10,4,565,47,0,0.44812673330307007,0.4649999999999999,0
10,4,566,47,0,0.44812697172164917,0.4649999999999999,0
10,4,587,50,0,0.44812721014022827,0.4649999999999999,0
10,4,588,50,0,0.44812700152397156,0.4649999999999999,0
10,4,589,50,0,0.46343058347702026,0.4649999999999999,0
10,4,590,50,0,0.44912204146385193,0.4649999999999999,0
10,4,591,50,0,0.4805458188056946,0.4649999999999999,1
10,4,592,50,0,0.44769933819770813,0.4649999999999999,0
10,4,593,50,0,0.4674503207206726,0.4649999999999999,1
10,4,594,50,0,0.4476993680000305,0.4649999999999999,0
10,4,595,50,0,0.44812723994255066,0.4649999999999999,0
10,4,596,50,0,0.4476991593837738,0.4649999999999999,0
10,4,627,54,0,0.4476991593837738,0.4649999999999999,0
10,4,628,54,0,0.46883732080459595,0.4649999999999999,1
10,4,629,54,0,0.4476991295814514,0.4649999999999999,0
10,4,630,54,0,0.4476991295814514,0.4649999999999999,0
10,4,631,54,0,0.4476991593837738,0.4649999999999999,0
10,4,632,54,0,0.4476991593837738,0.4649999999999999,0
10,4,633,54,0,0.4476991593837738,0.4649999999999999,0
10,4,634,54,0,0.4476991593837738,0.4649999999999999,0
10,4,635,54,0,0.4476991593837738,0.4649999999999999,0
10,4,636,54,0,0.4476991593837738,0.4649999999999999,0
10,4,657,57,0,0.48627978563308716,0.4649999999999999,1
10,4,658,57,0,0.46257954835891724,0.4649999999999999,0
10,4,659,57,0,0.4487529993057251,0.4649999999999999,0
10,4,660,57,0,0.4476991593837738,0.4649999999999999,0
10,4,661,57,0,0.44812676310539246,0.4649999999999999,0
10,4,662,57,0,0.44812676310539246,0.4649999999999999,0
10,4,663,57,0,0.44812679290771484,0.4649999999999999,0
10,4,664,57,0,0.4613710939884186,0.4649999999999999,0
10,4,665,57,0,0.4476991593837738,0.4649999999999999,0
10,4,666,57,0,0.4476991593837738,0.4649999999999999,0
10,4,667,58,0,0.44812697172164917,0.4649999999999999,0
10,4,668,58,0,0.44812679290771484,0.4649999999999999,0
10,4,669,58,0,0.44812697172164917,0.4649999999999999,0
10,4,670,58,0,0.4491223394870758,0.4649999999999999,0
10,4,671,58,0,0.44955021142959595,0.4649999999999999,0
10,4,672,58,0,0.4491221010684967,0.4649999999999999,0
10,4,673,58,0,0.4491221010684967,0.4649999999999999,0
10,4,674,58,0,0.4674505293369293,0.4649999999999999,1
10,4,675,58,0,0.4674505293369293,0.4649999999999999,1
10,4,676,58,0,0.44812697172164917,0.4649999999999999,0
10,4,837,75,0,0.4483253061771393,0.4649999999999999,0
10,4,838,75,0,0.4497486352920532,0.4649999999999999,0
10,4,839,75,0,0.447699636220932,0.4649999999999999,0
10,4,840,75,0,0.4483255445957184,0.4649999999999999,0
10,4,841,75,0,0.4483252465724945,0.4649999999999999,0
10,4,842,75,0,0.44912245869636536,0.4649999999999999,0
10,4,843,75,0,0.44912248849868774,0.4649999999999999,0
10,4,844,75,0,0.4483254551887512,0.4649999999999999,0
10,4,845,75,0,0.4483254551887512,0.4649999999999999,0
10,4,846,75,0,0.4476991891860962,0.4649999999999999,0
10,4,867,78,0,0.4491226375102997,0.4649999999999999,0
10,4,868,78,0,0.44812679290771484,0.4649999999999999,0
10,4,869,78,0,0.4621495306491852,0.4649999999999999,0
10,4,870,78,0,0.4621495008468628,0.4649999999999999,0
10,4,871,78,0,0.46371757984161377,0.4649999999999999,0
10,4,872,78,0,0.4491226375102997,0.4649999999999999,0
10,4,873,78,0,0.4491226375102997,0.4649999999999999,0
10,4,874,78,0,0.44895139336586,0.4649999999999999,0
10,4,875,78,0,0.4621497392654419,0.4649999999999999,0
10,4,876,78,0,0.44812700152397156,0.4649999999999999,0
10,4,877,79,0,0.4625796377658844,0.4649999999999999,0
10,4,878,79,0,0.45017650723457336,0.4649999999999999,0
10,4,879,79,0,0.4627786874771118,0.4649999999999999,0
10,4,880,79,0,0.4627789258956909,0.4649999999999999,0
10,4,881,79,0,0.4621495306491852,0.4649999999999999,0
10,4,882,79,0,0.4621495306491852,0.4649999999999999,0
10,4,883,79,0,0.4627786874771118,0.4649999999999999,0
10,4,884,79,0,0.4621495306491852,0.4649999999999999,0
10,4,885,79,0,0.4621495306491852,0.4649999999999999,0
10,4,886,79,0,0.4621495306491852,0.4649999999999999,0
10,5,1,1,1,0.4500333368778229,0.4799999999999999,0
10,5,4,4,1,0.4499886929988861,0.4799999999999999,0
10,5,13,13,1,0.4500497579574585,0.4799999999999999,0
10,5,16,16,1,0.4499679207801819,0.4799999999999999,0
10,5,17,17,1,0.4499679207801819,0.4799999999999999,0
10,5,28,28,1,0.44990184903144836,0.4799999999999999,0
10,5,38,38,1,0.4499886631965637,0.4799999999999999,0
10,5,42,42,1,0.450051873922348,0.4799999999999999,0
10,5,43,43,1,0.450051873922348,0.4799999999999999,0
10,5,46,46,1,0.4499186873435974,0.4799999999999999,0
10,5,48,48,1,0.4500376582145691,0.4799999999999999,0
10,5,53,53,1,0.4500444531440735,0.4799999999999999,0
10,5,56,56,1,0.4499886631965637,0.4799999999999999,0
10,5,61,61,1,0.4499886929988861,0.4799999999999999,0
10,5,73,73,1,0.4499886631965637,0.4799999999999999,0
10,5,77,77,1,0.4500300884246826,0.4799999999999999,0
10,5,97,1,0,0.4501662850379944,0.4799999999999999,0
10,5,98,1,0,0.45016419887542725,0.4799999999999999,0
10,5,99,1,0,0.45014840364456177,0.4799999999999999,0
10,5,100,1,0,0.45010584592819214,0.4799999999999999,0
10,5,101,1,0,0.4501732289791107,0.4799999999999999,0
10,5,102,1,0,0.45016324520111084,0.4799999999999999,0
10,5,103,1,0,0.45010796189308167,0.4799999999999999,0
10,5,104,1,0,0.45010796189308167,0.4799999999999999,0
10,5,105,1,0,0.45012563467025757,0.4799999999999999,0
10,5,106,1,0,0.4501058757305145,0.4799999999999999,0
10,5,127,4,0,0.45017558336257935,0.4799999999999999,0
10,5,128,4,0,0.4501727819442749,0.4799999999999999,0
10,5,129,4,0,0.45016857981681824,0.4799999999999999,0
10,5,130,4,0,0.4501229524612427,0.4799999999999999,0
10,5,131,4,0,0.4501058757305145,0.4799999999999999,0
10,5,132,4,0,0.45010796189308167,0.4799999999999999,0
10,5,133,4,0,0.45009657740592957,0.4799999999999999,0
10,5,134,4,0,0.45009133219718933,0.4799999999999999,0
10,5,135,4,0,0.45016324520111084,0.4799999999999999,0
10,5,136,4,0,0.450160950422287,0.4799999999999999,0
10,5,217,13,0,0.45016857981681824,0.4799999999999999,0
10,5,218,13,0,0.45017558336257935,0.4799999999999999,0
10,5,219,13,0,0.45017558336257935,0.4799999999999999,0
10,5,220,13,0,0.45017558336257935,0.4799999999999999,0
10,5,221,13,0,0.4501664936542511,0.4799999999999999,0
10,5,222,13,0,0.45017117261886597,0.4799999999999999,0
10,5,223,13,0,0.4501663148403168,0.4799999999999999,0
10,5,224,13,0,0.4501732587814331,0.4799999999999999,0
10,5,225,13,0,0.4501754939556122,0.4799999999999999,0
10,5,226,13,0,0.45017558336257935,0.4799999999999999,0
10,5,247,16,0,0.4501058757305145,0.4799999999999999,0
10,5,248,16,0,0.4501081705093384,0.4799999999999999,0
10,5,249,16,0,0.45010796189308167,0.4799999999999999,0
10,5,250,16,0,0.45017558336257935,0.4799999999999999,0
10,5,251,16,0,0.45017558336257935,0.4799999999999999,0
10,5,252,16,0,0.45010796189308167,0.4799999999999999,0
10,5,253,16,0,0.4501648247241974,0.4799999999999999,0
10,5,254,16,0,0.4500988721847534,0.4799999999999999,0
10,5,255,16,0,0.45010095834732056,0.4799999999999999,0
10,5,256,16,0,0.45010796189308167,0.4799999999999999,0
10,5,257,17,0,0.45010796189308167,0.4799999999999999,0
10,5,258,17,0,0.45010796189308167,0.4799999999999999,0
10,5,259,17,0,0.4501058757305145,0.4799999999999999,0
10,5,260,17,0,0.45010796189308167,0.4799999999999999,0
10,5,261,17,0,0.45017048716545105,0.4799999999999999,0
10,5,262,17,0,0.4501180946826935,0.4799999999999999,0
10,5,263,17,0,0.45016995072364807,0.4799999999999999,0
10,5,264,17,0,0.4501102566719055,0.4799999999999999,0
10,5,265,17,0,0.4501025080680847,0.4799999999999999,0
10,5,266,17,0,0.45016729831695557,0.4799999999999999,0
10,5,367,28,0,0.45010796189308167,0.4799999999999999,0
10,5,368,28,0,0.4501732587814331,0.4799999999999999,0
10,5,369,28,0,0.45010584592819214,0.4799999999999999,0
10,5,370,28,0,0.45010584592819214,0.4799999999999999,0
10,5,371,28,0,0.4501058757305145,0.4799999999999999,0
10,5,372,28,0,0.45017558336257935,0.4799999999999999,0
10,5,373,28,0,0.45010676980018616,0.4799999999999999,0
10,5,374,28,0,0.45010584592819214,0.4799999999999999,0
10,5,375,28,0,0.45010796189308167,0.4799999999999999,0
10,5,376,28,0,0.4501732587814331,0.4799999999999999,0
10,5,467,38,0,0.4501662850379944,0.4799999999999999,0
10,5,468,38,0,0.45017558336257935,0.4799999999999999,0
10,5,469,38,0,0.4500202536582947,0.4799999999999999,0
10,5,470,38,0,0.45017045736312866,0.4799999999999999,0
10,5,471,38,0,0.45016419887542725,0.4799999999999999,0
10,5,472,38,0,0.4501664936542511,0.4799999999999999,0
10,5,473,38,0,0.45017558336257935,0.4799999999999999,0
10,5,474,38,0,0.45010116696357727,0.4799999999999999,0
10,5,475,38,0,0.4501734972000122,0.4799999999999999,0
10,5,476,38,0,0.4501663148403168,0.4799999999999999,0
10,5,507,42,0,0.4501081705093384,0.4799999999999999,0
10,5,508,42,0,0.450108140707016,0.4799999999999999,0
10,5,509,42,0,0.4501258432865143,0.4799999999999999,0
10,5,510,42,0,0.45017558336257935,0.4799999999999999,0
10,5,511,42,0,0.4501686096191406,0.4799999999999999,0
10,5,512,42,0,0.45010602474212646,0.4799999999999999,0
10,5,513,42,0,0.4501734972000122,0.4799999999999999,0
10,5,514,42,0,0.4501102566719055,0.4799999999999999,0
10,5,515,42,0,0.450168639421463,0.4799999999999999,0
10,5,516,42,0,0.4501734972000122,0.4799999999999999,0
10,5,517,43,0,0.4501585364341736,0.4799999999999999,0
10,5,518,43,0,0.45015856623649597,0.4799999999999999,0
10,5,519,43,0,0.4501686096191406,0.4799999999999999,0
10,5,520,43,0,0.45017558336257935,0.4799999999999999,0
10,5,521,43,0,0.45017558336257935,0.4799999999999999,0
10,5,522,43,0,0.45017558336257935,0.4799999999999999,0
10,5,523,43,0,0.45017558336257935,0.4799999999999999,0
10,5,524,43,0,0.45017558336257935,0.4799999999999999,0
10,5,525,43,0,0.4501734972000122,0.4799999999999999,0
10,5,526,43,0,0.45017343759536743,0.4799999999999999,0
10,5,547,46,0,0.45017117261886597,0.4799999999999999,0
10,5,548,46,0,0.45010796189308167,0.4799999999999999,0
10,5,549,46,0,0.45010560750961304,0.4799999999999999,0
10,5,550,46,0,0.4501056671142578,0.4799999999999999,0
10,5,551,46,0,0.45017558336257935,0.4799999999999999,0
10,5,552,46,0,0.4501734972000122,0.4799999999999999,0
10,5,553,46,0,0.45017558336257935,0.4799999999999999,0
10,5,554,46,0,0.4500655233860016,0.4799999999999999,0
10,5,555,46,0,0.4501102566719055,0.4799999999999999,0
10,5,556,46,0,0.45017558336257935,0.4799999999999999,0
10,5,567,48,0,0.45017343759536743,0.4799999999999999,0
10,5,568,48,0,0.4501686096191406,0.4799999999999999,0
10,5,569,48,0,0.45017558336257935,0.4799999999999999,0
10,5,570,48,0,0.45012038946151733,0.4799999999999999,0
10,5,571,48,0,0.45016419887542725,0.4799999999999999,0
10,5,572,48,0,0.4501734972000122,0.4799999999999999,0
10,5,573,48,0,0.45017558336257935,0.4799999999999999,0
10,5,574,48,0,0.45017558336257935,0.4799999999999999,0
10,5,575,48,0,0.45017343759536743,0.4799999999999999,0
10,5,576,48,0,0.45017558336257935,0.4799999999999999,0
10,5,617,53,0,0.4501734972000122,0.4799999999999999,0
10,5,618,53,0,0.4501664936542511,0.4799999999999999,0
10,5,619,53,0,0.45009884238243103,0.4799999999999999,0
10,5,620,53,0,0.4501734972000122,0.4799999999999999,0
10,5,621,53,0,0.4501734972000122,0.4799999999999999,0
10,5,622,53,0,0.4501016139984131,0.4799999999999999,0
10,5,623,53,0,0.45017558336257935,0.4799999999999999,0
10,5,624,53,0,0.4501219689846039,0.4799999999999999,0
10,5,625,53,0,0.4501663148403168,0.4799999999999999,0
10,5,626,53,0,0.45011967420578003,0.4799999999999999,0
10,5,647,56,0,0.4501027762889862,0.4799999999999999,0
10,5,648,56,0,0.450051873922348,0.4799999999999999,0
10,5,649,56,0,0.4501734972000122,0.4799999999999999,0
10,5,650,56,0,0.4501056671142578,0.4799999999999999,0
10,5,651,56,0,0.45017558336257935,0.4799999999999999,0
10,5,652,56,0,0.45017558336257935,0.4799999999999999,0
10,5,653,56,0,0.45017558336257935,0.4799999999999999,0
10,5,654,56,0,0.4501686096191406,0.4799999999999999,0
10,5,655,56,0,0.45010775327682495,0.4799999999999999,0
10,5,656,56,0,0.45010584592819214,0.4799999999999999,0
10,5,697,61,0,0.4501734972000122,0.4799999999999999,0
10,5,698,61,0,0.4501734972000122,0.4799999999999999,0
10,5,699,61,0,0.45004263520240784,0.4799999999999999,0
10,5,700,61,0,0.4501686096191406,0.4799999999999999,0
10,5,701,61,0,0.45010796189308167,0.4799999999999999,0
10,5,702,61,0,0.45017558336257935,0.4799999999999999,0
10,5,703,61,0,0.45017343759536743,0.4799999999999999,0
10,5,704,61,0,0.4501734972000122,0.4799999999999999,0
10,5,705,61,0,0.45017558336257935,0.4799999999999999,0
10,5,706,61,0,0.45017558336257935,0.4799999999999999,0
10,5,817,73,0,0.4501732587814331,0.4799999999999999,0
10,5,818,73,0,0.4501732587814331,0.4799999999999999,0
10,5,819,73,0,0.4501732587814331,0.4799999999999999,0
10,5,820,73,0,0.4501732587814331,0.4799999999999999,0
10,5,821,73,0,0.4501732587814331,0.4799999999999999,0
10,5,822,73,0,0.4501732289791107,0.4799999999999999,0
10,5,823,73,0,0.4501732587814331,0.4799999999999999,0
10,5,824,73,0,0.4501732587814331,0.4799999999999999,0
10,5,825,73,0,0.4501754939556122,0.4799999999999999,0
10,5,826,73,0,0.45010581612586975,0.4799999999999999,0
10,5,857,77,0,0.4501102566719055,0.4799999999999999,0
10,5,858,77,0,0.45017343759536743,0.4799999999999999,0
10,5,859,77,0,0.4501102566719055,0.4799999999999999,0
10,5,860,77,0,0.4501734972000122,0.4799999999999999,0
10,5,861,77,0,0.4501037001609802,0.4799999999999999,0
10,5,862,77,0,0.4501032829284668,0.4799999999999999,0
10,5,863,77,0,0.4501754939556122,0.4799999999999999,0
10,5,864,77,0,0.450108140707016,0.4799999999999999,0
10,5,865,77,0,0.4501734972000122,0.4799999999999999,0
10,5,866,77,0,0.4501732587814331,0.4799999999999999,0
11,1,0,0,1,0.5463524460792542,0.5549999999999999,0
11,1,1,1,1,0.5463524460792542,0.5549999999999999,0
11,1,9,9,1,0.5906782746315002,0.5549999999999999,1
11,1,11,11,1,0.5906782746315002,0.5549999999999999,1
11,1,14,14,1,0.590678334236145,0.5549999999999999,1
11,1,17,17,1,0.590678334236145,0.5549999999999999,1
11,1,19,19,1,0.5906782746315002,0.5549999999999999,1
11,1,24,24,1,0.5941116809844971,0.5549999999999999,1
11,1,26,26,1,0.5479151010513306,0.5549999999999999,0
11,1,37,37,1,0.5941117405891418,0.5549999999999999,1
11,1,62,62,1,0.6269944310188293,0.5549999999999999,1
11,1,63,63,1,0.6269944906234741,0.5549999999999999,1
11,1,65,65,1,0.5479168891906738,0.5549999999999999,0
11,1,68,68,1,0.5914366245269775,0.5549999999999999,1
11,1,69,69,1,0.5589107275009155,0.5549999999999999,1
11,1,70,70,1,0.547916829586029,0.5549999999999999,0
11,1,77,77,1,0.5475366711616516,0.5549999999999999,0
11,1,87,0,0,0.5463524460792542,0.5549999999999999,0
11,1,88,0,0,0.48282065987586975,0.5549999999999999,0
11,1,89,0,0,0.5495812296867371,0.5549999999999999,0
11,1,90,0,0,0.47829172015190125,0.5549999999999999,0
11,1,91,0,0,0.5136945843696594,0.5549999999999999,0
11,1,92,0,0,0.4787251949310303,0.5549999999999999,0
11,1,93,0,0,0.5105664730072021,0.5549999999999999,0
11,1,94,0,0,0.47829172015190125,0.5549999999999999,0
11,1,95,0,0,0.5080180168151855,0.5549999999999999,0
11,1,96,0,0,0.5105669498443604,0.5549999999999999,0
11,1,97,1,0,0.4814372956752777,0.5549999999999999,0
11,1,98,1,0,0.4822525382041931,0.5549999999999999,0
11,1,99,1,0,0.48781242966651917,0.5549999999999999,0
11,1,100,1,0,0.5086686015129089,0.5549999999999999,0
11,1,101,1,0,0.4787241518497467,0.5549999999999999,0
11,1,102,1,0,0.4821957051753998,0.5549999999999999,0
11,1,103,1,0,0.507851243019104,0.5549999999999999,0
11,1,104,1,0,0.5078517198562622,0.5549999999999999,0
11,1,105,1,0,0.5093538165092468,0.5549999999999999,0
11,1,106,1,0,0.5086677670478821,0.5549999999999999,0
11,1,177,9,0,0.5461947321891785,0.5549999999999999,0
11,1,178,9,0,0.47872546315193176,0.5549999999999999,0
11,1,179,9,0,0.4774753153324127,0.5549999999999999,0
11,1,180,9,0,0.47747576236724854,0.5549999999999999,0
11,1,181,9,0,0.47747576236724854,0.5549999999999999,0
11,1,182,9,0,0.478725403547287,0.5549999999999999,0
11,1,183,9,0,0.5078517198562622,0.5549999999999999,0
11,1,184,9,0,0.47747620940208435,0.5549999999999999,0
11,1,185,9,0,0.47872501611709595,0.5549999999999999,0
11,1,186,9,0,0.4814360439777374,0.5549999999999999,0
11,1,197,11,0,0.4787241518497467,0.5549999999999999,0
11,1,198,11,0,0.47747576236724854,0.5549999999999999,0
11,1,199,11,0,0.508018434047699,0.5549999999999999,0
11,1,200,11,0,0.4774753153324127,0.5549999999999999,0
11,1,201,11,0,0.4774753153324127,0.5549999999999999,0
11,1,202,11,0,0.5067692399024963,0.5549999999999999,0
11,1,203,11,0,0.47747576236724854,0.5549999999999999,0
11,1,204,11,0,0.47747528553009033,0.5549999999999999,0
11,1,205,11,0,0.5078524947166443,0.5549999999999999,0
11,1,206,11,0,0.5086686015129089,0.5549999999999999,0
11,1,227,14,0,0.48018646240234375,0.5549999999999999,0
11,1,228,14,0,0.4814351797103882,0.5549999999999999,0
11,1,229,14,0,0.48143646121025085,0.5549999999999999,0
11,1,230,14,0,0.5078528523445129,0.5549999999999999,0
11,1,231,14,0,0.48018690943717957,0.5549999999999999,0
11,1,232,14,0,0.4815850257873535,0.5549999999999999,0
11,1,233,14,0,0.506601095199585,0.5549999999999999,0
11,1,234,14,0,0.5159242153167725,0.5549999999999999,0
11,1,235,14,0,0.4782904386520386,0.5549999999999999,0
11,1,236,14,0,0.5078523755073547,0.5549999999999999,0
11,1,257,17,0,0.5078527331352234,0.5549999999999999,0
11,1,258,17,0,0.5078517198562622,0.5549999999999999,0
11,1,259,17,0,0.5086692571640015,0.5549999999999999,0
11,1,260,17,0,0.5078521370887756,0.5549999999999999,0
11,1,261,17,0,0.4799298942089081,0.5549999999999999,0
11,1,262,17,0,0.5198861360549927,0.5549999999999999,0
11,1,263,17,0,0.4799187183380127,0.5549999999999999,0
11,1,264,17,0,0.5066006779670715,0.5549999999999999,0
11,1,265,17,0,0.5098625421524048,0.5549999999999999,0
11,1,266,17,0,0.4811246693134308,0.5549999999999999,0
11,1,277,19,0,0.47872650623321533,0.5549999999999999,0
11,1,278,19,0,0.5131696462631226,0.5549999999999999,0
11,1,279,19,0,0.47747620940208435,0.5549999999999999,0
11,1,280,19,0,0.5078525543212891,0.5549999999999999,0
11,1,281,19,0,0.4774753153324127,0.5549999999999999,0
11,1,282,19,0,0.4787241518497467,0.5549999999999999,0
11,1,283,19,0,0.47872456908226013,0.5549999999999999,0
11,1,284,19,0,0.5171749591827393,0.5549999999999999,0
11,1,285,19,0,0.5078521370887756,0.5549999999999999,0
11,1,286,19,0,0.48837628960609436,0.5549999999999999,0
11,1,327,24,0,0.47747576236724854,0.5549999999999999,0
11,1,328,24,0,0.47747576236724854,0.5549999999999999,0
11,1,329,24,0,0.47828999161720276,0.5549999999999999,0
11,1,330,24,0,0.47747576236724854,0.5549999999999999,0
11,1,331,24,0,0.5082803964614868,0.5549999999999999,0
11,1,332,24,0,0.4782904386520386,0.5549999999999999,0
11,1,333,24,0,0.4782904386520386,0.5549999999999999,0
11,1,334,24,0,0.4782904386520386,0.5549999999999999,0
11,1,335,24,0,0.47747576236724854,0.5549999999999999,0
11,1,336,24,0,0.4782904386520386,0.5549999999999999,0
11,1,347,26,0,0.5143685340881348,0.5549999999999999,0
11,1,348,26,0,0.4782904386520386,0.5549999999999999,0
11,1,349,26,0,0.5105676651000977,0.5549999999999999,0
11,1,350,26,0,0.5106729865074158,0.5549999999999999,0
11,1,351,26,0,0.5078521370887756,0.5549999999999999,0
11,1,352,26,0,0.4782904386520386,0.5549999999999999,0
11,1,353,26,0,0.5080194473266602,0.5549999999999999,0
11,1,354,26,0,0.5080189108848572,0.5549999999999999,0
11,1,355,26,0,0.4774753153324127,0.5549999999999999,0
11,1,356,26,0,0.4774753153324127,0.5549999999999999,0
11,1,457,37,0,0.4774753153324127,0.5549999999999999,0
11,1,458,37,0,0.48413050174713135,0.5549999999999999,0
11,1,459,37,0,0.5086690783500671,0.5549999999999999,0
11,1,460,37,0,0.4782904386520386,0.5549999999999999,0
11,1,461,37,0,0.4782908856868744,0.5549999999999999,0
11,1,462,37,0,0.4782904386520386,0.5549999999999999,0
11,1,463,37,0,0.4849958121776581,0.5549999999999999,0
11,1,464,37,0,0.4782908856868744,0.5549999999999999,0
11,1,465,37,0,0.513392984867096,0.5549999999999999,0
11,1,466,37,0,0.4782909154891968,0.5549999999999999,0
11,1,707,62,0,0.4774753153324127,0.5549999999999999,0
11,1,708,62,0,0.47747573256492615,0.5549999999999999,0
11,1,709,62,0,0.5096514225006104,0.5549999999999999,0
11,1,710,62,0,0.4787241518497467,0.5549999999999999,0
11,1,711,62,0,0.4801870584487915,0.5549999999999999,0
11,1,712,62,0,0.4774753153324127,0.5549999999999999,0
11,1,713,62,0,0.48100173473358154,0.5549999999999999,0
11,1,714,62,0,0.5066011548042297,0.5549999999999999,0
11,1,715,62,0,0.47747576236724854,0.5549999999999999,0
11,1,716,62,0,0.4782904386520386,0.5549999999999999,0
11,1,717,63,0,0.5043148994445801,0.5549999999999999,0
11,1,718,63,0,0.4774753153324127,0.5549999999999999,0
11,1,719,63,0,0.4774753153324127,0.5549999999999999,0
11,1,720,63,0,0.4774753153324127,0.5549999999999999,0
11,1,721,63,0,0.5130513310432434,0.5549999999999999,0
11,1,722,63,0,0.4801866412162781,0.5549999999999999,0
11,1,723,63,0,0.4774757921695709,0.5549999999999999,0
11,1,724,63,0,0.4782923758029938,0.5549999999999999,0
11,1,725,63,0,0.4782909154891968,0.5549999999999999,0
11,1,726,63,0,0.47747567296028137,0.5549999999999999,0
11,1,737,65,0,0.5082803964614868,0.5549999999999999,0
11,1,738,65,0,0.4822525382041931,0.5549999999999999,0
11,1,739,65,0,0.5207009315490723,0.5549999999999999,0
11,1,740,65,0,0.48018619418144226,0.5549999999999999,0
11,1,741,65,0,0.4774753153324127,0.5549999999999999,0
11,1,742,65,0,0.4774753153324127,0.5549999999999999,0
11,1,743,65,0,0.4817267954349518,0.5549999999999999,0
11,1,744,65,0,0.47747576236724854,0.5549999999999999,0
11,1,745,65,0,0.4774753153324127,0.5549999999999999,0
11,1,746,65,0,0.47747567296028137,0.5549999999999999,0
11,1,767,68,0,0.5100790858268738,0.5549999999999999,0
11,1,768,68,0,0.508668065071106,0.5549999999999999,0
11,1,769,68,0,0.5086677670478821,0.5549999999999999,0
11,1,770,68,0,0.5078524947166443,0.5549999999999999,0
11,1,771,68,0,0.5086681842803955,0.5549999999999999,0
11,1,772,68,0,0.506601095199585,0.5549999999999999,0
11,1,773,68,0,0.5066006779670715,0.5549999999999999,0
11,1,774,68,0,0.5103331208229065,0.5549999999999999,0
11,1,775,68,0,0.5119273662567139,0.5549999999999999,0
11,1,776,68,0,0.5078525543212891,0.5549999999999999,0
11,1,777,69,0,0.5094861388206482,0.5549999999999999,0
11,1,778,69,0,0.5086681842803955,0.5549999999999999,0
11,1,779,69,0,0.5078521370887756,0.5549999999999999,0
11,1,780,69,0,0.4787245988845825,0.5549999999999999,0
11,1,781,69,0,0.5086738467216492,0.5549999999999999,0
11,1,782,69,0,0.4799306392669678,0.5549999999999999,0
11,1,783,69,0,0.4774753153324127,0.5549999999999999,0
11,1,784,69,0,0.5463552474975586,0.5549999999999999,0
11,1,785,69,0,0.47747576236724854,0.5549999999999999,0
11,1,786,69,0,0.5074176788330078,0.5549999999999999,0
11,1,787,70,0,0.47872504591941833,0.5549999999999999,0
11,1,788,70,0,0.47872501611709595,0.5549999999999999,0
11,1,789,70,0,0.5078521370887756,0.5549999999999999,0
11,1,790,70,0,0.5113827586174011,0.5549999999999999,0
11,1,791,70,0,0.482250839471817,0.5549999999999999,0
11,1,792,70,0,0.5088368654251099,0.5549999999999999,0
11,1,793,70,0,0.5100799798965454,0.5549999999999999,0
11,1,794,70,0,0.5078533291816711,0.5549999999999999,0
11,1,795,70,0,0.4801866412162781,0.5549999999999999,0
11,1,796,70,0,0.5074171423912048,0.5549999999999999,0
11,1,857,77,0,0.506601095199585,0.5549999999999999,0
11,1,858,77,0,0.4782904386520386,0.5549999999999999,0
11,1,859,77,0,0.506601095199585,0.5549999999999999,0
11,1,860,77,0,0.47829002141952515,0.5549999999999999,0
11,1,861,77,0,0.5094850659370422,0.5549999999999999,0
11,1,862,77,0,0.5093172788619995,0.5549999999999999,0
11,1,863,77,0,0.4774753153324127,0.5549999999999999,0
11,1,864,77,0,0.507416844367981,0.5549999999999999,0
11,1,865,77,0,0.4782904386520386,0.5549999999999999,0
11,1,866,77,0,0.4787241518497467,0.5549999999999999,0
11,2,6,6,1,0.5397727489471436,0.4599999999999999,1
11,2,10,10,1,0.47826719284057617,0.4599999999999999,1
11,2,28,28,1,0.5397727489471436,0.4599999999999999,1
11,2,39,39,1,0.5119019746780396,0.4599999999999999,1
11,2,41,41,1,0.5081600546836853,0.4599999999999999,1
11,2,45,45,1,0.46193569898605347,0.4599999999999999,1
11,2,47,47,1,0.5533854365348816,0.4599999999999999,1
11,2,53,53,1,0.46086934208869934,0.4599999999999999,1
11,2,55,55,1,0.5421944260597229,0.4599999999999999,1
11,2,58,58,1,0.5119019746780396,0.4599999999999999,1
11,2,61,61,1,0.5119019746780396,0.4599999999999999,1
11,2,71,71,1,0.43559330701828003,0.4599999999999999,0
11,2,74,74,1,0.5119019746780396,0.4599999999999999,1
11,2,75,75,1,0.4705772399902344,0.4599999999999999,1
11,2,76,76,1,0.4705772399902344,0.4599999999999999,1
11,2,80,80,1,0.5081534385681152,0.4599999999999999,1
11,2,147,6,0,0.40626880526542664,0.4599999999999999,0
11,2,148,6,0,0.4101356267929077,0.4599999999999999,0
11,2,149,6,0,0.429458349943161,0.4599999999999999,0
11,2,150,6,0,0.4290923476219177,0.4599999999999999,0
11,2,151,6,0,0.4281628131866455,0.4599999999999999,0
11,2,152,6,0,0.4289785325527191,0.4599999999999999,0
11,2,153,6,0,0.4277993142604828,0.4599999999999999,0
11,2,154,6,0,0.40740257501602173,0.4599999999999999,0
11,2,155,6,0,0.42701372504234314,0.4599999999999999,0
11,2,156,6,0,0.4325092136859894,0.4599999999999999,0
11,2,187,10,0,0.4277988374233246,0.4599999999999999,0
11,2,188,10,0,0.42987796664237976,0.4599999999999999,0
11,2,189,10,0,0.4576134979724884,0.4599999999999999,0
11,2,190,10,0,0.40482696890830994,0.4599999999999999,0
11,2,191,10,0,0.4062679409980774,0.4599999999999999,0
11,2,192,10,0,0.4307727813720703,0.4599999999999999,0
11,2,193,10,0,0.40626829862594604,0.4599999999999999,0
11,2,194,10,0,0.4038381576538086,0.4599999999999999,0
11,2,195,10,0,0.4293137490749359,0.4599999999999999,0
11,2,196,10,0,0.4048277735710144,0.4599999999999999,0
11,2,367,28,0,0.428166002035141,0.4599999999999999,0
11,2,368,28,0,0.40482810139656067,0.4599999999999999,0
11,2,369,28,0,0.4289489984512329,0.4599999999999999,0
11,2,370,28,0,0.4289489686489105,0.4599999999999999,0
11,2,371,28,0,0.42894941568374634,0.4599999999999999,0
11,2,372,28,0,0.40369653701782227,0.4599999999999999,0
11,2,373,28,0,0.4283078908920288,0.4599999999999999,0
11,2,374,28,0,0.4289489984512329,0.4599999999999999,0
11,2,375,28,0,0.42816361784935,0.4599999999999999,0
11,2,376,28,0,0.4048269987106323,0.4599999999999999,0
11,2,477,39,0,0.403696209192276,0.4599999999999999,0
11,2,478,39,0,0.40446946024894714,0.4599999999999999,0
11,2,479,39,0,0.4044695198535919,0.4599999999999999,0
11,2,480,39,0,0.4287290573120117,0.4599999999999999,0
11,2,481,39,0,0.4048278033733368,0.4599999999999999,0
11,2,482,39,0,0.40369662642478943,0.4599999999999999,0
11,2,483,39,0,0.42909276485443115,0.4599999999999999,0
11,2,484,39,0,0.42895370721817017,0.4599999999999999,0
11,2,485,39,0,0.43563637137413025,0.4599999999999999,0
11,2,486,39,0,0.43563637137413025,0.4599999999999999,0
11,2,497,41,0,0.4074018895626068,0.4599999999999999,0
11,2,498,41,0,0.4307783842086792,0.4599999999999999,0
11,2,499,41,0,0.47826719284057617,0.4599999999999999,1
11,2,500,41,0,0.43454575538635254,0.4599999999999999,0
11,2,501,41,0,0.4270137846469879,0.4599999999999999,0
11,2,502,41,0,0.4289489984512329,0.4599999999999999,0
11,2,503,41,0,0.42897841334342957,0.4599999999999999,0
11,2,504,41,0,0.4296266436576843,0.4599999999999999,0
11,2,505,41,0,0.4044691324234009,0.4599999999999999,0
11,2,506,41,0,0.42701372504234314,0.4599999999999999,0
11,2,537,45,0,0.403696209192276,0.4599999999999999,0
11,2,538,45,0,0.403696209192276,0.4599999999999999,0
11,2,539,45,0,0.403696209192276,0.4599999999999999,0
11,2,540,45,0,0.403696209192276,0.4599999999999999,0
11,2,541,45,0,0.403696209192276,0.4599999999999999,0
11,2,542,45,0,0.4062684178352356,0.4599999999999999,0
11,2,543,45,0,0.43119990825653076,0.4599999999999999,0
11,2,544,45,0,0.4323142468929291,0.4599999999999999,0
11,2,545,45,0,0.403696209192276,0.4599999999999999,0
11,2,546,45,0,0.46017590165138245,0.4599999999999999,1
11,2,557,47,0,0.4056299924850464,0.4599999999999999,0
11,2,558,47,0,0.403696209192276,0.4599999999999999,0
11,2,559,47,0,0.40446868538856506,0.4599999999999999,0
11,2,560,47,0,0.4044690728187561,0.4599999999999999,0
11,2,561,47,0,0.4044691324234009,0.4599999999999999,0
11,2,562,47,0,0.40446871519088745,0.4599999999999999,0
11,2,563,47,0,0.4044695198535919,0.4599999999999999,0
11,2,564,47,0,0.4044690728187561,0.4599999999999999,0
11,2,565,47,0,0.40446871519088745,0.4599999999999999,0
11,2,566,47,0,0.4044691324234009,0.4599999999999999,0
11,2,617,53,0,0.4044690728187561,0.4599999999999999,0
11,2,618,53,0,0.40704232454299927,0.4599999999999999,0
11,2,619,53,0,0.4315648078918457,0.4599999999999999,0
11,2,620,53,0,0.40446946024894714,0.4599999999999999,0
11,2,621,53,0,0.40446946024894714,0.4599999999999999,0
11,2,622,53,0,0.43052709102630615,0.4599999999999999,0
11,2,623,53,0,0.403696209192276,0.4599999999999999,0
11,2,624,53,0,0.4311622977256775,0.4599999999999999,0
11,2,625,53,0,0.4074021279811859,0.4599999999999999,0
11,2,626,53,0,0.43231457471847534,0.4599999999999999,0
11,2,637,55,0,0.403696209192276,0.4599999999999999,0
11,2,638,55,0,0.403696209192276,0.4599999999999999,0
11,2,639,55,0,0.403696209192276,0.4599999999999999,0
11,2,640,55,0,0.40369662642478943,0.4599999999999999,0
11,2,641,55,0,0.42816296219825745,0.4599999999999999,0
11,2,642,55,0,0.4293336272239685,0.4599999999999999,0
11,2,643,55,0,0.403696209192276,0.4599999999999999,0
11,2,644,55,0,0.42858418822288513,0.4599999999999999,0
11,2,645,55,0,0.40740132331848145,0.4599999999999999,0
11,2,646,55,0,0.40446868538856506,0.4599999999999999,0
11,2,667,58,0,0.4044691324234009,0.4599999999999999,0
11,2,668,58,0,0.40446871519088745,0.4599999999999999,0
11,2,669,58,0,0.4044691324234009,0.4599999999999999,0
11,2,670,58,0,0.4062684178352356,0.4599999999999999,0
11,2,671,58,0,0.4070424437522888,0.4599999999999999,0
11,2,672,58,0,0.40626800060272217,0.4599999999999999,0
11,2,673,58,0,0.4062679409980774,0.4599999999999999,0
11,2,674,58,0,0.43339213728904724,0.4599999999999999,0
11,2,675,58,0,0.43339216709136963,0.4599999999999999,0
11,2,676,58,0,0.4044691324234009,0.4599999999999999,0
11,2,697,61,0,0.4044691324234009,0.4599999999999999,0
11,2,698,61,0,0.4044691324234009,0.4599999999999999,0
11,2,699,61,0,0.46193569898605347,0.4599999999999999,1
11,2,700,61,0,0.4062690734863281,0.4599999999999999,0
11,2,701,61,0,0.42816293239593506,0.4599999999999999,0
11,2,702,61,0,0.403696209192276,0.4599999999999999,0
11,2,703,61,0,0.40446868538856506,0.4599999999999999,0
11,2,704,61,0,0.40446871519088745,0.4599999999999999,0
11,2,705,61,0,0.40369704365730286,0.4599999999999999,0
11,2,706,61,0,0.40369653701782227,0.4599999999999999,0
11,2,797,71,0,0.4281637668609619,0.4599999999999999,0
11,2,798,71,0,0.42701417207717896,0.4599999999999999,0
11,2,799,71,0,0.4301292896270752,0.4599999999999999,0
11,2,800,71,0,0.42872804403305054,0.4599999999999999,0
11,2,801,71,0,0.46017563343048096,0.4599999999999999,1
11,2,802,71,0,0.40482738614082336,0.4599999999999999,0
11,2,803,71,0,0.43613848090171814,0.4599999999999999,0
11,2,804,71,0,0.403696209192276,0.4599999999999999,0
11,2,805,71,0,0.40486928820610046,0.4599999999999999,0
11,2,806,71,0,0.40595903992652893,0.4599999999999999,0
11,2,827,74,0,0.40369662642478943,0.4599999999999999,0
11,2,828,74,0,0.4281644821166992,0.4599999999999999,0
11,2,829,74,0,0.43339240550994873,0.4599999999999999,0
11,2,830,74,0,0.4297352731227875,0.4599999999999999,0
11,2,831,74,0,0.404827356338501,0.4599999999999999,0
11,2,832,74,0,0.40482738614082336,0.4599999999999999,0
11,2,833,74,0,0.40369662642478943,0.4599999999999999,0
11,2,834,74,0,0.40369662642478943,0.4599999999999999,0
11,2,835,74,0,0.4074021577835083,0.4599999999999999,0
11,2,836,74,0,0.4048280715942383,0.4599999999999999,0
11,2,837,75,0,0.404827356338501,0.4599999999999999,0
11,2,838,75,0,0.4074014723300934,0.4599999999999999,0
11,2,839,75,0,0.40369704365730286,0.4599999999999999,0
11,2,840,75,0,0.4048277735710144,0.4599999999999999,0
11,2,841,75,0,0.4048272669315338,0.4599999999999999,0
11,2,842,75,0,0.4062687158584595,0.4599999999999999,0
11,2,843,75,0,0.4062686860561371,0.4599999999999999,0
11,2,844,75,0,0.40482768416404724,0.4599999999999999,0
11,2,845,75,0,0.40482768416404724,0.4599999999999999,0
11,2,846,75,0,0.403696209192276,0.4599999999999999,0
11,2,847,76,0,0.4048284888267517,0.4599999999999999,0
11,2,848,76,0,0.4044690728187561,0.4599999999999999,0
11,2,849,76,0,0.4048277735710144,0.4599999999999999,0
11,2,850,76,0,0.4333917200565338,0.4599999999999999,0
11,2,851,76,0,0.43192487955093384,0.4599999999999999,0
11,2,852,76,0,0.45761433243751526,0.4599999999999999,0
11,2,853,76,0,0.42701372504234314,0.4599999999999999,0
11,2,854,76,0,0.42816293239593506,0.4599999999999999,0
11,2,855,76,0,0.4270137846469879,0.4599999999999999,0
11,2,856,76,0,0.40446871519088745,0.4599999999999999,0
11,2,887,80,0,0.4044690728187561,0.4599999999999999,0
11,2,888,80,0,0.4059591591358185,0.4599999999999999,0
11,2,889,80,0,0.40560054779052734,0.4599999999999999,0
11,2,890,80,0,0.40446868538856506,0.4599999999999999,0
11,2,891,80,0,0.403696209192276,0.4599999999999999,0
11,2,892,80,0,0.40369662642478943,0.4599999999999999,0
11,2,893,80,0,0.40369662642478943,0.4599999999999999,0
11,2,894,80,0,0.43231457471847534,0.4599999999999999,0
11,2,895,80,0,0.40626800060272217,0.4599999999999999,0
11,2,896,80,0,0.4333917200565338,0.4599999999999999,0
11,3,4,4,1,0.495650053024292,0.5149999999999999,0
11,3,15,15,1,0.503997266292572,0.5149999999999999,0
11,3,16,16,1,0.4942935109138489,0.5149999999999999,0
11,3,27,27,1,0.495650053024292,0.5149999999999999,0
11,3,33,33,1,0.49429354071617126,0.5149999999999999,0
11,3,40,40,1,0.4818657636642456,0.5149999999999999,0
11,3,43,43,1,0.47886794805526733,0.5149999999999999,0
11,3,44,44,1,0.479611337184906,0.5149999999999999,0
11,3,46,46,1,0.5048487186431885,0.5149999999999999,0
11,3,48,48,1,0.480889230966568,0.5149999999999999,0
11,3,49,49,1,0.4812241792678833,0.5149999999999999,0
11,3,51,51,1,0.47283342480659485,0.5149999999999999,0
11,3,52,52,1,0.4805949628353119,0.5149999999999999,0
11,3,57,57,1,0.5047335624694824,0.5149999999999999,0
11,3,67,67,1,0.49429357051849365,0.5149999999999999,0
11,3,79,79,1,0.49429354071617126,0.5149999999999999,0
11,3,127,4,0,0.4621065557003021,0.5149999999999999,0
11,3,128,4,0,0.46251338720321655,0.5149999999999999,0
11,3,129,4,0,0.4630075991153717,0.5149999999999999,0
11,3,130,4,0,0.47164690494537354,0.5149999999999999,0
11,3,131,4,0,0.4698942303657532,0.5149999999999999,0
11,3,132,4,0,0.4696471095085144,0.5149999999999999,0
11,3,133,4,0,0.471010684967041,0.5149999999999999,0
11,3,134,4,0,0.47175073623657227,0.5149999999999999,0
11,3,135,4,0,0.463537335395813,0.5149999999999999,0
11,3,136,4,0,0.46389904618263245,0.5149999999999999,0
11,3,237,15,0,0.46928444504737854,0.5149999999999999,0
11,3,238,15,0,0.4629283845424652,0.5149999999999999,0
11,3,239,15,0,0.4627150893211365,0.5149999999999999,0
11,3,240,15,0,0.48088911175727844,0.5149999999999999,0
11,3,241,15,0,0.4704704284667969,0.5149999999999999,0
11,3,242,15,0,0.480548620223999,0.5149999999999999,0
11,3,243,15,0,0.4696468710899353,0.5149999999999999,0
11,3,244,15,0,0.4795728325843811,0.5149999999999999,0
11,3,245,15,0,0.4632903039455414,0.5149999999999999,0
11,3,246,15,0,0.46964651346206665,0.5149999999999999,0
11,3,247,16,0,0.4698942005634308,0.5149999999999999,0
11,3,248,16,0,0.46953216195106506,0.5149999999999999,0
11,3,249,16,0,0.46964654326438904,0.5149999999999999,0
11,3,250,16,0,0.4621066153049469,0.5149999999999999,0
11,3,251,16,0,0.4621065557003021,0.5149999999999999,0
11,3,252,16,0,0.4696466624736786,0.5149999999999999,0
11,3,253,16,0,0.4637012779712677,0.5149999999999999,0
11,3,254,16,0,0.4707178473472595,0.5149999999999999,0
11,3,255,16,0,0.4704703390598297,0.5149999999999999,0
11,3,256,16,0,0.4696466028690338,0.5149999999999999,0
11,3,357,27,0,0.4696466624736786,0.5149999999999999,0
11,3,358,27,0,0.46964654326438904,0.5149999999999999,0
11,3,359,27,0,0.4696465730667114,0.5149999999999999,0
11,3,360,27,0,0.47051942348480225,0.5149999999999999,0
11,3,361,27,0,0.4698942005634308,0.5149999999999999,0
11,3,362,27,0,0.4806164503097534,0.5149999999999999,0
11,3,363,27,0,0.4698944687843323,0.5149999999999999,0
11,3,364,27,0,0.46989426016807556,0.5149999999999999,0
11,3,365,27,0,0.46210718154907227,0.5149999999999999,0
11,3,366,27,0,0.4621064066886902,0.5149999999999999,0
11,3,417,33,0,0.46329015493392944,0.5149999999999999,0
11,3,418,33,0,0.46329012513160706,0.5149999999999999,0
11,3,419,33,0,0.46989431977272034,0.5149999999999999,0
11,3,420,33,0,0.4623534083366394,0.5149999999999999,0
11,3,421,33,0,0.46246808767318726,0.5149999999999999,0
11,3,422,33,0,0.47103673219680786,0.5149999999999999,0
11,3,423,33,0,0.4623534083366394,0.5149999999999999,0
11,3,424,33,0,0.4800123870372772,0.5149999999999999,0
11,3,425,33,0,0.46210652589797974,0.5149999999999999,0
11,3,426,33,0,0.4621064066886902,0.5149999999999999,0
11,3,487,40,0,0.4632900059223175,0.5149999999999999,0
11,3,488,40,0,0.4753704369068146,0.5149999999999999,0
11,3,489,40,0,0.46292826533317566,0.5149999999999999,0
11,3,490,40,0,0.46210649609565735,0.5149999999999999,0
11,3,491,40,0,0.4621064066886902,0.5149999999999999,0
11,3,492,40,0,0.46210652589797974,0.5149999999999999,0
11,3,493,40,0,0.46235352754592896,0.5149999999999999,0
11,3,494,40,0,0.4704700708389282,0.5149999999999999,0
11,3,495,40,0,0.49429357051849365,0.5149999999999999,0
11,3,496,40,0,0.46928444504737854,0.5149999999999999,0
11,3,517,43,0,0.47288352251052856,0.5149999999999999,0
11,3,518,43,0,0.47288352251052856,0.5149999999999999,0
11,3,519,43,0,0.46292826533317566,0.5149999999999999,0
11,3,520,43,0,0.4621064066886902,0.5149999999999999,0
11,3,521,43,0,0.4621064066886902,0.5149999999999999,0
11,3,522,43,0,0.4621064066886902,0.5149999999999999,0
11,3,523,43,0,0.4621064066886902,0.5149999999999999,0
11,3,524,43,0,0.4621064066886902,0.5149999999999999,0
11,3,525,43,0,0.4623534083366394,0.5149999999999999,0
11,3,526,43,0,0.46235355734825134,0.5149999999999999,0
11,3,527,44,0,0.4791148006916046,0.5149999999999999,0
11,3,528,44,0,0.4621064066886902,0.5149999999999999,0
11,3,529,44,0,0.46953174471855164,0.5149999999999999,0
11,3,530,44,0,0.4703553318977356,0.5149999999999999,0
11,3,531,44,0,0.4695318341255188,0.5149999999999999,0
11,3,532,44,0,0.46353745460510254,0.5149999999999999,0
11,3,533,44,0,0.46292826533317566,0.5149999999999999,0
11,3,534,44,0,0.4621064066886902,0.5149999999999999,0
11,3,535,44,0,0.4621064066886902,0.5149999999999999,0
11,3,536,44,0,0.4621064066886902,0.5149999999999999,0
11,3,547,46,0,0.46271511912345886,0.5149999999999999,0
11,3,548,46,0,0.4696465730667114,0.5149999999999999,0
11,3,549,46,0,0.4699394702911377,0.5149999999999999,0
11,3,550,46,0,0.46993979811668396,0.5149999999999999,0
11,3,551,46,0,0.4621065557003021,0.5149999999999999,0
11,3,552,46,0,0.4623536765575409,0.5149999999999999,0
11,3,553,46,0,0.4621064066886902,0.5149999999999999,0
11,3,554,46,0,0.4812178611755371,0.5149999999999999,0
11,3,555,46,0,0.4692842960357666,0.5149999999999999,0
11,3,556,46,0,0.4621064066886902,0.5149999999999999,0
11,3,567,48,0,0.46235355734825134,0.5149999999999999,0
11,3,568,48,0,0.4629284143447876,0.5149999999999999,0
11,3,569,48,0,0.4621064066886902,0.5149999999999999,0
11,3,570,48,0,0.4718606770038605,0.5149999999999999,0
11,3,571,48,0,0.4635370969772339,0.5149999999999999,0
11,3,572,48,0,0.4623534083366394,0.5149999999999999,0
11,3,573,48,0,0.462106853723526,0.5149999999999999,0
11,3,574,48,0,0.462106853723526,0.5149999999999999,0
11,3,575,48,0,0.46235355734825134,0.5149999999999999,0
11,3,576,48,0,0.4621064066886902,0.5149999999999999,0
11,3,577,49,0,0.4621064066886902,0.5149999999999999,0
11,3,578,49,0,0.4621065557003021,0.5149999999999999,0
11,3,579,49,0,0.4621065557003021,0.5149999999999999,0
11,3,580,49,0,0.4621065557003021,0.5149999999999999,0
11,3,581,49,0,0.47081589698791504,0.5149999999999999,0
11,3,582,49,0,0.46317535638809204,0.5149999999999999,0
11,3,583,49,0,0.47117823362350464,0.5149999999999999,0
11,3,584,49,0,0.4621065557003021,0.5149999999999999,0
11,3,585,49,0,0.46210649609565735,0.5149999999999999,0
11,3,586,49,0,0.46210652589797974,0.5149999999999999,0
11,3,597,51,0,0.4788680672645569,0.5149999999999999,0
11,3,598,51,0,0.4701414406299591,0.5149999999999999,0
11,3,599,51,0,0.469284325838089,0.5149999999999999,0
11,3,600,51,0,0.4710707366466522,0.5149999999999999,0
11,3,601,51,0,0.4627058207988739,0.5149999999999999,0
11,3,602,51,0,0.47035548090934753,0.5149999999999999,0
11,3,603,51,0,0.4701415002346039,0.5149999999999999,0
11,3,604,51,0,0.4710707366466522,0.5149999999999999,0
11,3,605,51,0,0.4629285931587219,0.5149999999999999,0
11,3,606,51,0,0.46235373616218567,0.5149999999999999,0
11,3,607,52,0,0.4623536765575409,0.5149999999999999,0
11,3,608,52,0,0.47088176012039185,0.5149999999999999,0
11,3,609,52,0,0.4623534679412842,0.5149999999999999,0
11,3,610,52,0,0.4707179367542267,0.5149999999999999,0
11,3,611,52,0,0.46317562460899353,0.5149999999999999,0
11,3,612,52,0,0.4621064066886902,0.5149999999999999,0
11,3,613,52,0,0.4621064066886902,0.5149999999999999,0
11,3,614,52,0,0.470540314912796,0.5149999999999999,0
11,3,615,52,0,0.471611350774765,0.5149999999999999,0
11,3,616,52,0,0.47137898206710815,0.5149999999999999,0
11,3,657,57,0,0.48002955317497253,0.5149999999999999,0
11,3,658,57,0,0.4695318043231964,0.5149999999999999,0
11,3,659,57,0,0.46271511912345886,0.5149999999999999,0
11,3,660,57,0,0.4621064066886902,0.5149999999999999,0
11,3,661,57,0,0.4623534679412842,0.5149999999999999,0
11,3,662,57,0,0.4623534083366394,0.5149999999999999,0
11,3,663,57,0,0.4623534083366394,0.5149999999999999,0
11,3,664,57,0,0.46999219059944153,0.5149999999999999,0
11,3,665,57,0,0.46210646629333496,0.5149999999999999,0
11,3,666,57,0,0.4621064066886902,0.5149999999999999,0
11,3,757,67,0,0.47026339173316956,0.5149999999999999,0
11,3,758,67,0,0.47128990292549133,0.5149999999999999,0
11,3,759,67,0,0.46928444504737854,0.5149999999999999,0
11,3,760,67,0,0.469648152589798,0.5149999999999999,0
11,3,761,67,0,0.47051534056663513,0.5149999999999999,0
11,3,762,67,0,0.47822991013526917,0.5149999999999999,0
11,3,763,67,0,0.46292832493782043,0.5149999999999999,0
11,3,764,67,0,0.46246835589408875,0.5149999999999999,0
11,3,765,67,0,0.47051528096199036,0.5149999999999999,0
11,3,766,67,0,0.46953195333480835,0.5149999999999999,0
11,3,877,79,0,0.4695318043231964,0.5149999999999999,0
11,3,878,79,0,0.4635370671749115,0.5149999999999999,0
11,3,879,79,0,0.4696464538574219,0.5149999999999999,0
11,3,880,79,0,0.46964651346206665,0.5149999999999999,0
11,3,881,79,0,0.46928414702415466,0.5149999999999999,0
11,3,882,79,0,0.46928417682647705,0.5149999999999999,0
11,3,883,79,0,0.4696464538574219,0.5149999999999999,0
11,3,884,79,0,0.46928420662879944,0.5149999999999999,0
11,3,885,79,0,0.46928420662879944,0.5149999999999999,0
11,3,886,79,0,0.46928420662879944,0.5149999999999999,0
11,4,2,2,1,0.5061547160148621,0.49499999999999994,1
11,4,8,8,1,0.4616093635559082,0.49499999999999994,0
11,4,12,12,1,0.49931955337524414,0.49499999999999994,1
11,4,23,23,1,0.48158854246139526,0.49499999999999994,0
11,4,25,25,1,0.4993196129798889,0.49499999999999994,1
11,4,29,29,1,0.4557795226573944,0.49499999999999994,0
11,4,30,30,1,0.4796448051929474,0.49499999999999994,0
11,4,31,31,1,0.48158857226371765,0.49499999999999994,0
11,4,35,35,1,0.48158854246139526,0.49499999999999994,0
11,4,36,36,1,0.4557795524597168,0.49499999999999994,0
11,4,38,38,1,0.48158854246139526,0.49499999999999994,0
11,4,56,56,1,0.48158854246139526,0.49499999999999994,0
11,4,60,60,1,0.45078545808792114,0.49499999999999994,0
11,4,64,64,1,0.4557795524597168,0.49499999999999994,0
11,4,72,72,1,0.4801124930381775,0.49499999999999994,0
11,4,73,73,1,0.48158854246139526,0.49499999999999994,0
11,4,107,2,0,0.433645635843277,0.49499999999999994,0
11,4,108,2,0,0.433645635843277,0.49499999999999994,0
11,4,109,2,0,0.4225005805492401,0.49499999999999994,0
11,4,110,2,0,0.43517282605171204,0.49499999999999994,0
11,4,111,2,0,0.4360932409763336,0.49499999999999994,0
11,4,112,2,0,0.4209238588809967,0.49499999999999994,0
11,4,113,2,0,0.4253343343734741,0.49499999999999994,0
11,4,114,2,0,0.4220757484436035,0.49499999999999994,0
11,4,115,2,0,0.4348594844341278,0.49499999999999994,0
11,4,116,2,0,0.4348594844341278,0.49499999999999994,0
11,4,167,8,0,0.41919875144958496,0.49499999999999994,0
11,4,168,8,0,0.4194100499153137,0.49499999999999994,0
11,4,169,8,0,0.433676540851593,0.49499999999999994,0
11,4,170,8,0,0.41941002011299133,0.49499999999999994,0
11,4,171,8,0,0.4187447130680084,0.49499999999999994,0
11,4,172,8,0,0.4205303490161896,0.49499999999999994,0
11,4,173,8,0,0.43364590406417847,0.49499999999999994,0
11,4,174,8,0,0.41874420642852783,0.49499999999999994,0
11,4,175,8,0,0.43373027443885803,0.49499999999999994,0
11,4,176,8,0,0.4187442362308502,0.49499999999999994,0
11,4,207,12,0,0.4187442362308502,0.49499999999999994,0
11,4,208,12,0,0.41919854283332825,0.49499999999999994,0
11,4,209,12,0,0.41919878125190735,0.49499999999999994,0
11,4,210,12,0,0.4341042637825012,0.49499999999999994,0
11,4,211,12,0,0.4187442362308502,0.49499999999999994,0
11,4,212,12,0,0.41874420642852783,0.49499999999999994,0
11,4,213,12,0,0.4382912218570709,0.49499999999999994,0
11,4,214,12,0,0.4187439978122711,0.49499999999999994,0
11,4,215,12,0,0.41940954327583313,0.49499999999999994,0
11,4,216,12,0,0.41940954327583313,0.49499999999999994,0
11,4,317,23,0,0.41874396800994873,0.49499999999999994,0
11,4,318,23,0,0.43297454714775085,0.49499999999999994,0
11,4,319,23,0,0.41874396800994873,0.49499999999999994,0
11,4,320,23,0,0.41919878125190735,0.49499999999999994,0
11,4,321,23,0,0.41919854283332825,0.49499999999999994,0
11,4,322,23,0,0.41874420642852783,0.49499999999999994,0
11,4,323,23,0,0.4187439978122711,0.49499999999999994,0
11,4,324,23,0,0.43528902530670166,0.49499999999999994,0
11,4,325,23,0,0.42007511854171753,0.49499999999999994,0
11,4,326,23,0,0.41874417662620544,0.49499999999999994,0
11,4,337,25,0,0.41874396800994873,0.49499999999999994,0
11,4,338,25,0,0.41874396800994873,0.49499999999999994,0
11,4,339,25,0,0.41874396800994873,0.49499999999999994,0
11,4,340,25,0,0.4187439978122711,0.49499999999999994,0
11,4,341,25,0,0.4187442362308502,0.49499999999999994,0
11,4,342,25,0,0.48158854246139526,0.49499999999999994,0
11,4,343,25,0,0.4336453974246979,0.49499999999999994,0
11,4,344,25,0,0.4336458444595337,0.49499999999999994,0
11,4,345,25,0,0.4341045618057251,0.49499999999999994,0
11,4,346,25,0,0.433645635843277,0.49499999999999994,0
11,4,377,29,0,0.4540863633155823,0.49499999999999994,0
11,4,378,29,0,0.4341042637825012,0.49499999999999994,0
11,4,379,29,0,0.43364742398262024,0.49499999999999994,0
11,4,380,29,0,0.43364739418029785,0.49499999999999994,0
11,4,381,29,0,0.4341045320034027,0.49499999999999994,0
11,4,382,29,0,0.4341048002243042,0.49499999999999994,0
11,4,383,29,0,0.4380234181880951,0.49499999999999994,0
11,4,384,29,0,0.41940924525260925,0.49499999999999994,0
11,4,385,29,0,0.41940927505493164,0.49499999999999994,0
11,4,386,29,0,0.41919878125190735,0.49499999999999994,0
11,4,387,30,0,0.43495893478393555,0.49499999999999994,0
11,4,388,30,0,0.41986405849456787,0.49499999999999994,0
11,4,389,30,0,0.4356308579444885,0.49499999999999994,0
11,4,390,30,0,0.433645635843277,0.49499999999999994,0
11,4,391,30,0,0.433645635843277,0.49499999999999994,0
11,4,392,30,0,0.43410447239875793,0.49499999999999994,0
11,4,393,30,0,0.4993196129798889,0.49499999999999994,1
11,4,394,30,0,0.43850472569465637,0.49499999999999994,0
11,4,395,30,0,0.41919875144958496,0.49499999999999994,0
11,4,396,30,0,0.41919878125190735,0.49499999999999994,0
11,4,397,31,0,0.41919854283332825,0.49499999999999994,0
11,4,398,31,0,0.41919878125190735,0.49499999999999994,0
11,4,399,31,0,0.41919875144958496,0.49499999999999994,0
11,4,400,31,0,0.4198640286922455,0.49499999999999994,0
11,4,401,31,0,0.4187442362308502,0.49499999999999994,0
11,4,402,31,0,0.41919878125190735,0.49499999999999994,0
11,4,403,31,0,0.41919854283332825,0.49499999999999994,0
11,4,404,31,0,0.41919854283332825,0.49499999999999994,0
11,4,405,31,0,0.42025670409202576,0.49499999999999994,0
11,4,406,31,0,0.43297454714775085,0.49499999999999994,0
11,4,437,35,0,0.42025697231292725,0.49499999999999994,0
11,4,438,35,0,0.41874396800994873,0.49499999999999994,0
11,4,439,35,0,0.41874396800994873,0.49499999999999994,0
11,4,440,35,0,0.43812015652656555,0.49499999999999994,0
11,4,441,35,0,0.41874396800994873,0.49499999999999994,0
11,4,442,35,0,0.41919878125190735,0.49499999999999994,0
11,4,443,35,0,0.44328463077545166,0.49499999999999994,0
11,4,444,35,0,0.4557795524597168,0.49499999999999994,0
11,4,445,35,0,0.41874417662620544,0.49499999999999994,0
11,4,446,35,0,0.4198640286922455,0.49499999999999994,0
11,4,447,36,0,0.43297454714775085,0.49499999999999994,0
11,4,448,36,0,0.43418821692466736,0.49499999999999994,0
11,4,449,36,0,0.43700650334358215,0.49499999999999994,0
11,4,450,36,0,0.4214616119861603,0.49499999999999994,0
11,4,451,36,0,0.4187442362308502,0.49499999999999994,0
11,4,452,36,0,0.43364590406417847,0.49499999999999994,0
11,4,453,36,0,0.41919901967048645,0.49499999999999994,0
11,4,454,36,0,0.4191993474960327,0.49499999999999994,0
11,4,455,36,0,0.43297457695007324,0.49499999999999994,0
11,4,456,36,0,0.43700647354125977,0.49499999999999994,0
11,4,467,38,0,0.420923113822937,0.49499999999999994,0
11,4,468,38,0,0.41874396800994873,0.49499999999999994,0
11,4,469,38,0,0.4616093635559082,0.49499999999999994,0
11,4,470,38,0,0.4200751483440399,0.49499999999999994,0
11,4,471,38,0,0.4213782846927643,0.49499999999999994,0
11,4,472,38,0,0.420711874961853,0.49499999999999994,0
11,4,473,38,0,0.41874396800994873,0.49499999999999994,0
11,4,474,38,0,0.43495890498161316,0.49499999999999994,0
11,4,475,38,0,0.41919878125190735,0.49499999999999994,0
11,4,476,38,0,0.420923113822937,0.49499999999999994,0
11,4,647,56,0,0.4345628023147583,0.49499999999999994,0
11,4,648,56,0,0.45078566670417786,0.49499999999999994,0
11,4,649,56,0,0.4191991090774536,0.49499999999999994,0
11,4,650,56,0,0.4341890811920166,0.49499999999999994,0
11,4,651,56,0,0.41874396800994873,0.49499999999999994,0
11,4,652,56,0,0.4187439978122711,0.49499999999999994,0
11,4,653,56,0,0.4187439978122711,0.49499999999999994,0
11,4,654,56,0,0.4202568829059601,0.49499999999999994,0
11,4,655,56,0,0.4337295591831207,0.49499999999999994,0
11,4,656,56,0,0.43397536873817444,0.49499999999999994,0
11,4,687,60,0,0.4202568829059601,0.49499999999999994,0
11,4,688,60,0,0.41919854283332825,0.49499999999999994,0
11,4,689,60,0,0.41919854283332825,0.49499999999999994,0
11,4,690,60,0,0.4187439978122711,0.49499999999999994,0
11,4,691,60,0,0.43630343675613403,0.49499999999999994,0
11,4,692,60,0,0.43550124764442444,0.49499999999999994,0
11,4,693,60,0,0.41919878125190735,0.49499999999999994,0
11,4,694,60,0,0.41874396800994873,0.49499999999999994,0
11,4,695,60,0,0.4536779820919037,0.49499999999999994,0
11,4,696,60,0,0.4337295591831207,0.49499999999999994,0
11,4,727,64,0,0.41874417662620544,0.49499999999999994,0
11,4,728,64,0,0.41874396800994873,0.49499999999999994,0
11,4,729,64,0,0.4187442362308502,0.49499999999999994,0
11,4,730,64,0,0.4194932281970978,0.49499999999999994,0
11,4,731,64,0,0.41919878125190735,0.49499999999999994,0
11,4,732,64,0,0.42025670409202576,0.49499999999999994,0
11,4,733,64,0,0.42025697231292725,0.49499999999999994,0
11,4,734,64,0,0.41874396800994873,0.49499999999999994,0
11,4,735,64,0,0.4187439978122711,0.49499999999999994,0
11,4,736,64,0,0.4187439978122711,0.49499999999999994,0
11,4,807,72,0,0.41940948367118835,0.49499999999999994,0
11,4,808,72,0,0.41940945386886597,0.49499999999999994,0
11,4,809,72,0,0.41940927505493164,0.49499999999999994,0
11,4,810,72,0,0.41940969228744507,0.49499999999999994,0
11,4,811,72,0,0.41940972208976746,0.49499999999999994,0
11,4,812,72,0,0.41940969228744507,0.49499999999999994,0
11,4,813,72,0,0.41940927505493164,0.49499999999999994,0
11,4,814,72,0,0.4386955201625824,0.49499999999999994,0
11,4,815,72,0,0.41940996050834656,0.49499999999999994,0
11,4,816,72,0,0.41940969228744507,0.49499999999999994,0
11,4,817,73,0,0.41940978169441223,0.49499999999999994,0
11,4,818,73,0,0.41940972208976746,0.49499999999999994,0
11,4,819,73,0,0.41940972208976746,0.49499999999999994,0
11,4,820,73,0,0.4194098114967346,0.49499999999999994,0
11,4,821,73,0,0.41940993070602417,0.49499999999999994,0
11,4,822,73,0,0.41940969228744507,0.49499999999999994,0
11,4,823,73,0,0.41940996050834656,0.49499999999999994,0
11,4,824,73,0,0.41941016912460327,0.49499999999999994,0
11,4,825,73,0,0.41874420642852783,0.49499999999999994,0
11,4,826,73,0,0.4341070055961609,0.49499999999999994,0
11,5,3,3,1,0.4684385359287262,0.49499999999999994,0
11,5,5,5,1,0.47508344054222107,0.49499999999999994,0
11,5,7,7,1,0.4686230719089508,0.49499999999999994,0
11,5,13,13,1,0.46886712312698364,0.49499999999999994,0
11,5,18,18,1,0.4798525869846344,0.49499999999999994,0
11,5,20,20,1,0.47472089529037476,0.49499999999999994,0
11,5,21,21,1,0.4798525869846344,0.49499999999999994,0
11,5,22,22,1,0.47472095489501953,0.49499999999999994,0
11,5,32,32,1,0.4686230719089508,0.49499999999999994,0
11,5,34,34,1,0.47508344054222107,0.49499999999999994,0
11,5,42,42,1,0.4674912393093109,0.49499999999999994,0
11,5,50,50,1,0.47139158844947815,0.49499999999999994,0
11,5,54,54,1,0.4683225750923157,0.49499999999999994,0
11,5,59,59,1,0.46749114990234375,0.49499999999999994,0
11,5,66,66,1,0.4599451422691345,0.49499999999999994,0
11,5,78,78,1,0.479852557182312,0.49499999999999994,0
11,5,117,3,0,0.4633585512638092,0.49499999999999994,0
11,5,118,3,0,0.45962172746658325,0.49499999999999994,0
11,5,119,3,0,0.4632851481437683,0.49499999999999994,0
11,5,120,3,0,0.46316763758659363,0.49499999999999994,0
11,5,121,3,0,0.4598376154899597,0.49499999999999994,0
11,5,122,3,0,0.46340128779411316,0.49499999999999994,0
11,5,123,3,0,0.4632851481437683,0.49499999999999994,0
11,5,124,3,0,0.4601771831512451,0.49499999999999994,0
11,5,125,3,0,0.4631674587726593,0.49499999999999994,0
11,5,126,3,0,0.45950546860694885,0.49499999999999994,0
11,5,137,5,0,0.4644837975502014,0.49499999999999994,0
11,5,138,5,0,0.48135456442832947,0.49499999999999994,0
11,5,139,5,0,0.4630940854549408,0.49499999999999994,0
11,5,140,5,0,0.46299755573272705,0.49499999999999994,0
11,5,141,5,0,0.46333757042884827,0.49499999999999994,0
11,5,142,5,0,0.4596754014492035,0.49499999999999994,0
11,5,143,5,0,0.4632837772369385,0.49499999999999994,0
11,5,144,5,0,0.4634000360965729,0.49499999999999994,0
11,5,145,5,0,0.46454307436943054,0.49499999999999994,0
11,5,146,5,0,0.46728160977363586,0.49499999999999994,0
11,5,157,7,0,0.45938947796821594,0.49499999999999994,0
11,5,158,7,0,0.4593895971775055,0.49499999999999994,0
11,5,159,7,0,0.4593357741832733,0.49499999999999994,0
11,5,160,7,0,0.4631674289703369,0.49499999999999994,0
11,5,161,7,0,0.4629974663257599,0.49499999999999994,0
11,5,162,7,0,0.4629974663257599,0.49499999999999994,0
11,5,163,7,0,0.46309390664100647,0.49499999999999994,0
11,5,164,7,0,0.4595594108104706,0.49499999999999994,0
11,5,165,7,0,0.46309399604797363,0.49499999999999994,0
11,5,166,7,0,0.46316760778427124,0.49499999999999994,0
11,5,217,13,0,0.45960578322410583,0.49499999999999994,0
11,5,218,13,0,0.4592197835445404,0.49499999999999994,0
11,5,219,13,0,0.45921993255615234,0.49499999999999994,0
11,5,220,13,0,0.45921996235847473,0.49499999999999994,0
11,5,221,13,0,0.45972153544425964,0.49499999999999994,0
11,5,222,13,0,0.4595055878162384,0.49499999999999994,0
11,5,223,13,0,0.4597753882408142,0.49499999999999994,0
11,5,224,13,0,0.45938944816589355,0.49499999999999994,0
11,5,225,13,0,0.4592197835445404,0.49499999999999994,0
11,5,226,13,0,0.4592197835445404,0.49499999999999994,0
11,5,267,18,0,0.4629199206829071,0.49499999999999994,0
11,5,268,18,0,0.46355390548706055,0.49499999999999994,0
11,5,269,18,0,0.45960554480552673,0.49499999999999994,0
11,5,270,18,0,0.4595065116882324,0.49499999999999994,0
11,5,271,18,0,0.46316760778427124,0.49499999999999994,0
11,5,272,18,0,0.46338313817977905,0.49499999999999994,0
11,5,273,18,0,0.4596557021141052,0.49499999999999994,0
11,5,274,18,0,0.459505558013916,0.49499999999999994,0
11,5,275,18,0,0.45938950777053833,0.49499999999999994,0
11,5,276,18,0,0.45938950777053833,0.49499999999999994,0
11,5,287,20,0,0.4685727655887604,0.49499999999999994,0
11,5,288,20,0,0.46328428387641907,0.49499999999999994,0
11,5,289,20,0,0.46821194887161255,0.49499999999999994,0
11,5,290,20,0,0.45938950777053833,0.49499999999999994,0
11,5,291,20,0,0.47508350014686584,0.49499999999999994,0
11,5,292,20,0,0.45921972393989563,0.49499999999999994,0
11,5,293,20,0,0.45933568477630615,0.49499999999999994,0
11,5,294,20,0,0.4649505913257599,0.49499999999999994,0
11,5,295,20,0,0.45921972393989563,0.49499999999999994,0
11,5,296,20,0,0.45960572361946106,0.49499999999999994,0
11,5,297,21,0,0.4593357443809509,0.49499999999999994,0
11,5,298,21,0,0.4639020562171936,0.49499999999999994,0
11,5,299,21,0,0.45955926179885864,0.49499999999999994,0
11,5,300,21,0,0.4633049964904785,0.49499999999999994,0
11,5,301,21,0,0.45989125967025757,0.49499999999999994,0
11,5,302,21,0,0.45989131927490234,0.49499999999999994,0
11,5,303,21,0,0.4631887674331665,0.49499999999999994,0
11,5,304,21,0,0.45921972393989563,0.49499999999999994,0
11,5,305,21,0,0.4592197835445404,0.49499999999999994,0
11,5,306,21,0,0.46291983127593994,0.49499999999999994,0
11,5,307,22,0,0.4631887674331665,0.49499999999999994,0
11,5,308,22,0,0.4593358039855957,0.49499999999999994,0
11,5,309,22,0,0.4593357443809509,0.49499999999999994,0
11,5,310,22,0,0.4593357443809509,0.49499999999999994,0
11,5,311,22,0,0.45921972393989563,0.49499999999999994,0
11,5,312,22,0,0.4592197835445404,0.49499999999999994,0
11,5,313,22,0,0.45921972393989563,0.49499999999999994,0
11,5,314,22,0,0.45960554480552673,0.49499999999999994,0
11,5,315,22,0,0.45921972393989563,0.49499999999999994,0
11,5,316,22,0,0.45921972393989563,0.49499999999999994,0
11,5,407,32,0,0.4592197835445404,0.49499999999999994,0
11,5,408,32,0,0.4592197835445404,0.49499999999999994,0
11,5,409,32,0,0.4669951796531677,0.49499999999999994,0
11,5,410,32,0,0.4592197835445404,0.49499999999999994,0
11,5,411,32,0,0.45933565497398376,0.49499999999999994,0
11,5,412,32,0,0.45921972393989563,0.49499999999999994,0
11,5,413,32,0,0.45968082547187805,0.49499999999999994,0
11,5,414,32,0,0.45960551500320435,0.49499999999999994,0
11,5,415,32,0,0.45921972393989563,0.49499999999999994,0
11,5,416,32,0,0.4592197835445404,0.49499999999999994,0
11,5,427,34,0,0.4676206707954407,0.49499999999999994,0
11,5,428,34,0,0.46762052178382874,0.49499999999999994,0
11,5,429,34,0,0.4592197835445404,0.49499999999999994,0
11,5,430,34,0,0.4592197835445404,0.49499999999999994,0
11,5,431,34,0,0.4593357443809509,0.49499999999999994,0
11,5,432,34,0,0.4592197835445404,0.49499999999999994,0
11,5,433,34,0,0.45921972393989563,0.49499999999999994,0
11,5,434,34,0,0.46699514985084534,0.49499999999999994,0
11,5,435,34,0,0.4592197835445404,0.49499999999999994,0
11,5,436,34,0,0.4592197835445404,0.49499999999999994,0
11,5,507,42,0,0.46311360597610474,0.49499999999999994,0
11,5,508,42,0,0.46311360597610474,0.49499999999999994,0
11,5,509,42,0,0.4632100462913513,0.49499999999999994,0
11,5,510,42,0,0.4592197835445404,0.49499999999999994,0
11,5,511,42,0,0.4596056044101715,0.49499999999999994,0
11,5,512,42,0,0.4632297158241272,0.49499999999999994,0
11,5,513,42,0,0.4593357741832733,0.49499999999999994,0
11,5,514,42,0,0.4629974961280823,0.49499999999999994,0
11,5,515,42,0,0.45960554480552673,0.49499999999999994,0
11,5,516,42,0,0.45933571457862854,0.49499999999999994,0
11,5,587,50,0,0.4593357741832733,0.49499999999999994,0
11,5,588,50,0,0.4593357741832733,0.49499999999999994,0
11,5,589,50,0,0.4634760022163391,0.49499999999999994,0
11,5,590,50,0,0.45960551500320435,0.49499999999999994,0
11,5,591,50,0,0.4669952094554901,0.49499999999999994,0
11,5,592,50,0,0.4592197835445404,0.49499999999999994,0
11,5,593,50,0,0.46359923481941223,0.49499999999999994,0
11,5,594,50,0,0.4592197835445404,0.49499999999999994,0
11,5,595,50,0,0.4593358039855957,0.49499999999999994,0
11,5,596,50,0,0.45921972393989563,0.49499999999999994,0
11,5,627,54,0,0.45921972393989563,0.49499999999999994,0
11,5,628,54,0,0.46393629908561707,0.49499999999999994,0
11,5,629,54,0,0.45921972393989563,0.49499999999999994,0
11,5,630,54,0,0.45921972393989563,0.49499999999999994,0
11,5,631,54,0,0.45921972393989563,0.49499999999999994,0
11,5,632,54,0,0.45921972393989563,0.49499999999999994,0
11,5,633,54,0,0.45921972393989563,0.49499999999999994,0
11,5,634,54,0,0.45921972393989563,0.49499999999999994,0
11,5,635,54,0,0.45921972393989563,0.49499999999999994,0
11,5,636,54,0,0.45921972393989563,0.49499999999999994,0
11,5,677,59,0,0.45933571457862854,0.49499999999999994,0
11,5,678,59,0,0.4592197835445404,0.49499999999999994,0
11,5,679,59,0,0.45921972393989563,0.49499999999999994,0
11,5,680,59,0,0.45921972393989563,0.49499999999999994,0
11,5,681,59,0,0.45921972393989563,0.49499999999999994,0
11,5,682,59,0,0.4592197835445404,0.49499999999999994,0
11,5,683,59,0,0.4592197835445404,0.49499999999999994,0
11,5,684,59,0,0.45972150564193726,0.49499999999999994,0
11,5,685,59,0,0.46342232823371887,0.49499999999999994,0
11,5,686,59,0,0.4592197835445404,0.49499999999999994,0
11,5,747,66,0,0.45933571457862854,0.49499999999999994,0
11,5,748,66,0,0.45921972393989563,0.49499999999999994,0
11,5,749,66,0,0.45921972393989563,0.49499999999999994,0
11,5,750,66,0,0.46398040652275085,0.49499999999999994,0
11,5,751,66,0,0.46328359842300415,0.49499999999999994,0
11,5,752,66,0,0.46328356862068176,0.49499999999999994,0
11,5,753,66,0,0.45921987295150757,0.49499999999999994,0
11,5,754,66,0,0.46316826343536377,0.49499999999999994,0
11,5,755,66,0,0.46316835284233093,0.49499999999999994,0
11,5,756,66,0,0.46316826343536377,0.49499999999999994,0
11,5,867,78,0,0.4596056640148163,0.49499999999999994,0
11,5,868,78,0,0.45933568477630615,0.49499999999999994,0
11,5,869,78,0,0.4629974663257599,0.49499999999999994,0
11,5,870,78,0,0.4629974365234375,0.49499999999999994,0
11,5,871,78,0,0.4634208679199219,0.49499999999999994,0
11,5,872,78,0,0.4596056342124939,0.49499999999999994,0
11,5,873,78,0,0.4596056640148163,0.49499999999999994,0
11,5,874,78,0,0.45955920219421387,0.49499999999999994,0
11,5,875,78,0,0.4629974961280823,0.49499999999999994,0
11,5,876,78,0,0.45933571457862854,0.49499999999999994,0
12,1,1,1,1,0.7669531106948853,0.41999999999999993,1
12,1,6,6,1,0.9938725233078003,0.41999999999999993,1
12,1,11,11,1,0.9645980000495911,0.41999999999999993,1
12,1,17,17,1,0.9645980000495911,0.41999999999999993,1
12,1,23,23,1,0.970802366733551,0.41999999999999993,1
12,1,27,27,1,0.970802366733551,0.41999999999999993,1
12,1,40,40,1,0.6740311980247498,0.41999999999999993,1
12,1,42,42,1,0.5456076264381409,0.41999999999999993,1
12,1,45,45,1,0.6148477792739868,0.41999999999999993,1
12,1,48,48,1,0.6473439931869507,0.41999999999999993,1
12,1,50,50,1,0.857380747795105,0.41999999999999993,1
12,1,51,51,1,0.24462343752384186,0.41999999999999993,0
12,1,53,53,1,0.5980891585350037,0.41999999999999993,1
12,1,64,64,1,0.6740061044692993,0.41999999999999993,1
12,1,65,65,1,0.6740312576293945,0.41999999999999993,1
12,1,69,69,1,0.7820131182670593,0.41999999999999993,1
12,1,75,75,1,0.7804053425788879,0.41999999999999993,1
12,1,97,1,0,0.05079143866896629,0.41999999999999993,0
12,1,98,1,0,0.05338320881128311,0.41999999999999993,0
12,1,99,1,0,0.07490738481283188,0.41999999999999993,0
12,1,100,1,0,0.1531299501657486,0.41999999999999993,0
12,1,101,1,0,0.04299677908420563,0.41999999999999993,0
12,1,102,1,0,0.05339197814464569,0.41999999999999993,0
12,1,103,1,0,0.1464340090751648,0.41999999999999993,0
12,1,104,1,0,0.14643748104572296,0.41999999999999993,0
12,1,105,1,0,0.1538560688495636,0.41999999999999993,0
12,1,106,1,0,0.1531226485967636,0.41999999999999993,0
12,1,147,6,0,0.04721849784255028,0.41999999999999993,0
12,1,148,6,0,0.06050444394350052,0.41999999999999993,0
12,1,149,6,0,0.15713869035243988,0.41999999999999993,0
12,1,150,6,0,0.15392754971981049,0.41999999999999993,0
12,1,151,6,0,0.14643636345863342,0.41999999999999993,0
12,1,152,6,0,0.14414741098880768,0.41999999999999993,0
12,1,153,6,0,0.1434524804353714,0.41999999999999993,0
12,1,154,6,0,0.05078977718949318,0.41999999999999993,0
12,1,155,6,0,0.13711783289909363,0.41999999999999993,0
12,1,156,6,0,0.18657366931438446,0.41999999999999993,0
12,1,197,11,0,0.04299674928188324,0.41999999999999993,0
12,1,198,11,0,0.03995218127965927,0.41999999999999993,0
12,1,199,11,0,0.14721333980560303,0.41999999999999993,0
12,1,200,11,0,0.039951104670763016,0.41999999999999993,0
12,1,201,11,0,0.039951082319021225,0.41999999999999993,0
12,1,202,11,0,0.1378622204065323,0.41999999999999993,0
12,1,203,11,0,0.03995218127965927,0.41999999999999993,0
12,1,204,11,0,0.039951082319021225,0.41999999999999993,0
12,1,205,11,0,0.1464441567659378,0.41999999999999993,0
12,1,206,11,0,0.15312954783439636,0.41999999999999993,0
12,1,257,17,0,0.14644582569599152,0.41999999999999993,0
12,1,258,17,0,0.14643749594688416,0.41999999999999993,0
12,1,259,17,0,0.15313494205474854,0.41999999999999993,0
12,1,260,17,0,0.1464410275220871,0.41999999999999993,0
12,1,261,17,0,0.04627339914441109,0.41999999999999993,0
12,1,262,17,0,0.22151930630207062,0.41999999999999993,0
12,1,263,17,0,0.04627742990851402,0.41999999999999993,0
12,1,264,17,0,0.13711446523666382,0.41999999999999993,0
12,1,265,17,0,0.16335897147655487,0.41999999999999993,0
12,1,266,17,0,0.04979093000292778,0.41999999999999993,0
12,1,317,23,0,0.039951082319021225,0.41999999999999993,0
12,1,318,23,0,0.1371171623468399,0.41999999999999993,0
12,1,319,23,0,0.03995111584663391,0.41999999999999993,0
12,1,320,23,0,0.04201534762978554,0.41999999999999993,0
12,1,321,23,0,0.042014218866825104,0.41999999999999993,0
12,1,322,23,0,0.03995218127965927,0.41999999999999993,0
12,1,323,23,0,0.039951104670763016,0.41999999999999993,0
12,1,324,23,0,0.21652056276798248,0.41999999999999993,0
12,1,325,23,0,0.04627213999629021,0.41999999999999993,0
12,1,326,23,0,0.03995196148753166,0.41999999999999993,0
12,1,357,27,0,0.1464398354291916,0.41999999999999993,0
12,1,358,27,0,0.14643749594688416,0.41999999999999993,0
12,1,359,27,0,0.14643748104572296,0.41999999999999993,0
12,1,360,27,0,0.1711549162864685,0.41999999999999993,0
12,1,361,27,0,0.15312506258487701,0.41999999999999993,0
12,1,362,27,0,0.5763114094734192,0.41999999999999993,1
12,1,363,27,0,0.1531323939561844,0.41999999999999993,0
12,1,364,27,0,0.15312626957893372,0.41999999999999993,0
12,1,365,27,0,0.03995687887072563,0.41999999999999993,0
12,1,366,27,0,0.039951104670763016,0.41999999999999993,0
12,1,487,40,0,0.05078617110848427,0.41999999999999993,0
12,1,488,40,0,0.37702834606170654,0.41999999999999993,0
12,1,489,40,0,0.04721596837043762,0.41999999999999993,0
12,1,490,40,0,0.03995109349489212,0.41999999999999993,0
12,1,491,40,0,0.039951082319021225,0.41999999999999993,0
12,1,492,40,0,0.03995195031166077,0.41999999999999993,0
12,1,493,40,0,0.04201535880565643,0.41999999999999993,0
12,1,494,40,0,0.16967637836933136,0.41999999999999993,0
12,1,495,40,0,0.9645980000495911,0.41999999999999993,1
12,1,496,40,0,0.13712109625339508,0.41999999999999993,0
12,1,507,42,0,0.14344896376132965,0.41999999999999993,0
12,1,508,42,0,0.1434483379125595,0.41999999999999993,0
12,1,509,42,0,0.15074582397937775,0.41999999999999993,0
12,1,510,42,0,0.03995196148753166,0.41999999999999993,0
12,1,511,42,0,0.04721726104617119,0.41999999999999993,0
12,1,512,42,0,0.15002098679542542,0.41999999999999993,0
12,1,513,42,0,0.042015139013528824,0.41999999999999993,0
12,1,514,42,0,0.1371171772480011,0.41999999999999993,0
12,1,515,42,0,0.04721597954630852,0.41999999999999993,0
12,1,516,42,0,0.042015139013528824,0.41999999999999993,0
12,1,537,45,0,0.039951082319021225,0.41999999999999993,0
12,1,538,45,0,0.039951104670763016,0.41999999999999993,0
12,1,539,45,0,0.039951104670763016,0.41999999999999993,0
12,1,540,45,0,0.03995109349489212,0.41999999999999993,0
12,1,541,45,0,0.039951104670763016,0.41999999999999993,0
12,1,542,45,0,0.047217246145009995,0.41999999999999993,0
12,1,543,45,0,0.17368043959140778,0.41999999999999993,0
12,1,544,45,0,0.22062744200229645,0.41999999999999993,0
12,1,545,45,0,0.039951082319021225,0.41999999999999993,0
12,1,546,45,0,0.5628566145896912,0.41999999999999993,1
12,1,567,48,0,0.04201534762978554,0.41999999999999993,0
12,1,568,48,0,0.047217246145009995,0.41999999999999993,0
12,1,569,48,0,0.039951082319021225,0.41999999999999993,0
12,1,570,48,0,0.20858420431613922,0.41999999999999993,0
12,1,571,48,0,0.05337722972035408,0.41999999999999993,0
12,1,572,48,0,0.042014230042696,0.41999999999999993,0
12,1,573,48,0,0.03995472192764282,0.41999999999999993,0
12,1,574,48,0,0.03995470702648163,0.41999999999999993,0
12,1,575,48,0,0.04201534762978554,0.41999999999999993,0
12,1,576,48,0,0.039951104670763016,0.41999999999999993,0
12,1,587,50,0,0.04201647266745567,0.41999999999999993,0
12,1,588,50,0,0.04201534762978554,0.41999999999999993,0
12,1,589,50,0,0.22062744200229645,0.41999999999999993,0
12,1,590,50,0,0.04721596837043762,0.41999999999999993,0
12,1,591,50,0,0.4580264091491699,0.41999999999999993,1
12,1,592,50,0,0.03995218127965927,0.41999999999999993,0
12,1,593,50,0,0.2085796296596527,0.41999999999999993,0
12,1,594,50,0,0.03995219245553017,0.41999999999999993,0
12,1,595,50,0,0.04201646149158478,0.41999999999999993,0
12,1,596,50,0,0.039951104670763016,0.41999999999999993,0
12,1,597,51,0,0.5456146597862244,0.41999999999999993,1
12,1,598,51,0,0.16005200147628784,0.41999999999999993,0
12,1,599,51,0,0.13711777329444885,0.41999999999999993,0
12,1,600,51,0,0.1780308485031128,0.41999999999999993,0
12,1,601,51,0,0.04224427789449692,0.41999999999999993,0
12,1,602,51,0,0.16627855598926544,0.41999999999999993,0
12,1,603,51,0,0.16008232533931732,0.41999999999999993,0
12,1,604,51,0,0.1780308485031128,0.41999999999999993,0
12,1,605,51,0,0.047218482941389084,0.41999999999999993,0
12,1,606,51,0,0.04201646149158478,0.41999999999999993,0
12,1,617,53,0,0.042015332728624344,0.41999999999999993,0
12,1,618,53,0,0.04963574558496475,0.41999999999999993,0
12,1,619,53,0,0.17716926336288452,0.41999999999999993,0
12,1,620,53,0,0.04201648384332657,0.41999999999999993,0
12,1,621,53,0,0.042016446590423584,0.41999999999999993,0
12,1,622,53,0,0.16729836165905,0.41999999999999993,0
12,1,623,53,0,0.039951082319021225,0.41999999999999993,0
12,1,624,53,0,0.20773515105247498,0.41999999999999993,0
12,1,625,53,0,0.050788331776857376,0.41999999999999993,0
12,1,626,53,0,0.22063130140304565,0.41999999999999993,0
12,1,727,64,0,0.03995194286108017,0.41999999999999993,0
12,1,728,64,0,0.039951082319021225,0.41999999999999993,0
12,1,729,64,0,0.03995214402675629,0.41999999999999993,0
12,1,730,64,0,0.04339594766497612,0.41999999999999993,0
12,1,731,64,0,0.04201534762978554,0.41999999999999993,0
12,1,732,64,0,0.047215960919857025,0.41999999999999993,0
12,1,733,64,0,0.047217223793268204,0.41999999999999993,0
12,1,734,64,0,0.039951082319021225,0.41999999999999993,0
12,1,735,64,0,0.039951104670763016,0.41999999999999993,0
12,1,736,64,0,0.03995109349489212,0.41999999999999993,0
12,1,737,65,0,0.22062741219997406,0.41999999999999993,0
12,1,738,65,0,0.05338321626186371,0.41999999999999993,0
12,1,739,65,0,0.23070397973060608,0.41999999999999993,0
12,1,740,65,0,0.04721597954630852,0.41999999999999993,0
12,1,741,65,0,0.03995109349489212,0.41999999999999993,0
12,1,742,65,0,0.039951082319021225,0.41999999999999993,0
12,1,743,65,0,0.05045342072844505,0.41999999999999993,0
12,1,744,65,0,0.03995215892791748,0.41999999999999993,0
12,1,745,65,0,0.039951082319021225,0.41999999999999993,0
12,1,746,65,0,0.03995195031166077,0.41999999999999993,0
12,1,777,69,0,0.16007563471794128,0.41999999999999993,0
12,1,778,69,0,0.15312626957893372,0.41999999999999993,0
12,1,779,69,0,0.14644098281860352,0.41999999999999993,0
12,1,780,69,0,0.042997896671295166,0.41999999999999993,0
12,1,781,69,0,0.15317365527153015,0.41999999999999993,0
12,1,782,69,0,0.046275440603494644,0.41999999999999993,0
12,1,783,69,0,0.039951082319021225,0.41999999999999993,0
12,1,784,69,0,0.4786502420902252,0.41999999999999993,1
12,1,785,69,0,0.03995218127965927,0.41999999999999993,0
12,1,786,69,0,0.14345240592956543,0.41999999999999993,0
12,1,837,75,0,0.04299675673246384,0.41999999999999993,0
12,1,838,75,0,0.05078614875674248,0.41999999999999993,0
12,1,839,75,0,0.039953239262104034,0.41999999999999993,0
12,1,840,75,0,0.04299791529774666,0.41999999999999993,0
12,1,841,75,0,0.0429963655769825,0.41999999999999993,0
12,1,842,75,0,0.04721808433532715,0.41999999999999993,0
12,1,843,75,0,0.04721808433532715,0.41999999999999993,0
12,1,844,75,0,0.042997512966394424,0.41999999999999993,0
12,1,845,75,0,0.04299753159284592,0.41999999999999993,0
12,1,846,75,0,0.039951082319021225,0.41999999999999993,0
12,2,8,8,1,0.48155656456947327,0.4649999999999999,1
12,2,9,9,1,0.503279447555542,0.4649999999999999,1
12,2,15,15,1,0.5269574522972107,0.4649999999999999,1
12,2,22,22,1,0.5032795071601868,0.4649999999999999,1
12,2,26,26,1,0.47404924035072327,0.4649999999999999,1
12,2,29,29,1,0.47404924035072327,0.4649999999999999,1
12,2,30,30,1,0.5032795071601868,0.4649999999999999,1
12,2,36,36,1,0.47404924035072327,0.4649999999999999,1
12,2,38,38,1,0.5051419138908386,0.4649999999999999,1
12,2,43,43,1,0.46849343180656433,0.4649999999999999,1
12,2,52,52,1,0.47238224744796753,0.4649999999999999,1
12,2,55,55,1,0.5278170108795166,0.4649999999999999,1
12,2,62,62,1,0.5269574522972107,0.4649999999999999,1
12,2,71,71,1,0.45302215218544006,0.4649999999999999,0
12,2,74,74,1,0.5051419138908386,0.4649999999999999,1
12,2,77,77,1,0.47658371925354004,0.4649999999999999,1
12,2,167,8,0,0.4300261437892914,0.4649999999999999,0
12,2,168,8,0,0.4302820563316345,0.4649999999999999,0
12,2,169,8,0,0.4475267827510834,0.4649999999999999,0
12,2,170,8,0,0.4302820563316345,0.4649999999999999,0
12,2,171,8,0,0.42947784066200256,0.4649999999999999,0
12,2,172,8,0,0.4316355884075165,0.4649999999999999,0
12,2,173,8,0,0.4477841258049011,0.4649999999999999,0
12,2,174,8,0,0.4294773042201996,0.4649999999999999,0
12,2,175,8,0,0.4478861093521118,0.4649999999999999,0
12,2,176,8,0,0.4294773042201996,0.4649999999999999,0
12,2,177,9,0,0.4689355790615082,0.4649999999999999,1
12,2,178,9,0,0.430282324552536,0.4649999999999999,0
12,2,179,9,0,0.4294769763946533,0.4649999999999999,0
12,2,180,9,0,0.4294773042201996,0.4649999999999999,0
12,2,181,9,0,0.4294773042201996,0.4649999999999999,0
12,2,182,9,0,0.43028223514556885,0.4649999999999999,0
12,2,183,9,0,0.44778382778167725,0.4649999999999999,0
12,2,184,9,0,0.42947760224342346,0.4649999999999999,0
12,2,185,9,0,0.43028202652931213,0.4649999999999999,0
12,2,186,9,0,0.43210962414741516,0.4649999999999999,0
12,2,237,15,0,0.4469728469848633,0.4649999999999999,0
12,2,238,15,0,0.43130436539649963,0.4649999999999999,0
12,2,239,15,0,0.43083053827285767,0.4649999999999999,0
12,2,240,15,0,0.47304508090019226,0.4649999999999999,1
12,2,241,15,0,0.44962918758392334,0.4649999999999999,0
12,2,242,15,0,0.474084734916687,0.4649999999999999,1
12,2,243,15,0,0.44778433442115784,0.4649999999999999,0
12,2,244,15,0,0.4718862473964691,0.4649999999999999,1
12,2,245,15,0,0.43210992217063904,0.4649999999999999,0
12,2,246,15,0,0.44778382778167725,0.4649999999999999,0
12,2,307,22,0,0.44788554310798645,0.4649999999999999,0
12,2,308,22,0,0.43002641201019287,0.4649999999999999,0
12,2,309,22,0,0.4300261437892914,0.4649999999999999,0
12,2,310,22,0,0.4300261437892914,0.4649999999999999,0
12,2,311,22,0,0.4294770061969757,0.4649999999999999,0
12,2,312,22,0,0.4294773042201996,0.4649999999999999,0
12,2,313,22,0,0.4294769763946533,0.4649999999999999,0
12,2,314,22,0,0.4313042163848877,0.4649999999999999,0
12,2,315,22,0,0.4294770061969757,0.4649999999999999,0
12,2,316,22,0,0.4294769763946533,0.4649999999999999,0
12,2,347,26,0,0.45217642188072205,0.4649999999999999,0
12,2,348,26,0,0.4300261437892914,0.4649999999999999,0
12,2,349,26,0,0.44962918758392334,0.4649999999999999,0
12,2,350,26,0,0.4497389495372772,0.4649999999999999,0
12,2,351,26,0,0.44778406620025635,0.4649999999999999,0
12,2,352,26,0,0.4300261437892914,0.4649999999999999,0
12,2,353,26,0,0.4478859007358551,0.4649999999999999,0
12,2,354,26,0,0.4478854835033417,0.4649999999999999,0
12,2,355,26,0,0.4294770061969757,0.4649999999999999,0
12,2,356,26,0,0.4294770061969757,0.4649999999999999,0
12,2,377,29,0,0.47254717350006104,0.4649999999999999,1
12,2,378,29,0,0.44833803176879883,0.4649999999999999,0
12,2,379,29,0,0.4477859139442444,0.4649999999999999,0
12,2,380,29,0,0.4477859139442444,0.4649999999999999,0
12,2,381,29,0,0.4483382999897003,0.4649999999999999,0
12,2,382,29,0,0.44833865761756897,0.4649999999999999,0
12,2,383,29,0,0.4528456926345825,0.4649999999999999,0
12,2,384,29,0,0.4302811622619629,0.4649999999999999,0
12,2,385,29,0,0.4302811622619629,0.4649999999999999,0
12,2,386,29,0,0.4300261437892914,0.4649999999999999,0
12,2,387,30,0,0.44937095046043396,0.4649999999999999,0
12,2,388,30,0,0.4308302104473114,0.4649999999999999,0
12,2,389,30,0,0.4501831531524658,0.4649999999999999,0
12,2,390,30,0,0.44778382778167725,0.4649999999999999,0
12,2,391,30,0,0.44778376817703247,0.4649999999999999,0
12,2,392,30,0,0.44833824038505554,0.4649999999999999,0
12,2,393,30,0,0.5269574522972107,0.4649999999999999,1
12,2,394,30,0,0.45312389731407166,0.4649999999999999,0
12,2,395,30,0,0.4300261437892914,0.4649999999999999,0
12,2,396,30,0,0.4300261437892914,0.4649999999999999,0
12,2,447,36,0,0.4469725787639618,0.4649999999999999,0
12,2,448,36,0,0.44843950867652893,0.4649999999999999,0
12,2,449,36,0,0.45155107975006104,0.4649999999999999,0
12,2,450,36,0,0.43276000022888184,0.4649999999999999,0
12,2,451,36,0,0.4294773042201996,0.4649999999999999,0
12,2,452,36,0,0.44778406620025635,0.4649999999999999,0
12,2,453,36,0,0.43002644181251526,0.4649999999999999,0
12,2,454,36,0,0.4300267994403839,0.4649999999999999,0
12,2,455,36,0,0.4469725787639618,0.4649999999999999,0
12,2,456,36,0,0.45155107975006104,0.4649999999999999,0
12,2,467,38,0,0.432109534740448,0.4649999999999999,0
12,2,468,38,0,0.4294770061969757,0.4649999999999999,0
12,2,469,38,0,0.48155656456947327,0.4649999999999999,1
12,2,470,38,0,0.4310859441757202,0.4649999999999999,0
12,2,471,38,0,0.4326592683792114,0.4649999999999999,0
12,2,472,38,0,0.4318537712097168,0.4649999999999999,0
12,2,473,38,0,0.4294770061969757,0.4649999999999999,0
12,2,474,38,0,0.4493708908557892,0.4649999999999999,0
12,2,475,38,0,0.4300261437892914,0.4649999999999999,0
12,2,476,38,0,0.4321095049381256,0.4649999999999999,0
12,2,517,43,0,0.45157358050346375,0.4649999999999999,0
12,2,518,43,0,0.4515736401081085,0.4649999999999999,0
12,2,519,43,0,0.43130406737327576,0.4649999999999999,0
12,2,520,43,0,0.4294769763946533,0.4649999999999999,0
12,2,521,43,0,0.4294770061969757,0.4649999999999999,0
12,2,522,43,0,0.4294769763946533,0.4649999999999999,0
12,2,523,43,0,0.4294770658016205,0.4649999999999999,0
12,2,524,43,0,0.4294769763946533,0.4649999999999999,0
12,2,525,43,0,0.4300258159637451,0.4649999999999999,0
12,2,526,43,0,0.4300261437892914,0.4649999999999999,0
12,2,607,52,0,0.43002644181251526,0.4649999999999999,0
12,2,608,52,0,0.4505510926246643,0.4649999999999999,0
12,2,609,52,0,0.4300258457660675,0.4649999999999999,0
12,2,610,52,0,0.4501837193965912,0.4649999999999999,0
12,2,611,52,0,0.43185415863990784,0.4649999999999999,0
12,2,612,52,0,0.4294770061969757,0.4649999999999999,0
12,2,613,52,0,0.4294770061969757,0.4649999999999999,0
12,2,614,52,0,0.44899505376815796,0.4649999999999999,0
12,2,615,52,0,0.4513951241970062,0.4649999999999999,0
12,2,616,52,0,0.4516656696796417,0.4649999999999999,0
12,2,637,55,0,0.4294770061969757,0.4649999999999999,0
12,2,638,55,0,0.4294770061969757,0.4649999999999999,0
12,2,639,55,0,0.4294770061969757,0.4649999999999999,0
12,2,640,55,0,0.4294773042201996,0.4649999999999999,0
12,2,641,55,0,0.44778382778167725,0.4649999999999999,0
12,2,642,55,0,0.4476284384727478,0.4649999999999999,0
12,2,643,55,0,0.4294770061969757,0.4649999999999999,0
12,2,644,55,0,0.44808080792427063,0.4649999999999999,0
12,2,645,55,0,0.4321092367172241,0.4649999999999999,0
12,2,646,55,0,0.4300258457660675,0.4649999999999999,0
12,2,707,62,0,0.4294770061969757,0.4649999999999999,0
12,2,708,62,0,0.4294773042201996,0.4649999999999999,0
12,2,709,62,0,0.4489944577217102,0.4649999999999999,0
12,2,710,62,0,0.43028146028518677,0.4649999999999999,0
12,2,711,62,0,0.4313046336174011,0.4649999999999999,0
12,2,712,62,0,0.4294770061969757,0.4649999999999999,0
12,2,713,62,0,0.43185386061668396,0.4649999999999999,0
12,2,714,62,0,0.4469725787639618,0.4649999999999999,0
12,2,715,62,0,0.4294773042201996,0.4649999999999999,0
12,2,716,62,0,0.4300261437892914,0.4649999999999999,0
12,2,797,71,0,0.4477843940258026,0.4649999999999999,0
12,2,798,71,0,0.44697287678718567,0.4649999999999999,0
12,2,799,71,0,0.44833844900131226,0.4649999999999999,0
12,2,800,71,0,0.4481823444366455,0.4649999999999999,0
12,2,801,71,0,0.46897369623184204,0.4649999999999999,1
12,2,802,71,0,0.4302814304828644,0.4649999999999999,0
12,2,803,71,0,0.45340123772621155,0.4649999999999999,0
12,2,804,71,0,0.4294770061969757,0.4649999999999999,0
12,2,805,71,0,0.43031126260757446,0.4649999999999999,0
12,2,806,71,0,0.43108585476875305,0.4649999999999999,0
12,2,827,74,0,0.4294773042201996,0.4649999999999999,0
12,2,828,74,0,0.4477849006652832,0.4649999999999999,0
12,2,829,74,0,0.4523109197616577,0.4649999999999999,0
12,2,830,74,0,0.4488929510116577,0.4649999999999999,0
12,2,831,74,0,0.43028146028518677,0.4649999999999999,0
12,2,832,74,0,0.43028146028518677,0.4649999999999999,0
12,2,833,74,0,0.4294773042201996,0.4649999999999999,0
12,2,834,74,0,0.4294773042201996,0.4649999999999999,0
12,2,835,74,0,0.4321098029613495,0.4649999999999999,0
12,2,836,74,0,0.43028193712234497,0.4649999999999999,0
12,2,857,77,0,0.4469725787639618,0.4649999999999999,0
12,2,858,77,0,0.4300261437892914,0.4649999999999999,0
12,2,859,77,0,0.4469725787639618,0.4649999999999999,0
12,2,860,77,0,0.4300258457660675,0.4649999999999999,0
12,2,861,77,0,0.448893278837204,0.4649999999999999,0
12,2,862,77,0,0.44881728291511536,0.4649999999999999,0
12,2,863,77,0,0.4294770061969757,0.4649999999999999,0
12,2,864,77,0,0.4475264251232147,0.4649999999999999,0
12,2,865,77,0,0.43002617359161377,0.4649999999999999,0
12,2,866,77,0,0.43028146028518677,0.4649999999999999,0
12,3,3,3,1,0.5613372921943665,0.5149999999999999,1
12,3,10,10,1,0.612710177898407,0.5149999999999999,1
12,3,12,12,1,0.8125047087669373,0.5149999999999999,1
12,3,16,16,1,0.7225033640861511,0.5149999999999999,1
12,3,33,33,1,0.7225033044815063,0.5149999999999999,1
12,3,34,34,1,0.7311643958091736,0.5149999999999999,1
12,3,37,37,1,0.7311643958091736,0.5149999999999999,1
12,3,39,39,1,0.7311643958091736,0.5149999999999999,1
12,3,47,47,1,0.8374850749969482,0.5149999999999999,1
12,3,54,54,1,0.5587601661682129,0.5149999999999999,1
12,3,57,57,1,0.8153945803642273,0.5149999999999999,1
12,3,61,61,1,0.7311643958091736,0.5149999999999999,1
12,3,70,70,1,0.5671324729919434,0.5149999999999999,1
12,3,76,76,1,0.5933758020401001,0.5149999999999999,1
12,3,78,78,1,0.8125047087669373,0.5149999999999999,1
12,3,80,80,1,0.7251425385475159,0.5149999999999999,1
12,3,117,3,0,0.4185801148414612,0.5149999999999999,0
12,3,118,3,0,0.3333679437637329,0.5149999999999999,0
12,3,119,3,0,0.41681769490242004,0.5149999999999999,0
12,3,120,3,0,0.4133245348930359,0.5149999999999999,0
12,3,121,3,0,0.3388330936431885,0.5149999999999999,0
12,3,122,3,0,0.4200207591056824,0.5149999999999999,0
12,3,123,3,0,0.41681769490242004,0.5149999999999999,0
12,3,124,3,0,0.34751471877098083,0.5149999999999999,0
12,3,125,3,0,0.4133194386959076,0.5149999999999999,0
12,3,126,3,0,0.33044466376304626,0.5149999999999999,0
12,3,187,10,0,0.4118412733078003,0.5149999999999999,0
12,3,188,10,0,0.4202985465526581,0.5149999999999999,0
12,3,189,10,0,0.5347890257835388,0.5149999999999999,1
12,3,190,10,0,0.3275388181209564,0.5149999999999999,0
12,3,191,10,0,0.33296069502830505,0.5149999999999999,0
12,3,192,10,0,0.4237552285194397,0.5149999999999999,0
12,3,193,10,0,0.33296170830726624,0.5149999999999999,0
12,3,194,10,0,0.3238413333892822,0.5149999999999999,0
12,3,195,10,0,0.41799962520599365,0.5149999999999999,0
12,3,196,10,0,0.3275419771671295,0.5149999999999999,0
12,3,207,12,0,0.32331353425979614,0.5149999999999999,0
12,3,208,12,0,0.32619690895080566,0.5149999999999999,0
12,3,209,12,0,0.3261984884738922,0.5149999999999999,0
12,3,210,12,0,0.4165131747722626,0.5149999999999999,0
12,3,211,12,0,0.32331347465515137,0.5149999999999999,0
12,3,212,12,0,0.32331350445747375,0.5149999999999999,0
12,3,213,12,0,0.4377121329307556,0.5149999999999999,0
12,3,214,12,0,0.3233119249343872,0.5149999999999999,0
12,3,215,12,0,0.32754039764404297,0.5149999999999999,0
12,3,216,12,0,0.32754039764404297,0.5149999999999999,0
12,3,247,16,0,0.4165148437023163,0.5149999999999999,0
12,3,248,16,0,0.4118447005748749,0.5149999999999999,0
12,3,249,16,0,0.4133194386959076,0.5149999999999999,0
12,3,250,16,0,0.3233145475387573,0.5149999999999999,0
12,3,251,16,0,0.32331350445747375,0.5149999999999999,0
12,3,252,16,0,0.4133211672306061,0.5149999999999999,0
12,3,253,16,0,0.3421642780303955,0.5149999999999999,0
12,3,254,16,0,0.42719024419784546,0.5149999999999999,0
12,3,255,16,0,0.42397475242614746,0.5149999999999999,0
12,3,256,16,0,0.41332054138183594,0.5149999999999999,0
12,3,417,33,0,0.3372534215450287,0.5149999999999999,0
12,3,418,33,0,0.3372534513473511,0.5149999999999999,0
12,3,419,33,0,0.4165165424346924,0.5149999999999999,0
12,3,420,33,0,0.3261969983577728,0.5149999999999999,0
12,3,421,33,0,0.32754039764404297,0.5149999999999999,0
12,3,422,33,0,0.4237551987171173,0.5149999999999999,0
12,3,423,33,0,0.32619696855545044,0.5149999999999999,0
12,3,424,33,0,0.5421731472015381,0.5149999999999999,1
12,3,425,33,0,0.32331350445747375,0.5149999999999999,0
12,3,426,33,0,0.3233119249343872,0.5149999999999999,0
12,3,427,34,0,0.5390946865081787,0.5149999999999999,1
12,3,428,34,0,0.5390915274620056,0.5149999999999999,1
12,3,429,34,0,0.32331353425979614,0.5149999999999999,0
12,3,430,34,0,0.32331350445747375,0.5149999999999999,0
12,3,431,34,0,0.3261984586715698,0.5149999999999999,0
12,3,432,34,0,0.3233132064342499,0.5149999999999999,0
12,3,433,34,0,0.323311984539032,0.5149999999999999,0
12,3,434,34,0,0.5154186487197876,0.5149999999999999,1
12,3,435,34,0,0.32331350445747375,0.5149999999999999,0
12,3,436,34,0,0.32331353425979614,0.5149999999999999,0
12,3,457,37,0,0.323311984539032,0.5149999999999999,0
12,3,458,37,0,0.34427493810653687,0.5149999999999999,0
12,3,459,37,0,0.41651809215545654,0.5149999999999999,0
12,3,460,37,0,0.3261984586715698,0.5149999999999999,0
12,3,461,37,0,0.326200008392334,0.5149999999999999,0
12,3,462,37,0,0.3261985182762146,0.5149999999999999,0
12,3,463,37,0,0.34724941849708557,0.5149999999999999,0
12,3,464,37,0,0.326200008392334,0.5149999999999999,0
12,3,465,37,0,0.4351392090320587,0.5149999999999999,0
12,3,466,37,0,0.32620003819465637,0.5149999999999999,0
12,3,477,39,0,0.3233119249343872,0.5149999999999999,0
12,3,478,39,0,0.32620003819465637,0.5149999999999999,0
12,3,479,39,0,0.32620003819465637,0.5149999999999999,0
12,3,480,39,0,0.41562017798423767,0.5149999999999999,0
12,3,481,39,0,0.32754194736480713,0.5149999999999999,0
12,3,482,39,0,0.32331350445747375,0.5149999999999999,0
12,3,483,39,0,0.4170999526977539,0.5149999999999999,0
12,3,484,39,0,0.41653406620025635,0.5149999999999999,0
12,3,485,39,0,0.44234442710876465,0.5149999999999999,0
12,3,486,39,0,0.44234442710876465,0.5149999999999999,0
12,3,557,47,0,0.32594457268714905,0.5149999999999999,0
12,3,558,47,0,0.323311984539032,0.5149999999999999,0
12,3,559,47,0,0.32619690895080566,0.5149999999999999,0
12,3,560,47,0,0.3261984884738922,0.5149999999999999,0
12,3,561,47,0,0.3261984586715698,0.5149999999999999,0
12,3,562,47,0,0.32619690895080566,0.5149999999999999,0
12,3,563,47,0,0.32620003819465637,0.5149999999999999,0
12,3,564,47,0,0.3261984884738922,0.5149999999999999,0
12,3,565,47,0,0.32619690895080566,0.5149999999999999,0
12,3,566,47,0,0.3261984884738922,0.5149999999999999,0
12,3,627,54,0,0.323311984539032,0.5149999999999999,0
12,3,628,54,0,0.4348538815975189,0.5149999999999999,0
12,3,629,54,0,0.323311984539032,0.5149999999999999,0
12,3,630,54,0,0.323311984539032,0.5149999999999999,0
12,3,631,54,0,0.323311984539032,0.5149999999999999,0
12,3,632,54,0,0.323311984539032,0.5149999999999999,0
12,3,633,54,0,0.323311984539032,0.5149999999999999,0
12,3,634,54,0,0.323311984539032,0.5149999999999999,0
12,3,635,54,0,0.3233119249343872,0.5149999999999999,0
12,3,636,54,0,0.3233119249343872,0.5149999999999999,0
12,3,657,57,0,0.5347262024879456,0.5149999999999999,1
12,3,658,57,0,0.41184091567993164,0.5149999999999999,0
12,3,659,57,0,0.33044466376304626,0.5149999999999999,0
12,3,660,57,0,0.323311984539032,0.5149999999999999,0
12,3,661,57,0,0.32619690895080566,0.5149999999999999,0
12,3,662,57,0,0.32619690895080566,0.5149999999999999,0
12,3,663,57,0,0.32619693875312805,0.5149999999999999,0
12,3,664,57,0,0.42090728878974915,0.5149999999999999,0
12,3,665,57,0,0.323311984539032,0.5149999999999999,0
12,3,666,57,0,0.3233119249343872,0.5149999999999999,0
12,3,697,61,0,0.3261984884738922,0.5149999999999999,0
12,3,698,61,0,0.3261984884738922,0.5149999999999999,0
12,3,699,61,0,0.5524917840957642,0.5149999999999999,1
12,3,700,61,0,0.33296483755111694,0.5149999999999999,0
12,3,701,61,0,0.4133194088935852,0.5149999999999999,0
12,3,702,61,0,0.323311984539032,0.5149999999999999,0
12,3,703,61,0,0.32619690895080566,0.5149999999999999,0
12,3,704,61,0,0.3261968791484833,0.5149999999999999,0
12,3,705,61,0,0.3233150541782379,0.5149999999999999,0
12,3,706,61,0,0.3233132064342499,0.5149999999999999,0
12,3,787,70,0,0.3275434374809265,0.5149999999999999,0
12,3,788,70,0,0.3275434672832489,0.5149999999999999,0
12,3,789,70,0,0.4133210778236389,0.5149999999999999,0
12,3,790,70,0,0.42718854546546936,0.5149999999999999,0
12,3,791,70,0,0.34019917249679565,0.5149999999999999,0
12,3,792,70,0,0.41710737347602844,0.5149999999999999,0
12,3,793,70,0,0.42179036140441895,0.5149999999999999,0
12,3,794,70,0,0.4133259952068329,0.5149999999999999,0
12,3,795,70,0,0.3329622447490692,0.5149999999999999,0
12,3,796,70,0,0.41184064745903015,0.5149999999999999,0
12,3,847,76,0,0.32754451036453247,0.5149999999999999,0
12,3,848,76,0,0.32619842886924744,0.5149999999999999,0
12,3,849,76,0,0.32754194736480713,0.5149999999999999,0
12,3,850,76,0,0.4344768524169922,0.5149999999999999,0
12,3,851,76,0,0.42846548557281494,0.5149999999999999,0
12,3,852,76,0,0.5347923040390015,0.5149999999999999,1
12,3,853,76,0,0.4086582362651825,0.5149999999999999,0
12,3,854,76,0,0.41331934928894043,0.5149999999999999,0
12,3,855,76,0,0.4086582362651825,0.5149999999999999,0
12,3,856,76,0,0.32619690895080566,0.5149999999999999,0
12,3,867,78,0,0.3329644203186035,0.5149999999999999,0
12,3,868,78,0,0.32619690895080566,0.5149999999999999,0
12,3,869,78,0,0.4086565673351288,0.5149999999999999,0
12,3,870,78,0,0.4086565673351288,0.5149999999999999,0
12,3,871,78,0,0.4203002154827118,0.5149999999999999,0
12,3,872,78,0,0.3329644203186035,0.5149999999999999,0
12,3,873,78,0,0.33296439051628113,0.5149999999999999,0
12,3,874,78,0,0.33179545402526855,0.5149999999999999,0
12,3,875,78,0,0.4086582362651825,0.5149999999999999,0
12,3,876,78,0,0.32619842886924744,0.5149999999999999,0
12,3,887,80,0,0.32619842886924744,0.5149999999999999,0
12,3,888,80,0,0.33179545402526855,0.5149999999999999,0
12,3,889,80,0,0.3304446339607239,0.5149999999999999,0
12,3,890,80,0,0.32619690895080566,0.5149999999999999,0
12,3,891,80,0,0.3233119249343872,0.5149999999999999,0
12,3,892,80,0,0.32331350445747375,0.5149999999999999,0
12,3,893,80,0,0.32331350445747375,0.5149999999999999,0
12,3,894,80,0,0.43634310364723206,0.5149999999999999,0
12,3,895,80,0,0.33296069502830505,0.5149999999999999,0
12,3,896,80,0,0.4344768524169922,0.5149999999999999,0
12,4,0,0,1,0.38926661014556885,0.4749999999999999,0
12,4,2,2,1,0.4129364788532257,0.4749999999999999,0
12,4,4,4,1,0.40112030506134033,0.4749999999999999,0
12,4,14,14,1,0.400103896856308,0.4749999999999999,0
12,4,19,19,1,0.400103896856308,0.4749999999999999,0
12,4,24,24,1,0.40112024545669556,0.4749999999999999,0
12,4,25,25,1,0.4095139801502228,0.4749999999999999,0
12,4,28,28,1,0.4095139801502228,0.4749999999999999,0
12,4,31,31,1,0.40112024545669556,0.4749999999999999,0
12,4,32,32,1,0.3893445134162903,0.4749999999999999,0
12,4,35,35,1,0.40112021565437317,0.4749999999999999,0
12,4,56,56,1,0.40112024545669556,0.4749999999999999,0
12,4,58,58,1,0.40112024545669556,0.4749999999999999,0
12,4,59,59,1,0.38693946599960327,0.4749999999999999,0
12,4,60,60,1,0.38693946599960327,0.4749999999999999,0
12,4,63,63,1,0.4095139801502228,0.4749999999999999,0
12,4,87,0,0,0.38926661014556885,0.4749999999999999,0
12,4,88,0,0,0.3732600808143616,0.4749999999999999,0
12,4,89,0,0,0.38941553235054016,0.4749999999999999,0
12,4,90,0,0,0.372143030166626,0.4749999999999999,0
12,4,91,0,0,0.3806228041648865,0.4749999999999999,0
12,4,92,0,0,0.3722829222679138,0.4749999999999999,0
12,4,93,0,0,0.37983646988868713,0.4749999999999999,0
12,4,94,0,0,0.372143030166626,0.4749999999999999,0
12,4,95,0,0,0.37917470932006836,0.4749999999999999,0
12,4,96,0,0,0.37983664870262146,0.4749999999999999,0
12,4,107,2,0,0.3791360855102539,0.4749999999999999,0
12,4,108,2,0,0.3791361153125763,0.4749999999999999,0
12,4,109,2,0,0.37361791729927063,0.4749999999999999,0
12,4,110,2,0,0.37983691692352295,0.4749999999999999,0
12,4,111,2,0,0.38024914264678955,0.4749999999999999,0
12,4,112,2,0,0.37297549843788147,0.4749999999999999,0
12,4,113,2,0,0.3748091459274292,0.4749999999999999,0
12,4,114,2,0,0.37358149886131287,0.4749999999999999,0
12,4,115,2,0,0.3796885311603546,0.4749999999999999,0
12,4,116,2,0,0.3796885311603546,0.4749999999999999,0
12,4,127,4,0,0.37197595834732056,0.4749999999999999,0
12,4,128,4,0,0.3723200857639313,0.4749999999999999,0
12,4,129,4,0,0.3726542294025421,0.4749999999999999,0
12,4,130,4,0,0.3812204897403717,0.4749999999999999,0
12,4,131,4,0,0.37934085726737976,0.4749999999999999,0
12,4,132,4,0,0.3791365325450897,0.4749999999999999,0
12,4,133,4,0,0.3802865445613861,0.4749999999999999,0
12,4,134,4,0,0.38090187311172485,0.4749999999999999,0
12,4,135,4,0,0.3731432855129242,0.4749999999999999,0
12,4,136,4,0,0.373450368642807,0.4749999999999999,0
12,4,227,14,0,0.37266817688941956,0.4749999999999999,0
12,4,228,14,0,0.37297505140304565,0.4749999999999999,0
12,4,229,14,0,0.37297534942626953,0.4749999999999999,0
12,4,230,14,0,0.3791363835334778,0.4749999999999999,0
12,4,231,14,0,0.3726682960987091,0.4749999999999999,0
12,4,232,14,0,0.3730125427246094,0.4749999999999999,0
12,4,233,14,0,0.37882712483406067,0.4749999999999999,0
12,4,234,14,0,0.3807056248188019,0.4749999999999999,0
12,4,235,14,0,0.3721427917480469,0.4749999999999999,0
12,4,236,14,0,0.3791362941265106,0.4749999999999999,0
12,4,277,19,0,0.3722831904888153,0.4749999999999999,0
12,4,278,19,0,0.38046979904174805,0.4749999999999999,0
12,4,279,19,0,0.3719760775566101,0.4749999999999999,0
12,4,280,19,0,0.3791362941265106,0.4749999999999999,0
12,4,281,19,0,0.3719758689403534,0.4749999999999999,0
12,4,282,19,0,0.3722827136516571,0.4749999999999999,0
12,4,283,19,0,0.37228280305862427,0.4749999999999999,0
12,4,284,19,0,0.3810155391693115,0.4749999999999999,0
12,4,285,19,0,0.37913620471954346,0.4749999999999999,0
12,4,286,19,0,0.3745705485343933,0.4749999999999999,0
12,4,327,24,0,0.37197595834732056,0.4749999999999999,0
12,4,328,24,0,0.37197595834732056,0.4749999999999999,0
12,4,329,24,0,0.3721427023410797,0.4749999999999999,0
12,4,330,24,0,0.37197595834732056,0.4749999999999999,0
12,4,331,24,0,0.37947651743888855,0.4749999999999999,0
12,4,332,24,0,0.3721427619457245,0.4749999999999999,0
12,4,333,24,0,0.3721427619457245,0.4749999999999999,0
12,4,334,24,0,0.3721427917480469,0.4749999999999999,0
12,4,335,24,0,0.37197595834732056,0.4749999999999999,0
12,4,336,24,0,0.3721427917480469,0.4749999999999999,0
12,4,337,25,0,0.3719758689403534,0.4749999999999999,0
12,4,338,25,0,0.3719758689403534,0.4749999999999999,0
12,4,339,25,0,0.3719758689403534,0.4749999999999999,0
12,4,340,25,0,0.3719758987426758,0.4749999999999999,0
12,4,341,25,0,0.37197595834732056,0.4749999999999999,0
12,4,342,25,0,0.40112030506134033,0.4749999999999999,0
12,4,343,25,0,0.37913602590560913,0.4749999999999999,0
12,4,344,25,0,0.3791361153125763,0.4749999999999999,0
12,4,345,25,0,0.37934091687202454,0.4749999999999999,0
12,4,346,25,0,0.3791360855102539,0.4749999999999999,0
12,4,367,28,0,0.3791368305683136,0.4749999999999999,0
12,4,368,28,0,0.37228286266326904,0.4749999999999999,0
12,4,369,28,0,0.37934085726737976,0.4749999999999999,0
12,4,370,28,0,0.37934091687202454,0.4749999999999999,0
12,4,371,28,0,0.3793410062789917,0.4749999999999999,0
12,4,372,28,0,0.37197595834732056,0.4749999999999999,0
12,4,373,28,0,0.37917560338974,0.4749999999999999,0
12,4,374,28,0,0.37934091687202454,0.4749999999999999,0
12,4,375,28,0,0.3791362941265106,0.4749999999999999,0
12,4,376,28,0,0.37228265404701233,0.4749999999999999,0
12,4,397,31,0,0.3721426725387573,0.4749999999999999,0
12,4,398,31,0,0.3721427917480469,0.4749999999999999,0
12,4,399,31,0,0.3721427619457245,0.4749999999999999,0
12,4,400,31,0,0.37244951725006104,0.4749999999999999,0
12,4,401,31,0,0.37197598814964294,0.4749999999999999,0
12,4,402,31,0,0.3721427917480469,0.4749999999999999,0
12,4,403,31,0,0.3721427321434021,0.4749999999999999,0
12,4,404,31,0,0.3721426725387573,0.4749999999999999,0
12,4,405,31,0,0.3726680874824524,0.4749999999999999,0
12,4,406,31,0,0.3788270950317383,0.4749999999999999,0
12,4,407,32,0,0.37197595834732056,0.4749999999999999,0
12,4,408,32,0,0.37197595834732056,0.4749999999999999,0
12,4,409,32,0,0.3877619802951813,0.4749999999999999,0
12,4,410,32,0,0.37197595834732056,0.4749999999999999,0
12,4,411,32,0,0.3721427023410797,0.4749999999999999,0
12,4,412,32,0,0.37197592854499817,0.4749999999999999,0
12,4,413,32,0,0.37314632534980774,0.4749999999999999,0
12,4,414,32,0,0.3726680874824524,0.4749999999999999,0
12,4,415,32,0,0.3719758689403534,0.4749999999999999,0
12,4,416,32,0,0.3719758689403534,0.4749999999999999,0
12,4,437,35,0,0.37266823649406433,0.4749999999999999,0
12,4,438,35,0,0.3719758689403534,0.4749999999999999,0
12,4,439,35,0,0.3719758689403534,0.4749999999999999,0
12,4,440,35,0,0.38091596961021423,0.4749999999999999,0
12,4,441,35,0,0.3719758689403534,0.4749999999999999,0
12,4,442,35,0,0.3721427917480469,0.4749999999999999,0
12,4,443,35,0,0.3829987645149231,0.4749999999999999,0
12,4,444,35,0,0.3893444836139679,0.4749999999999999,0
12,4,445,35,0,0.37197595834732056,0.4749999999999999,0
12,4,446,35,0,0.37244996428489685,0.4749999999999999,0
12,4,647,56,0,0.3795459270477295,0.4749999999999999,0
12,4,648,56,0,0.3869395852088928,0.4749999999999999,0
12,4,649,56,0,0.37214288115501404,0.4749999999999999,0
12,4,650,56,0,0.3793798089027405,0.4749999999999999,0
12,4,651,56,0,0.3719758987426758,0.4749999999999999,0
12,4,652,56,0,0.3719758987426758,0.4749999999999999,0
12,4,653,56,0,0.3719758689403534,0.4749999999999999,0
12,4,654,56,0,0.37266817688941956,0.4749999999999999,0
12,4,655,56,0,0.3791747987270355,0.4749999999999999,0
12,4,656,56,0,0.37927505373954773,0.4749999999999999,0
12,4,667,58,0,0.3721427619457245,0.4749999999999999,0
12,4,668,58,0,0.3721427023410797,0.4749999999999999,0
12,4,669,58,0,0.3721427619457245,0.4749999999999999,0
12,4,670,58,0,0.37266820669174194,0.4749999999999999,0
12,4,671,58,0,0.37283560633659363,0.4749999999999999,0
12,4,672,58,0,0.3726680874824524,0.4749999999999999,0
12,4,673,58,0,0.3726680874824524,0.4749999999999999,0
12,4,674,58,0,0.3814081847667694,0.4749999999999999,0
12,4,675,58,0,0.3814081847667694,0.4749999999999999,0
12,4,676,58,0,0.3721427917480469,0.4749999999999999,0
12,4,677,59,0,0.3721427917480469,0.4749999999999999,0
12,4,678,59,0,0.37197595834732056,0.4749999999999999,0
12,4,679,59,0,0.37197592854499817,0.4749999999999999,0
12,4,680,59,0,0.3719758689403534,0.4749999999999999,0
12,4,681,59,0,0.3719758689403534,0.4749999999999999,0
12,4,682,59,0,0.37197595834732056,0.4749999999999999,0
12,4,683,59,0,0.37197595834732056,0.4749999999999999,0
12,4,684,59,0,0.37283557653427124,0.4749999999999999,0
12,4,685,59,0,0.379373162984848,0.4749999999999999,0
12,4,686,59,0,0.37197598814964294,0.4749999999999999,0
12,4,687,60,0,0.37266820669174194,0.4749999999999999,0
12,4,688,60,0,0.3721426725387573,0.4749999999999999,0
12,4,689,60,0,0.3721427023410797,0.4749999999999999,0
12,4,690,60,0,0.3719758987426758,0.4749999999999999,0
12,4,691,60,0,0.3807056248188019,0.4749999999999999,0
12,4,692,60,0,0.37947651743888855,0.4749999999999999,0
12,4,693,60,0,0.3721427619457245,0.4749999999999999,0
12,4,694,60,0,0.3719758689403534,0.4749999999999999,0
12,4,695,60,0,0.38862645626068115,0.4749999999999999,0
12,4,696,60,0,0.3791747987270355,0.4749999999999999,0
12,4,717,63,0,0.3784676194190979,0.4749999999999999,0
12,4,718,63,0,0.3719758987426758,0.4749999999999999,0
12,4,719,63,0,0.3719758689403534,0.4749999999999999,0
12,4,720,63,0,0.3719758689403534,0.4749999999999999,0
12,4,721,63,0,0.38050320744514465,0.4749999999999999,0
12,4,722,63,0,0.37266823649406433,0.4749999999999999,0
12,4,723,63,0,0.37197595834732056,0.4749999999999999,0
12,4,724,63,0,0.3721431791782379,0.4749999999999999,0
12,4,725,63,0,0.37214288115501404,0.4749999999999999,0
12,4,726,63,0,0.37197595834732056,0.4749999999999999,0
12,5,5,5,1,0.37840428948402405,0.5049999999999999,0
12,5,7,7,1,0.32450324296951294,0.5049999999999999,0
12,5,13,13,1,0.3262491226196289,0.5049999999999999,0
12,5,18,18,1,0.41928619146347046,0.5049999999999999,0
12,5,20,20,1,0.3738260269165039,0.5049999999999999,0
12,5,21,21,1,0.41928619146347046,0.5049999999999999,0
12,5,41,41,1,0.37482908368110657,0.5049999999999999,0
12,5,44,44,1,0.3161238431930542,0.5049999999999999,0
12,5,46,46,1,0.42251330614089966,0.5049999999999999,0
12,5,49,49,1,0.32209816575050354,0.5049999999999999,0
12,5,66,66,1,0.2569984495639801,0.5049999999999999,0
12,5,67,67,1,0.3738259971141815,0.5049999999999999,0
12,5,68,68,1,0.3748290538787842,0.5049999999999999,0
12,5,72,72,1,0.37482085824012756,0.5049999999999999,0
12,5,73,73,1,0.37840428948402405,0.5049999999999999,0
12,5,79,79,1,0.3738259971141815,0.5049999999999999,0
12,5,137,5,0,0.28973981738090515,0.5049999999999999,0
12,5,138,5,0,0.43579548597335815,0.5049999999999999,0
12,5,139,5,0,0.2818254828453064,0.5049999999999999,0
12,5,140,5,0,0.28000760078430176,0.5049999999999999,0
12,5,141,5,0,0.28250980377197266,0.5049999999999999,0
12,5,142,5,0,0.25511935353279114,0.5049999999999999,0
12,5,143,5,0,0.28211522102355957,0.5049999999999999,0
12,5,144,5,0,0.2829756736755371,0.5049999999999999,0
12,5,145,5,0,0.29148444533348083,0.5049999999999999,0
12,5,146,5,0,0.31967875361442566,0.5049999999999999,0
12,5,157,7,0,0.25315287709236145,0.5049999999999999,0
12,5,158,7,0,0.2531549334526062,0.5049999999999999,0
12,5,159,7,0,0.25277450680732727,0.5049999999999999,0
12,5,160,7,0,0.28125661611557007,0.5049999999999999,0
12,5,161,7,0,0.2800067067146301,0.5049999999999999,0
12,5,162,7,0,0.28000667691230774,0.5049999999999999,0
12,5,163,7,0,0.28182411193847656,0.5049999999999999,0
12,5,164,7,0,0.2543265223503113,0.5049999999999999,0
12,5,165,7,0,0.2818250060081482,0.5049999999999999,0
12,5,166,7,0,0.28125816583633423,0.5049999999999999,0
12,5,217,13,0,0.25464391708374023,0.5049999999999999,0
12,5,218,13,0,0.2519861161708832,0.5049999999999999,0
12,5,219,13,0,0.25198692083358765,0.5049999999999999,0
12,5,220,13,0,0.25198718905448914,0.5049999999999999,0
12,5,221,13,0,0.25543636083602905,0.5049999999999999,0
12,5,222,13,0,0.25394561886787415,0.5049999999999999,0
12,5,223,13,0,0.2558195888996124,0.5049999999999999,0
12,5,224,13,0,0.25315406918525696,0.5049999999999999,0
12,5,225,13,0,0.25198596715927124,0.5049999999999999,0
12,5,226,13,0,0.2519860863685608,0.5049999999999999,0
12,5,267,18,0,0.27815908193588257,0.5049999999999999,0
12,5,268,18,0,0.28410881757736206,0.5049999999999999,0
12,5,269,18,0,0.25464266538619995,0.5049999999999999,0
12,5,270,18,0,0.2539519667625427,0.5049999999999999,0
12,5,271,18,0,0.2812580466270447,0.5049999999999999,0
12,5,272,18,0,0.2883187234401703,0.5049999999999999,0
12,5,273,18,0,0.25603726506233215,0.5049999999999999,0
12,5,274,18,0,0.25394532084465027,0.5049999999999999,0
12,5,275,18,0,0.2531544864177704,0.5049999999999999,0
12,5,276,18,0,0.2531544864177704,0.5049999999999999,0
12,5,287,20,0,0.32351839542388916,0.5049999999999999,0
12,5,288,20,0,0.28211942315101624,0.5049999999999999,0
12,5,289,20,0,0.321847140789032,0.5049999999999999,0
12,5,290,20,0,0.2531544864177704,0.5049999999999999,0
12,5,291,20,0,0.37840428948402405,0.5049999999999999,0
12,5,292,20,0,0.251985639333725,0.5049999999999999,0
12,5,293,20,0,0.2527737021446228,0.5049999999999999,0
12,5,294,20,0,0.29456740617752075,0.5049999999999999,0
12,5,295,20,0,0.25198569893836975,0.5049999999999999,0
12,5,296,20,0,0.25464364886283875,0.5049999999999999,0
12,5,297,21,0,0.25277408957481384,0.5049999999999999,0
12,5,298,21,0,0.28669974207878113,0.5049999999999999,0
12,5,299,21,0,0.25432589650154114,0.5049999999999999,0
12,5,300,21,0,0.28228434920310974,0.5049999999999999,0
12,5,301,21,0,0.2566153109073639,0.5049999999999999,0
12,5,302,21,0,0.2566157281398773,0.5049999999999999,0
12,5,303,21,0,0.28142571449279785,0.5049999999999999,0
12,5,304,21,0,0.25198569893836975,0.5049999999999999,0
12,5,305,21,0,0.251985639333725,0.5049999999999999,0
12,5,306,21,0,0.2781711518764496,0.5049999999999999,0
12,5,497,41,0,0.255819708108902,0.5049999999999999,0
12,5,498,41,0,0.2841078042984009,0.5049999999999999,0
12,5,499,41,0,0.33828574419021606,0.5049999999999999,0
12,5,500,41,0,0.2912108302116394,0.5049999999999999,0
12,5,501,41,0,0.28000715374946594,0.5049999999999999,0
12,5,502,41,0,0.2821143567562103,0.5049999999999999,0
12,5,503,41,0,0.2818244993686676,0.5049999999999999,0
12,5,504,41,0,0.28284981846809387,0.5049999999999999,0
12,5,505,41,0,0.25277408957481384,0.5049999999999999,0
12,5,506,41,0,0.28000715374946594,0.5049999999999999,0
12,5,527,44,0,0.3142928183078766,0.5049999999999999,0
12,5,528,44,0,0.251985639333725,0.5049999999999999,0
12,5,529,44,0,0.28086167573928833,0.5049999999999999,0
12,5,530,44,0,0.2837104797363281,0.5049999999999999,0
12,5,531,44,0,0.28086209297180176,0.5049999999999999,0
12,5,532,44,0,0.25661659240722656,0.5049999999999999,0
12,5,533,44,0,0.2546423375606537,0.5049999999999999,0
12,5,534,44,0,0.251985639333725,0.5049999999999999,0
12,5,535,44,0,0.251985639333725,0.5049999999999999,0
12,5,536,44,0,0.251985639333725,0.5049999999999999,0
12,5,547,46,0,0.25394493341445923,0.5049999999999999,0
12,5,548,46,0,0.28125664591789246,0.5049999999999999,0
12,5,549,46,0,0.28228330612182617,0.5049999999999999,0
12,5,550,46,0,0.28228434920310974,0.5049999999999999,0
12,5,551,46,0,0.25198599696159363,0.5049999999999999,0
12,5,552,46,0,0.25277450680732727,0.5049999999999999,0
12,5,553,46,0,0.25198569893836975,0.5049999999999999,0
12,5,554,46,0,0.3285049796104431,0.5049999999999999,0
12,5,555,46,0,0.28000715374946594,0.5049999999999999,0
12,5,556,46,0,0.25198569893836975,0.5049999999999999,0
12,5,577,49,0,0.251985639333725,0.5049999999999999,0
12,5,578,49,0,0.25198599696159363,0.5049999999999999,0
12,5,579,49,0,0.25198599696159363,0.5049999999999999,0
12,5,580,49,0,0.25198599696159363,0.5049999999999999,0
12,5,581,49,0,0.2810032367706299,0.5049999999999999,0
12,5,582,49,0,0.25543636083602905,0.5049999999999999,0
12,5,583,49,0,0.2822554409503937,0.5049999999999999,0
12,5,584,49,0,0.2519860565662384,0.5049999999999999,0
12,5,585,49,0,0.25198599696159363,0.5049999999999999,0
12,5,586,49,0,0.2519860863685608,0.5049999999999999,0
12,5,747,66,0,0.25277408957481384,0.5049999999999999,0
12,5,748,66,0,0.251985639333725,0.5049999999999999,0
12,5,749,66,0,0.251985639333725,0.5049999999999999,0
12,5,750,66,0,0.2872929871082306,0.5049999999999999,0
12,5,751,66,0,0.2821143567562103,0.5049999999999999,0
12,5,752,66,0,0.2821142375469208,0.5049999999999999,0
12,5,753,66,0,0.2519865334033966,0.5049999999999999,0
12,5,754,66,0,0.28126272559165955,0.5049999999999999,0
12,5,755,66,0,0.2812635898590088,0.5049999999999999,0
12,5,756,66,0,0.28126272559165955,0.5049999999999999,0
12,5,757,67,0,0.2833932340145111,0.5049999999999999,0
12,5,758,67,0,0.28696921467781067,0.5049999999999999,0
12,5,759,67,0,0.28000760078430176,0.5049999999999999,0
12,5,760,67,0,0.2812621593475342,0.5049999999999999,0
12,5,761,67,0,0.2842766344547272,0.5049999999999999,0
12,5,762,67,0,0.3174150288105011,0.5049999999999999,0
12,5,763,67,0,0.25464263558387756,0.5049999999999999,0
12,5,764,67,0,0.25315532088279724,0.5049999999999999,0
12,5,765,67,0,0.2842766046524048,0.5049999999999999,0
12,5,766,67,0,0.2808625400066376,0.5049999999999999,0
12,5,767,68,0,0.2835384011268616,0.5049999999999999,0
12,5,768,68,0,0.2821142077445984,0.5049999999999999,0
12,5,769,68,0,0.2821139097213745,0.5049999999999999,0
12,5,770,68,0,0.2812574803829193,0.5049999999999999,0
12,5,771,68,0,0.2821143567562103,0.5049999999999999,0
12,5,772,68,0,0.28000715374946594,0.5049999999999999,0
12,5,773,68,0,0.28000667691230774,0.5049999999999999,0
12,5,774,68,0,0.2841111421585083,0.5049999999999999,0
12,5,775,68,0,0.2855367660522461,0.5049999999999999,0
12,5,776,68,0,0.2812575399875641,0.5049999999999999,0
12,5,807,72,0,0.25315436720848083,0.5049999999999999,0
12,5,808,72,0,0.25315436720848083,0.5049999999999999,0
12,5,809,72,0,0.25315406918525696,0.5049999999999999,0
12,5,810,72,0,0.25315481424331665,0.5049999999999999,0
12,5,811,72,0,0.25315478444099426,0.5049999999999999,0
12,5,812,72,0,0.25315481424331665,0.5049999999999999,0
12,5,813,72,0,0.25315406918525696,0.5049999999999999,0
12,5,814,72,0,0.29065611958503723,0.5049999999999999,0
12,5,815,72,0,0.2531552016735077,0.5049999999999999,0
12,5,816,72,0,0.2531547546386719,0.5049999999999999,0
12,5,817,73,0,0.2531549036502838,0.5049999999999999,0
12,5,818,73,0,0.25315478444099426,0.5049999999999999,0
12,5,819,73,0,0.25315478444099426,0.5049999999999999,0
12,5,820,73,0,0.2531549334526062,0.5049999999999999,0
12,5,821,73,0,0.2531552016735077,0.5049999999999999,0
12,5,822,73,0,0.25315478444099426,0.5049999999999999,0
12,5,823,73,0,0.2531552016735077,0.5049999999999999,0
12,5,824,73,0,0.2531556189060211,0.5049999999999999,0
12,5,825,73,0,0.2519860863685608,0.5049999999999999,0
12,5,826,73,0,0.28211894631385803,0.5049999999999999,0
12,5,877,79,0,0.28086206316947937,0.5049999999999999,0
12,5,878,79,0,0.2566153109073639,0.5049999999999999,0
12,5,879,79,0,0.2812560796737671,0.5049999999999999,0
12,5,880,79,0,0.28125593066215515,0.5049999999999999,0
12,5,881,79,0,0.28000667691230774,0.5049999999999999,0
12,5,882,79,0,0.28000667691230774,0.5049999999999999,0
12,5,883,79,0,0.2812560796737671,0.5049999999999999,0
12,5,884,79,0,0.28000667691230774,0.5049999999999999,0
12,5,885,79,0,0.2800067067146301,0.5049999999999999,0
12,5,886,79,0,0.28000667691230774,0.5049999999999999,0
13,1,8,8,1,0.43874025344848633,0.4799999999999999,0
13,1,29,29,1,0.43593311309814453,0.4799999999999999,0
13,1,30,30,1,0.449221670627594,0.4799999999999999,0
13,1,35,35,1,0.45089250802993774,0.4799999999999999,0
13,1,36,36,1,0.43593311309814453,0.4799999999999999,0
13,1,41,41,1,0.44949209690093994,0.4799999999999999,0
13,1,46,46,1,0.4609120488166809,0.4799999999999999,0
13,1,53,53,1,0.43359941244125366,0.4799999999999999,0
13,1,54,54,1,0.4352448284626007,0.4799999999999999,0
13,1,55,55,1,0.46077924966812134,0.4799999999999999,0
13,1,58,58,1,0.45089250802993774,0.4799999999999999,0
13,1,61,61,1,0.45089250802993774,0.4799999999999999,0
13,1,63,63,1,0.45993533730506897,0.4799999999999999,0
13,1,71,71,1,0.4250514507293701,0.4799999999999999,0
13,1,72,72,1,0.44948986172676086,0.4799999999999999,0
13,1,77,77,1,0.4369732141494751,0.4799999999999999,0
13,1,80,80,1,0.44948986172676086,0.4799999999999999,0
13,1,167,8,0,0.41453275084495544,0.4799999999999999,0
13,1,168,8,0,0.41466274857521057,0.4799999999999999,0
13,1,169,8,0,0.42282816767692566,0.4799999999999999,0
13,1,170,8,0,0.41466274857521057,0.4799999999999999,0
13,1,171,8,0,0.41427096724510193,0.4799999999999999,0
13,1,172,8,0,0.41531673073768616,0.4799999999999999,0
13,1,173,8,0,0.42252689599990845,0.4799999999999999,0
13,1,174,8,0,0.41427066922187805,0.4799999999999999,0
13,1,175,8,0,0.4225764274597168,0.4799999999999999,0
13,1,176,8,0,0.41427063941955566,0.4799999999999999,0
13,1,377,29,0,0.43368422985076904,0.4799999999999999,0
13,1,378,29,0,0.4227903485298157,0.4799999999999999,0
13,1,379,29,0,0.42252784967422485,0.4799999999999999,0
13,1,380,29,0,0.4225277900695801,0.4799999999999999,0
13,1,381,29,0,0.4227904677391052,0.4799999999999999,0
13,1,382,29,0,0.4227905869483948,0.4799999999999999,0
13,1,383,29,0,0.42479345202445984,0.4799999999999999,0
13,1,384,29,0,0.41466230154037476,0.4799999999999999,0
13,1,385,29,0,0.41466227173805237,0.4799999999999999,0
13,1,386,29,0,0.41453275084495544,0.4799999999999999,0
13,1,387,30,0,0.4232906103134155,0.4799999999999999,0
13,1,388,30,0,0.4149245023727417,0.4799999999999999,0
13,1,389,30,0,0.42368483543395996,0.4799999999999999,0
13,1,390,30,0,0.4225267767906189,0.4799999999999999,0
13,1,391,30,0,0.4225267469882965,0.4799999999999999,0
13,1,392,30,0,0.42279043793678284,0.4799999999999999,0
13,1,393,30,0,0.45993533730506897,0.4799999999999999,0
13,1,394,30,0,0.4252457022666931,0.4799999999999999,0
13,1,395,30,0,0.41453275084495544,0.4799999999999999,0
13,1,396,30,0,0.41453275084495544,0.4799999999999999,0
13,1,437,35,0,0.4151601791381836,0.4799999999999999,0
13,1,438,35,0,0.4142705500125885,0.4799999999999999,0
13,1,439,35,0,0.4142705202102661,0.4799999999999999,0
13,1,440,35,0,0.42639654874801636,0.4799999999999999,0
13,1,441,35,0,0.4142705202102661,0.4799999999999999,0
13,1,442,35,0,0.41453275084495544,0.4799999999999999,0
13,1,443,35,0,0.42852872610092163,0.4799999999999999,0
13,1,444,35,0,0.43593311309814453,0.4799999999999999,0
13,1,445,35,0,0.41427066922187805,0.4799999999999999,0
13,1,446,35,0,0.4149245023727417,0.4799999999999999,0
13,1,447,36,0,0.4221329092979431,0.4799999999999999,0
13,1,448,36,0,0.42283961176872253,0.4799999999999999,0
13,1,449,36,0,0.42477548122406006,0.4799999999999999,0
13,1,450,36,0,0.41586369276046753,0.4799999999999999,0
13,1,451,36,0,0.41427063941955566,0.4799999999999999,0
13,1,452,36,0,0.42252692580223083,0.4799999999999999,0
13,1,453,36,0,0.414532870054245,0.4799999999999999,0
13,1,454,36,0,0.4145330786705017,0.4799999999999999,0
13,1,455,36,0,0.4221328794956207,0.4799999999999999,0
13,1,456,36,0,0.42477548122406006,0.4799999999999999,0
13,1,497,41,0,0.4155523478984833,0.4799999999999999,0
13,1,498,41,0,0.42342135310173035,0.4799999999999999,0
13,1,499,41,0,0.4394403100013733,0.4799999999999999,0
13,1,500,41,0,0.4252456724643707,0.4799999999999999,0
13,1,501,41,0,0.4221329092979431,0.4799999999999999,0
13,1,502,41,0,0.4227904677391052,0.4799999999999999,0
13,1,503,41,0,0.42282816767692566,0.4799999999999999,0
13,1,504,41,0,0.4230269193649292,0.4799999999999999,0
13,1,505,41,0,0.41453275084495544,0.4799999999999999,0
13,1,506,41,0,0.4221329092979431,0.4799999999999999,0
13,1,547,46,0,0.41492465138435364,0.4799999999999999,0
13,1,548,46,0,0.4225267767906189,0.4799999999999999,0
13,1,549,46,0,0.4228397309780121,0.4799999999999999,0
13,1,550,46,0,0.42284005880355835,0.4799999999999999,0
13,1,551,46,0,0.41427063941955566,0.4799999999999999,0
13,1,552,46,0,0.4145328402519226,0.4799999999999999,0
13,1,553,46,0,0.4142705202102661,0.4799999999999999,0
13,1,554,46,0,0.4351270794868469,0.4799999999999999,0
13,1,555,46,0,0.4221329391002655,0.4799999999999999,0
13,1,556,46,0,0.4142705500125885,0.4799999999999999,0
13,1,617,53,0,0.41453275084495544,0.4799999999999999,0
13,1,618,53,0,0.41542237997055054,0.4799999999999999,0
13,1,619,53,0,0.42368489503860474,0.4799999999999999,0
13,1,620,53,0,0.4145328402519226,0.4799999999999999,0
13,1,621,53,0,0.41453292965888977,0.4799999999999999,0
13,1,622,53,0,0.42331960797309875,0.4799999999999999,0
13,1,623,53,0,0.4142705202102661,0.4799999999999999,0
13,1,624,53,0,0.4236558675765991,0.4799999999999999,0
13,1,625,53,0,0.41555243730545044,0.4799999999999999,0
13,1,626,53,0,0.4240502417087555,0.4799999999999999,0
13,1,627,54,0,0.4142705202102661,0.4799999999999999,0
13,1,628,54,0,0.4247753918170929,0.4799999999999999,0
13,1,629,54,0,0.4142704904079437,0.4799999999999999,0
13,1,630,54,0,0.4142705202102661,0.4799999999999999,0
13,1,631,54,0,0.4142705500125885,0.4799999999999999,0
13,1,632,54,0,0.4142705202102661,0.4799999999999999,0
13,1,633,54,0,0.4142705500125885,0.4799999999999999,0
13,1,634,54,0,0.4142705202102661,0.4799999999999999,0
13,1,635,54,0,0.4142705202102661,0.4799999999999999,0
13,1,636,54,0,0.4142705202102661,0.4799999999999999,0
13,1,637,55,0,0.4142705202102661,0.4799999999999999,0
13,1,638,55,0,0.4142705202102661,0.4799999999999999,0
13,1,639,55,0,0.4142705500125885,0.4799999999999999,0
13,1,640,55,0,0.41427066922187805,0.4799999999999999,0
13,1,641,55,0,0.4225267767906189,0.4799999999999999,0
13,1,642,55,0,0.42302531003952026,0.4799999999999999,0
13,1,643,55,0,0.4142704904079437,0.4799999999999999,0
13,1,644,55,0,0.42265990376472473,0.4799999999999999,0
13,1,645,55,0,0.41555213928222656,0.4799999999999999,0
13,1,646,55,0,0.4145326316356659,0.4799999999999999,0
13,1,667,58,0,0.41453275084495544,0.4799999999999999,0
13,1,668,58,0,0.4145326316356659,0.4799999999999999,0
13,1,669,58,0,0.41453275084495544,0.4799999999999999,0
13,1,670,58,0,0.415160208940506,0.4799999999999999,0
13,1,671,58,0,0.4154224395751953,0.4799999999999999,0
13,1,672,58,0,0.41516000032424927,0.4799999999999999,0
13,1,673,58,0,0.4151599705219269,0.4799999999999999,0
13,1,674,58,0,0.42485103011131287,0.4799999999999999,0
13,1,675,58,0,0.42485103011131287,0.4799999999999999,0
13,1,676,58,0,0.41453275084495544,0.4799999999999999,0
13,1,697,61,0,0.41453275084495544,0.4799999999999999,0
13,1,698,61,0,0.41453275084495544,0.4799999999999999,0
13,1,699,61,0,0.4339549243450165,0.4799999999999999,0
13,1,700,61,0,0.4151603877544403,0.4799999999999999,0
13,1,701,61,0,0.4225267767906189,0.4799999999999999,0
13,1,702,61,0,0.4142705202102661,0.4799999999999999,0
13,1,703,61,0,0.4145326316356659,0.4799999999999999,0
13,1,704,61,0,0.4145326018333435,0.4799999999999999,0
13,1,705,61,0,0.4142707884311676,0.4799999999999999,0
13,1,706,61,0,0.41427063941955566,0.4799999999999999,0
13,1,717,63,0,0.4227614402770996,0.4799999999999999,0
13,1,718,63,0,0.4142704904079437,0.4799999999999999,0
13,1,719,63,0,0.4142704904079437,0.4799999999999999,0
13,1,720,63,0,0.4142705202102661,0.4799999999999999,0
13,1,721,63,0,0.42440927028656006,0.4799999999999999,0
13,1,722,63,0,0.4151601791381836,0.4799999999999999,0
13,1,723,63,0,0.41427066922187805,0.4799999999999999,0
13,1,724,63,0,0.4145333468914032,0.4799999999999999,0
13,1,725,63,0,0.41453292965888977,0.4799999999999999,0
13,1,726,63,0,0.41427063941955566,0.4799999999999999,0
13,1,797,71,0,0.4225270748138428,0.4799999999999999,0
13,1,798,71,0,0.42213302850723267,0.4799999999999999,0
13,1,799,71,0,0.42322230339050293,0.4799999999999999,0
13,1,800,71,0,0.4227091670036316,0.4799999999999999,0
13,1,801,71,0,0.43348756432533264,0.4799999999999999,0
13,1,802,71,0,0.4146624803543091,0.4799999999999999,0
13,1,803,71,0,0.42505741119384766,0.4799999999999999,0
13,1,804,71,0,0.4142705202102661,0.4799999999999999,0
13,1,805,71,0,0.4146769642829895,0.4799999999999999,0
13,1,806,71,0,0.4150542914867401,0.4799999999999999,0
13,1,807,72,0,0.4146624207496643,0.4799999999999999,0
13,1,808,72,0,0.4146624207496643,0.4799999999999999,0
13,1,809,72,0,0.41466230154037476,0.4799999999999999,0
13,1,810,72,0,0.41466253995895386,0.4799999999999999,0
13,1,811,72,0,0.41466251015663147,0.4799999999999999,0
13,1,812,72,0,0.41466253995895386,0.4799999999999999,0
13,1,813,72,0,0.41466227173805237,0.4799999999999999,0
13,1,814,72,0,0.42518752813339233,0.4799999999999999,0
13,1,815,72,0,0.4146627187728882,0.4799999999999999,0
13,1,816,72,0,0.41466253995895386,0.4799999999999999,0
13,1,857,77,0,0.4221329092979431,0.4799999999999999,0
13,1,858,77,0,0.41453275084495544,0.4799999999999999,0
13,1,859,77,0,0.4221329092979431,0.4799999999999999,0
13,1,860,77,0,0.4145326018333435,0.4799999999999999,0
13,1,861,77,0,0.4230543375015259,0.4799999999999999,0
13,1,862,77,0,0.4230274558067322,0.4799999999999999,0
13,1,863,77,0,0.4142705202102661,0.4799999999999999,0
13,1,864,77,0,0.4223962426185608,0.4799999999999999,0
13,1,865,77,0,0.41453275084495544,0.4799999999999999,0
13,1,866,77,0,0.4146624207496643,0.4799999999999999,0
13,1,887,80,0,0.41453275084495544,0.4799999999999999,0
13,1,888,80,0,0.4150543510913849,0.4799999999999999,0
13,1,889,80,0,0.41492459177970886,0.4799999999999999,0
13,1,890,80,0,0.4145326018333435,0.4799999999999999,0
13,1,891,80,0,0.4142705202102661,0.4799999999999999,0
13,1,892,80,0,0.41427063941955566,0.4799999999999999,0
13,1,893,80,0,0.41427063941955566,0.4799999999999999,0
13,1,894,80,0,0.4240502119064331,0.4799999999999999,0
13,1,895,80,0,0.4151599705219269,0.4799999999999999,0
13,1,896,80,0,0.4248508810997009,0.4799999999999999,0
13,2,1,1,1,0.4857218861579895,0.5099999999999999,0
13,2,6,6,1,0.5874341726303101,0.5099999999999999,1
13,2,12,12,1,0.5874342322349548,0.5099999999999999,1
13,2,16,16,1,0.5410491824150085,0.5099999999999999,1
13,2,17,17,1,0.5410491228103638,0.5099999999999999,1
13,2,28,28,1,0.5874342322349548,0.5099999999999999,1
13,2,31,31,1,0.5448929071426392,0.5099999999999999,1
13,2,33,33,1,0.5410491824150085,0.5099999999999999,1
13,2,40,40,1,0.47527992725372314,0.5099999999999999,0
13,2,45,45,1,0.469915509223938,0.5099999999999999,0
13,2,47,47,1,0.6027988791465759,0.5099999999999999,1
13,2,52,52,1,0.4718421995639801,0.5099999999999999,0
13,2,56,56,1,0.5448929071426392,0.5099999999999999,1
13,2,57,57,1,0.5888991355895996,0.5099999999999999,1
13,2,59,59,1,0.46313074231147766,0.5099999999999999,0
13,2,75,75,1,0.4875594675540924,0.5099999999999999,0
13,2,97,1,0,0.3888334035873413,0.5099999999999999,0
13,2,98,1,0,0.3900284171104431,0.5099999999999999,0
13,2,99,1,0,0.3982922434806824,0.5099999999999999,0
13,2,100,1,0,0.41829758882522583,0.5099999999999999,0
13,2,101,1,0,0.3848649561405182,0.5099999999999999,0
13,2,102,1,0,0.3900272250175476,0.5099999999999999,0
13,2,103,1,0,0.41707322001457214,0.5099999999999999,0
13,2,104,1,0,0.41707390546798706,0.5099999999999999,0
13,2,105,1,0,0.41788607835769653,0.5099999999999999,0
13,2,106,1,0,0.41829627752304077,0.5099999999999999,0
13,2,147,6,0,0.3870849311351776,0.5099999999999999,0
13,2,148,6,0,0.39305105805397034,0.5099999999999999,0
13,2,149,6,0,0.419089674949646,0.5099999999999999,0
13,2,150,6,0,0.4185200333595276,0.5099999999999999,0
13,2,151,6,0,0.41707366704940796,0.5099999999999999,0
13,2,152,6,0,0.4160984456539154,0.5099999999999999,0
13,2,153,6,0,0.41650816798210144,0.5099999999999999,0
13,2,154,6,0,0.38883259892463684,0.5099999999999999,0
13,2,155,6,0,0.4152866005897522,0.5099999999999999,0
13,2,156,6,0,0.4238419234752655,0.5099999999999999,0
13,2,207,12,0,0.3831250071525574,0.5099999999999999,0
13,2,208,12,0,0.38431286811828613,0.5099999999999999,0
13,2,209,12,0,0.3843134939670563,0.5099999999999999,0
13,2,210,12,0,0.41829627752304077,0.5099999999999999,0
13,2,211,12,0,0.3831250071525574,0.5099999999999999,0
13,2,212,12,0,0.3831250071525574,0.5099999999999999,0
13,2,213,12,0,0.4253082275390625,0.5099999999999999,0
13,2,214,12,0,0.38312435150146484,0.5099999999999999,0
13,2,215,12,0,0.3848649561405182,0.5099999999999999,0
13,2,216,12,0,0.3848649561405182,0.5099999999999999,0
13,2,247,16,0,0.4182969331741333,0.5099999999999999,0
13,2,248,16,0,0.41650882363319397,0.5099999999999999,0
13,2,249,16,0,0.41707390546798706,0.5099999999999999,0
13,2,250,16,0,0.3831253945827484,0.5099999999999999,0
13,2,251,16,0,0.3831250071525574,0.5099999999999999,0
13,2,252,16,0,0.4170745313167572,0.5099999999999999,0
13,2,253,16,0,0.3908207416534424,0.5099999999999999,0
13,2,254,16,0,0.4223712682723999,0.5099999999999999,0
13,2,255,16,0,0.42114579677581787,0.5099999999999999,0
13,2,256,16,0,0.4170742928981781,0.5099999999999999,0
13,2,257,17,0,0.41707542538642883,0.5099999999999999,0
13,2,258,17,0,0.41707390546798706,0.5099999999999999,0
13,2,259,17,0,0.4182984530925751,0.5099999999999999,0
13,2,260,17,0,0.4170745015144348,0.5099999999999999,0
13,2,261,17,0,0.3866084814071655,0.5099999999999999,0
13,2,262,17,0,0.4258791208267212,0.5099999999999999,0
13,2,263,17,0,0.38661059737205505,0.5099999999999999,0
13,2,264,17,0,0.41528594493865967,0.5099999999999999,0
13,2,265,17,0,0.4200878441333771,0.5099999999999999,0
13,2,266,17,0,0.3883569538593292,0.5099999999999999,0
13,2,367,28,0,0.4170786142349243,0.5099999999999999,0
13,2,368,28,0,0.38486596941947937,0.5099999999999999,0
13,2,369,28,0,0.4182969331741333,0.5099999999999999,0
13,2,370,28,0,0.4182969331741333,0.5099999999999999,0
13,2,371,28,0,0.41829755902290344,0.5099999999999999,0
13,2,372,28,0,0.38312485814094543,0.5099999999999999,0
13,2,373,28,0,0.41729938983917236,0.5099999999999999,0
13,2,374,28,0,0.4182969331741333,0.5099999999999999,0
13,2,375,28,0,0.41707494854927063,0.5099999999999999,0
13,2,376,28,0,0.38486433029174805,0.5099999999999999,0
13,2,397,31,0,0.38431286811828613,0.5099999999999999,0
13,2,398,31,0,0.3843134939670563,0.5099999999999999,0
13,2,399,31,0,0.3843134939670563,0.5099999999999999,0
13,2,400,31,0,0.3860548138618469,0.5099999999999999,0
13,2,401,31,0,0.3831250071525574,0.5099999999999999,0
13,2,402,31,0,0.3843134939670563,0.5099999999999999,0
13,2,403,31,0,0.38431286811828613,0.5099999999999999,0
13,2,404,31,0,0.38431286811828613,0.5099999999999999,0
13,2,405,31,0,0.38708367943763733,0.5099999999999999,0
13,2,406,31,0,0.41528648138046265,0.5099999999999999,0
13,2,417,33,0,0.38883131742477417,0.5099999999999999,0
13,2,418,33,0,0.38883131742477417,0.5099999999999999,0
13,2,419,33,0,0.41829758882522583,0.5099999999999999,0
13,2,420,33,0,0.3843128979206085,0.5099999999999999,0
13,2,421,33,0,0.3848649561405182,0.5099999999999999,0
13,2,422,33,0,0.4200018346309662,0.5099999999999999,0
13,2,423,33,0,0.38431286811828613,0.5099999999999999,0
13,2,424,33,0,0.46487173438072205,0.5099999999999999,0
13,2,425,33,0,0.3831250071525574,0.5099999999999999,0
13,2,426,33,0,0.38312435150146484,0.5099999999999999,0
13,2,487,40,0,0.38883090019226074,0.5099999999999999,0
13,2,488,40,0,0.4484573006629944,0.5099999999999999,0
13,2,489,40,0,0.38708364963531494,0.5099999999999999,0
13,2,490,40,0,0.38312432169914246,0.5099999999999999,0
13,2,491,40,0,0.38312435150146484,0.5099999999999999,0
13,2,492,40,0,0.38312485814094543,0.5099999999999999,0
13,2,493,40,0,0.3843134939670563,0.5099999999999999,0
13,2,494,40,0,0.4211444854736328,0.5099999999999999,0
13,2,495,40,0,0.5410491824150085,0.5099999999999999,1
13,2,496,40,0,0.41528722643852234,0.5099999999999999,0
13,2,537,45,0,0.3831244111061096,0.5099999999999999,0
13,2,538,45,0,0.38312435150146484,0.5099999999999999,0
13,2,539,45,0,0.38312435150146484,0.5099999999999999,0
13,2,540,45,0,0.38312435150146484,0.5099999999999999,0
13,2,541,45,0,0.38312435150146484,0.5099999999999999,0
13,2,542,45,0,0.3870842754840851,0.5099999999999999,0
13,2,543,45,0,0.42180168628692627,0.5099999999999999,0
13,2,544,45,0,0.4275248050689697,0.5099999999999999,0
13,2,545,45,0,0.3831244111061096,0.5099999999999999,0
13,2,546,45,0,0.4639046788215637,0.5099999999999999,0
13,2,557,47,0,0.38391512632369995,0.5099999999999999,0
13,2,558,47,0,0.38312432169914246,0.5099999999999999,0
13,2,559,47,0,0.3843128979206085,0.5099999999999999,0
13,2,560,47,0,0.3843134939670563,0.5099999999999999,0
13,2,561,47,0,0.3843134939670563,0.5099999999999999,0
13,2,562,47,0,0.38431286811828613,0.5099999999999999,0
13,2,563,47,0,0.3843141496181488,0.5099999999999999,0
13,2,564,47,0,0.3843134939670563,0.5099999999999999,0
13,2,565,47,0,0.38431286811828613,0.5099999999999999,0
13,2,566,47,0,0.3843134939670563,0.5099999999999999,0
13,2,607,52,0,0.3843141198158264,0.5099999999999999,0
13,2,608,52,0,0.4231830835342407,0.5099999999999999,0
13,2,609,52,0,0.3843128979206085,0.5099999999999999,0
13,2,610,52,0,0.4223712682723999,0.5099999999999999,0
13,2,611,52,0,0.3882780075073242,0.5099999999999999,0
13,2,612,52,0,0.3831244111061096,0.5099999999999999,0
13,2,613,52,0,0.3831244111061096,0.5099999999999999,0
13,2,614,52,0,0.41933587193489075,0.5099999999999999,0
13,2,615,52,0,0.42463842034339905,0.5099999999999999,0
13,2,616,52,0,0.42564839124679565,0.5099999999999999,0
13,2,647,56,0,0.41951900720596313,0.5099999999999999,0
13,2,648,56,0,0.46313145756721497,0.5099999999999999,0
13,2,649,56,0,0.3843143582344055,0.5099999999999999,0
13,2,650,56,0,0.4185222387313843,0.5099999999999999,0
13,2,651,56,0,0.3831244111061096,0.5099999999999999,0
13,2,652,56,0,0.3831244111061096,0.5099999999999999,0
13,2,653,56,0,0.3831244111061096,0.5099999999999999,0
13,2,654,56,0,0.38708409667015076,0.5099999999999999,0
13,2,655,56,0,0.41729745268821716,0.5099999999999999,0
13,2,656,56,0,0.4179524779319763,0.5099999999999999,0
13,2,657,57,0,0.4597078859806061,0.5099999999999999,0
13,2,658,57,0,0.41650742292404175,0.5099999999999999,0
13,2,659,57,0,0.38605549931526184,0.5099999999999999,0
13,2,660,57,0,0.3831244111061096,0.5099999999999999,0
13,2,661,57,0,0.3843128979206085,0.5099999999999999,0
13,2,662,57,0,0.3843128979206085,0.5099999999999999,0
13,2,663,57,0,0.3843128979206085,0.5099999999999999,0
13,2,664,57,0,0.42164239287376404,0.5099999999999999,0
13,2,665,57,0,0.3831244111061096,0.5099999999999999,0
13,2,666,57,0,0.3831244111061096,0.5099999999999999,0
13,2,677,59,0,0.38431352376937866,0.5099999999999999,0
13,2,678,59,0,0.3831250071525574,0.5099999999999999,0
13,2,679,59,0,0.3831244111061096,0.5099999999999999,0
13,2,680,59,0,0.3831244111061096,0.5099999999999999,0
13,2,681,59,0,0.3831244111061096,0.5099999999999999,0
13,2,682,59,0,0.38312485814094543,0.5099999999999999,0
13,2,683,59,0,0.38312485814094543,0.5099999999999999,0
13,2,684,59,0,0.388277143239975,0.5099999999999999,0
13,2,685,59,0,0.42695629596710205,0.5099999999999999,0
13,2,686,59,0,0.3831250071525574,0.5099999999999999,0
13,2,837,75,0,0.3848649561405182,0.5099999999999999,0
13,2,838,75,0,0.38883090019226074,0.5099999999999999,0
13,2,839,75,0,0.3831256628036499,0.5099999999999999,0
13,2,840,75,0,0.3848656117916107,0.5099999999999999,0
13,2,841,75,0,0.38486477732658386,0.5099999999999999,0
13,2,842,75,0,0.3870847225189209,0.5099999999999999,0
13,2,843,75,0,0.3870847523212433,0.5099999999999999,0
13,2,844,75,0,0.3848654329776764,0.5099999999999999,0
13,2,845,75,0,0.3848653733730316,0.5099999999999999,0
13,2,846,75,0,0.3831244111061096,0.5099999999999999,0
13,3,3,3,1,0.35913169384002686,0.49499999999999994,0
13,3,9,9,1,0.4868609309196472,0.49499999999999994,0
13,3,14,14,1,0.4868609607219696,0.49499999999999994,0
13,3,20,20,1,0.4868609607219696,0.49499999999999994,0
13,3,22,22,1,0.4868609607219696,0.49499999999999994,0
13,3,25,25,1,0.5886459946632385,0.49499999999999994,1
13,3,44,44,1,0.3445282578468323,0.49499999999999994,0
13,3,51,51,1,0.2948703467845917,0.49499999999999994,0
13,3,60,60,1,0.3426203429698944,0.49499999999999994,0
13,3,64,64,1,0.36370766162872314,0.49499999999999994,0
13,3,66,66,1,0.23350517451763153,0.49499999999999994,0
13,3,69,69,1,0.39540886878967285,0.49499999999999994,0
13,3,73,73,1,0.49466243386268616,0.49499999999999994,0
13,3,74,74,1,0.49466243386268616,0.49499999999999994,0
13,3,78,78,1,0.5886459946632385,0.49499999999999994,1
13,3,79,79,1,0.4868609607219696,0.49499999999999994,0
13,3,117,3,0,0.27642226219177246,0.49499999999999994,0
13,3,118,3,0,0.2285996824502945,0.49499999999999994,0
13,3,119,3,0,0.2759164273738861,0.49499999999999994,0
13,3,120,3,0,0.27364683151245117,0.49499999999999994,0
13,3,121,3,0,0.23103296756744385,0.49499999999999994,0
13,3,122,3,0,0.2770877182483673,0.49499999999999994,0
13,3,123,3,0,0.2759164273738861,0.49499999999999994,0
13,3,124,3,0,0.23559895157814026,0.49499999999999994,0
13,3,125,3,0,0.27364498376846313,0.49499999999999994,0
13,3,126,3,0,0.22756724059581757,0.49499999999999994,0
13,3,177,9,0,0.3463406264781952,0.49499999999999994,0
13,3,178,9,0,0.22654186189174652,0.49499999999999994,0
13,3,179,9,0,0.2241756021976471,0.49499999999999994,0
13,3,180,9,0,0.22417612373828888,0.49499999999999994,0
13,3,181,9,0,0.22417612373828888,0.49499999999999994,0
13,3,182,9,0,0.22654178738594055,0.49499999999999994,0
13,3,183,9,0,0.2736450135707855,0.49499999999999994,0
13,3,184,9,0,0.22417666018009186,0.49499999999999994,0
13,3,185,9,0,0.22654129564762115,0.49499999999999994,0
13,3,186,9,0,0.23135973513126373,0.49499999999999994,0
13,3,227,14,0,0.22895951569080353,0.49499999999999994,0
13,3,228,14,0,0.2313585877418518,0.49499999999999994,0
13,3,229,14,0,0.2313603013753891,0.49499999999999994,0
13,3,230,14,0,0.27364662289619446,0.49499999999999994,0
13,3,231,14,0,0.2289600819349289,0.49499999999999994,0
13,3,232,14,0,0.2315557599067688,0.49499999999999994,0
13,3,233,14,0,0.27096155285835266,0.49499999999999994,0
13,3,234,14,0,0.2825115919113159,0.49499999999999994,0
13,3,235,14,0,0.22519554197788239,0.49499999999999994,0
13,3,236,14,0,0.2736459970474243,0.49499999999999994,0
13,3,287,20,0,0.35970190167427063,0.49499999999999994,0
13,3,288,20,0,0.27481716871261597,0.49499999999999994,0
13,3,289,20,0,0.3532865643501282,0.49499999999999994,0
13,3,290,20,0,0.2265402227640152,0.49499999999999994,0
13,3,291,20,0,0.49466243386268616,0.49499999999999994,0
13,3,292,20,0,0.2241756021976471,0.49499999999999994,0
13,3,293,20,0,0.2251950204372406,0.49499999999999994,0
13,3,294,20,0,0.29446306824684143,0.49499999999999994,0
13,3,295,20,0,0.2241756021976471,0.49499999999999994,0
13,3,296,20,0,0.2289608269929886,0.49499999999999994,0
13,3,307,22,0,0.27402445673942566,0.49499999999999994,0
13,3,308,22,0,0.22519610822200775,0.49499999999999994,0
13,3,309,22,0,0.22519555687904358,0.49499999999999994,0
13,3,310,22,0,0.22519555687904358,0.49499999999999994,0
13,3,311,22,0,0.2241756021976471,0.49499999999999994,0
13,3,312,22,0,0.22417612373828888,0.49499999999999994,0
13,3,313,22,0,0.2241756021976471,0.49499999999999994,0
13,3,314,22,0,0.22895951569080353,0.49499999999999994,0
13,3,315,22,0,0.2241756021976471,0.49499999999999994,0
13,3,316,22,0,0.2241756021976471,0.49499999999999994,0
13,3,337,25,0,0.2241756021976471,0.49499999999999994,0
13,3,338,25,0,0.2241756021976471,0.49499999999999994,0
13,3,339,25,0,0.2241756021976471,0.49499999999999994,0
13,3,340,25,0,0.2241756021976471,0.49499999999999994,0
13,3,341,25,0,0.22417612373828888,0.49499999999999994,0
13,3,342,25,0,0.49466243386268616,0.49499999999999994,0
13,3,343,25,0,0.27362608909606934,0.49499999999999994,0
13,3,344,25,0,0.27364543080329895,0.49499999999999994,0
13,3,345,25,0,0.2748102843761444,0.49499999999999994,0
13,3,346,25,0,0.2736450135707855,0.49499999999999994,0
13,3,527,44,0,0.33983486890792847,0.49499999999999994,0
13,3,528,44,0,0.2241756021976471,0.49499999999999994,0
13,3,529,44,0,0.272118479013443,0.49499999999999994,0
13,3,530,44,0,0.27755963802337646,0.49499999999999994,0
13,3,531,44,0,0.27211910486221313,0.49499999999999994,0
13,3,532,44,0,0.23240293562412262,0.49499999999999994,0
13,3,533,44,0,0.22895917296409607,0.49499999999999994,0
13,3,534,44,0,0.2241756021976471,0.49499999999999994,0
13,3,535,44,0,0.2241756021976471,0.49499999999999994,0
13,3,536,44,0,0.2241756021976471,0.49499999999999994,0
13,3,597,51,0,0.3426215648651123,0.49499999999999994,0
13,3,598,51,0,0.2759768068790436,0.49499999999999994,0
13,3,599,51,0,0.2709615230560303,0.49499999999999994,0
13,3,600,51,0,0.28099989891052246,0.49499999999999994,0
13,3,601,51,0,0.2258315533399582,0.49499999999999994,0
13,3,602,51,0,0.277560293674469,0.49499999999999994,0
13,3,603,51,0,0.27566492557525635,0.49499999999999994,0
13,3,604,51,0,0.28099989891052246,0.49499999999999994,0
13,3,605,51,0,0.22896021604537964,0.49499999999999994,0
13,3,606,51,0,0.22519609332084656,0.49499999999999994,0
13,3,687,60,0,0.22895951569080353,0.49499999999999994,0
13,3,688,60,0,0.2251950204372406,0.49499999999999994,0
13,3,689,60,0,0.2251950204372406,0.49499999999999994,0
13,3,690,60,0,0.2241756021976471,0.49499999999999994,0
13,3,691,60,0,0.2825115919113159,0.49499999999999994,0
13,3,692,60,0,0.27955639362335205,0.49499999999999994,0
13,3,693,60,0,0.22519555687904358,0.49499999999999994,0
13,3,694,60,0,0.2241756021976471,0.49499999999999994,0
13,3,695,60,0,0.3561694324016571,0.49499999999999994,0
13,3,696,60,0,0.2740238904953003,0.49499999999999994,0
13,3,727,64,0,0.2241760641336441,0.49499999999999994,0
13,3,728,64,0,0.2241756021976471,0.49499999999999994,0
13,3,729,64,0,0.22417612373828888,0.49499999999999994,0
13,3,730,64,0,0.22673457860946655,0.49499999999999994,0
13,3,731,64,0,0.22519555687904358,0.49499999999999994,0
13,3,732,64,0,0.2289591282606125,0.49499999999999994,0
13,3,733,64,0,0.22895967960357666,0.49499999999999994,0
13,3,734,64,0,0.2241756021976471,0.49499999999999994,0
13,3,735,64,0,0.2241756021976471,0.49499999999999994,0
13,3,736,64,0,0.2241756021976471,0.49499999999999994,0
13,3,747,66,0,0.22519555687904358,0.49499999999999994,0
13,3,748,66,0,0.2241756021976471,0.49499999999999994,0
13,3,749,66,0,0.2241756021976471,0.49499999999999994,0
13,3,750,66,0,0.2843250036239624,0.49499999999999994,0
13,3,751,66,0,0.2748102843761444,0.49499999999999994,0
13,3,752,66,0,0.2748100757598877,0.49499999999999994,0
13,3,753,66,0,0.22417667508125305,0.49499999999999994,0
13,3,754,66,0,0.2736532986164093,0.49499999999999994,0
13,3,755,66,0,0.2736544609069824,0.49499999999999994,0
13,3,756,66,0,0.2736532986164093,0.49499999999999994,0
13,3,777,69,0,0.27598077058792114,0.49499999999999994,0
13,3,778,69,0,0.2748102843761444,0.49499999999999994,0
13,3,779,69,0,0.2736456096172333,0.49499999999999994,0
13,3,780,69,0,0.22654077410697937,0.49499999999999994,0
13,3,781,69,0,0.27481842041015625,0.49499999999999994,0
13,3,782,69,0,0.22880178689956665,0.49499999999999994,0
13,3,783,69,0,0.2241756021976471,0.49499999999999994,0
13,3,784,69,0,0.34675827622413635,0.49499999999999994,0
13,3,785,69,0,0.22417612373828888,0.49499999999999994,0
13,3,786,69,0,0.2721197009086609,0.49499999999999994,0
13,3,817,73,0,0.22654077410697937,0.49499999999999994,0
13,3,818,73,0,0.22654058039188385,0.49499999999999994,0
13,3,819,73,0,0.22654056549072266,0.49499999999999994,0
13,3,820,73,0,0.22654077410697937,0.49499999999999994,0
13,3,821,73,0,0.22654113173484802,0.49499999999999994,0
13,3,822,73,0,0.22654056549072266,0.49499999999999994,0
13,3,823,73,0,0.22654110193252563,0.49499999999999994,0
13,3,824,73,0,0.2265416830778122,0.49499999999999994,0
13,3,825,73,0,0.22417612373828888,0.49499999999999994,0
13,3,826,73,0,0.2748165428638458,0.49499999999999994,0
13,3,827,74,0,0.22417618334293365,0.49499999999999994,0
13,3,828,74,0,0.273647278547287,0.49499999999999994,0
13,3,829,74,0,0.2880781292915344,0.49499999999999994,0
13,3,830,74,0,0.2759784758090973,0.49499999999999994,0
13,3,831,74,0,0.2265402227640152,0.49499999999999994,0
13,3,832,74,0,0.226540207862854,0.49499999999999994,0
13,3,833,74,0,0.22417612373828888,0.49499999999999994,0
13,3,834,74,0,0.22417618334293365,0.49499999999999994,0
13,3,835,74,0,0.23136009275913239,0.49499999999999994,0
13,3,836,74,0,0.22654114663600922,0.49499999999999994,0
13,3,867,78,0,0.22896048426628113,0.49499999999999994,0
13,3,868,78,0,0.2251949906349182,0.49499999999999994,0
13,3,869,78,0,0.2709609270095825,0.49499999999999994,0
13,3,870,78,0,0.2709609270095825,0.49499999999999994,0
13,3,871,78,0,0.27635833621025085,0.49499999999999994,0
13,3,872,78,0,0.22896048426628113,0.49499999999999994,0
13,3,873,78,0,0.22896048426628113,0.49499999999999994,0
13,3,874,78,0,0.22878408432006836,0.49499999999999994,0
13,3,875,78,0,0.2709615230560303,0.49499999999999994,0
13,3,876,78,0,0.22519555687904358,0.49499999999999994,0
13,3,877,79,0,0.27211910486221313,0.49499999999999994,0
13,3,878,79,0,0.2324012815952301,0.49499999999999994,0
13,3,879,79,0,0.2736261188983917,0.49499999999999994,0
13,3,880,79,0,0.2734898626804352,0.49499999999999994,0
13,3,881,79,0,0.2709609568119049,0.49499999999999994,0
13,3,882,79,0,0.2709609270095825,0.49499999999999994,0
13,3,883,79,0,0.2736261487007141,0.49499999999999994,0
13,3,884,79,0,0.2709609568119049,0.49499999999999994,0
13,3,885,79,0,0.2709609270095825,0.49499999999999994,0
13,3,886,79,0,0.2709609270095825,0.49499999999999994,0
13,4,0,0,1,0.44841647148132324,0.48499999999999993,0
13,4,7,7,1,0.4508509933948517,0.48499999999999993,0
13,4,10,10,1,0.45382872223854065,0.48499999999999993,0
13,4,11,11,1,0.4621451199054718,0.48499999999999993,0
13,4,13,13,1,0.4505106508731842,0.48499999999999993,0
13,4,15,15,1,0.4739769399166107,0.48499999999999993,0
13,4,19,19,1,0.4621451199054718,0.48499999999999993,0
13,4,21,21,1,0.4739769399166107,0.48499999999999993,0
13,4,23,23,1,0.4657130837440491,0.48499999999999993,0
13,4,24,24,1,0.4657130837440491,0.48499999999999993,0
13,4,26,26,1,0.4508509933948517,0.48499999999999993,0
13,4,34,34,1,0.4657130539417267,0.48499999999999993,0
13,4,42,42,1,0.4455484449863434,0.48499999999999993,0
13,4,43,43,1,0.4455484449863434,0.48499999999999993,0
13,4,50,50,1,0.4545140564441681,0.48499999999999993,0
13,4,76,76,1,0.4488011300563812,0.48499999999999993,0
13,4,87,0,0,0.44841650128364563,0.48499999999999993,0
13,4,88,0,0,0.42961573600769043,0.48499999999999993,0
13,4,89,0,0,0.4501849412918091,0.48499999999999993,0
13,4,90,0,0,0.4266418218612671,0.48499999999999993,0
13,4,91,0,0,0.43753674626350403,0.48499999999999993,0
13,4,92,0,0,0.4267626404762268,0.48499999999999993,0
13,4,93,0,0,0.43655145168304443,0.48499999999999993,0
13,4,94,0,0,0.4266418218612671,0.48499999999999993,0
13,4,95,0,0,0.4357282221317291,0.48499999999999993,0
13,4,96,0,0,0.43655160069465637,0.48499999999999993,0
13,4,157,7,0,0.4267578125,0.48499999999999993,0
13,4,158,7,0,0.4267624318599701,0.48499999999999993,0
13,4,159,7,0,0.426641583442688,0.48499999999999993,0
13,4,160,7,0,0.4356798827648163,0.48499999999999993,0
13,4,161,7,0,0.4352930188179016,0.48499999999999993,0
13,4,162,7,0,0.435293048620224,0.48499999999999993,0
13,4,163,7,0,0.43731436133384705,0.48499999999999993,0
13,4,164,7,0,0.42714306712150574,0.48499999999999993,0
13,4,165,7,0,0.4373146593570709,0.48499999999999993,0
13,4,166,7,0,0.4356803297996521,0.48499999999999993,0
13,4,187,10,0,0.43555834889411926,0.48499999999999993,0
13,4,188,10,0,0.43625882267951965,0.48499999999999993,0
13,4,189,10,0,0.445548415184021,0.48499999999999993,0
13,4,190,10,0,0.426762193441391,0.48499999999999993,0
13,4,191,10,0,0.42724454402923584,0.48499999999999993,0
13,4,192,10,0,0.4378373920917511,0.48499999999999993,0
13,4,193,10,0,0.4272446036338806,0.48499999999999993,0
13,4,194,10,0,0.4264259338378906,0.48499999999999993,0
13,4,195,10,0,0.4360620081424713,0.48499999999999993,0
13,4,196,10,0,0.4267624318599701,0.48499999999999993,0
13,4,197,11,0,0.42676234245300293,0.48499999999999993,0
13,4,198,11,0,0.4263775646686554,0.48499999999999993,0
13,4,199,11,0,0.43572837114334106,0.48499999999999993,0
13,4,200,11,0,0.42637741565704346,0.48499999999999993,0
13,4,201,11,0,0.42637741565704346,0.48499999999999993,0
13,4,202,11,0,0.43534210324287415,0.48499999999999993,0
13,4,203,11,0,0.4263775646686554,0.48499999999999993,0
13,4,204,11,0,0.42637741565704346,0.48499999999999993,0
13,4,205,11,0,0.435680091381073,0.48499999999999993,0
13,4,206,11,0,0.4359453618526459,0.48499999999999993,0
13,4,217,13,0,0.42724502086639404,0.48499999999999993,0
13,4,218,13,0,0.4263775646686554,0.48499999999999993,0
13,4,219,13,0,0.4263778626918793,0.48499999999999993,0
13,4,220,13,0,0.42637795209884644,0.48499999999999993,0
13,4,221,13,0,0.4275086224079132,0.48499999999999993,0
13,4,222,13,0,0.4270264804363251,0.48499999999999993,0
13,4,223,13,0,0.4276297092437744,0.48499999999999993,0
13,4,224,13,0,0.426762193441391,0.48499999999999993,0
13,4,225,13,0,0.4263775050640106,0.48499999999999993,0
13,4,226,13,0,0.4263775646686554,0.48499999999999993,0
13,4,237,15,0,0.4352932870388031,0.48499999999999993,0
13,4,238,15,0,0.427244633436203,0.48499999999999993,0
13,4,239,15,0,0.42702624201774597,0.48499999999999993,0
13,4,240,15,0,0.44770216941833496,0.48499999999999993,0
13,4,241,15,0,0.43655186891555786,0.48499999999999993,0
13,4,242,15,0,0.4487062990665436,0.48499999999999993,0
13,4,243,15,0,0.4356801509857178,0.48499999999999993,0
13,4,244,15,0,0.4476642906665802,0.48499999999999993,0
13,4,245,15,0,0.42762985825538635,0.48499999999999993,0
13,4,246,15,0,0.4356798529624939,0.48499999999999993,0
13,4,277,19,0,0.42676305770874023,0.48499999999999993,0
13,4,278,19,0,0.4373911917209625,0.48499999999999993,0
13,4,279,19,0,0.42637771368026733,0.48499999999999993,0
13,4,280,19,0,0.4356801509857178,0.48499999999999993,0
13,4,281,19,0,0.42637741565704346,0.48499999999999993,0
13,4,282,19,0,0.42676234245300293,0.48499999999999993,0
13,4,283,19,0,0.4267624616622925,0.48499999999999993,0
13,4,284,19,0,0.4382250905036926,0.48499999999999993,0
13,4,285,19,0,0.4356800317764282,0.48499999999999993,0
13,4,286,19,0,0.42988157272338867,0.48499999999999993,0
13,4,297,21,0,0.42664143443107605,0.48499999999999993,0
13,4,298,21,0,0.4373476505279541,0.48499999999999993,0
13,4,299,21,0,0.4271449148654938,0.48499999999999993,0
13,4,300,21,0,0.43599411845207214,0.48499999999999993,0
13,4,301,21,0,0.42789363861083984,0.48499999999999993,0
13,4,302,21,0,0.4278937578201294,0.48499999999999993,0
13,4,303,21,0,0.4357285499572754,0.48499999999999993,0
13,4,304,21,0,0.42637741565704346,0.48499999999999993,0
13,4,305,21,0,0.42637741565704346,0.48499999999999993,0
13,4,306,21,0,0.4347960650920868,0.48499999999999993,0
13,4,317,23,0,0.42637741565704346,0.48499999999999993,0
13,4,318,23,0,0.43529313802719116,0.48499999999999993,0
13,4,319,23,0,0.42637741565704346,0.48499999999999993,0
13,4,320,23,0,0.42664143443107605,0.48499999999999993,0
13,4,321,23,0,0.4266413152217865,0.48499999999999993,0
13,4,322,23,0,0.4263775646686554,0.48499999999999993,0
13,4,323,23,0,0.42637741565704346,0.48499999999999993,0
13,4,324,23,0,0.4359329342842102,0.48499999999999993,0
13,4,325,23,0,0.4271449148654938,0.48499999999999993,0
13,4,326,23,0,0.426377534866333,0.48499999999999993,0
13,4,327,24,0,0.4263775646686554,0.48499999999999993,0
13,4,328,24,0,0.4263775646686554,0.48499999999999993,0
13,4,329,24,0,0.4266412854194641,0.48499999999999993,0
13,4,330,24,0,0.4263775646686554,0.48499999999999993,0
13,4,331,24,0,0.4360540807247162,0.48499999999999993,0
13,4,332,24,0,0.42664143443107605,0.48499999999999993,0
13,4,333,24,0,0.42664143443107605,0.48499999999999993,0
13,4,334,24,0,0.42664143443107605,0.48499999999999993,0
13,4,335,24,0,0.4263775646686554,0.48499999999999993,0
13,4,336,24,0,0.42664143443107605,0.48499999999999993,0
13,4,347,26,0,0.43777549266815186,0.48499999999999993,0
13,4,348,26,0,0.42664143443107605,0.48499999999999993,0
13,4,349,26,0,0.4365518391132355,0.48499999999999993,0
13,4,350,26,0,0.4366167485713959,0.48499999999999993,0
13,4,351,26,0,0.4356800317764282,0.48499999999999993,0
13,4,352,26,0,0.42664143443107605,0.48499999999999993,0
13,4,353,26,0,0.43572869896888733,0.48499999999999993,0
13,4,354,26,0,0.4357285499572754,0.48499999999999993,0
13,4,355,26,0,0.42637741565704346,0.48499999999999993,0
13,4,356,26,0,0.42637741565704346,0.48499999999999993,0
13,4,427,34,0,0.4485606849193573,0.48499999999999993,0
13,4,428,34,0,0.4485603868961334,0.48499999999999993,0
13,4,429,34,0,0.4263775646686554,0.48499999999999993,0
13,4,430,34,0,0.4263775646686554,0.48499999999999993,0
13,4,431,34,0,0.42664143443107605,0.48499999999999993,0
13,4,432,34,0,0.4263775050640106,0.48499999999999993,0
13,4,433,34,0,0.42637741565704346,0.48499999999999993,0
13,4,434,34,0,0.4468059539794922,0.48499999999999993,0
13,4,435,34,0,0.426377534866333,0.48499999999999993,0
13,4,436,34,0,0.4263775646686554,0.48499999999999993,0
13,4,507,42,0,0.43555834889411926,0.48499999999999993,0
13,4,508,42,0,0.4355583190917969,0.48499999999999993,0
13,4,509,42,0,0.4375799596309662,0.48499999999999993,0
13,4,510,42,0,0.4263775050640106,0.48499999999999993,0
13,4,511,42,0,0.4272446036338806,0.48499999999999993,0
13,4,512,42,0,0.43582355976104736,0.48499999999999993,0
13,4,513,42,0,0.42664140462875366,0.48499999999999993,0
13,4,514,42,0,0.43529313802719116,0.48499999999999993,0
13,4,515,42,0,0.42724448442459106,0.48499999999999993,0
13,4,516,42,0,0.42664140462875366,0.48499999999999993,0
13,4,517,43,0,0.44134384393692017,0.48499999999999993,0
13,4,518,43,0,0.44134387373924255,0.48499999999999993,0
13,4,519,43,0,0.4272444546222687,0.48499999999999993,0
13,4,520,43,0,0.42637741565704346,0.48499999999999993,0
13,4,521,43,0,0.42637741565704346,0.48499999999999993,0
13,4,522,43,0,0.42637741565704346,0.48499999999999993,0
13,4,523,43,0,0.42637741565704346,0.48499999999999993,0
13,4,524,43,0,0.42637741565704346,0.48499999999999993,0
13,4,525,43,0,0.4266412854194641,0.48499999999999993,0
13,4,526,43,0,0.42664143443107605,0.48499999999999993,0
13,4,587,50,0,0.4266415536403656,0.48499999999999993,0
13,4,588,50,0,0.42664143443107605,0.48499999999999993,0
13,4,589,50,0,0.4360540807247162,0.48499999999999993,0
13,4,590,50,0,0.42724448442459106,0.48499999999999993,0
13,4,591,50,0,0.44680607318878174,0.48499999999999993,0
13,4,592,50,0,0.4263775646686554,0.48499999999999993,0
13,4,593,50,0,0.43870991468429565,0.48499999999999993,0
13,4,594,50,0,0.4263775646686554,0.48499999999999993,0
13,4,595,50,0,0.426641583442688,0.48499999999999993,0
13,4,596,50,0,0.42637741565704346,0.48499999999999993,0
13,4,847,76,0,0.4267627000808716,0.48499999999999993,0
13,4,848,76,0,0.42664143443107605,0.48499999999999993,0
13,4,849,76,0,0.4267624318599701,0.48499999999999993,0
13,4,850,76,0,0.43870991468429565,0.48499999999999993,0
13,4,851,76,0,0.4382247030735016,0.48499999999999993,0
13,4,852,76,0,0.4455487132072449,0.48499999999999993,0
13,4,853,76,0,0.43529313802719116,0.48499999999999993,0
13,4,854,76,0,0.43567758798599243,0.48499999999999993,0
13,4,855,76,0,0.43529313802719116,0.48499999999999993,0
13,4,856,76,0,0.4266412854194641,0.48499999999999993,0
13,5,2,2,1,0.9985361099243164,0.49999999999999994,1
13,5,4,4,1,0.9844441413879395,0.49999999999999994,1
13,5,5,5,1,0.9844441413879395,0.49999999999999994,1
13,5,18,18,1,0.9973893761634827,0.49999999999999994,1
13,5,27,27,1,0.9844441413879395,0.49999999999999994,1
13,5,32,32,1,0.7731960415840149,0.49999999999999994,1
13,5,37,37,1,0.9844441413879395,0.49999999999999994,1
13,5,38,38,1,0.9844441413879395,0.49999999999999994,1
13,5,39,39,1,0.9844441413879395,0.49999999999999994,1
13,5,48,48,1,0.7565390467643738,0.49999999999999994,1
13,5,49,49,1,0.7476767301559448,0.49999999999999994,1
13,5,62,62,1,0.9973893761634827,0.49999999999999994,1
13,5,65,65,1,0.7732170224189758,0.49999999999999994,1
13,5,67,67,1,0.9814999103546143,0.49999999999999994,1
13,5,68,68,1,0.9824528694152832,0.49999999999999994,1
13,5,70,70,1,0.7732170224189758,0.49999999999999994,1
13,5,107,2,0,0.19918754696846008,0.49999999999999994,0
13,5,108,2,0,0.1991875320672989,0.49999999999999994,0
13,5,109,2,0,0.07356709241867065,0.49999999999999994,0
13,5,110,2,0,0.23065908253192902,0.49999999999999994,0
13,5,111,2,0,0.2513164281845093,0.49999999999999994,0
13,5,112,2,0,0.062029868364334106,0.49999999999999994,0
13,5,113,2,0,0.10095078498125076,0.49999999999999994,0
13,5,114,2,0,0.06746792793273926,0.49999999999999994,0
13,5,115,2,0,0.22340339422225952,0.49999999999999994,0
13,5,116,2,0,0.22340339422225952,0.49999999999999994,0
13,5,127,4,0,0.048131585121154785,0.49999999999999994,0
13,5,128,4,0,0.052520912140607834,0.49999999999999994,0
13,5,129,4,0,0.05778665468096733,0.49999999999999994,0
13,5,130,4,0,0.2686249911785126,0.49999999999999994,0
13,5,131,4,0,0.20833469927310944,0.49999999999999994,0
13,5,132,4,0,0.1992061883211136,0.49999999999999994,0
13,5,133,4,0,0.25253286957740784,0.49999999999999994,0
13,5,134,4,0,0.2856537103652954,0.49999999999999994,0
13,5,135,4,0,0.06469257175922394,0.49999999999999994,0
13,5,136,4,0,0.06981734931468964,0.49999999999999994,0
13,5,137,5,0,0.3836800158023834,0.49999999999999994,0
13,5,138,5,0,0.9985361099243164,0.49999999999999994,1
13,5,139,5,0,0.19340969622135162,0.49999999999999994,0
13,5,140,5,0,0.18647482991218567,0.49999999999999994,0
13,5,141,5,0,0.2125847190618515,0.49999999999999994,0
13,5,142,5,0,0.058631833642721176,0.49999999999999994,0
13,5,143,5,0,0.20834411680698395,0.49999999999999994,0
13,5,144,5,0,0.21780961751937866,0.49999999999999994,0
13,5,145,5,0,0.32543912529945374,0.49999999999999994,0
13,5,146,5,0,0.6274726390838623,0.49999999999999994,1
13,5,267,18,0,0.23042519390583038,0.49999999999999994,0
13,5,268,18,0,0.2306542992591858,0.49999999999999994,0
13,5,269,18,0,0.05743597075343132,0.49999999999999994,0
13,5,270,18,0,0.05429411679506302,0.49999999999999994,0
13,5,271,18,0,0.19920189678668976,0.49999999999999994,0
13,5,272,18,0,0.2577175498008728,0.49999999999999994,0
13,5,273,18,0,0.05866941064596176,0.49999999999999994,0
13,5,274,18,0,0.054270073771476746,0.49999999999999994,0
13,5,275,18,0,0.052017372101545334,0.49999999999999994,0
13,5,276,18,0,0.05201738700270653,0.49999999999999994,0
13,5,357,27,0,0.19919076561927795,0.49999999999999994,0
13,5,358,27,0,0.19918754696846008,0.49999999999999994,0
13,5,359,27,0,0.1991875320672989,0.49999999999999994,0
13,5,360,27,0,0.23291806876659393,0.49999999999999994,0
13,5,361,27,0,0.20833303034305573,0.49999999999999994,0
13,5,362,27,0,0.712454080581665,0.49999999999999994,1
13,5,363,27,0,0.20834296941757202,0.49999999999999994,0
13,5,364,27,0,0.20833469927310944,0.49999999999999994,0
13,5,365,27,0,0.04813603311777115,0.49999999999999994,0
13,5,366,27,0,0.04813048988580704,0.49999999999999994,0
13,5,407,32,0,0.04813159257173538,0.49999999999999994,0
13,5,408,32,0,0.048131585121154785,0.49999999999999994,0
13,5,409,32,0,0.5946635007858276,0.49999999999999994,1
13,5,410,32,0,0.04813157021999359,0.49999999999999994,0
13,5,411,32,0,0.05022221803665161,0.49999999999999994,0
13,5,412,32,0,0.04813048988580704,0.49999999999999994,0
13,5,413,32,0,0.059655047953128815,0.49999999999999994,0
13,5,414,32,0,0.05743538588285446,0.49999999999999994,0
13,5,415,32,0,0.04813050106167793,0.49999999999999994,0
13,5,416,32,0,0.04813048988580704,0.49999999999999994,0
13,5,457,37,0,0.04813048988580704,0.49999999999999994,0
13,5,458,37,0,0.06983215361833572,0.49999999999999994,0
13,5,459,37,0,0.20834411680698395,0.49999999999999994,0
13,5,460,37,0,0.05022366717457771,0.49999999999999994,0
13,5,461,37,0,0.05022510141134262,0.49999999999999994,0
13,5,462,37,0,0.05022366717457771,0.49999999999999994,0
13,5,463,37,0,0.0728287473320961,0.49999999999999994,0
13,5,464,37,0,0.05022510141134262,0.49999999999999994,0
13,5,465,37,0,0.2669636309146881,0.49999999999999994,0
13,5,466,37,0,0.05022510141134262,0.49999999999999994,0
13,5,467,38,0,0.06202538684010506,0.49999999999999994,0
13,5,468,38,0,0.04813050106167793,0.49999999999999994,0
13,5,469,38,0,0.8633344173431396,0.49999999999999994,1
13,5,470,38,0,0.056254126131534576,0.49999999999999994,0
13,5,471,38,0,0.06468603014945984,0.49999999999999994,0
13,5,472,38,0,0.059911955147981644,0.49999999999999994,0
13,5,473,38,0,0.04813050106167793,0.49999999999999994,0
13,5,474,38,0,0.22616146504878998,0.49999999999999994,0
13,5,475,38,0,0.05022366717457771,0.49999999999999994,0
13,5,476,38,0,0.06202540174126625,0.49999999999999994,0
13,5,477,39,0,0.04813047870993614,0.49999999999999994,0
13,5,478,39,0,0.05022510141134262,0.49999999999999994,0
13,5,479,39,0,0.05022510141134262,0.49999999999999994,0
13,5,480,39,0,0.2052975296974182,0.49999999999999994,0
13,5,481,39,0,0.05201857537031174,0.49999999999999994,0
13,5,482,39,0,0.04813157021999359,0.49999999999999994,0
13,5,483,39,0,0.2094613015651703,0.49999999999999994,0
13,5,484,39,0,0.20839060842990875,0.49999999999999994,0
13,5,485,39,0,0.297165185213089,0.49999999999999994,0
13,5,486,39,0,0.297165185213089,0.49999999999999994,0
13,5,567,48,0,0.05022366717457771,0.49999999999999994,0
13,5,568,48,0,0.05743646249175072,0.49999999999999994,0
13,5,569,48,0,0.04813047870993614,0.49999999999999994,0
13,5,570,48,0,0.2782762050628662,0.49999999999999994,0
13,5,571,48,0,0.06468421965837479,0.49999999999999994,0
13,5,572,48,0,0.05022222921252251,0.49999999999999994,0
13,5,573,48,0,0.048133909702301025,0.49999999999999994,0
13,5,574,48,0,0.048133909702301025,0.49999999999999994,0
13,5,575,48,0,0.05022366717457771,0.49999999999999994,0
13,5,576,48,0,0.04813048988580704,0.49999999999999994,0
13,5,577,49,0,0.04813047870993614,0.49999999999999994,0
13,5,578,49,0,0.04813133180141449,0.49999999999999994,0
13,5,579,49,0,0.048131342977285385,0.49999999999999994,0
13,5,580,49,0,0.04813135042786598,0.49999999999999994,0
13,5,581,49,0,0.2612971067428589,0.49999999999999994,0
13,5,582,49,0,0.059911955147981644,0.49999999999999994,0
13,5,583,49,0,0.2773776054382324,0.49999999999999994,0
13,5,584,49,0,0.048131585121154785,0.49999999999999994,0
13,5,585,49,0,0.048131342977285385,0.49999999999999994,0
13,5,586,49,0,0.048131585121154785,0.49999999999999994,0
13,5,707,62,0,0.04813050106167793,0.49999999999999994,0
13,5,708,62,0,0.0481315515935421,0.49999999999999994,0
13,5,709,62,0,0.2189512550830841,0.49999999999999994,0
13,5,710,62,0,0.052017372101545334,0.49999999999999994,0
13,5,711,62,0,0.057437751442193985,0.49999999999999994,0
13,5,712,62,0,0.04813048988580704,0.49999999999999994,0
13,5,713,62,0,0.059912510216236115,0.49999999999999994,0
13,5,714,62,0,0.18647029995918274,0.49999999999999994,0
13,5,715,62,0,0.04813157021999359,0.49999999999999994,0
13,5,716,62,0,0.05022366717457771,0.49999999999999994,0
13,5,737,65,0,0.2773776352405548,0.49999999999999994,0
13,5,738,65,0,0.064691923558712,0.49999999999999994,0
13,5,739,65,0,0.3068430721759796,0.49999999999999994,0
13,5,740,65,0,0.05743516609072685,0.49999999999999994,0
13,5,741,65,0,0.04813047870993614,0.49999999999999994,0
13,5,742,65,0,0.04813048988580704,0.49999999999999994,0
13,5,743,65,0,0.05965370684862137,0.49999999999999994,0
13,5,744,65,0,0.04813157021999359,0.49999999999999994,0
13,5,745,65,0,0.04813050106167793,0.49999999999999994,0
13,5,746,65,0,0.04813133180141449,0.49999999999999994,0
13,5,757,67,0,0.22250235080718994,0.49999999999999994,0
13,5,758,67,0,0.26477256417274475,0.49999999999999994,0
13,5,759,67,0,0.18647482991218567,0.49999999999999994,0
13,5,760,67,0,0.19924530386924744,0.49999999999999994,0
13,5,761,67,0,0.23184481263160706,0.49999999999999994,0
13,5,762,67,0,0.5946635007858276,0.49999999999999994,1
13,5,763,67,0,0.05743597075343132,0.49999999999999994,0
13,5,764,67,0,0.052019644528627396,0.49999999999999994,0
13,5,765,67,0,0.23184481263160706,0.49999999999999994,0
13,5,766,67,0,0.19517579674720764,0.49999999999999994,0
13,5,767,68,0,0.22340857982635498,0.49999999999999994,0
13,5,768,68,0,0.2083330750465393,0.49999999999999994,0
13,5,769,68,0,0.20832981169223785,0.49999999999999994,0
13,5,770,68,0,0.19919663667678833,0.49999999999999994,0
13,5,771,68,0,0.20833471417427063,0.49999999999999994,0
13,5,772,68,0,0.18647029995918274,0.49999999999999994,0
13,5,773,68,0,0.18646571040153503,0.49999999999999994,0
13,5,774,68,0,0.2171308398246765,0.49999999999999994,0
13,5,775,68,0,0.24674831330776215,0.49999999999999994,0
13,5,776,68,0,0.19919712841510773,0.49999999999999994,0
13,5,787,70,0,0.05201970413327217,0.49999999999999994,0
13,5,788,70,0,0.052019715309143066,0.49999999999999994,0
13,5,789,70,0,0.1991923302412033,0.49999999999999994,0
13,5,790,70,0,0.24079370498657227,0.49999999999999994,0
13,5,791,70,0,0.06468482315540314,0.49999999999999994,0
13,5,792,70,0,0.2094831019639969,0.49999999999999994,0
13,5,793,70,0,0.22341905534267426,0.49999999999999994,0
13,5,794,70,0,0.19920624792575836,0.49999999999999994,0
13,5,795,70,0,0.05743646249175072,0.49999999999999994,0
13,5,796,70,0,0.19516950845718384,0.49999999999999994,0
14,1,1,1,1,0.4699193239212036,0.5499999999999999,0
14,1,2,2,1,0.5045175552368164,0.5499999999999999,0
14,1,5,5,1,0.48728594183921814,0.5499999999999999,0
14,1,14,14,1,0.4860706627368927,0.5499999999999999,0
14,1,17,17,1,0.4860706627368927,0.5499999999999999,0
14,1,19,19,1,0.4860706627368927,0.5499999999999999,0
14,1,24,24,1,0.4872859716415405,0.5499999999999999,0
14,1,28,28,1,0.5000124573707581,0.5499999999999999,0
14,1,30,30,1,0.4860706627368927,0.5499999999999999,0
14,1,32,32,1,0.4697456359863281,0.5499999999999999,0
14,1,43,43,1,0.4664466679096222,0.5499999999999999,0
14,1,55,55,1,0.500641405582428,0.5499999999999999,0
14,1,58,58,1,0.4872859716415405,0.5499999999999999,0
14,1,62,62,1,0.5000124573707581,0.5499999999999999,0
14,1,68,68,1,0.4863906800746918,0.5499999999999999,0
14,1,71,71,1,0.45770424604415894,0.5499999999999999,0
14,1,72,72,1,0.48638811707496643,0.5499999999999999,0
14,1,97,1,0,0.4452189803123474,0.5499999999999999,0
14,1,98,1,0,0.44553178548812866,0.5499999999999999,0
14,1,99,1,0,0.4476866126060486,0.5499999999999999,0
14,1,100,1,0,0.4550532400608063,0.5499999999999999,0
14,1,101,1,0,0.44417810440063477,0.5499999999999999,0
14,1,102,1,0,0.4455314576625824,0.5499999999999999,0
14,1,103,1,0,0.4547387659549713,0.5499999999999999,0
14,1,104,1,0,0.45473891496658325,0.5499999999999999,0
14,1,105,1,0,0.45519351959228516,0.5499999999999999,0
14,1,106,1,0,0.4550528824329376,0.5499999999999999,0
14,1,107,2,0,0.45473891496658325,0.5499999999999999,0
14,1,108,2,0,0.45473891496658325,0.5499999999999999,0
14,1,109,2,0,0.4463021755218506,0.5499999999999999,0
14,1,110,2,0,0.45578429102897644,0.5499999999999999,0
14,1,111,2,0,0.45641401410102844,0.5499999999999999,0
14,1,112,2,0,0.4452189803123474,0.5499999999999999,0
14,1,113,2,0,0.4482474625110626,0.5499999999999999,0
14,1,114,2,0,0.44598454236984253,0.5499999999999999,0
14,1,115,2,0,0.4555697441101074,0.5499999999999999,0
14,1,116,2,0,0.4555698037147522,0.5499999999999999,0
14,1,137,5,0,0.4579387307167053,0.5499999999999999,0
14,1,138,5,0,0.5045175552368164,0.5499999999999999,0
14,1,139,5,0,0.4547345042228699,0.5499999999999999,0
14,1,140,5,0,0.4542796015739441,0.5499999999999999,0
14,1,141,5,0,0.45519906282424927,0.5499999999999999,0
14,1,142,5,0,0.44494885206222534,0.5499999999999999,0
14,1,143,5,0,0.4550533890724182,0.5499999999999999,0
14,1,144,5,0,0.4553679823875427,0.5499999999999999,0
14,1,145,5,0,0.45846059918403625,0.5499999999999999,0
14,1,146,5,0,0.4690353572368622,0.5499999999999999,0
14,1,227,14,0,0.4447605609893799,0.5499999999999999,0
14,1,228,14,0,0.44521817564964294,0.5499999999999999,0
14,1,229,14,0,0.44521868228912354,0.5499999999999999,0
14,1,230,14,0,0.45473936200141907,0.5499999999999999,0
14,1,231,14,0,0.4447607398033142,0.5499999999999999,0
14,1,232,14,0,0.4452756941318512,0.5499999999999999,0
14,1,233,14,0,0.45427945256233215,0.5499999999999999,0
14,1,234,14,0,0.4576473534107208,0.5499999999999999,0
14,1,235,14,0,0.4440331757068634,0.5499999999999999,0
14,1,236,14,0,0.45473918318748474,0.5499999999999999,0
14,1,257,17,0,0.4547393321990967,0.5499999999999999,0
14,1,258,17,0,0.45473891496658325,0.5499999999999999,0
14,1,259,17,0,0.455053448677063,0.5499999999999999,0
14,1,260,17,0,0.45473912358283997,0.5499999999999999,0
14,1,261,17,0,0.44463586807250977,0.5499999999999999,0
14,1,262,17,0,0.459153413772583,0.5499999999999999,0
14,1,263,17,0,0.44463640451431274,0.5499999999999999,0
14,1,264,17,0,0.4542792737483978,0.5499999999999999,0
14,1,265,17,0,0.455512672662735,0.5499999999999999,0
14,1,266,17,0,0.44509419798851013,0.5499999999999999,0
14,1,277,19,0,0.4441789984703064,0.5499999999999999,0
14,1,278,19,0,0.4567665755748749,0.5499999999999999,0
14,1,279,19,0,0.4437207579612732,0.5499999999999999,0
14,1,280,19,0,0.4547392725944519,0.5499999999999999,0
14,1,281,19,0,0.4437204599380493,0.5499999999999999,0
14,1,282,19,0,0.44417810440063477,0.5499999999999999,0
14,1,283,19,0,0.4441782534122467,0.5499999999999999,0
14,1,284,19,0,0.4581077992916107,0.5499999999999999,0
14,1,285,19,0,0.4547390639781952,0.5499999999999999,0
14,1,286,19,0,0.44787663221359253,0.5499999999999999,0
14,1,327,24,0,0.44372060894966125,0.5499999999999999,0
14,1,328,24,0,0.44372060894966125,0.5499999999999999,0
14,1,329,24,0,0.44403302669525146,0.5499999999999999,0
14,1,330,24,0,0.44372060894966125,0.5499999999999999,0
14,1,331,24,0,0.4552125930786133,0.5499999999999999,0
14,1,332,24,0,0.4440331757068634,0.5499999999999999,0
14,1,333,24,0,0.444033145904541,0.5499999999999999,0
14,1,334,24,0,0.4440331757068634,0.5499999999999999,0
14,1,335,24,0,0.44372060894966125,0.5499999999999999,0
14,1,336,24,0,0.4440331757068634,0.5499999999999999,0
14,1,367,28,0,0.45474010705947876,0.5499999999999999,0
14,1,368,28,0,0.44417840242385864,0.5499999999999999,0
14,1,369,28,0,0.45505309104919434,0.5499999999999999,0
14,1,370,28,0,0.45505306124687195,0.5499999999999999,0
14,1,371,28,0,0.4550532400608063,0.5499999999999999,0
14,1,372,28,0,0.44372057914733887,0.5499999999999999,0
14,1,373,28,0,0.4547968804836273,0.5499999999999999,0
14,1,374,28,0,0.45505309104919434,0.5499999999999999,0
14,1,375,28,0,0.45473921298980713,0.5499999999999999,0
14,1,376,28,0,0.4441779553890228,0.5499999999999999,0
14,1,387,30,0,0.45563778281211853,0.5499999999999999,0
14,1,388,30,0,0.444490522146225,0.5499999999999999,0
14,1,389,30,0,0.45609763264656067,0.5499999999999999,0
14,1,390,30,0,0.45473891496658325,0.5499999999999999,0
14,1,391,30,0,0.45473891496658325,0.5499999999999999,0
14,1,392,30,0,0.45505303144454956,0.5499999999999999,0
14,1,393,30,0,0.5000124573707581,0.5499999999999999,0
14,1,394,30,0,0.459153413772583,0.5499999999999999,0
14,1,395,30,0,0.4440331757068634,0.5499999999999999,0
14,1,396,30,0,0.444033145904541,0.5499999999999999,0
14,1,407,32,0,0.44372060894966125,0.5499999999999999,0
14,1,408,32,0,0.44372060894966125,0.5499999999999999,0
14,1,409,32,0,0.46825841069221497,0.5499999999999999,0
14,1,410,32,0,0.44372060894966125,0.5499999999999999,0
14,1,411,32,0,0.4440329670906067,0.5499999999999999,0
14,1,412,32,0,0.4437204599380493,0.5499999999999999,0
14,1,413,32,0,0.44519132375717163,0.5499999999999999,0
14,1,414,32,0,0.4447604715824127,0.5499999999999999,0
14,1,415,32,0,0.4437204599380493,0.5499999999999999,0
14,1,416,32,0,0.4437204599380493,0.5499999999999999,0
14,1,517,43,0,0.4565599262714386,0.5499999999999999,0
14,1,518,43,0,0.4565599858760834,0.5499999999999999,0
14,1,519,43,0,0.4447604715824127,0.5499999999999999,0
14,1,520,43,0,0.4437204599380493,0.5499999999999999,0
14,1,521,43,0,0.4437204599380493,0.5499999999999999,0
14,1,522,43,0,0.4437204599380493,0.5499999999999999,0
14,1,523,43,0,0.44372040033340454,0.5499999999999999,0
14,1,524,43,0,0.4437204599380493,0.5499999999999999,0
14,1,525,43,0,0.4440329670906067,0.5499999999999999,0
14,1,526,43,0,0.4440331757068634,0.5499999999999999,0
14,1,637,55,0,0.44372040033340454,0.5499999999999999,0
14,1,638,55,0,0.4437204599380493,0.5499999999999999,0
14,1,639,55,0,0.4437204599380493,0.5499999999999999,0
14,1,640,55,0,0.44372060894966125,0.5499999999999999,0
14,1,641,55,0,0.45473891496658325,0.5499999999999999,0
14,1,642,55,0,0.4540230631828308,0.5499999999999999,0
14,1,643,55,0,0.4437204599380493,0.5499999999999999,0
14,1,644,55,0,0.45490726828575134,0.5499999999999999,0
14,1,645,55,0,0.4452183246612549,0.5499999999999999,0
14,1,646,55,0,0.4440329670906067,0.5499999999999999,0
14,1,667,58,0,0.4440331757068634,0.5499999999999999,0
14,1,668,58,0,0.4440329968929291,0.5499999999999999,0
14,1,669,58,0,0.4440331757068634,0.5499999999999999,0
14,1,670,58,0,0.44476065039634705,0.5499999999999999,0
14,1,671,58,0,0.44507336616516113,0.5499999999999999,0
14,1,672,58,0,0.4447604715824127,0.5499999999999999,0
14,1,673,58,0,0.4447604715824127,0.5499999999999999,0
14,1,674,58,0,0.45869308710098267,0.5499999999999999,0
14,1,675,58,0,0.45869308710098267,0.5499999999999999,0
14,1,676,58,0,0.444033145904541,0.5499999999999999,0
14,1,707,62,0,0.4437204599380493,0.5499999999999999,0
14,1,708,62,0,0.44372063875198364,0.5499999999999999,0
14,1,709,62,0,0.4554246962070465,0.5499999999999999,0
14,1,710,62,0,0.44417810440063477,0.5499999999999999,0
14,1,711,62,0,0.44476082921028137,0.5499999999999999,0
14,1,712,62,0,0.4437204599380493,0.5499999999999999,0
14,1,713,62,0,0.44507336616516113,0.5499999999999999,0
14,1,714,62,0,0.4542793929576874,0.5499999999999999,0
14,1,715,62,0,0.44372060894966125,0.5499999999999999,0
14,1,716,62,0,0.4440331757068634,0.5499999999999999,0
14,1,767,68,0,0.45556995272636414,0.5499999999999999,0
14,1,768,68,0,0.45505303144454956,0.5499999999999999,0
14,1,769,68,0,0.4550528824329376,0.5499999999999999,0
14,1,770,68,0,0.4547392725944519,0.5499999999999999,0
14,1,771,68,0,0.45505309104919434,0.5499999999999999,0
14,1,772,68,0,0.45427948236465454,0.5499999999999999,0
14,1,773,68,0,0.4542793035507202,0.5499999999999999,0
14,1,774,68,0,0.4555658996105194,0.5499999999999999,0
14,1,775,68,0,0.4563007950782776,0.5499999999999999,0
14,1,776,68,0,0.4547392725944519,0.5499999999999999,0
14,1,797,71,0,0.4547392725944519,0.5499999999999999,0
14,1,798,71,0,0.4542796015739441,0.5499999999999999,0
14,1,799,71,0,0.45519381761550903,0.5499999999999999,0
14,1,800,71,0,0.4549647867679596,0.5499999999999999,0
14,1,801,71,0,0.4668811559677124,0.5499999999999999,0
14,1,802,71,0,0.44417810440063477,0.5499999999999999,0
14,1,803,71,0,0.45784318447113037,0.5499999999999999,0
14,1,804,71,0,0.4437204599380493,0.5499999999999999,0
14,1,805,71,0,0.444195032119751,0.5499999999999999,0
14,1,806,71,0,0.44463565945625305,0.5499999999999999,0
14,1,807,72,0,0.44417804479599,0.5499999999999999,0
14,1,808,72,0,0.44417804479599,0.5499999999999999,0
14,1,809,72,0,0.44417792558670044,0.5499999999999999,0
14,1,810,72,0,0.4441782236099243,0.5499999999999999,0
14,1,811,72,0,0.4441782534122467,0.5499999999999999,0
14,1,812,72,0,0.4441782236099243,0.5499999999999999,0
14,1,813,72,0,0.44417792558670044,0.5499999999999999,0
14,1,814,72,0,0.45798832178115845,0.5499999999999999,0
14,1,815,72,0,0.44417840242385864,0.5499999999999999,0
14,1,816,72,0,0.4441782534122467,0.5499999999999999,0
14,2,7,7,1,0.6784884333610535,0.5599999999999999,1
14,2,8,8,1,0.747314989566803,0.5599999999999999,1
14,2,22,22,1,0.887376070022583,0.5599999999999999,1
14,2,23,23,1,0.8953631520271301,0.5599999999999999,1
14,2,34,34,1,0.8953630328178406,0.5599999999999999,1
14,2,39,39,1,0.8953630328178406,0.5599999999999999,1
14,2,41,41,1,0.8899056315422058,0.5599999999999999,1
14,2,50,50,1,0.7930490374565125,0.5599999999999999,1
14,2,53,53,1,0.6456579566001892,0.5599999999999999,1
14,2,54,54,1,0.6640675663948059,0.5599999999999999,1
14,2,57,57,1,0.9554166793823242,0.5599999999999999,1
14,2,66,66,1,0.26399898529052734,0.5599999999999999,0
14,2,70,70,1,0.6785005927085876,0.5599999999999999,1
14,2,75,75,1,0.7228045463562012,0.5599999999999999,1
14,2,77,77,1,0.7228045463562012,0.5599999999999999,1
14,2,78,78,1,0.953845202922821,0.5599999999999999,1
14,2,157,7,0,0.24132181704044342,0.5599999999999999,0
14,2,158,7,0,0.24138301610946655,0.5599999999999999,0
14,2,159,7,0,0.2393026351928711,0.5599999999999999,0
14,2,160,7,0,0.39094647765159607,0.5599999999999999,0
14,2,161,7,0,0.38220468163490295,0.5599999999999999,0
14,2,162,7,0,0.38220471143722534,0.5599999999999999,0
14,2,163,7,0,0.38740846514701843,0.5599999999999999,0
14,2,164,7,0,0.24814124405384064,0.5599999999999999,0
14,2,165,7,0,0.3874148726463318,0.5599999999999999,0
14,2,166,7,0,0.39095744490623474,0.5599999999999999,0
14,2,167,8,0,0.23930014669895172,0.5599999999999999,0
14,2,168,8,0,0.24138551950454712,0.5599999999999999,0
14,2,169,8,0,0.38741162419319153,0.5599999999999999,0
14,2,170,8,0,0.24138547480106354,0.5599999999999999,0
14,2,171,8,0,0.23470169305801392,0.5599999999999999,0
14,2,172,8,0,0.2529524862766266,0.5599999999999999,0
14,2,173,8,0,0.3909497559070587,0.5599999999999999,0
14,2,174,8,0,0.23469682037830353,0.5599999999999999,0
14,2,175,8,0,0.39197781682014465,0.5599999999999999,0
14,2,176,8,0,0.23469682037830353,0.5599999999999999,0
14,2,307,22,0,0.3920445740222931,0.5599999999999999,0
14,2,308,22,0,0.2393026053905487,0.5599999999999999,0
14,2,309,22,0,0.23930014669895172,0.5599999999999999,0
14,2,310,22,0,0.23930014669895172,0.5599999999999999,0
14,2,311,22,0,0.23469437658786774,0.5599999999999999,0
14,2,312,22,0,0.23469682037830353,0.5599999999999999,0
14,2,313,22,0,0.23469436168670654,0.5599999999999999,0
14,2,314,22,0,0.24998418986797333,0.5599999999999999,0
14,2,315,22,0,0.23469436168670654,0.5599999999999999,0
14,2,316,22,0,0.23469436168670654,0.5599999999999999,0
14,2,317,23,0,0.23469437658786774,0.5599999999999999,0
14,2,318,23,0,0.3822072744369507,0.5599999999999999,0
14,2,319,23,0,0.23469436168670654,0.5599999999999999,0
14,2,320,23,0,0.23930014669895172,0.5599999999999999,0
14,2,321,23,0,0.23929765820503235,0.5599999999999999,0
14,2,322,23,0,0.23469682037830353,0.5599999999999999,0
14,2,323,23,0,0.23469436168670654,0.5599999999999999,0
14,2,324,23,0,0.43374893069267273,0.5599999999999999,0
14,2,325,23,0,0.24816587567329407,0.5599999999999999,0
14,2,326,23,0,0.23469635844230652,0.5599999999999999,0
14,2,427,34,0,0.6292675137519836,0.5599999999999999,1
14,2,428,34,0,0.6292617321014404,0.5599999999999999,1
14,2,429,34,0,0.23469682037830353,0.5599999999999999,0
14,2,430,34,0,0.23469682037830353,0.5599999999999999,0
14,2,431,34,0,0.23930014669895172,0.5599999999999999,0
14,2,432,34,0,0.23469631373882294,0.5599999999999999,0
14,2,433,34,0,0.23469440639019012,0.5599999999999999,0
14,2,434,34,0,0.5912375450134277,0.5599999999999999,1
14,2,435,34,0,0.23469682037830353,0.5599999999999999,0
14,2,436,34,0,0.23469682037830353,0.5599999999999999,0
14,2,477,39,0,0.23469437658786774,0.5599999999999999,0
14,2,478,39,0,0.2393026351928711,0.5599999999999999,0
14,2,479,39,0,0.2393026351928711,0.5599999999999999,0
14,2,480,39,0,0.3954058289527893,0.5599999999999999,0
14,2,481,39,0,0.24138301610946655,0.5599999999999999,0
14,2,482,39,0,0.23469682037830353,0.5599999999999999,0
14,2,483,39,0,0.3981286287307739,0.5599999999999999,0
14,2,484,39,0,0.3970644772052765,0.5599999999999999,0
14,2,485,39,0,0.44786307215690613,0.5599999999999999,0
14,2,486,39,0,0.44786307215690613,0.5599999999999999,0
14,2,497,41,0,0.25696054100990295,0.5599999999999999,0
14,2,498,41,0,0.4109468162059784,0.5599999999999999,0
14,2,499,41,0,0.7514122128486633,0.5599999999999999,1
14,2,500,41,0,0.44706258177757263,0.5599999999999999,0
14,2,501,41,0,0.3822079002857208,0.5599999999999999,0
14,2,502,41,0,0.3970278799533844,0.5599999999999999,0
14,2,503,41,0,0.38741105794906616,0.5599999999999999,0
14,2,504,41,0,0.40205368399620056,0.5599999999999999,0
14,2,505,41,0,0.23930011689662933,0.5599999999999999,0
14,2,506,41,0,0.3822079002857208,0.5599999999999999,0
14,2,587,50,0,0.2393026053905487,0.5599999999999999,0
14,2,588,50,0,0.23930014669895172,0.5599999999999999,0
14,2,589,50,0,0.43654146790504456,0.5599999999999999,0
14,2,590,50,0,0.24998249113559723,0.5599999999999999,0
14,2,591,50,0,0.5912408828735352,0.5599999999999999,1
14,2,592,50,0,0.23469682037830353,0.5599999999999999,0
14,2,593,50,0,0.4379660487174988,0.5599999999999999,0
14,2,594,50,0,0.23469682037830353,0.5599999999999999,0
14,2,595,50,0,0.2393026053905487,0.5599999999999999,0
14,2,596,50,0,0.23469436168670654,0.5599999999999999,0
14,2,617,53,0,0.23930014669895172,0.5599999999999999,0
14,2,618,53,0,0.25478753447532654,0.5599999999999999,0
14,2,619,53,0,0.41712355613708496,0.5599999999999999,0
14,2,620,53,0,0.2393026351928711,0.5599999999999999,0
14,2,621,53,0,0.2393026053905487,0.5599999999999999,0
14,2,622,53,0,0.40932339429855347,0.5599999999999999,0
14,2,623,53,0,0.23469436168670654,0.5599999999999999,0
14,2,624,53,0,0.42749905586242676,0.5599999999999999,0
14,2,625,53,0,0.2569621205329895,0.5599999999999999,0
14,2,626,53,0,0.43654417991638184,0.5599999999999999,0
14,2,627,54,0,0.23469437658786774,0.5599999999999999,0
14,2,628,54,0,0.4314921498298645,0.5599999999999999,0
14,2,629,54,0,0.23469433188438416,0.5599999999999999,0
14,2,630,54,0,0.23469436168670654,0.5599999999999999,0
14,2,631,54,0,0.23469436168670654,0.5599999999999999,0
14,2,632,54,0,0.23469437658786774,0.5599999999999999,0
14,2,633,54,0,0.23469440639019012,0.5599999999999999,0
14,2,634,54,0,0.23469437658786774,0.5599999999999999,0
14,2,635,54,0,0.23469436168670654,0.5599999999999999,0
14,2,636,54,0,0.23469437658786774,0.5599999999999999,0
14,2,657,57,0,0.6255783438682556,0.5599999999999999,1
14,2,658,57,0,0.3882361352443695,0.5599999999999999,0
14,2,659,57,0,0.24604597687721252,0.5599999999999999,0
14,2,660,57,0,0.23469436168670654,0.5599999999999999,0
14,2,661,57,0,0.23929770290851593,0.5599999999999999,0
14,2,662,57,0,0.23929765820503235,0.5599999999999999,0
14,2,663,57,0,0.23929765820503235,0.5599999999999999,0
14,2,664,57,0,0.40724724531173706,0.5599999999999999,0
14,2,665,57,0,0.23469436168670654,0.5599999999999999,0
14,2,666,57,0,0.23469437658786774,0.5599999999999999,0
14,2,747,66,0,0.23930014669895172,0.5599999999999999,0
14,2,748,66,0,0.23469436168670654,0.5599999999999999,0
14,2,749,66,0,0.23469437658786774,0.5599999999999999,0
14,2,750,66,0,0.4335753917694092,0.5599999999999999,0
14,2,751,66,0,0.3970278799533844,0.5599999999999999,0
14,2,752,66,0,0.39702677726745605,0.5599999999999999,0
14,2,753,66,0,0.23469924926757812,0.5599999999999999,0
14,2,754,66,0,0.3909897208213806,0.5599999999999999,0
14,2,755,66,0,0.39099591970443726,0.5599999999999999,0
14,2,756,66,0,0.3909897208213806,0.5599999999999999,0
14,2,787,70,0,0.24138551950454712,0.5599999999999999,0
14,2,788,70,0,0.24138548970222473,0.5599999999999999,0
14,2,789,70,0,0.39094969630241394,0.5599999999999999,0
14,2,790,70,0,0.41712579131126404,0.5599999999999999,0
14,2,791,70,0,0.2618485391139984,0.5599999999999999,0
14,2,792,70,0,0.39814287424087524,0.5599999999999999,0
14,2,793,70,0,0.40699079632759094,0.5599999999999999,0
14,2,794,70,0,0.39095908403396606,0.5599999999999999,0
14,2,795,70,0,0.24998502433300018,0.5599999999999999,0
14,2,796,70,0,0.3882356584072113,0.5599999999999999,0
14,2,837,75,0,0.24138055741786957,0.5599999999999999,0
14,2,838,75,0,0.2569579482078552,0.5599999999999999,0
14,2,839,75,0,0.23469924926757812,0.5599999999999999,0
14,2,840,75,0,0.24138301610946655,0.5599999999999999,0
14,2,841,75,0,0.24137970805168152,0.5599999999999999,0
14,2,842,75,0,0.24998673796653748,0.5599999999999999,0
14,2,843,75,0,0.24998676776885986,0.5599999999999999,0
14,2,844,75,0,0.2413821816444397,0.5599999999999999,0
14,2,845,75,0,0.2413821965456009,0.5599999999999999,0
14,2,846,75,0,0.23469436168670654,0.5599999999999999,0
14,2,857,77,0,0.38220787048339844,0.5599999999999999,0
14,2,858,77,0,0.23930011689662933,0.5599999999999999,0
14,2,859,77,0,0.3822079002857208,0.5599999999999999,0
14,2,860,77,0,0.23929765820503235,0.5599999999999999,0
14,2,861,77,0,0.40314412117004395,0.5599999999999999,0
14,2,862,77,0,0.4020646810531616,0.5599999999999999,0
14,2,863,77,0,0.23469437658786774,0.5599999999999999,0
14,2,864,77,0,0.388233482837677,0.5599999999999999,0
14,2,865,77,0,0.23930014669895172,0.5599999999999999,0
14,2,866,77,0,0.241380512714386,0.5599999999999999,0
14,2,867,78,0,0.24998855590820312,0.5599999999999999,0
14,2,868,78,0,0.23929765820503235,0.5599999999999999,0
14,2,869,78,0,0.38220468163490295,0.5599999999999999,0
14,2,870,78,0,0.38220468163490295,0.5599999999999999,0
14,2,871,78,0,0.4042409360408783,0.5599999999999999,0
14,2,872,78,0,0.24998857080936432,0.5599999999999999,0
14,2,873,78,0,0.24998855590820312,0.5599999999999999,0
14,2,874,78,0,0.24816590547561646,0.5599999999999999,0
14,2,875,78,0,0.38220787048339844,0.5599999999999999,0
14,2,876,78,0,0.23930011689662933,0.5599999999999999,0
14,3,6,6,1,0.751596212387085,0.5499999999999999,1
14,3,10,10,1,0.5516344904899597,0.5499999999999999,1
14,3,12,12,1,0.751596212387085,0.5499999999999999,1
14,3,15,15,1,0.751596212387085,0.5499999999999999,1
14,3,16,16,1,0.6581670641899109,0.5499999999999999,1
14,3,18,18,1,0.751596212387085,0.5499999999999999,1
14,3,33,33,1,0.6581670641899109,0.5499999999999999,1
14,3,38,38,1,0.6664952635765076,0.5499999999999999,1
14,3,44,44,1,0.48249515891075134,0.5499999999999999,0
14,3,47,47,1,0.7789438366889954,0.5499999999999999,1
14,3,49,49,1,0.5016984343528748,0.5499999999999999,0
14,3,52,52,1,0.5010332465171814,0.5499999999999999,0
14,3,61,61,1,0.6664952635765076,0.5499999999999999,1
14,3,69,69,1,0.5491811633110046,0.5499999999999999,0
14,3,79,79,1,0.6581670641899109,0.5499999999999999,1
14,3,80,80,1,0.6608193516731262,0.5499999999999999,1
14,3,147,6,0,0.3043290674686432,0.5499999999999999,0
14,3,148,6,0,0.3169025778770447,0.5499999999999999,0
14,3,149,6,0,0.37800469994544983,0.5499999999999999,0
14,3,150,6,0,0.37669774889945984,0.5499999999999999,0
14,3,151,6,0,0.373433917760849,0.5499999999999999,0
14,3,152,6,0,0.3717208504676819,0.5499999999999999,0
14,3,153,6,0,0.3721409738063812,0.5499999999999999,0
14,3,154,6,0,0.3080078363418579,0.5499999999999999,0
14,3,155,6,0,0.3693937063217163,0.5499999999999999,0
14,3,156,6,0,0.3887547552585602,0.5499999999999999,0
14,3,187,10,0,0.37213945388793945,0.5499999999999999,0
14,3,188,10,0,0.3794635832309723,0.5499999999999999,0
14,3,189,10,0,0.48045578598976135,0.5499999999999999,0
14,3,190,10,0,0.2996843755245209,0.5499999999999999,0
14,3,191,10,0,0.3043263852596283,0.5499999999999999,0
14,3,192,10,0,0.38526877760887146,0.5499999999999999,0
14,3,193,10,0,0.3043272793292999,0.5499999999999999,0
14,3,194,10,0,0.29651790857315063,0.5499999999999999,0
14,3,195,10,0,0.37749582529067993,0.5499999999999999,0
14,3,196,10,0,0.29968705773353577,0.5499999999999999,0
14,3,207,12,0,0.29606595635414124,0.5499999999999999,0
14,3,208,12,0,0.2985233664512634,0.5499999999999999,0
14,3,209,12,0,0.2985246777534485,0.5499999999999999,0
14,3,210,12,0,0.3761923015117645,0.5499999999999999,0
14,3,211,12,0,0.29606595635414124,0.5499999999999999,0
14,3,212,12,0,0.29606595635414124,0.5499999999999999,0
14,3,213,12,0,0.3974393308162689,0.5499999999999999,0
14,3,214,12,0,0.29606467485427856,0.5499999999999999,0
14,3,215,12,0,0.2996857464313507,0.5499999999999999,0
14,3,216,12,0,0.29968568682670593,0.5499999999999999,0
14,3,237,15,0,0.36939504742622375,0.5499999999999999,0
14,3,238,15,0,0.30432769656181335,0.5499999999999999,0
14,3,239,15,0,0.3021615743637085,0.5499999999999999,0
14,3,240,15,0,0.5045230984687805,0.5499999999999999,0
14,3,241,15,0,0.38268542289733887,0.5499999999999999,0
14,3,242,15,0,0.4981805980205536,0.5499999999999999,0
14,3,243,15,0,0.37343737483024597,0.5499999999999999,0
14,3,244,15,0,0.4865672290325165,0.5499999999999999,0
14,3,245,15,0,0.3080069422721863,0.5499999999999999,0
14,3,246,15,0,0.373434454202652,0.5499999999999999,0
14,3,247,16,0,0.37619373202323914,0.5499999999999999,0
14,3,248,16,0,0.37214240431785583,0.5499999999999999,0
14,3,249,16,0,0.373434454202652,0.5499999999999999,0
14,3,250,16,0,0.2960668206214905,0.5499999999999999,0
14,3,251,16,0,0.29606595635414124,0.5499999999999999,0
14,3,252,16,0,0.3734358549118042,0.5499999999999999,0
14,3,253,16,0,0.31215786933898926,0.5499999999999999,0
14,3,254,16,0,0.38546809554100037,0.5499999999999999,0
14,3,255,16,0,0.3826844394207001,0.5499999999999999,0
14,3,256,16,0,0.3734354078769684,0.5499999999999999,0
14,3,267,18,0,0.37996765971183777,0.5499999999999999,0
14,3,268,18,0,0.38268592953681946,0.5499999999999999,0
14,3,269,18,0,0.30432724952697754,0.5499999999999999,0
14,3,270,18,0,0.30218377709388733,0.5499999999999999,0
14,3,271,18,0,0.37343883514404297,0.5499999999999999,0
14,3,272,18,0,0.38938239216804504,0.5499999999999999,0
14,3,273,18,0,0.30544570088386536,0.5499999999999999,0
14,3,274,18,0,0.302162766456604,0.5499999999999999,0
14,3,275,18,0,0.29968568682670593,0.5499999999999999,0
14,3,276,18,0,0.29968568682670593,0.5499999999999999,0
14,3,417,33,0,0.3080051839351654,0.5499999999999999,0
14,3,418,33,0,0.3080051839351654,0.5499999999999999,0
14,3,419,33,0,0.3761952221393585,0.5499999999999999,0
14,3,420,33,0,0.2985233664512634,0.5499999999999999,0
14,3,421,33,0,0.29968568682670593,0.5499999999999999,0
14,3,422,33,0,0.38526877760887146,0.5499999999999999,0
14,3,423,33,0,0.2985233664512634,0.5499999999999999,0
14,3,424,33,0,0.4900684654712677,0.5499999999999999,0
14,3,425,33,0,0.29606595635414124,0.5499999999999999,0
14,3,426,33,0,0.2960646450519562,0.5499999999999999,0
14,3,467,38,0,0.3080051839351654,0.5499999999999999,0
14,3,468,38,0,0.2960646450519562,0.5499999999999999,0
14,3,469,38,0,0.5491846799850464,0.5499999999999999,0
14,3,470,38,0,0.303330659866333,0.5499999999999999,0
14,3,471,38,0,0.310519278049469,0.5499999999999999,0
14,3,472,38,0,0.306824654340744,0.5499999999999999,0
14,3,473,38,0,0.2960646450519562,0.5499999999999999,0
14,3,474,38,0,0.38137245178222656,0.5499999999999999,0
14,3,475,38,0,0.2985246479511261,0.5499999999999999,0
14,3,476,38,0,0.3080051839351654,0.5499999999999999,0
14,3,527,44,0,0.47661420702934265,0.5499999999999999,0
14,3,528,44,0,0.2960646450519562,0.5499999999999999,0
14,3,529,44,0,0.37213805317878723,0.5499999999999999,0
14,3,530,44,0,0.38137397170066833,0.5499999999999999,0
14,3,531,44,0,0.37213945388793945,0.5499999999999999,0
14,3,532,44,0,0.3105219900608063,0.5499999999999999,0
14,3,533,44,0,0.3043264150619507,0.5499999999999999,0
14,3,534,44,0,0.29606467485427856,0.5499999999999999,0
14,3,535,44,0,0.29606467485427856,0.5499999999999999,0
14,3,536,44,0,0.29606467485427856,0.5499999999999999,0
14,3,557,47,0,0.2981492877006531,0.5499999999999999,0
14,3,558,47,0,0.29606467485427856,0.5499999999999999,0
14,3,559,47,0,0.2985233664512634,0.5499999999999999,0
14,3,560,47,0,0.2985246777534485,0.5499999999999999,0
14,3,561,47,0,0.2985246777534485,0.5499999999999999,0
14,3,562,47,0,0.2985233664512634,0.5499999999999999,0
14,3,563,47,0,0.29852598905563354,0.5499999999999999,0
14,3,564,47,0,0.2985246777534485,0.5499999999999999,0
14,3,565,47,0,0.2985233664512634,0.5499999999999999,0
14,3,566,47,0,0.2985246479511261,0.5499999999999999,0
14,3,577,49,0,0.2960646450519562,0.5499999999999999,0
14,3,578,49,0,0.29606571793556213,0.5499999999999999,0
14,3,579,49,0,0.29606571793556213,0.5499999999999999,0
14,3,580,49,0,0.29606571793556213,0.5499999999999999,0
14,3,581,49,0,0.38927391171455383,0.5499999999999999,0
14,3,582,49,0,0.306824654340744,0.5499999999999999,0
14,3,583,49,0,0.39339643716812134,0.5499999999999999,0
14,3,584,49,0,0.29606595635414124,0.5499999999999999,0
14,3,585,49,0,0.29606571793556213,0.5499999999999999,0
14,3,586,49,0,0.29606595635414124,0.5499999999999999,0
14,3,607,52,0,0.29852598905563354,0.5499999999999999,0
14,3,608,52,0,0.3872736990451813,0.5499999999999999,0
14,3,609,52,0,0.2985233664512634,0.5499999999999999,0
14,3,610,52,0,0.38546809554100037,0.5499999999999999,0
14,3,611,52,0,0.3068264424800873,0.5499999999999999,0
14,3,612,52,0,0.29606467485427856,0.5499999999999999,0
14,3,613,52,0,0.29606467485427856,0.5499999999999999,0
14,3,614,52,0,0.3790481686592102,0.5499999999999999,0
14,3,615,52,0,0.39114370942115784,0.5499999999999999,0
14,3,616,52,0,0.3929574191570282,0.5499999999999999,0
14,3,697,61,0,0.2985246777534485,0.5499999999999999,0
14,3,698,61,0,0.2985246777534485,0.5499999999999999,0
14,3,699,61,0,0.49646756052970886,0.5499999999999999,0
14,3,700,61,0,0.30432993173599243,0.5499999999999999,0
14,3,701,61,0,0.373434454202652,0.5499999999999999,0
14,3,702,61,0,0.29606467485427856,0.5499999999999999,0
14,3,703,61,0,0.2985233664512634,0.5499999999999999,0
14,3,704,61,0,0.2985233664512634,0.5499999999999999,0
14,3,705,61,0,0.2960672676563263,0.5499999999999999,0
14,3,706,61,0,0.29606571793556213,0.5499999999999999,0
14,3,777,69,0,0.37896600365638733,0.5499999999999999,0
14,3,778,69,0,0.3761937618255615,0.5499999999999999,0
14,3,779,69,0,0.3734358549118042,0.5499999999999999,0
14,3,780,69,0,0.29968705773353577,0.5499999999999999,0
14,3,781,69,0,0.3762129843235016,0.5499999999999999,0
14,3,782,69,0,0.30333420634269714,0.5499999999999999,0
14,3,783,69,0,0.29606467485427856,0.5499999999999999,0
14,3,784,69,0,0.4709111750125885,0.5499999999999999,0
14,3,785,69,0,0.29606595635414124,0.5499999999999999,0
14,3,786,69,0,0.37214094400405884,0.5499999999999999,0
14,3,877,79,0,0.37213945388793945,0.5499999999999999,0
14,3,878,79,0,0.31051793694496155,0.5499999999999999,0
14,3,879,79,0,0.3734329640865326,0.5499999999999999,0
14,3,880,79,0,0.373434454202652,0.5499999999999999,0
14,3,881,79,0,0.3693922758102417,0.5499999999999999,0
14,3,882,79,0,0.3693922758102417,0.5499999999999999,0
14,3,883,79,0,0.3734329640865326,0.5499999999999999,0
14,3,884,79,0,0.3693922758102417,0.5499999999999999,0
14,3,885,79,0,0.3693922758102417,0.5499999999999999,0
14,3,886,79,0,0.3693922758102417,0.5499999999999999,0
14,3,887,80,0,0.2985246777534485,0.5499999999999999,0
14,3,888,80,0,0.303330659866333,0.5499999999999999,0
14,3,889,80,0,0.3021616041660309,0.5499999999999999,0
14,3,890,80,0,0.2985233664512634,0.5499999999999999,0
14,3,891,80,0,0.29606467485427856,0.5499999999999999,0
14,3,892,80,0,0.29606595635414124,0.5499999999999999,0
14,3,893,80,0,0.29606595635414124,0.5499999999999999,0
14,3,894,80,0,0.3933976888656616,0.5499999999999999,0
14,3,895,80,0,0.3043263852596283,0.5499999999999999,0
14,3,896,80,0,0.394624263048172,0.5499999999999999,0
14,4,3,3,1,0.4837537407875061,0.49499999999999994,0
14,4,9,9,1,0.5082358121871948,0.49499999999999994,1
14,4,13,13,1,0.485409677028656,0.49499999999999994,0
14,4,20,20,1,0.5082358717918396,0.49499999999999994,1
14,4,25,25,1,0.5252676010131836,0.49499999999999994,1
14,4,26,26,1,0.48450249433517456,0.49499999999999994,0
14,4,27,27,1,0.5096762180328369,0.49499999999999994,1
14,4,29,29,1,0.48450249433517456,0.49499999999999994,0
14,4,31,31,1,0.5096761584281921,0.49499999999999994,1
14,4,35,35,1,0.5096761584281921,0.49499999999999994,1
14,4,37,37,1,0.5096762180328369,0.49499999999999994,1
14,4,42,42,1,0.48006364703178406,0.49499999999999994,0
14,4,45,45,1,0.4825199544429779,0.49499999999999994,0
14,4,46,46,1,0.5260804295539856,0.49499999999999994,1
14,4,48,48,1,0.4837537407875061,0.49499999999999994,0
14,4,67,67,1,0.5082358717918396,0.49499999999999994,1
14,4,117,3,0,0.4639839828014374,0.49499999999999994,0
14,4,118,3,0,0.4519055485725403,0.49499999999999994,0
14,4,119,3,0,0.4636824429035187,0.49499999999999994,0
14,4,120,3,0,0.46324241161346436,0.49499999999999994,0
14,4,121,3,0,0.45274126529693604,0.49499999999999994,0
14,4,122,3,0,0.4641333222389221,0.49499999999999994,0
14,4,123,3,0,0.4636824429035187,0.49499999999999994,0
14,4,124,3,0,0.45405706763267517,0.49499999999999994,0
14,4,125,3,0,0.46324166655540466,0.49499999999999994,0
14,4,126,3,0,0.4514617323875427,0.49499999999999994,0
14,4,177,9,0,0.4782063961029053,0.49499999999999994,0
14,4,178,9,0,0.45101967453956604,0.49499999999999994,0
14,4,179,9,0,0.4503616392612457,0.49499999999999994,0
14,4,180,9,0,0.4503619074821472,0.49499999999999994,0
14,4,181,9,0,0.4503619074821472,0.49499999999999994,0
14,4,182,9,0,0.45101967453956604,0.49499999999999994,0
14,4,183,9,0,0.46324166655540466,0.49499999999999994,0
14,4,184,9,0,0.4503621459007263,0.49499999999999994,0
14,4,185,9,0,0.45101943612098694,0.49499999999999994,0
14,4,186,9,0,0.4525126814842224,0.49499999999999994,0
14,4,217,13,0,0.4518556296825409,0.49499999999999994,0
14,4,218,13,0,0.4503619074821472,0.49499999999999994,0
14,4,219,13,0,0.45036235451698303,0.49499999999999994,0
14,4,220,13,0,0.45036250352859497,0.49499999999999994,0
14,4,221,13,0,0.4522978961467743,0.49499999999999994,0
14,4,222,13,0,0.45146211981773376,0.49499999999999994,0
14,4,223,13,0,0.45251262187957764,0.49499999999999994,0
14,4,224,13,0,0.45101872086524963,0.49499999999999994,0
14,4,225,13,0,0.45036181807518005,0.49499999999999994,0
14,4,226,13,0,0.4503619074821472,0.49499999999999994,0
14,4,287,20,0,0.4813527762889862,0.49499999999999994,0
14,4,288,20,0,0.46369510889053345,0.49499999999999994,0
14,4,289,20,0,0.47993114590644836,0.49499999999999994,0
14,4,290,20,0,0.4510190188884735,0.49499999999999994,0
14,4,291,20,0,0.5096762180328369,0.49499999999999994,1
14,4,292,20,0,0.4503616690635681,0.49499999999999994,0
14,4,293,20,0,0.45080432295799255,0.49499999999999994,0
14,4,294,20,0,0.4701719582080841,0.49499999999999994,0
14,4,295,20,0,0.45036160945892334,0.49499999999999994,0
14,4,296,20,0,0.45185548067092896,0.49499999999999994,0
14,4,337,25,0,0.4503616988658905,0.49499999999999994,0
14,4,338,25,0,0.45036160945892334,0.49499999999999994,0
14,4,339,25,0,0.4503616392612457,0.49499999999999994,0
14,4,340,25,0,0.4503616392612457,0.49499999999999994,0
14,4,341,25,0,0.4503619074821472,0.49499999999999994,0
14,4,342,25,0,0.5096762180328369,0.49499999999999994,1
14,4,343,25,0,0.46324145793914795,0.49499999999999994,0
14,4,344,25,0,0.463241845369339,0.49499999999999994,0
14,4,345,25,0,0.4636925458908081,0.49499999999999994,0
14,4,346,25,0,0.46324166655540466,0.49499999999999994,0
14,4,347,26,0,0.4668138921260834,0.49499999999999994,0
14,4,348,26,0,0.45080459117889404,0.49499999999999994,0
14,4,349,26,0,0.4647422134876251,0.49499999999999994,0
14,4,350,26,0,0.4648323357105255,0.49499999999999994,0
14,4,351,26,0,0.4632418751716614,0.49499999999999994,0
14,4,352,26,0,0.45080459117889404,0.49499999999999994,0
14,4,353,26,0,0.4633246958255768,0.49499999999999994,0
14,4,354,26,0,0.4633244276046753,0.49499999999999994,0
14,4,355,26,0,0.4503616690635681,0.49499999999999994,0
14,4,356,26,0,0.4503616392612457,0.49499999999999994,0
14,4,357,27,0,0.4632418155670166,0.49499999999999994,0
14,4,358,27,0,0.46324166655540466,0.49499999999999994,0
14,4,359,27,0,0.46324166655540466,0.49499999999999994,0
14,4,360,27,0,0.4648323655128479,0.49499999999999994,0
14,4,361,27,0,0.46369242668151855,0.49499999999999994,0
14,4,362,27,0,0.48187026381492615,0.49499999999999994,0
14,4,363,27,0,0.46369293332099915,0.49499999999999994,0
14,4,364,27,0,0.4636925458908081,0.49499999999999994,0
14,4,365,27,0,0.4503629207611084,0.49499999999999994,0
14,4,366,27,0,0.4503616690635681,0.49499999999999994,0
14,4,377,29,0,0.481222927570343,0.49499999999999994,0
14,4,378,29,0,0.4636922776699066,0.49499999999999994,0
14,4,379,29,0,0.46324342489242554,0.49499999999999994,0
14,4,380,29,0,0.4632434546947479,0.49499999999999994,0
14,4,381,29,0,0.4636925160884857,0.49499999999999994,0
14,4,382,29,0,0.4636927545070648,0.49499999999999994,0
14,4,383,29,0,0.46726366877555847,0.49499999999999994,0
14,4,384,29,0,0.451018750667572,0.49499999999999994,0
14,4,385,29,0,0.451018750667572,0.49499999999999994,0
14,4,386,29,0,0.45080459117889404,0.49499999999999994,0
14,4,397,31,0,0.45080432295799255,0.49499999999999994,0
14,4,398,31,0,0.45080453157424927,0.49499999999999994,0
14,4,399,31,0,0.45080459117889404,0.49499999999999994,0
14,4,400,31,0,0.4514614939689636,0.49499999999999994,0
14,4,401,31,0,0.4503619074821472,0.49499999999999994,0
14,4,402,31,0,0.45080453157424927,0.49499999999999994,0
14,4,403,31,0,0.45080429315567017,0.49499999999999994,0
14,4,404,31,0,0.45080429315567017,0.49499999999999994,0
14,4,405,31,0,0.45185479521751404,0.49499999999999994,0
14,4,406,31,0,0.46258172392845154,0.49499999999999994,0
14,4,437,35,0,0.4518550634384155,0.49499999999999994,0
14,4,438,35,0,0.45036160945892334,0.49499999999999994,0
14,4,439,35,0,0.4503616392612457,0.49499999999999994,0
14,4,440,35,0,0.46864256262779236,0.49499999999999994,0
14,4,441,35,0,0.4503616690635681,0.49499999999999994,0
14,4,442,35,0,0.45080459117889404,0.49499999999999994,0
14,4,443,35,0,0.47449740767478943,0.49499999999999994,0
14,4,444,35,0,0.48450249433517456,0.49499999999999994,0
14,4,445,35,0,0.45036187767982483,0.49499999999999994,0
14,4,446,35,0,0.451461523771286,0.49499999999999994,0
14,4,457,37,0,0.4503616392612457,0.49499999999999994,0
14,4,458,37,0,0.4535273313522339,0.49499999999999994,0
14,4,459,37,0,0.46369296312332153,0.49499999999999994,0
14,4,460,37,0,0.45080453157424927,0.49499999999999994,0
14,4,461,37,0,0.45080479979515076,0.49499999999999994,0
14,4,462,37,0,0.45080453157424927,0.49499999999999994,0
14,4,463,37,0,0.45397037267684937,0.49499999999999994,0
14,4,464,37,0,0.45080479979515076,0.49499999999999994,0
14,4,465,37,0,0.4663041830062866,0.49499999999999994,0
14,4,466,37,0,0.45080479979515076,0.49499999999999994,0
14,4,507,42,0,0.4630323052406311,0.49499999999999994,0
14,4,508,42,0,0.46303224563598633,0.49499999999999994,0
14,4,509,42,0,0.4633904993534088,0.49499999999999994,0
14,4,510,42,0,0.45036181807518005,0.49499999999999994,0
14,4,511,42,0,0.45185497403144836,0.49499999999999994,0
14,4,512,42,0,0.4634828567504883,0.49499999999999994,0
14,4,513,42,0,0.4508045017719269,0.49499999999999994,0
14,4,514,42,0,0.46258169412612915,0.49499999999999994,0
14,4,515,42,0,0.45185473561286926,0.49499999999999994,0
14,4,516,42,0,0.4508044421672821,0.49499999999999994,0
14,4,537,45,0,0.45036160945892334,0.49499999999999994,0
14,4,538,45,0,0.4503616392612457,0.49499999999999994,0
14,4,539,45,0,0.45036160945892334,0.49499999999999994,0
14,4,540,45,0,0.45036160945892334,0.49499999999999994,0
14,4,541,45,0,0.45036160945892334,0.49499999999999994,0
14,4,542,45,0,0.45185497403144836,0.49499999999999994,0
14,4,543,45,0,0.46498292684555054,0.49499999999999994,0
14,4,544,45,0,0.46684929728507996,0.49499999999999994,0
14,4,545,45,0,0.4503616392612457,0.49499999999999994,0
14,4,546,45,0,0.4803868532180786,0.49499999999999994,0
14,4,547,46,0,0.4514617323875427,0.49499999999999994,0
14,4,548,46,0,0.46324166655540466,0.49499999999999994,0
14,4,549,46,0,0.46377500891685486,0.49499999999999994,0
14,4,550,46,0,0.4637755751609802,0.49499999999999994,0
14,4,551,46,0,0.45036178827285767,0.49499999999999994,0
14,4,552,46,0,0.45080479979515076,0.49499999999999994,0
14,4,553,46,0,0.4503616392612457,0.49499999999999994,0
14,4,554,46,0,0.48222941160202026,0.49499999999999994,0
14,4,555,46,0,0.4625817537307739,0.49499999999999994,0
14,4,556,46,0,0.45036160945892334,0.49499999999999994,0
14,4,567,48,0,0.45080453157424927,0.49499999999999994,0
14,4,568,48,0,0.45185497403144836,0.49499999999999994,0
14,4,569,48,0,0.45036160945892334,0.49499999999999994,0
14,4,570,48,0,0.4667409062385559,0.49499999999999994,0
14,4,571,48,0,0.4529554545879364,0.49499999999999994,0
14,4,572,48,0,0.45080429315567017,0.49499999999999994,0
14,4,573,48,0,0.4503624141216278,0.49499999999999994,0
14,4,574,48,0,0.4503624141216278,0.49499999999999994,0
14,4,575,48,0,0.45080453157424927,0.49499999999999994,0
14,4,576,48,0,0.45036160945892334,0.49499999999999994,0
14,4,757,67,0,0.4643648862838745,0.49499999999999994,0
14,4,758,67,0,0.46623659133911133,0.49499999999999994,0
14,4,759,67,0,0.462581992149353,0.49499999999999994,0
14,4,760,67,0,0.4632444679737091,0.49499999999999994,0
14,4,761,67,0,0.4648238718509674,0.49499999999999994,0
14,4,762,67,0,0.47754091024398804,0.49499999999999994,0
14,4,763,67,0,0.4518549144268036,0.49499999999999994,0
14,4,764,67,0,0.45101943612098694,0.49499999999999994,0
14,4,765,67,0,0.4648238718509674,0.49499999999999994,0
14,4,766,67,0,0.4630325436592102,0.49499999999999994,0
14,5,0,0,1,0.5386950969696045,0.48999999999999994,1
14,5,4,4,1,0.5541759729385376,0.48999999999999994,1
14,5,11,11,1,0.5533086061477661,0.48999999999999994,1
14,5,21,21,1,0.5658971667289734,0.48999999999999994,1
14,5,36,36,1,0.5382165908813477,0.48999999999999994,1
14,5,40,40,1,0.5382171869277954,0.48999999999999994,1
14,5,51,51,1,0.5270127654075623,0.48999999999999994,1
14,5,56,56,1,0.5541759729385376,0.48999999999999994,1
14,5,59,59,1,0.5354340076446533,0.48999999999999994,1
14,5,60,60,1,0.5354340076446533,0.48999999999999994,1
14,5,63,63,1,0.5658971667289734,0.48999999999999994,1
14,5,64,64,1,0.5382165312767029,0.48999999999999994,1
14,5,65,65,1,0.5382171869277954,0.48999999999999994,1
14,5,73,73,1,0.5541759729385376,0.48999999999999994,1
14,5,74,74,1,0.554175853729248,0.48999999999999994,1
14,5,76,76,1,0.5391168594360352,0.48999999999999994,1
14,5,87,0,0,0.5386951565742493,0.48999999999999994,1
14,5,88,0,0,0.5161417126655579,0.48999999999999994,1
14,5,89,0,0,0.5384371280670166,0.48999999999999994,1
14,5,90,0,0,0.5148746967315674,0.48999999999999994,1
14,5,91,0,0,0.5267241597175598,0.48999999999999994,1
14,5,92,0,0,0.5150088667869568,0.48999999999999994,1
14,5,93,0,0,0.5256438851356506,0.48999999999999994,1
14,5,94,0,0,0.5148746967315674,0.48999999999999994,1
14,5,95,0,0,0.5247344374656677,0.48999999999999994,1
14,5,96,0,0,0.5256441235542297,0.48999999999999994,1
14,5,127,4,0,0.5145845413208008,0.48999999999999994,1
14,5,128,4,0,0.5150616765022278,0.48999999999999994,1
14,5,129,4,0,0.5156412124633789,0.48999999999999994,1
14,5,130,4,0,0.5256274938583374,0.48999999999999994,1
14,5,131,4,0,0.524971067905426,0.48999999999999994,1
14,5,132,4,0,0.5246822834014893,0.48999999999999994,1
14,5,133,4,0,0.5262752771377563,0.48999999999999994,1
14,5,134,4,0,0.52713942527771,0.48999999999999994,1
14,5,135,4,0,0.5162622332572937,0.48999999999999994,1
14,5,136,4,0,0.5166861414909363,0.48999999999999994,1
14,5,197,11,0,0.5150085091590881,0.48999999999999994,1
14,5,198,11,0,0.5145845413208008,0.48999999999999994,1
14,5,199,11,0,0.5247345566749573,0.48999999999999994,1
14,5,200,11,0,0.5145843625068665,0.48999999999999994,1
14,5,201,11,0,0.5145843625068665,0.48999999999999994,1
14,5,202,11,0,0.5243116617202759,0.48999999999999994,1
14,5,203,11,0,0.5145845413208008,0.48999999999999994,1
14,5,204,11,0,0.5145843625068665,0.48999999999999994,1
14,5,205,11,0,0.5246819853782654,0.48999999999999994,1
14,5,206,11,0,0.5249712467193604,0.48999999999999994,1
14,5,297,21,0,0.5148742198944092,0.48999999999999994,1
14,5,298,21,0,0.5265114307403564,0.48999999999999994,1
14,5,299,21,0,0.5154325366020203,0.48999999999999994,1
14,5,300,21,0,0.5250243544578552,0.48999999999999994,1
14,5,301,21,0,0.516261875629425,0.48999999999999994,1
14,5,302,21,0,0.5162620544433594,0.48999999999999994,1
14,5,303,21,0,0.5247347354888916,0.48999999999999994,1
14,5,304,21,0,0.5145843625068665,0.48999999999999994,1
14,5,305,21,0,0.5145843625068665,0.48999999999999994,1
14,5,306,21,0,0.5238173007965088,0.48999999999999994,1
14,5,447,36,0,0.5242583155632019,0.48999999999999994,1
14,5,448,36,0,0.525023877620697,0.48999999999999994,1
14,5,449,36,0,0.5265668630599976,0.48999999999999994,1
14,5,450,36,0,0.5163149833679199,0.48999999999999994,1
14,5,451,36,0,0.5145845413208008,0.48999999999999994,1
14,5,452,36,0,0.5246818661689758,0.48999999999999994,1
14,5,453,36,0,0.5148743391036987,0.48999999999999994,1
14,5,454,36,0,0.5148746371269226,0.48999999999999994,1
14,5,455,36,0,0.5242583155632019,0.48999999999999994,1
14,5,456,36,0,0.5265668630599976,0.48999999999999994,1
14,5,487,40,0,0.5159722566604614,0.48999999999999994,1
14,5,488,40,0,0.5300949215888977,0.48999999999999994,1
14,5,489,40,0,0.5155481696128845,0.48999999999999994,1
14,5,490,40,0,0.5145843625068665,0.48999999999999994,1
14,5,491,40,0,0.5145843625068665,0.48999999999999994,1
14,5,492,40,0,0.514584481716156,0.48999999999999994,1
14,5,493,40,0,0.5148742198944092,0.48999999999999994,1
14,5,494,40,0,0.5256438851356506,0.48999999999999994,1
14,5,495,40,0,0.5533086061477661,0.48999999999999994,1
14,5,496,40,0,0.5242584347724915,0.48999999999999994,1
14,5,597,51,0,0.5354341268539429,0.48999999999999994,1
14,5,598,51,0,0.5252600312232971,0.48999999999999994,1
14,5,599,51,0,0.5242583155632019,0.48999999999999994,1
14,5,600,51,0,0.5258543491363525,0.48999999999999994,1
14,5,601,51,0,0.5147953033447266,0.48999999999999994,1
14,5,602,51,0,0.5255099534988403,0.48999999999999994,1
14,5,603,51,0,0.5252600312232971,0.48999999999999994,1
14,5,604,51,0,0.525854229927063,0.48999999999999994,1
14,5,605,51,0,0.5155484080314636,0.48999999999999994,1
14,5,606,51,0,0.5148743987083435,0.48999999999999994,1
14,5,647,56,0,0.5252600312232971,0.48999999999999994,1
14,5,648,56,0,0.5354341268539429,0.48999999999999994,1
14,5,649,56,0,0.5148744583129883,0.48999999999999994,1
14,5,650,56,0,0.5250243544578552,0.48999999999999994,1
14,5,651,56,0,0.5145843625068665,0.48999999999999994,1
14,5,652,56,0,0.5145843625068665,0.48999999999999994,1
14,5,653,56,0,0.5145843625068665,0.48999999999999994,1
14,5,654,56,0,0.5155482888221741,0.48999999999999994,1
14,5,655,56,0,0.5247345566749573,0.48999999999999994,1
14,5,656,56,0,0.5248895883560181,0.48999999999999994,1
14,5,677,59,0,0.5148742198944092,0.48999999999999994,1
14,5,678,59,0,0.5145845413208008,0.48999999999999994,1
14,5,679,59,0,0.5145843625068665,0.48999999999999994,1
14,5,680,59,0,0.5145843625068665,0.48999999999999994,1
14,5,681,59,0,0.5145843625068665,0.48999999999999994,1
14,5,682,59,0,0.514584481716156,0.48999999999999994,1
14,5,683,59,0,0.5145845413208008,0.48999999999999994,1
14,5,684,59,0,0.5158379077911377,0.48999999999999994,1
14,5,685,59,0,0.5250692963600159,0.48999999999999994,1
14,5,686,59,0,0.5145845413208008,0.48999999999999994,1
14,5,687,60,0,0.5155482888221741,0.48999999999999994,1
14,5,688,60,0,0.5148740410804749,0.48999999999999994,1
14,5,689,60,0,0.5148741006851196,0.48999999999999994,1
14,5,690,60,0,0.5145843625068665,0.48999999999999994,1
14,5,691,60,0,0.5249149203300476,0.48999999999999994,1
14,5,692,60,0,0.5252030491828918,0.48999999999999994,1
14,5,693,60,0,0.5148742198944092,0.48999999999999994,1
14,5,694,60,0,0.5145843625068665,0.48999999999999994,1
14,5,695,60,0,0.5357999801635742,0.48999999999999994,1
14,5,696,60,0,0.5247345566749573,0.48999999999999994,1
14,5,717,63,0,0.5238175392150879,0.48999999999999994,1
14,5,718,63,0,0.5145843625068665,0.48999999999999994,1
14,5,719,63,0,0.5145843625068665,0.48999999999999994,1
14,5,720,63,0,0.5145844221115112,0.48999999999999994,1
14,5,721,63,0,0.5261847376823425,0.48999999999999994,1
14,5,722,63,0,0.5155482888221741,0.48999999999999994,1
14,5,723,63,0,0.5145845413208008,0.48999999999999994,1
14,5,724,63,0,0.5148749351501465,0.48999999999999994,1
14,5,725,63,0,0.5148743391036987,0.48999999999999994,1
14,5,726,63,0,0.5145845413208008,0.48999999999999994,1
14,5,727,64,0,0.5145845413208008,0.48999999999999994,1
14,5,728,64,0,0.5145843625068665,0.48999999999999994,1
14,5,729,64,0,0.5145845413208008,0.48999999999999994,1
14,5,730,64,0,0.5150618553161621,0.48999999999999994,1
14,5,731,64,0,0.5148742198944092,0.48999999999999994,1
14,5,732,64,0,0.5155481100082397,0.48999999999999994,1
14,5,733,64,0,0.5155483484268188,0.48999999999999994,1
14,5,734,64,0,0.5145843625068665,0.48999999999999994,1
14,5,735,64,0,0.5145843625068665,0.48999999999999994,1
14,5,736,64,0,0.5145843625068665,0.48999999999999994,1
14,5,737,65,0,0.5252030491828918,0.48999999999999994,1
14,5,738,65,0,0.5162625312805176,0.48999999999999994,1
14,5,739,65,0,0.5265896320343018,0.48999999999999994,1
14,5,740,65,0,0.5155481100082397,0.48999999999999994,1
14,5,741,65,0,0.5145843625068665,0.48999999999999994,1
14,5,742,65,0,0.5145843625068665,0.48999999999999994,1
14,5,743,65,0,0.5157107710838318,0.48999999999999994,1
14,5,744,65,0,0.514584481716156,0.48999999999999994,1
14,5,745,65,0,0.5145843625068665,0.48999999999999994,1
14,5,746,65,0,0.514584481716156,0.48999999999999994,1
14,5,817,73,0,0.5150086879730225,0.48999999999999994,1
14,5,818,73,0,0.5150086283683777,0.48999999999999994,1
14,5,819,73,0,0.5150086283683777,0.48999999999999994,1
14,5,820,73,0,0.5150086879730225,0.48999999999999994,1
14,5,821,73,0,0.5150087475776672,0.48999999999999994,1
14,5,822,73,0,0.5150085687637329,0.48999999999999994,1
14,5,823,73,0,0.515008807182312,0.48999999999999994,1
14,5,824,73,0,0.5150089263916016,0.48999999999999994,1
14,5,825,73,0,0.5145845413208008,0.48999999999999994,1
14,5,826,73,0,0.5249726176261902,0.48999999999999994,1
14,5,827,74,0,0.5145845413208008,0.48999999999999994,1
14,5,828,74,0,0.5246822237968445,0.48999999999999994,1
14,5,829,74,0,0.5258772373199463,0.48999999999999994,1
14,5,830,74,0,0.5252603888511658,0.48999999999999994,1
14,5,831,74,0,0.5150085091590881,0.48999999999999994,1
14,5,832,74,0,0.5150085091590881,0.48999999999999994,1
14,5,833,74,0,0.5145845413208008,0.48999999999999994,1
14,5,834,74,0,0.514584481716156,0.48999999999999994,1
14,5,835,74,0,0.5159724950790405,0.48999999999999994,1
14,5,836,74,0,0.515008807182312,0.48999999999999994,1
14,5,847,76,0,0.5150089263916016,0.48999999999999994,1
14,5,848,76,0,0.5148742198944092,0.48999999999999994,1
14,5,849,76,0,0.5150086283683777,0.48999999999999994,1
14,5,850,76,0,0.5258769989013672,0.48999999999999994,1
14,5,851,76,0,0.5253382921218872,0.48999999999999994,1
14,5,852,76,0,0.5354342460632324,0.48999999999999994,1
14,5,853,76,0,0.5242582559585571,0.48999999999999994,1
14,5,854,76,0,0.5246816277503967,0.48999999999999994,1
14,5,855,76,0,0.5242582559585571,0.48999999999999994,1
14,5,856,76,0,0.5148740410804749,0.48999999999999994,1
15,1,8,8,1,0.40262576937675476,0.5499999999999999,0
15,1,16,16,1,0.4300491511821747,0.5499999999999999,0
15,1,22,22,1,0.4300491511821747,0.5499999999999999,0
15,1,25,25,1,0.4703727066516876,0.5499999999999999,0
15,1,27,27,1,0.4334668517112732,0.5499999999999999,0
15,1,31,31,1,0.4334668517112732,0.5499999999999999,0
15,1,34,34,1,0.4334668517112732,0.5499999999999999,0
15,1,36,36,1,0.3918125629425049,0.5499999999999999,0
15,1,40,40,1,0.3918147087097168,0.5499999999999999,0
15,1,43,43,1,0.3850913345813751,0.5499999999999999,0
15,1,44,44,1,0.3871188461780548,0.5499999999999999,0
15,1,45,45,1,0.3873620629310608,0.5499999999999999,0
15,1,46,46,1,0.4730278253555298,0.5499999999999999,0
15,1,50,50,1,0.41304782032966614,0.5499999999999999,0
15,1,51,51,1,0.3770594298839569,0.5499999999999999,0
15,1,56,56,1,0.4334668517112732,0.5499999999999999,0
15,1,69,69,1,0.40324804186820984,0.5499999999999999,0
15,1,167,8,0,0.3533281981945038,0.5499999999999999,0
15,1,168,8,0,0.35410067439079285,0.5499999999999999,0
15,1,169,8,0,0.3724355399608612,0.5499999999999999,0
15,1,170,8,0,0.35410067439079285,0.5499999999999999,0
15,1,171,8,0,0.3533281981945038,0.5499999999999999,0
15,1,172,8,0,0.3545869290828705,0.5499999999999999,0
15,1,173,8,0,0.3715367615222931,0.5499999999999999,0
15,1,174,8,0,0.3533281981945038,0.5499999999999999,0
15,1,175,8,0,0.3710709810256958,0.5499999999999999,0
15,1,176,8,0,0.3533281981945038,0.5499999999999999,0
15,1,247,16,0,0.3715367615222931,0.5499999999999999,0
15,1,248,16,0,0.37074804306030273,0.5499999999999999,0
15,1,249,16,0,0.3715367615222931,0.5499999999999999,0
15,1,250,16,0,0.3533281981945038,0.5499999999999999,0
15,1,251,16,0,0.35332822799682617,0.5499999999999999,0
15,1,252,16,0,0.3715367615222931,0.5499999999999999,0
15,1,253,16,0,0.35410070419311523,0.5499999999999999,0
15,1,254,16,0,0.3720511794090271,0.5499999999999999,0
15,1,255,16,0,0.3720511794090271,0.5499999999999999,0
15,1,256,16,0,0.3715367615222931,0.5499999999999999,0
15,1,307,22,0,0.3717150092124939,0.5499999999999999,0
15,1,308,22,0,0.3533281981945038,0.5499999999999999,0
15,1,309,22,0,0.35332822799682617,0.5499999999999999,0
15,1,310,22,0,0.3533281981945038,0.5499999999999999,0
15,1,311,22,0,0.3533281981945038,0.5499999999999999,0
15,1,312,22,0,0.3533281981945038,0.5499999999999999,0
15,1,313,22,0,0.3533281981945038,0.5499999999999999,0
15,1,314,22,0,0.35383161902427673,0.5499999999999999,0
15,1,315,22,0,0.3533281981945038,0.5499999999999999,0
15,1,316,22,0,0.3533281981945038,0.5499999999999999,0
15,1,337,25,0,0.3533281981945038,0.5499999999999999,0
15,1,338,25,0,0.3533281981945038,0.5499999999999999,0
15,1,339,25,0,0.35332822799682617,0.5499999999999999,0
15,1,340,25,0,0.3533281981945038,0.5499999999999999,0
15,1,341,25,0,0.35332822799682617,0.5499999999999999,0
15,1,342,25,0,0.4334668517112732,0.5499999999999999,0
15,1,343,25,0,0.3714977204799652,0.5499999999999999,0
15,1,344,25,0,0.3715367615222931,0.5499999999999999,0
15,1,345,25,0,0.3715367615222931,0.5499999999999999,0
15,1,346,25,0,0.3715367615222931,0.5499999999999999,0
15,1,357,27,0,0.3715367615222931,0.5499999999999999,0
15,1,358,27,0,0.3715367615222931,0.5499999999999999,0
15,1,359,27,0,0.3715367615222931,0.5499999999999999,0
15,1,360,27,0,0.3707481026649475,0.5499999999999999,0
15,1,361,27,0,0.3715367615222931,0.5499999999999999,0
15,1,362,27,0,0.40084996819496155,0.5499999999999999,0
15,1,363,27,0,0.3715367615222931,0.5499999999999999,0
15,1,364,27,0,0.3715367615222931,0.5499999999999999,0
15,1,365,27,0,0.3533281981945038,0.5499999999999999,0
15,1,366,27,0,0.35332822799682617,0.5499999999999999,0
15,1,397,31,0,0.3533281981945038,0.5499999999999999,0
15,1,398,31,0,0.3533281981945038,0.5499999999999999,0
15,1,399,31,0,0.3533281981945038,0.5499999999999999,0
15,1,400,31,0,0.35410067439079285,0.5499999999999999,0
15,1,401,31,0,0.35332822799682617,0.5499999999999999,0
15,1,402,31,0,0.3533281981945038,0.5499999999999999,0
15,1,403,31,0,0.3533281981945038,0.5499999999999999,0
15,1,404,31,0,0.3533281981945038,0.5499999999999999,0
15,1,405,31,0,0.35383161902427673,0.5499999999999999,0
15,1,406,31,0,0.37074804306030273,0.5499999999999999,0
15,1,427,34,0,0.3862817883491516,0.5499999999999999,0
15,1,428,34,0,0.3862808346748352,0.5499999999999999,0
15,1,429,34,0,0.3533281981945038,0.5499999999999999,0
15,1,430,34,0,0.3533281981945038,0.5499999999999999,0
15,1,431,34,0,0.35332828760147095,0.5499999999999999,0
15,1,432,34,0,0.35332822799682617,0.5499999999999999,0
15,1,433,34,0,0.35332822799682617,0.5499999999999999,0
15,1,434,34,0,0.39477407932281494,0.5499999999999999,0
15,1,435,34,0,0.3533281981945038,0.5499999999999999,0
15,1,436,34,0,0.35332822799682617,0.5499999999999999,0
15,1,447,36,0,0.37074804306030273,0.5499999999999999,0
15,1,448,36,0,0.3717150092124939,0.5499999999999999,0
15,1,449,36,0,0.37449315190315247,0.5499999999999999,0
15,1,450,36,0,0.3546046018600464,0.5499999999999999,0
15,1,451,36,0,0.3533281981945038,0.5499999999999999,0
15,1,452,36,0,0.3714977204799652,0.5499999999999999,0
15,1,453,36,0,0.3533281981945038,0.5499999999999999,0
15,1,454,36,0,0.3533281981945038,0.5499999999999999,0
15,1,455,36,0,0.37074804306030273,0.5499999999999999,0
15,1,456,36,0,0.37449315190315247,0.5499999999999999,0
15,1,487,40,0,0.3546046316623688,0.5499999999999999,0
15,1,488,40,0,0.37669405341148376,0.5499999999999999,0
15,1,489,40,0,0.3538316488265991,0.5499999999999999,0
15,1,490,40,0,0.35332822799682617,0.5499999999999999,0
15,1,491,40,0,0.3533281981945038,0.5499999999999999,0
15,1,492,40,0,0.35332822799682617,0.5499999999999999,0
15,1,493,40,0,0.3533281981945038,0.5499999999999999,0
15,1,494,40,0,0.37201207876205444,0.5499999999999999,0
15,1,495,40,0,0.4300491511821747,0.5499999999999999,0
15,1,496,40,0,0.37074804306030273,0.5499999999999999,0
15,1,517,43,0,0.36927399039268494,0.5499999999999999,0
15,1,518,43,0,0.36927399039268494,0.5499999999999999,0
15,1,519,43,0,0.35383161902427673,0.5499999999999999,0
15,1,520,43,0,0.3533281981945038,0.5499999999999999,0
15,1,521,43,0,0.3533281981945038,0.5499999999999999,0
15,1,522,43,0,0.3533281981945038,0.5499999999999999,0
15,1,523,43,0,0.3533281981945038,0.5499999999999999,0
15,1,524,43,0,0.3533281981945038,0.5499999999999999,0
15,1,525,43,0,0.35332822799682617,0.5499999999999999,0
15,1,526,43,0,0.35332822799682617,0.5499999999999999,0
15,1,527,44,0,0.38528770208358765,0.5499999999999999,0
15,1,528,44,0,0.3533281981945038,0.5499999999999999,0
15,1,529,44,0,0.3707481026649475,0.5499999999999999,0
15,1,530,44,0,0.3712620735168457,0.5499999999999999,0
15,1,531,44,0,0.3707481026649475,0.5499999999999999,0
15,1,532,44,0,0.3546046018600464,0.5499999999999999,0
15,1,533,44,0,0.35383161902427673,0.5499999999999999,0
15,1,534,44,0,0.3533281981945038,0.5499999999999999,0
15,1,535,44,0,0.3533281981945038,0.5499999999999999,0
15,1,536,44,0,0.3533281981945038,0.5499999999999999,0
15,1,537,45,0,0.3533281981945038,0.5499999999999999,0
15,1,538,45,0,0.35332822799682617,0.5499999999999999,0
15,1,539,45,0,0.3533281981945038,0.5499999999999999,0
15,1,540,45,0,0.3533281981945038,0.5499999999999999,0
15,1,541,45,0,0.3533281981945038,0.5499999999999999,0
15,1,542,45,0,0.35383161902427673,0.5499999999999999,0
15,1,543,45,0,0.3712620437145233,0.5499999999999999,0
15,1,544,45,0,0.36546385288238525,0.5499999999999999,0
15,1,545,45,0,0.35332822799682617,0.5499999999999999,0
15,1,546,45,0,0.38711920380592346,0.5499999999999999,0
15,1,547,46,0,0.35410067439079285,0.5499999999999999,0
15,1,548,46,0,0.3715367615222931,0.5499999999999999,0
15,1,549,46,0,0.3717150092124939,0.5499999999999999,0
15,1,550,46,0,0.3717150092124939,0.5499999999999999,0
15,1,551,46,0,0.3533281981945038,0.5499999999999999,0
15,1,552,46,0,0.3533281981945038,0.5499999999999999,0
15,1,553,46,0,0.3533281981945038,0.5499999999999999,0
15,1,554,46,0,0.40288710594177246,0.5499999999999999,0
15,1,555,46,0,0.3707481026649475,0.5499999999999999,0
15,1,556,46,0,0.35332822799682617,0.5499999999999999,0
15,1,587,50,0,0.3533281981945038,0.5499999999999999,0
15,1,588,50,0,0.35332822799682617,0.5499999999999999,0
15,1,589,50,0,0.36546388268470764,0.5499999999999999,0
15,1,590,50,0,0.3538316488265991,0.5499999999999999,0
15,1,591,50,0,0.39477455615997314,0.5499999999999999,0
15,1,592,50,0,0.3533281981945038,0.5499999999999999,0
15,1,593,50,0,0.3755125403404236,0.5499999999999999,0
15,1,594,50,0,0.3533281981945038,0.5499999999999999,0
15,1,595,50,0,0.3533281981945038,0.5499999999999999,0
15,1,596,50,0,0.3533281981945038,0.5499999999999999,0
15,1,597,51,0,0.3850918710231781,0.5499999999999999,0
15,1,598,51,0,0.3715367615222931,0.5499999999999999,0
15,1,599,51,0,0.3707481026649475,0.5499999999999999,0
15,1,600,51,0,0.37370193004608154,0.5499999999999999,0
15,1,601,51,0,0.35498112440109253,0.5499999999999999,0
15,1,602,51,0,0.3712620437145233,0.5499999999999999,0
15,1,603,51,0,0.3708733022212982,0.5499999999999999,0
15,1,604,51,0,0.37370193004608154,0.5499999999999999,0
15,1,605,51,0,0.35383161902427673,0.5499999999999999,0
15,1,606,51,0,0.3533281981945038,0.5499999999999999,0
15,1,647,56,0,0.3708733022212982,0.5499999999999999,0
15,1,648,56,0,0.3850918710231781,0.5499999999999999,0
15,1,649,56,0,0.3533281981945038,0.5499999999999999,0
15,1,650,56,0,0.3717150092124939,0.5499999999999999,0
15,1,651,56,0,0.3533281981945038,0.5499999999999999,0
15,1,652,56,0,0.3533281981945038,0.5499999999999999,0
15,1,653,56,0,0.3533281981945038,0.5499999999999999,0
15,1,654,56,0,0.35383161902427673,0.5499999999999999,0
15,1,655,56,0,0.3717150092124939,0.5499999999999999,0
15,1,656,56,0,0.3709262013435364,0.5499999999999999,0
15,1,777,69,0,0.3715367615222931,0.5499999999999999,0
15,1,778,69,0,0.3715367615222931,0.5499999999999999,0
15,1,779,69,0,0.3715367615222931,0.5499999999999999,0
15,1,780,69,0,0.35410070419311523,0.5499999999999999,0
15,1,781,69,0,0.3715367615222931,0.5499999999999999,0
15,1,782,69,0,0.3545869290828705,0.5499999999999999,0
15,1,783,69,0,0.3533281981945038,0.5499999999999999,0
15,1,784,69,0,0.3957653343677521,0.5499999999999999,0
15,1,785,69,0,0.35332822799682617,0.5499999999999999,0
15,1,786,69,0,0.37074804306030273,0.5499999999999999,0
15,2,4,4,1,0.9853292107582092,0.48499999999999993,1
15,2,6,6,1,0.9972718358039856,0.48499999999999993,1
15,2,7,7,1,0.8313547372817993,0.48499999999999993,1
15,2,9,9,1,0.9828436374664307,0.48499999999999993,1
15,2,13,13,1,0.8442177772521973,0.48499999999999993,1
15,2,21,21,1,0.9972718358039856,0.48499999999999993,1
15,2,24,24,1,0.9853292107582092,0.48499999999999993,1
15,2,49,49,1,0.813429594039917,0.48499999999999993,1
15,2,59,59,1,0.7538388967514038,0.48499999999999993,1
15,2,60,60,1,0.7538388967514038,0.48499999999999993,1
15,2,64,64,1,0.8313547372817993,0.48499999999999993,1
15,2,70,70,1,0.8313695192337036,0.48499999999999993,1
15,2,71,71,1,0.4457007944583893,0.48499999999999993,0
15,2,72,72,1,0.9836387634277344,0.48499999999999993,1
15,2,74,74,1,0.9853292107582092,0.48499999999999993,1
15,2,75,75,1,0.8771937489509583,0.48499999999999993,1
15,2,127,4,0,0.10763856023550034,0.48499999999999993,0
15,2,128,4,0,0.11548633128404617,0.48499999999999993,0
15,2,129,4,0,0.12568241357803345,0.48499999999999993,0
15,2,130,4,0,0.4231155812740326,0.48499999999999993,0
15,2,131,4,0,0.34921973943710327,0.48499999999999993,0
15,2,132,4,0,0.3383882939815521,0.48499999999999993,0
15,2,133,4,0,0.39962315559387207,0.48499999999999993,0
15,2,134,4,0,0.4345482885837555,0.48499999999999993,0
15,2,135,4,0,0.13745570182800293,0.48499999999999993,0
15,2,136,4,0,0.1460152417421341,0.48499999999999993,0
15,2,147,6,0,0.12400030344724655,0.48499999999999993,0
15,2,148,6,0,0.15249881148338318,0.48499999999999993,0
15,2,149,6,0,0.3560062348842621,0.48499999999999993,0
15,2,150,6,0,0.35088884830474854,0.48499999999999993,0
15,2,151,6,0,0.338363915681839,0.48499999999999993,0
15,2,152,6,0,0.3322686553001404,0.48499999999999993,0
15,2,153,6,0,0.333398699760437,0.48499999999999993,0
15,2,154,6,0,0.13185498118400574,0.48499999999999993,0
15,2,155,6,0,0.3227926194667816,0.48499999999999993,0
15,2,156,6,0,0.4001552164554596,0.48499999999999993,0
15,2,157,7,0,0.11458544433116913,0.48499999999999993,0
15,2,158,7,0,0.11459063738584518,0.48499999999999993,0
15,2,159,7,0,0.11234807968139648,0.48499999999999993,0
15,2,160,7,0,0.3383658528327942,0.48499999999999993,0
15,2,161,7,0,0.32278701663017273,0.48499999999999993,0
15,2,162,7,0,0.32278701663017273,0.48499999999999993,0
15,2,163,7,0,0.33226293325424194,0.48499999999999993,0
15,2,164,7,0,0.12193311005830765,0.48499999999999993,0
15,2,165,7,0,0.33227428793907166,0.48499999999999993,0
15,2,166,7,0,0.33838531374931335,0.48499999999999993,0
15,2,177,9,0,0.7342624068260193,0.48499999999999993,1
15,2,178,9,0,0.11459584534168243,0.48499999999999993,0
15,2,179,9,0,0.10763609409332275,0.48499999999999993,0
15,2,180,9,0,0.10763856023550034,0.48499999999999993,0
15,2,181,9,0,0.10763856023550034,0.48499999999999993,0
15,2,182,9,0,0.11459557712078094,0.48499999999999993,0
15,2,183,9,0,0.3383658528327942,0.48499999999999993,0
15,2,184,9,0,0.10764103382825851,0.48499999999999993,0
15,2,185,9,0,0.11459323763847351,0.48499999999999993,0
15,2,186,9,0,0.13185004889965057,0.48499999999999993,0
15,2,217,13,0,0.12400496751070023,0.48499999999999993,0
15,2,218,13,0,0.10763856023550034,0.48499999999999993,0
15,2,219,13,0,0.1076435074210167,0.48499999999999993,0
15,2,220,13,0,0.10764515399932861,0.48499999999999993,0
15,2,221,13,0,0.12931519746780396,0.48499999999999993,0
15,2,222,13,0,0.11956266313791275,0.48499999999999993,0
15,2,223,13,0,0.13184905052185059,0.48499999999999993,0
15,2,224,13,0,0.11458546668291092,0.48499999999999993,0
15,2,225,13,0,0.10763774067163467,0.48499999999999993,0
15,2,226,13,0,0.10763856023550034,0.48499999999999993,0
15,2,297,21,0,0.11234550178050995,0.48499999999999993,0
15,2,298,21,0,0.40942713618278503,0.48499999999999993,0
15,2,299,21,0,0.12192490696907043,0.48499999999999993,0
15,2,300,21,0,0.3509086072444916,0.48499999999999993,0
15,2,301,21,0,0.13744862377643585,0.48499999999999993,0
15,2,302,21,0,0.1374516785144806,0.48499999999999993,0
15,2,303,21,0,0.34002169966697693,0.48499999999999993,0
15,2,304,21,0,0.10763611644506454,0.48499999999999993,0
15,2,305,21,0,0.10763613879680634,0.48499999999999993,0
15,2,306,21,0,0.3585711717605591,0.48499999999999993,0
15,2,327,24,0,0.10763856023550034,0.48499999999999993,0
15,2,328,24,0,0.10763850808143616,0.48499999999999993,0
15,2,329,24,0,0.1123429536819458,0.48499999999999993,0
15,2,330,24,0,0.10763856023550034,0.48499999999999993,0
15,2,331,24,0,0.413094699382782,0.48499999999999993,0
15,2,332,24,0,0.11234550178050995,0.48499999999999993,0
15,2,333,24,0,0.11234550178050995,0.48499999999999993,0
15,2,334,24,0,0.11234550178050995,0.48499999999999993,0
15,2,335,24,0,0.10763856023550034,0.48499999999999993,0
15,2,336,24,0,0.11234548687934875,0.48499999999999993,0
15,2,577,49,0,0.10763609409332275,0.48499999999999993,0
15,2,578,49,0,0.10763809829950333,0.48499999999999993,0
15,2,579,49,0,0.10763809829950333,0.48499999999999993,0
15,2,580,49,0,0.10763809829950333,0.48499999999999993,0
15,2,581,49,0,0.39614132046699524,0.48499999999999993,0
15,2,582,49,0,0.12931522727012634,0.48499999999999993,0
15,2,583,49,0,0.41309475898742676,0.48499999999999993,0
15,2,584,49,0,0.10763853788375854,0.48499999999999993,0
15,2,585,49,0,0.10763809829950333,0.48499999999999993,0
15,2,586,49,0,0.10763856023550034,0.48499999999999993,0
15,2,677,59,0,0.11234553158283234,0.48499999999999993,0
15,2,678,59,0,0.10763856023550034,0.48499999999999993,0
15,2,679,59,0,0.10763609409332275,0.48499999999999993,0
15,2,680,59,0,0.10763609409332275,0.48499999999999993,0
15,2,681,59,0,0.10763609409332275,0.48499999999999993,0
15,2,682,59,0,0.10763809829950333,0.48499999999999993,0
15,2,683,59,0,0.10763809829950333,0.48499999999999993,0
15,2,684,59,0,0.12931522727012634,0.48499999999999993,0
15,2,685,59,0,0.40771549940109253,0.48499999999999993,0
15,2,686,59,0,0.10763853788375854,0.48499999999999993,0
15,2,687,60,0,0.12399662286043167,0.48499999999999993,0
15,2,688,60,0,0.112342968583107,0.48499999999999993,0
15,2,689,60,0,0.1123429536819458,0.48499999999999993,0
15,2,690,60,0,0.10763609409332275,0.48499999999999993,0
15,2,691,60,0,0.3944922685623169,0.48499999999999993,0
15,2,692,60,0,0.41309547424316406,0.48499999999999993,0
15,2,693,60,0,0.11234548687934875,0.48499999999999993,0
15,2,694,60,0,0.10763611644506454,0.48499999999999993,0
15,2,695,60,0,0.7995567321777344,0.48499999999999993,1
15,2,696,60,0,0.3400159180164337,0.48499999999999993,0
15,2,727,64,0,0.10763809829950333,0.48499999999999993,0
15,2,728,64,0,0.10763609409332275,0.48499999999999993,0
15,2,729,64,0,0.10763853788375854,0.48499999999999993,0
15,2,730,64,0,0.11548867076635361,0.48499999999999993,0
15,2,731,64,0,0.11234550178050995,0.48499999999999993,0
15,2,732,64,0,0.12399476021528244,0.48499999999999993,0
15,2,733,64,0,0.1239975094795227,0.48499999999999993,0
15,2,734,64,0,0.10763609409332275,0.48499999999999993,0
15,2,735,64,0,0.10763609409332275,0.48499999999999993,0
15,2,736,64,0,0.10763606429100037,0.48499999999999993,0
15,2,787,70,0,0.11459323763847351,0.48499999999999993,0
15,2,788,70,0,0.11459323763847351,0.48499999999999993,0
15,2,789,70,0,0.3383716344833374,0.48499999999999993,0
15,2,790,70,0,0.38639429211616516,0.48499999999999993,0
15,2,791,70,0,0.13744959235191345,0.48499999999999993,0
15,2,792,70,0,0.35092031955718994,0.48499999999999993,0
15,2,793,70,0,0.36709481477737427,0.48499999999999993,0
15,2,794,70,0,0.33838823437690735,0.48499999999999993,0
15,2,795,70,0,0.1239975094795227,0.48499999999999993,0
15,2,796,70,0,0.3333910405635834,0.48499999999999993,0
15,2,797,71,0,0.33837735652923584,0.48499999999999993,0
15,2,798,71,0,0.3227982223033905,0.48499999999999993,0
15,2,799,71,0,0.348067969083786,0.48499999999999993,0
15,2,800,71,0,0.3458281457424164,0.48499999999999993,0
15,2,801,71,0,0.7612923383712769,0.48499999999999993,1
15,2,802,71,0,0.11458803713321686,0.48499999999999993,0
15,2,803,71,0,0.44677409529685974,0.48499999999999993,0
15,2,804,71,0,0.10763609409332275,0.48499999999999993,0
15,2,805,71,0,0.11485276371240616,0.48499999999999993,0
15,2,806,71,0,0.12192394584417343,0.48499999999999993,0
15,2,807,72,0,0.11458718031644821,0.48499999999999993,0
15,2,808,72,0,0.11458718031644821,0.48499999999999993,0
15,2,809,72,0,0.11458544433116913,0.48499999999999993,0
15,2,810,72,0,0.11458976566791534,0.48499999999999993,0
15,2,811,72,0,0.11458978056907654,0.48499999999999993,0
15,2,812,72,0,0.11458976566791534,0.48499999999999993,0
15,2,813,72,0,0.11458541452884674,0.48499999999999993,0
15,2,814,72,0,0.45226922631263733,0.48499999999999993,0
15,2,815,72,0,0.11459240317344666,0.48499999999999993,0
15,2,816,72,0,0.11458976566791534,0.48499999999999993,0
15,2,827,74,0,0.10763856023550034,0.48499999999999993,0
15,2,828,74,0,0.3383869230747223,0.48499999999999993,0
15,2,829,74,0,0.4332837760448456,0.48499999999999993,0
15,2,830,74,0,0.36023032665252686,0.48499999999999993,0
15,2,831,74,0,0.11458800733089447,0.48499999999999993,0
15,2,832,74,0,0.11458803713321686,0.48499999999999993,0
15,2,833,74,0,0.10763856023550034,0.48499999999999993,0
15,2,834,74,0,0.10763853788375854,0.48499999999999993,0
15,2,835,74,0,0.13185203075408936,0.48499999999999993,0
15,2,836,74,0,0.11459238827228546,0.48499999999999993,0
15,2,837,75,0,0.11458804458379745,0.48499999999999993,0
15,2,838,75,0,0.13184712827205658,0.48499999999999993,0
15,2,839,75,0,0.10764103382825851,0.48499999999999993,0
15,2,840,75,0,0.11459062248468399,0.48499999999999993,0
15,2,841,75,0,0.11458718031644821,0.48499999999999993,0
15,2,842,75,0,0.12399934977293015,0.48499999999999993,0
15,2,843,75,0,0.12399936467409134,0.48499999999999993,0
15,2,844,75,0,0.11458974331617355,0.48499999999999993,0
15,2,845,75,0,0.11458978056907654,0.48499999999999993,0
15,2,846,75,0,0.10763609409332275,0.48499999999999993,0
15,3,1,1,1,0.556877613067627,0.5349999999999999,1
15,3,2,2,1,0.6675736904144287,0.5349999999999999,1
15,3,18,18,1,0.6538175344467163,0.5349999999999999,1
15,3,19,19,1,0.6102350354194641,0.5349999999999999,1
15,3,23,23,1,0.6138421893119812,0.5349999999999999,1
15,3,38,38,1,0.6138421893119812,0.5349999999999999,1
15,3,41,41,1,0.6113705039024353,0.5349999999999999,1
15,3,48,48,1,0.548192024230957,0.5349999999999999,1
15,3,52,52,1,0.5468079447746277,0.5349999999999999,1
15,3,53,53,1,0.5434379577636719,0.5349999999999999,1
15,3,54,54,1,0.5471442937850952,0.5349999999999999,1
15,3,55,55,1,0.6552804708480835,0.5349999999999999,1
15,3,58,58,1,0.6138421893119812,0.5349999999999999,1
15,3,76,76,1,0.5585834980010986,0.5349999999999999,1
15,3,77,77,1,0.5585834980010986,0.5349999999999999,1
15,3,80,80,1,0.6113612651824951,0.5349999999999999,1
15,3,97,1,0,0.4644605815410614,0.5349999999999999,0
15,3,98,1,0,0.4656316041946411,0.5349999999999999,0
15,3,99,1,0,0.4737148582935333,0.5349999999999999,0
15,3,100,1,0,0.49599671363830566,0.5349999999999999,0
15,3,101,1,0,0.4605511724948883,0.5349999999999999,0
15,3,102,1,0,0.465630441904068,0.5349999999999999,0
15,3,103,1,0,0.4948181211948395,0.5349999999999999,0
15,3,104,1,0,0.4948187470436096,0.5349999999999999,0
15,3,105,1,0,0.49580034613609314,0.5349999999999999,0
15,3,106,1,0,0.495995432138443,0.5349999999999999,0
15,3,107,2,0,0.4948187470436096,0.5349999999999999,0
15,3,108,2,0,0.4948187470436096,0.5349999999999999,0
15,3,109,2,0,0.46852362155914307,0.5349999999999999,0
15,3,110,2,0,0.49875009059906006,0.5349999999999999,0
15,3,111,2,0,0.5011094808578491,0.5349999999999999,0
15,3,112,2,0,0.4644605815410614,0.5349999999999999,0
15,3,113,2,0,0.4758172631263733,0.5349999999999999,0
15,3,114,2,0,0.4666082262992859,0.5349999999999999,0
15,3,115,2,0,0.4979398548603058,0.5349999999999999,0
15,3,116,2,0,0.4979398548603058,0.5349999999999999,0
15,3,267,18,0,0.49635666608810425,0.5349999999999999,0
15,3,268,18,0,0.4987495541572571,0.5349999999999999,0
15,3,269,18,0,0.4627380967140198,0.5349999999999999,0
15,3,270,18,0,0.46173131465911865,0.5349999999999999,0
15,3,271,18,0,0.49482062458992004,0.5349999999999999,0
15,3,272,18,0,0.5022350549697876,0.5349999999999999,0
15,3,273,18,0,0.4632478654384613,0.5349999999999999,0
15,3,274,18,0,0.46172139048576355,0.5349999999999999,0
15,3,275,18,0,0.4605511724948883,0.5349999999999999,0
15,3,276,18,0,0.4605511724948883,0.5349999999999999,0
15,3,277,19,0,0.46055448055267334,0.5349999999999999,0
15,3,278,19,0,0.502422571182251,0.5349999999999999,0
15,3,279,19,0,0.4588340222835541,0.5349999999999999,0
15,3,280,19,0,0.4948200285434723,0.5349999999999999,0
15,3,281,19,0,0.4588328003883362,0.5349999999999999,0
15,3,282,19,0,0.4605511724948883,0.5349999999999999,0
15,3,283,19,0,0.46055176854133606,0.5349999999999999,0
15,3,284,19,0,0.502234697341919,0.5349999999999999,0
15,3,285,19,0,0.49481937289237976,0.5349999999999999,0
15,3,286,19,0,0.47442638874053955,0.5349999999999999,0
15,3,317,23,0,0.45883283019065857,0.5349999999999999,0
15,3,318,23,0,0.4930899143218994,0.5349999999999999,0
15,3,319,23,0,0.4588328003883362,0.5349999999999999,0
15,3,320,23,0,0.46000242233276367,0.5349999999999999,0
15,3,321,23,0,0.4600018262863159,0.5349999999999999,0
15,3,322,23,0,0.4588334262371063,0.5349999999999999,0
15,3,323,23,0,0.4588328003883362,0.5349999999999999,0
15,3,324,23,0,0.5014632344245911,0.5349999999999999,0
15,3,325,23,0,0.4622698128223419,0.5349999999999999,0
15,3,326,23,0,0.4588333070278168,0.5349999999999999,0
15,3,467,38,0,0.46445855498313904,0.5349999999999999,0
15,3,468,38,0,0.4588328003883362,0.5349999999999999,0
15,3,469,38,0,0.5659183859825134,0.5349999999999999,1
15,3,470,38,0,0.4622698128223419,0.5349999999999999,0
15,3,471,38,0,0.46562960743904114,0.5349999999999999,0
15,3,472,38,0,0.4639085829257965,0.5349999999999999,0
15,3,473,38,0,0.4588328003883362,0.5349999999999999,0
15,3,474,38,0,0.4981948435306549,0.5349999999999999,0
15,3,475,38,0,0.46000248193740845,0.5349999999999999,0
15,3,476,38,0,0.46445855498313904,0.5349999999999999,0
15,3,497,41,0,0.46445876359939575,0.5349999999999999,0
15,3,498,41,0,0.4987483024597168,0.5349999999999999,0
15,3,499,41,0,0.5668757557868958,0.5349999999999999,1
15,3,500,41,0,0.506162166595459,0.5349999999999999,0
15,3,501,41,0,0.49309003353118896,0.5349999999999999,0
15,3,502,41,0,0.49599605798721313,0.5349999999999999,0
15,3,503,41,0,0.4940720498561859,0.5349999999999999,0
15,3,504,41,0,0.49701809883117676,0.5349999999999999,0
15,3,505,41,0,0.46000245213508606,0.5349999999999999,0
15,3,506,41,0,0.49309003353118896,0.5349999999999999,0
15,3,567,48,0,0.46000242233276367,0.5349999999999999,0
15,3,568,48,0,0.4627383053302765,0.5349999999999999,0
15,3,569,48,0,0.4588327705860138,0.5349999999999999,0
15,3,570,48,0,0.5044329762458801,0.5349999999999999,0
15,3,571,48,0,0.465628981590271,0.5349999999999999,0
15,3,572,48,0,0.46000179648399353,0.5349999999999999,0
15,3,573,48,0,0.4588349163532257,0.5349999999999999,0
15,3,574,48,0,0.4588349163532257,0.5349999999999999,0
15,3,575,48,0,0.46000242233276367,0.5349999999999999,0
15,3,576,48,0,0.4588327705860138,0.5349999999999999,0
15,3,607,52,0,0.4600030481815338,0.5349999999999999,0
15,3,608,52,0,0.5006903409957886,0.5349999999999999,0
15,3,609,52,0,0.4600018560886383,0.5349999999999999,0
15,3,610,52,0,0.49992552399635315,0.5349999999999999,0
15,3,611,52,0,0.463909387588501,0.5349999999999999,0
15,3,612,52,0,0.4588328003883362,0.5349999999999999,0
15,3,613,52,0,0.4588328003883362,0.5349999999999999,0
15,3,614,52,0,0.49719592928886414,0.5349999999999999,0
15,3,615,52,0,0.5023003220558167,0.5349999999999999,0
15,3,616,52,0,0.5030748844146729,0.5349999999999999,0
15,3,617,53,0,0.46000245213508606,0.5349999999999999,0
15,3,618,53,0,0.4639085829257965,0.5349999999999999,0
15,3,619,53,0,0.4999244809150696,0.5349999999999999,0
15,3,620,53,0,0.4600030779838562,0.5349999999999999,0
15,3,621,53,0,0.4600030481815338,0.5349999999999999,0
15,3,622,53,0,0.49835821986198425,0.5349999999999999,0
15,3,623,53,0,0.4588328003883362,0.5349999999999999,0
15,3,624,53,0,0.5002848505973816,0.5349999999999999,0
15,3,625,53,0,0.4644591212272644,0.5349999999999999,0
15,3,626,53,0,0.5020143389701843,0.5349999999999999,0
15,3,627,54,0,0.4588328003883362,0.5349999999999999,0
15,3,628,54,0,0.5026361346244812,0.5349999999999999,0
15,3,629,54,0,0.4588327705860138,0.5349999999999999,0
15,3,630,54,0,0.4588327705860138,0.5349999999999999,0
15,3,631,54,0,0.4588327705860138,0.5349999999999999,0
15,3,632,54,0,0.45883283019065857,0.5349999999999999,0
15,3,633,54,0,0.45883283019065857,0.5349999999999999,0
15,3,634,54,0,0.4588328003883362,0.5349999999999999,0
15,3,635,54,0,0.4588328003883362,0.5349999999999999,0
15,3,636,54,0,0.4588328003883362,0.5349999999999999,0
15,3,637,55,0,0.4588328003883362,0.5349999999999999,0
15,3,638,55,0,0.4588328003883362,0.5349999999999999,0
15,3,639,55,0,0.4588327705860138,0.5349999999999999,0
15,3,640,55,0,0.45883339643478394,0.5349999999999999,0
15,3,641,55,0,0.49481871724128723,0.5349999999999999,0
15,3,642,55,0,0.49753430485725403,0.5349999999999999,0
15,3,643,55,0,0.4588327705860138,0.5349999999999999,0
15,3,644,55,0,0.4954431653022766,0.5349999999999999,0
15,3,645,55,0,0.4644578993320465,0.5349999999999999,0
15,3,646,55,0,0.46000179648399353,0.5349999999999999,0
15,3,667,58,0,0.46000242233276367,0.5349999999999999,0
15,3,668,58,0,0.46000179648399353,0.5349999999999999,0
15,3,669,58,0,0.46000242233276367,0.5349999999999999,0
15,3,670,58,0,0.4627383053302765,0.5349999999999999,0
15,3,671,58,0,0.4639087915420532,0.5349999999999999,0
15,3,672,58,0,0.46273767948150635,0.5349999999999999,0
15,3,673,58,0,0.46273767948150635,0.5349999999999999,0
15,3,674,58,0,0.5044329166412354,0.5349999999999999,0
15,3,675,58,0,0.5044329166412354,0.5349999999999999,0
15,3,676,58,0,0.46000242233276367,0.5349999999999999,0
15,3,847,76,0,0.46055281162261963,0.5349999999999999,0
15,3,848,76,0,0.46000242233276367,0.5349999999999999,0
15,3,849,76,0,0.46055173873901367,0.5349999999999999,0
15,3,850,76,0,0.5044322609901428,0.5349999999999999,0
15,3,851,76,0,0.5022329092025757,0.5349999999999999,0
15,3,852,76,0,0.5386433601379395,0.5349999999999999,1
15,3,853,76,0,0.4930899739265442,0.5349999999999999,0
15,3,854,76,0,0.4948187470436096,0.5349999999999999,0
15,3,855,76,0,0.4930899739265442,0.5349999999999999,0
15,3,856,76,0,0.46000179648399353,0.5349999999999999,0
15,3,857,77,0,0.4930899739265442,0.5349999999999999,0
15,3,858,77,0,0.46000245213508606,0.5349999999999999,0
15,3,859,77,0,0.4930899739265442,0.5349999999999999,0
15,3,860,77,0,0.46000179648399353,0.5349999999999999,0
15,3,861,77,0,0.4971739649772644,0.5349999999999999,0
15,3,862,77,0,0.4970202147960663,0.5349999999999999,0
15,3,863,77,0,0.4588327705860138,0.5349999999999999,0
15,3,864,77,0,0.49426597356796265,0.5349999999999999,0
15,3,865,77,0,0.46000242233276367,0.5349999999999999,0
15,3,866,77,0,0.4605511724948883,0.5349999999999999,0
15,3,887,80,0,0.46000245213508606,0.5349999999999999,0
15,3,888,80,0,0.4622698128223419,0.5349999999999999,0
15,3,889,80,0,0.4617208242416382,0.5349999999999999,0
15,3,890,80,0,0.46000179648399353,0.5349999999999999,0
15,3,891,80,0,0.4588328003883362,0.5349999999999999,0
15,3,892,80,0,0.45883339643478394,0.5349999999999999,0
15,3,893,80,0,0.45883339643478394,0.5349999999999999,0
15,3,894,80,0,0.5020143389701843,0.5349999999999999,0
15,3,895,80,0,0.46273767948150635,0.5349999999999999,0
15,3,896,80,0,0.5044322609901428,0.5349999999999999,0
15,4,0,0,1,0.5716248154640198,0.5399999999999999,1
15,4,5,5,1,0.637551486492157,0.5399999999999999,1
15,4,14,14,1,0.633448600769043,0.5399999999999999,1
15,4,17,17,1,0.633448600769043,0.5399999999999999,1
15,4,26,26,1,0.5643334984779358,0.5399999999999999,1
15,4,28,28,1,0.6835835576057434,0.5399999999999999,1
15,4,29,29,1,0.5643334984779358,0.5399999999999999,1
15,4,30,30,1,0.6334485411643982,0.5399999999999999,1
15,4,42,42,1,0.5509313344955444,0.5399999999999999,1
15,4,47,47,1,0.6989177465438843,0.5399999999999999,1
15,4,57,57,1,0.685270369052887,0.5399999999999999,1
15,4,62,62,1,0.6835835576057434,0.5399999999999999,1
15,4,63,63,1,0.6835835576057434,0.5399999999999999,1
15,4,67,67,1,0.633448600769043,0.5399999999999999,1
15,4,68,68,1,0.6347479224205017,0.5399999999999999,1
15,4,79,79,1,0.633448600769043,0.5399999999999999,1
15,4,87,0,0,0.5716248154640198,0.5399999999999999,1
15,4,88,0,0,0.46442148089408875,0.5399999999999999,0
15,4,89,0,0,0.5603029131889343,0.5399999999999999,1
15,4,90,0,0,0.45820558071136475,0.5399999999999999,0
15,4,91,0,0,0.5093815922737122,0.5399999999999999,0
15,4,92,0,0,0.4588422477245331,0.5399999999999999,0
15,4,93,0,0,0.5042216777801514,0.5399999999999999,0
15,4,94,0,0,0.45820558071136475,0.5399999999999999,0
15,4,95,0,0,0.4998624920845032,0.5399999999999999,0
15,4,96,0,0,0.5042223930358887,0.5399999999999999,0
15,4,137,5,0,0.5194650292396545,0.5399999999999999,0
15,4,138,5,0,0.6989177465438843,0.5399999999999999,1
15,4,139,5,0,0.4988023340702057,0.5399999999999999,0
15,4,140,5,0,0.4975939393043518,0.5399999999999999,0
15,4,141,5,0,0.501646101474762,0.5399999999999999,0
15,4,142,5,0,0.4622303545475006,0.5399999999999999,0
15,4,143,5,0,0.5010042190551758,0.5399999999999999,0
15,4,144,5,0,0.502390444278717,0.5399999999999999,0
15,4,145,5,0,0.5160046219825745,0.5399999999999999,0
15,4,146,5,0,0.5522224307060242,0.5399999999999999,1
15,4,227,14,0,0.4614020884037018,0.5399999999999999,0
15,4,228,14,0,0.46341532468795776,0.5399999999999999,0
15,4,229,14,0,0.46341755986213684,0.5399999999999999,0
15,4,230,14,0,0.49962034821510315,0.5399999999999999,0
15,4,231,14,0,0.46140286326408386,0.5399999999999999,0
15,4,232,14,0,0.4636683762073517,0.5399999999999999,0
15,4,233,14,0,0.4975931644439697,0.5399999999999999,0
15,4,234,14,0,0.5081327557563782,0.5399999999999999,0
15,4,235,14,0,0.45820343494415283,0.5399999999999999,0
15,4,236,14,0,0.49961957335472107,0.5399999999999999,0
15,4,257,17,0,0.49962010979652405,0.5399999999999999,0
15,4,258,17,0,0.49961838126182556,0.5399999999999999,0
15,4,259,17,0,0.5010045766830444,0.5399999999999999,0
15,4,260,17,0,0.49961909651756287,0.5399999999999999,0
15,4,261,17,0,0.46085336804389954,0.5399999999999999,0
15,4,262,17,0,0.5147585868835449,0.5399999999999999,0
15,4,263,17,0,0.46085578203201294,0.5399999999999999,0
15,4,264,17,0,0.4975924491882324,0.5399999999999999,0
15,4,265,17,0,0.5030279755592346,0.5399999999999999,0
15,4,266,17,0,0.4628698527812958,0.5399999999999999,0
15,4,347,26,0,0.5105721354484558,0.5399999999999999,0
15,4,348,26,0,0.4582034647464752,0.5399999999999999,0
15,4,349,26,0,0.5042237043380737,0.5399999999999999,0
15,4,350,26,0,0.5044972896575928,0.5399999999999999,0
15,4,351,26,0,0.49961909651756287,0.5399999999999999,0
15,4,352,26,0,0.4582034647464752,0.5399999999999999,0
15,4,353,26,0,0.49986499547958374,0.5399999999999999,0
15,4,354,26,0,0.49986398220062256,0.5399999999999999,0
15,4,355,26,0,0.4568290412425995,0.5399999999999999,0
15,4,356,26,0,0.4568290114402771,0.5399999999999999,0
15,4,367,28,0,0.49962377548217773,0.5399999999999999,0
15,4,368,28,0,0.4588417708873749,0.5399999999999999,0
15,4,369,28,0,0.5010027885437012,0.5399999999999999,0
15,4,370,28,0,0.501002848148346,0.5399999999999999,0
15,4,371,28,0,0.5010035634040833,0.5399999999999999,0
15,4,372,28,0,0.45682960748672485,0.5399999999999999,0
15,4,373,28,0,0.49986541271209717,0.5399999999999999,0
15,4,374,28,0,0.5010027885437012,0.5399999999999999,0
15,4,375,28,0,0.49961957335472107,0.5399999999999999,0
15,4,376,28,0,0.4588397741317749,0.5399999999999999,0
15,4,377,29,0,0.5581772327423096,0.5399999999999999,1
15,4,378,29,0,0.5010020732879639,0.5399999999999999,0
15,4,379,29,0,0.49962377548217773,0.5399999999999999,0
15,4,380,29,0,0.49962377548217773,0.5399999999999999,0
15,4,381,29,0,0.501002848148346,0.5399999999999999,0
15,4,382,29,0,0.5010035634040833,0.5399999999999999,0
15,4,383,29,0,0.5125307440757751,0.5399999999999999,0
15,4,384,29,0,0.4588398039340973,0.5399999999999999,0
15,4,385,29,0,0.4588398039340973,0.5399999999999999,0
15,4,386,29,0,0.4582034647464752,0.5399999999999999,0
15,4,387,30,0,0.5035794973373413,0.5399999999999999,0
15,4,388,30,0,0.46021440625190735,0.5399999999999999,0
15,4,389,30,0,0.5056049823760986,0.5399999999999999,0
15,4,390,30,0,0.49961838126182556,0.5399999999999999,0
15,4,391,30,0,0.4996183514595032,0.5399999999999999,0
15,4,392,30,0,0.5010026097297668,0.5399999999999999,0
15,4,393,30,0,0.6835835576057434,0.5399999999999999,1
15,4,394,30,0,0.514758288860321,0.5399999999999999,0
15,4,395,30,0,0.4582034647464752,0.5399999999999999,0
15,4,396,30,0,0.4582034647464752,0.5399999999999999,0
15,4,507,42,0,0.4989768862724304,0.5399999999999999,0
15,4,508,42,0,0.49897676706314087,0.5399999999999999,0
15,4,509,42,0,0.5001844167709351,0.5399999999999999,0
15,4,510,42,0,0.45682960748672485,0.5399999999999999,0
15,4,511,42,0,0.4614023268222809,0.5399999999999999,0
15,4,512,42,0,0.5003604292869568,0.5399999999999999,0
15,4,513,42,0,0.45820334553718567,0.5399999999999999,0
15,4,514,42,0,0.4975930452346802,0.5399999999999999,0
15,4,515,42,0,0.4614016115665436,0.5399999999999999,0
15,4,516,42,0,0.4582033157348633,0.5399999999999999,0
15,4,557,47,0,0.45802849531173706,0.5399999999999999,0
15,4,558,47,0,0.4568290412425995,0.5399999999999999,0
15,4,559,47,0,0.4582027196884155,0.5399999999999999,0
15,4,560,47,0,0.4582034647464752,0.5399999999999999,0
15,4,561,47,0,0.4582034647464752,0.5399999999999999,0
15,4,562,47,0,0.4582027196884155,0.5399999999999999,0
15,4,563,47,0,0.4582041800022125,0.5399999999999999,0
15,4,564,47,0,0.4582034647464752,0.5399999999999999,0
15,4,565,47,0,0.4582027196884155,0.5399999999999999,0
15,4,566,47,0,0.4582034647464752,0.5399999999999999,0
15,4,657,57,0,0.5563365817070007,0.5399999999999999,1
15,4,658,57,0,0.49897676706314087,0.5399999999999999,0
15,4,659,57,0,0.46021515130996704,0.5399999999999999,0
15,4,660,57,0,0.4568290412425995,0.5399999999999999,0
15,4,661,57,0,0.4582027196884155,0.5399999999999999,0
15,4,662,57,0,0.4582027196884155,0.5399999999999999,0
15,4,663,57,0,0.4582027494907379,0.5399999999999999,0
15,4,664,57,0,0.5008386969566345,0.5399999999999999,0
15,4,665,57,0,0.4568290114402771,0.5399999999999999,0
15,4,666,57,0,0.4568290412425995,0.5399999999999999,0
15,4,707,62,0,0.4568290412425995,0.5399999999999999,0
15,4,708,62,0,0.4568297266960144,0.5399999999999999,0
15,4,709,62,0,0.5026320815086365,0.5399999999999999,0
15,4,710,62,0,0.4588405191898346,0.5399999999999999,0
15,4,711,62,0,0.4614030718803406,0.5399999999999999,0
15,4,712,62,0,0.4568290412425995,0.5399999999999999,0
15,4,713,62,0,0.46277809143066406,0.5399999999999999,0
15,4,714,62,0,0.4975931644439697,0.5399999999999999,0
15,4,715,62,0,0.4568297266960144,0.5399999999999999,0
15,4,716,62,0,0.4582034647464752,0.5399999999999999,0
15,4,717,63,0,0.50083988904953,0.5399999999999999,0
15,4,718,63,0,0.4568290412425995,0.5399999999999999,0
15,4,719,63,0,0.4568290114402771,0.5399999999999999,0
15,4,720,63,0,0.4568290412425995,0.5399999999999999,0
15,4,721,63,0,0.507010281085968,0.5399999999999999,0
15,4,722,63,0,0.4614023268222809,0.5399999999999999,0
15,4,723,63,0,0.4568297266960144,0.5399999999999999,0
15,4,724,63,0,0.4582066833972931,0.5399999999999999,0
15,4,725,63,0,0.4582041800022125,0.5399999999999999,0
15,4,726,63,0,0.45682960748672485,0.5399999999999999,0
15,4,757,67,0,0.5030661821365356,0.5399999999999999,0
15,4,758,67,0,0.5087946057319641,0.5399999999999999,0
15,4,759,67,0,0.4975939393043518,0.5399999999999999,0
15,4,760,67,0,0.4996272921562195,0.5399999999999999,0
15,4,761,67,0,0.5044657588005066,0.5399999999999999,0
15,4,762,67,0,0.5488476753234863,0.5399999999999999,1
15,4,763,67,0,0.4614020884037018,0.5399999999999999,0
15,4,764,67,0,0.4588419795036316,0.5399999999999999,0
15,4,765,67,0,0.5044657588005066,0.5399999999999999,0
15,4,766,67,0,0.4989776313304901,0.5399999999999999,0
15,4,767,68,0,0.5032720565795898,0.5399999999999999,0
15,4,768,68,0,0.5010025501251221,0.5399999999999999,0
15,4,769,68,0,0.5010020732879639,0.5399999999999999,0
15,4,770,68,0,0.4996197819709778,0.5399999999999999,0
15,4,771,68,0,0.5010027885437012,0.5399999999999999,0
15,4,772,68,0,0.4975931644439697,0.5399999999999999,0
15,4,773,68,0,0.4975924491882324,0.5399999999999999,0
15,4,774,68,0,0.5024577975273132,0.5399999999999999,0
15,4,775,68,0,0.5064914226531982,0.5399999999999999,0
15,4,776,68,0,0.49961984157562256,0.5399999999999999,0
15,4,877,79,0,0.4989769160747528,0.5399999999999999,0
15,4,878,79,0,0.464792400598526,0.5399999999999999,0
15,4,879,79,0,0.4996176064014435,0.5399999999999999,0
15,4,880,79,0,0.4996183514595032,0.5399999999999999,0
15,4,881,79,0,0.4975924491882324,0.5399999999999999,0
15,4,882,79,0,0.4975924491882324,0.5399999999999999,0
15,4,883,79,0,0.4996176064014435,0.5399999999999999,0
15,4,884,79,0,0.4975924491882324,0.5399999999999999,0
15,4,885,79,0,0.4975924491882324,0.5399999999999999,0
15,4,886,79,0,0.4975924491882324,0.5399999999999999,0
15,5,3,3,1,0.48208174109458923,0.49499999999999994,0
15,5,10,10,1,0.4913846254348755,0.49499999999999994,0
15,5,11,11,1,0.5133838057518005,0.49499999999999994,1
15,5,12,12,1,0.5350172519683838,0.49499999999999994,1
15,5,15,15,1,0.5350172519683838,0.49499999999999994,1
15,5,20,20,1,0.5133838057518005,0.49499999999999994,1
15,5,32,32,1,0.4830673038959503,0.49499999999999994,0
15,5,33,33,1,0.5133838057518005,0.49499999999999994,1
15,5,35,35,1,0.5152543783187866,0.49499999999999994,1
15,5,37,37,1,0.5152543783187866,0.49499999999999994,1
15,5,39,39,1,0.5152543783187866,0.49499999999999994,1
15,5,61,61,1,0.5152543783187866,0.49499999999999994,1
15,5,65,65,1,0.4830686151981354,0.49499999999999994,0
15,5,66,66,1,0.4429331123828888,0.49499999999999994,0
15,5,73,73,1,0.5152543783187866,0.49499999999999994,1
15,5,78,78,1,0.5350172519683838,0.49499999999999994,1
15,5,117,3,0,0.4568256437778473,0.49499999999999994,0
15,5,118,3,0,0.4413374364376068,0.49499999999999994,0
15,5,119,3,0,0.4564674496650696,0.49499999999999994,0
15,5,120,3,0,0.45587924122810364,0.49499999999999994,0
15,5,121,3,0,0.44240251183509827,0.49499999999999994,0
15,5,122,3,0,0.4570433795452118,0.49499999999999994,0
15,5,123,3,0,0.4564674496650696,0.49499999999999994,0
15,5,124,3,0,0.44407859444618225,0.49499999999999994,0
15,5,125,3,0,0.4558783173561096,0.49499999999999994,0
15,5,126,3,0,0.44076433777809143,0.49499999999999994,0
15,5,187,10,0,0.45561158657073975,0.49499999999999994,0
15,5,188,10,0,0.4571344256401062,0.49499999999999994,0
15,5,189,10,0,0.4773634970188141,0.49499999999999994,0
15,5,190,10,0,0.440192312002182,0.49499999999999994,0
15,5,191,10,0,0.4412577152252197,0.49499999999999994,0
15,5,192,10,0,0.4579635262489319,0.49499999999999994,0
15,5,193,10,0,0.44125789403915405,0.49499999999999994,0
15,5,194,10,0,0.4394608438014984,0.49499999999999994,0
15,5,195,10,0,0.4567212462425232,0.49499999999999994,0
15,5,196,10,0,0.44019290804862976,0.49499999999999994,0
15,5,197,11,0,0.4401926100254059,0.49499999999999994,0
15,5,198,11,0,0.43935611844062805,0.49499999999999994,0
15,5,199,11,0,0.45598360896110535,0.49499999999999994,0
15,5,200,11,0,0.4393557906150818,0.49499999999999994,0
15,5,201,11,0,0.4393557906150818,0.49499999999999994,0
15,5,202,11,0,0.45514240860939026,0.49499999999999994,0
15,5,203,11,0,0.43935611844062805,0.49499999999999994,0
15,5,204,11,0,0.4393557906150818,0.49499999999999994,0
15,5,205,11,0,0.455878883600235,0.49499999999999994,0
15,5,206,11,0,0.45645442605018616,0.49499999999999994,0
15,5,207,12,0,0.43935608863830566,0.49499999999999994,0
15,5,208,12,0,0.4399273097515106,0.49499999999999994,0
15,5,209,12,0,0.4399276077747345,0.49499999999999994,0
15,5,210,12,0,0.456453800201416,0.49499999999999994,0
15,5,211,12,0,0.43935608863830566,0.49499999999999994,0
15,5,212,12,0,0.43935608863830566,0.49499999999999994,0
15,5,213,12,0,0.46045616269111633,0.49499999999999994,0
15,5,214,12,0,0.4393557906150818,0.49499999999999994,0
15,5,215,12,0,0.4401926100254059,0.49499999999999994,0
15,5,216,12,0,0.4401926100254059,0.49499999999999994,0
15,5,237,15,0,0.4550365209579468,0.49499999999999994,0
15,5,238,15,0,0.441258043050766,0.49499999999999994,0
15,5,239,15,0,0.44076433777809143,0.49499999999999994,0
15,5,240,15,0,0.48208174109458923,0.49499999999999994,0
15,5,241,15,0,0.4577941596508026,0.49499999999999994,0
15,5,242,15,0,0.4803222417831421,0.49499999999999994,0
15,5,243,15,0,0.45587894320487976,0.49499999999999994,0
15,5,244,15,0,0.4780445992946625,0.49499999999999994,0
15,5,245,15,0,0.44209590554237366,0.49499999999999994,0
15,5,246,15,0,0.4558783173561096,0.49499999999999994,0
15,5,287,20,0,0.4788961410522461,0.49499999999999994,0
15,5,288,20,0,0.4564575254917145,0.49499999999999994,0
15,5,289,20,0,0.4771057367324829,0.49499999999999994,0
15,5,290,20,0,0.4401926100254059,0.49499999999999994,0
15,5,291,20,0,0.5152543783187866,0.49499999999999994,1
15,5,292,20,0,0.4393557906150818,0.49499999999999994,0
15,5,293,20,0,0.4399273097515106,0.49499999999999994,0
15,5,294,20,0,0.46472668647766113,0.49499999999999994,0
15,5,295,20,0,0.4393557906150818,0.49499999999999994,0
15,5,296,20,0,0.44125863909721375,0.49499999999999994,0
15,5,407,32,0,0.43935608863830566,0.49499999999999994,0
15,5,408,32,0,0.43935611844062805,0.49499999999999994,0
15,5,409,32,0,0.4737465977668762,0.49499999999999994,0
15,5,410,32,0,0.43935611844062805,0.49499999999999994,0
15,5,411,32,0,0.4399273097515106,0.49499999999999994,0
15,5,412,32,0,0.4393557906150818,0.49499999999999994,0
15,5,413,32,0,0.4416946768760681,0.49499999999999994,0
15,5,414,32,0,0.4412577450275421,0.49499999999999994,0
15,5,415,32,0,0.4393557906150818,0.49499999999999994,0
15,5,416,32,0,0.4393557906150818,0.49499999999999994,0
15,5,417,33,0,0.44209548830986023,0.49499999999999994,0
15,5,418,33,0,0.44209548830986023,0.49499999999999994,0
15,5,419,33,0,0.45645442605018616,0.49499999999999994,0
15,5,420,33,0,0.4399273097515106,0.49499999999999994,0
15,5,421,33,0,0.4401926100254059,0.49499999999999994,0
15,5,422,33,0,0.4579635262489319,0.49499999999999994,0
15,5,423,33,0,0.4399273097515106,0.49499999999999994,0
15,5,424,33,0,0.47888076305389404,0.49499999999999994,0
15,5,425,33,0,0.43935608863830566,0.49499999999999994,0
15,5,426,33,0,0.4393557906150818,0.49499999999999994,0
15,5,437,35,0,0.441258043050766,0.49499999999999994,0
15,5,438,35,0,0.4393557906150818,0.49499999999999994,0
15,5,439,35,0,0.4393557906150818,0.49499999999999994,0
15,5,440,35,0,0.46275776624679565,0.49499999999999994,0
15,5,441,35,0,0.4393557906150818,0.49499999999999994,0
15,5,442,35,0,0.4399276077747345,0.49499999999999994,0
15,5,443,35,0,0.47017863392829895,0.49499999999999994,0
15,5,444,35,0,0.4830673038959503,0.49499999999999994,0
15,5,445,35,0,0.4393560588359833,0.49499999999999994,0
15,5,446,35,0,0.44076403975486755,0.49499999999999994,0
15,5,457,37,0,0.4393557906150818,0.49499999999999994,0
15,5,458,37,0,0.4434143900871277,0.49499999999999994,0
15,5,459,37,0,0.45645469427108765,0.49499999999999994,0
15,5,460,37,0,0.4399276077747345,0.49499999999999994,0
15,5,461,37,0,0.4399279057979584,0.49499999999999994,0
15,5,462,37,0,0.4399276077747345,0.49499999999999994,0
15,5,463,37,0,0.4439866840839386,0.49499999999999994,0
15,5,464,37,0,0.4399279057979584,0.49499999999999994,0
15,5,465,37,0,0.4597889482975006,0.49499999999999994,0
15,5,466,37,0,0.4399279057979584,0.49499999999999994,0
15,5,477,39,0,0.4393557906150818,0.49499999999999994,0
15,5,478,39,0,0.4399279057979584,0.49499999999999994,0
15,5,479,39,0,0.4399279057979584,0.49499999999999994,0
15,5,480,39,0,0.4562930166721344,0.49499999999999994,0
15,5,481,39,0,0.44019290804862976,0.49499999999999994,0
15,5,482,39,0,0.43935608863830566,0.49499999999999994,0
15,5,483,39,0,0.456559419631958,0.49499999999999994,0
15,5,484,39,0,0.45645758509635925,0.49499999999999994,0
15,5,485,39,0,0.46142885088920593,0.49499999999999994,0
15,5,486,39,0,0.46142885088920593,0.49499999999999994,0
15,5,697,61,0,0.4399276077747345,0.49499999999999994,0
15,5,698,61,0,0.4399276077747345,0.49499999999999994,0
15,5,699,61,0,0.48050373792648315,0.49499999999999994,0
15,5,700,61,0,0.44125857949256897,0.49499999999999994,0
15,5,701,61,0,0.4558783173561096,0.49499999999999994,0
15,5,702,61,0,0.4393557906150818,0.49499999999999994,0
15,5,703,61,0,0.4399273097515106,0.49499999999999994,0
15,5,704,61,0,0.4399273097515106,0.49499999999999994,0
15,5,705,61,0,0.43935638666152954,0.49499999999999994,0
15,5,706,61,0,0.4393560588359833,0.49499999999999994,0
15,5,737,65,0,0.46041181683540344,0.49499999999999994,0
15,5,738,65,0,0.44266873598098755,0.49499999999999994,0
15,5,739,65,0,0.4613003432750702,0.49499999999999994,0
15,5,740,65,0,0.4412577152252197,0.49499999999999994,0
15,5,741,65,0,0.4393557906150818,0.49499999999999994,0
15,5,742,65,0,0.4393557906150818,0.49499999999999994,0
15,5,743,65,0,0.44169437885284424,0.49499999999999994,0
15,5,744,65,0,0.43935611844062805,0.49499999999999994,0
15,5,745,65,0,0.4393557906150818,0.49499999999999994,0
15,5,746,65,0,0.4393560290336609,0.49499999999999994,0
15,5,747,66,0,0.4399276077747345,0.49499999999999994,0
15,5,748,66,0,0.4393557906150818,0.49499999999999994,0
15,5,749,66,0,0.4393557906150818,0.49499999999999994,0
15,5,750,66,0,0.4599100351333618,0.49499999999999994,0
15,5,751,66,0,0.4564541280269623,0.49499999999999994,0
15,5,752,66,0,0.4564540386199951,0.49499999999999994,0
15,5,753,66,0,0.43935641646385193,0.49499999999999994,0
15,5,754,66,0,0.4558824300765991,0.49499999999999994,0
15,5,755,66,0,0.4558829963207245,0.49499999999999994,0
15,5,756,66,0,0.4558824300765991,0.49499999999999994,0
15,5,817,73,0,0.44019290804862976,0.49499999999999994,0
15,5,818,73,0,0.4401928186416626,0.49499999999999994,0
15,5,819,73,0,0.4401928186416626,0.49499999999999994,0
15,5,820,73,0,0.44019290804862976,0.49499999999999994,0
15,5,821,73,0,0.4401931166648865,0.49499999999999994,0
15,5,822,73,0,0.4401928186416626,0.49499999999999994,0
15,5,823,73,0,0.4401931166648865,0.49499999999999994,0
15,5,824,73,0,0.44019341468811035,0.49499999999999994,0
15,5,825,73,0,0.43935608863830566,0.49499999999999994,0
15,5,826,73,0,0.4564572274684906,0.49499999999999994,0
15,5,867,78,0,0.4412584602832794,0.49499999999999994,0
15,5,868,78,0,0.4399273097515106,0.49499999999999994,0
15,5,869,78,0,0.4550359547138214,0.49499999999999994,0
15,5,870,78,0,0.4550359547138214,0.49499999999999994,0
15,5,871,78,0,0.45713475346565247,0.49499999999999994,0
15,5,872,78,0,0.44125843048095703,0.49499999999999994,0
15,5,873,78,0,0.4412584602832794,0.49499999999999994,0
15,5,874,78,0,0.44102945923805237,0.49499999999999994,0
15,5,875,78,0,0.4550362527370453,0.49499999999999994,0
15,5,876,78,0,0.4399276077747345,0.49499999999999994,0
16,1,6,6,1,0.9990831613540649,0.4699999999999999,1
16,1,9,9,1,0.9921901822090149,0.4699999999999999,1
16,1,10,10,1,0.9249103665351868,0.4699999999999999,1
16,1,22,22,1,0.9921901822090149,0.4699999999999999,1
16,1,28,28,1,0.9990831613540649,0.4699999999999999,1
16,1,29,29,1,0.8535130620002747,0.4699999999999999,1
16,1,36,36,1,0.8535129427909851,0.4699999999999999,1
16,1,41,41,1,0.9926618337631226,0.4699999999999999,1
16,1,48,48,1,0.8381667733192444,0.4699999999999999,1
16,1,52,52,1,0.8282641768455505,0.4699999999999999,1
16,1,54,54,1,0.8325968384742737,0.4699999999999999,1
16,1,59,59,1,0.7579807639122009,0.4699999999999999,1
16,1,61,61,1,0.9936741590499878,0.4699999999999999,1
16,1,62,62,1,0.9990831613540649,0.4699999999999999,1
16,1,67,67,1,0.9921901822090149,0.4699999999999999,1
16,1,75,75,1,0.9206913113594055,0.4699999999999999,1
16,1,80,80,1,0.9926581978797913,0.4699999999999999,1
16,1,147,6,0,0.06967461109161377,0.4699999999999999,0
16,1,148,6,0,0.09251967072486877,0.4699999999999999,0
16,1,149,6,0,0.2585262954235077,0.4699999999999999,0
16,1,150,6,0,0.25302058458328247,0.4699999999999999,0
16,1,151,6,0,0.23982779681682587,0.4699999999999999,0
16,1,152,6,0,0.2341570258140564,0.4699999999999999,0
16,1,153,6,0,0.23473712801933289,0.4699999999999999,0
16,1,154,6,0,0.07575565576553345,0.4699999999999999,0
16,1,155,6,0,0.22377650439739227,0.4699999999999999,0
16,1,156,6,0,0.30765849351882935,0.4699999999999999,0
16,1,177,9,0,0.6824823021888733,0.4699999999999999,1
16,1,178,9,0,0.06251226365566254,0.4699999999999999,0
16,1,179,9,0,0.05742407962679863,0.4699999999999999,0
16,1,180,9,0,0.05742587521672249,0.4699999999999999,0
16,1,181,9,0,0.05742586404085159,0.4699999999999999,0
16,1,182,9,0,0.06251208484172821,0.4699999999999999,0
16,1,183,9,0,0.23982979357242584,0.4699999999999999,0
16,1,184,9,0,0.05742768198251724,0.4699999999999999,0
16,1,185,9,0,0.06251033395528793,0.4699999999999999,0
16,1,186,9,0,0.07575179636478424,0.4699999999999999,0
16,1,187,10,0,0.23473122715950012,0.4699999999999999,0
16,1,188,10,0,0.264915406703949,0.4699999999999999,0
16,1,189,10,0,0.7579807043075562,0.4699999999999999,1
16,1,190,10,0,0.06250452250242233,0.4699999999999999,0
16,1,191,10,0,0.06967033445835114,0.4699999999999999,0
16,1,192,10,0,0.2931026220321655,0.4699999999999999,0
16,1,193,10,0,0.06967177242040634,0.4699999999999999,0
16,1,194,10,0,0.05804454907774925,0.4699999999999999,0
16,1,195,10,0,0.2567853331565857,0.4699999999999999,0
16,1,196,10,0,0.06250842660665512,0.4699999999999999,0
16,1,307,22,0,0.2414877712726593,0.4699999999999999,0
16,1,308,22,0,0.060875874012708664,0.4699999999999999,0
16,1,309,22,0,0.06087399274110794,0.4699999999999999,0
16,1,310,22,0,0.060873981565237045,0.4699999999999999,0
16,1,311,22,0,0.05742407962679863,0.4699999999999999,0
16,1,312,22,0,0.05742587521672249,0.4699999999999999,0
16,1,313,22,0,0.05742407217621803,0.4699999999999999,0
16,1,314,22,0,0.06967175006866455,0.4699999999999999,0
16,1,315,22,0,0.05742407962679863,0.4699999999999999,0
16,1,316,22,0,0.05742407217621803,0.4699999999999999,0
16,1,367,28,0,0.2398737072944641,0.4699999999999999,0
16,1,368,28,0,0.0625096932053566,0.4699999999999999,0
16,1,369,28,0,0.2513221502304077,0.4699999999999999,0
16,1,370,28,0,0.2513221502304077,0.4699999999999999,0
16,1,371,28,0,0.25132834911346436,0.4699999999999999,0
16,1,372,28,0,0.05742553621530533,0.4699999999999999,0
16,1,373,28,0,0.24161389470100403,0.4699999999999999,0
16,1,374,28,0,0.2513221502304077,0.4699999999999999,0
16,1,375,28,0,0.23983989655971527,0.4699999999999999,0
16,1,376,28,0,0.06250452250242233,0.4699999999999999,0
16,1,377,29,0,0.7560238838195801,0.4699999999999999,1
16,1,378,29,0,0.2513158917427063,0.4699999999999999,0
16,1,379,29,0,0.23987364768981934,0.4699999999999999,0
16,1,380,29,0,0.2398737072944641,0.4699999999999999,0
16,1,381,29,0,0.2513221502304077,0.4699999999999999,0
16,1,382,29,0,0.25132840871810913,0.4699999999999999,0
16,1,383,29,0,0.3436090052127838,0.4699999999999999,0
16,1,384,29,0,0.06254101544618607,0.4699999999999999,0
16,1,385,29,0,0.06254103034734726,0.4699999999999999,0
16,1,386,29,0,0.06087399274110794,0.4699999999999999,0
16,1,447,36,0,0.22377653419971466,0.4699999999999999,0
16,1,448,36,0,0.25302058458328247,0.4699999999999999,0
16,1,449,36,0,0.3239203989505768,0.4699999999999999,0
16,1,450,36,0,0.08104757964611053,0.4699999999999999,0
16,1,451,36,0,0.05742587521672249,0.4699999999999999,0
16,1,452,36,0,0.2399023473262787,0.4699999999999999,0
16,1,453,36,0,0.060875874012708664,0.4699999999999999,0
16,1,454,36,0,0.060878459364175797,0.4699999999999999,0
16,1,455,36,0,0.22377650439739227,0.4699999999999999,0
16,1,456,36,0,0.32392042875289917,0.4699999999999999,0
16,1,497,41,0,0.07575178146362305,0.4699999999999999,0
16,1,498,41,0,0.2795242369174957,0.4699999999999999,0
16,1,499,41,0,0.9249103665351868,0.4699999999999999,1
16,1,500,41,0,0.3580736219882965,0.4699999999999999,0
16,1,501,41,0,0.22377650439739227,0.4699999999999999,0
16,1,502,41,0,0.2513221502304077,0.4699999999999999,0
16,1,503,41,0,0.23415589332580566,0.4699999999999999,0
16,1,504,41,0,0.26164552569389343,0.4699999999999999,0
16,1,505,41,0,0.06087399274110794,0.4699999999999999,0
16,1,506,41,0,0.22377653419971466,0.4699999999999999,0
16,1,567,48,0,0.06087399274110794,0.4699999999999999,0
16,1,568,48,0,0.06967246532440186,0.4699999999999999,0
16,1,569,48,0,0.05742407962679863,0.4699999999999999,0
16,1,570,48,0,0.33761581778526306,0.4699999999999999,0
16,1,571,48,0,0.08020342886447906,0.4699999999999999,0
16,1,572,48,0,0.06087208911776543,0.4699999999999999,0
16,1,573,48,0,0.05743010714650154,0.4699999999999999,0
16,1,574,48,0,0.05743014067411423,0.4699999999999999,0
16,1,575,48,0,0.06087396666407585,0.4699999999999999,0
16,1,576,48,0,0.05742407217621803,0.4699999999999999,0
16,1,607,52,0,0.060875874012708664,0.4699999999999999,0
16,1,608,52,0,0.3004835247993469,0.4699999999999999,0
16,1,609,52,0,0.06087208911776543,0.4699999999999999,0
16,1,610,52,0,0.29210996627807617,0.4699999999999999,0
16,1,611,52,0,0.07380066812038422,0.4699999999999999,0
16,1,612,52,0,0.05742407962679863,0.4699999999999999,0
16,1,613,52,0,0.057424094527959824,0.4699999999999999,0
16,1,614,52,0,0.26431748270988464,0.4699999999999999,0
16,1,615,52,0,0.3196656405925751,0.4699999999999999,0
16,1,616,52,0,0.32698723673820496,0.4699999999999999,0
16,1,627,54,0,0.05742407217621803,0.4699999999999999,0
16,1,628,54,0,0.3239145278930664,0.4699999999999999,0
16,1,629,54,0,0.05742407217621803,0.4699999999999999,0
16,1,630,54,0,0.05742407217621803,0.4699999999999999,0
16,1,631,54,0,0.05742407962679863,0.4699999999999999,0
16,1,632,54,0,0.05742407217621803,0.4699999999999999,0
16,1,633,54,0,0.05742407217621803,0.4699999999999999,0
16,1,634,54,0,0.05742407962679863,0.4699999999999999,0
16,1,635,54,0,0.05742407962679863,0.4699999999999999,0
16,1,636,54,0,0.05742407217621803,0.4699999999999999,0
16,1,677,59,0,0.06087399274110794,0.4699999999999999,0
16,1,678,59,0,0.05742587521672249,0.4699999999999999,0
16,1,679,59,0,0.05742407962679863,0.4699999999999999,0
16,1,680,59,0,0.05742407962679863,0.4699999999999999,0
16,1,681,59,0,0.05742407962679863,0.4699999999999999,0
16,1,682,59,0,0.05742552876472473,0.4699999999999999,0
16,1,683,59,0,0.05742553621530533,0.4699999999999999,0
16,1,684,59,0,0.07379762828350067,0.4699999999999999,0
16,1,685,59,0,0.3622642755508423,0.4699999999999999,0
16,1,686,59,0,0.05742587521672249,0.4699999999999999,0
16,1,697,61,0,0.06087396666407585,0.4699999999999999,0
16,1,698,61,0,0.060873981565237045,0.4699999999999999,0
16,1,699,61,0,0.8142954707145691,0.4699999999999999,1
16,1,700,61,0,0.06967604160308838,0.4699999999999999,0
16,1,701,61,0,0.23982980847358704,0.4699999999999999,0
16,1,702,61,0,0.057424094527959824,0.4699999999999999,0
16,1,703,61,0,0.06087210029363632,0.4699999999999999,0
16,1,704,61,0,0.06087208911776543,0.4699999999999999,0
16,1,705,61,0,0.05742767080664635,0.4699999999999999,0
16,1,706,61,0,0.05742553621530533,0.4699999999999999,0
16,1,707,62,0,0.05742407962679863,0.4699999999999999,0
16,1,708,62,0,0.05742587521672249,0.4699999999999999,0
16,1,709,62,0,0.2649346888065338,0.4699999999999999,0
16,1,710,62,0,0.06250646710395813,0.4699999999999999,0
16,1,711,62,0,0.06967462599277496,0.4699999999999999,0
16,1,712,62,0,0.05742407962679863,0.4699999999999999,0
16,1,713,62,0,0.07379838079214096,0.4699999999999999,0
16,1,714,62,0,0.22377650439739227,0.4699999999999999,0
16,1,715,62,0,0.05742586404085159,0.4699999999999999,0
16,1,716,62,0,0.06087399274110794,0.4699999999999999,0
16,1,757,67,0,0.2690756022930145,0.4699999999999999,0
16,1,758,67,0,0.3220427930355072,0.4699999999999999,0
16,1,759,67,0,0.2237822562456131,0.4699999999999999,0
16,1,760,67,0,0.23990240693092346,0.4699999999999999,0
16,1,761,67,0,0.2812612056732178,0.4699999999999999,0
16,1,762,67,0,0.6625282168388367,0.4699999999999999,1
16,1,763,67,0,0.06967175006866455,0.4699999999999999,0
16,1,764,67,0,0.06251033395528793,0.4699999999999999,0
16,1,765,67,0,0.28126123547554016,0.4699999999999999,0
16,1,766,67,0,0.23473712801933289,0.4699999999999999,0
16,1,837,75,0,0.06250646710395813,0.4699999999999999,0
16,1,838,75,0,0.0757494792342186,0.4699999999999999,0
16,1,839,75,0,0.05742765590548515,0.4699999999999999,0
16,1,840,75,0,0.06250840425491333,0.4699999999999999,0
16,1,841,75,0,0.06250584125518799,0.4699999999999999,0
16,1,842,75,0,0.06967391818761826,0.4699999999999999,0
16,1,843,75,0,0.06967391818761826,0.4699999999999999,0
16,1,844,75,0,0.062507763504982,0.4699999999999999,0
16,1,845,75,0,0.062507763504982,0.4699999999999999,0
16,1,846,75,0,0.05742407962679863,0.4699999999999999,0
16,1,887,80,0,0.06087399274110794,0.4699999999999999,0
16,1,888,80,0,0.06804359704256058,0.4699999999999999,0
16,1,889,80,0,0.06627671420574188,0.4699999999999999,0
16,1,890,80,0,0.06087208911776543,0.4699999999999999,0
16,1,891,80,0,0.05742407217621803,0.4699999999999999,0
16,1,892,80,0,0.05742586404085159,0.4699999999999999,0
16,1,893,80,0,0.05742587521672249,0.4699999999999999,0
16,1,894,80,0,0.3687811493873596,0.4699999999999999,0
16,1,895,80,0,0.06967033445835114,0.4699999999999999,0
16,1,896,80,0,0.3376084566116333,0.4699999999999999,0
16,2,1,1,1,0.6075316667556763,0.5299999999999999,1
16,2,5,5,1,0.9155963659286499,0.5299999999999999,1
16,2,8,8,1,0.6227036118507385,0.5299999999999999,1
16,2,17,17,1,0.9037423729896545,0.5299999999999999,1
16,2,23,23,1,0.9155963659286499,0.5299999999999999,1
16,2,25,25,1,0.9764861464500427,0.5299999999999999,1
16,2,30,30,1,0.9037423729896545,0.5299999999999999,1
16,2,33,33,1,0.9037423729896545,0.5299999999999999,1
16,2,39,39,1,0.9155963659286499,0.5299999999999999,1
16,2,43,43,1,0.3774619996547699,0.5299999999999999,0
16,2,45,45,1,0.43544864654541016,0.5299999999999999,0
16,2,49,49,1,0.4559389352798462,0.5299999999999999,0
16,2,51,51,1,0.15346261858940125,0.5299999999999999,0
16,2,53,53,1,0.4205881357192993,0.5299999999999999,0
16,2,71,71,1,0.1480923593044281,0.5299999999999999,0
16,2,76,76,1,0.6227133274078369,0.5299999999999999,1
16,2,97,1,0,0.045046355575323105,0.5299999999999999,0
16,2,98,1,0,0.04664997756481171,0.5299999999999999,0
16,2,99,1,0,0.06134694442152977,0.5299999999999999,0
16,2,100,1,0,0.10668632388114929,0.5299999999999999,0
16,2,101,1,0,0.03915737196803093,0.5299999999999999,0
16,2,102,1,0,0.04660584032535553,0.5299999999999999,0
16,2,103,1,0,0.10241003334522247,0.5299999999999999,0
16,2,104,1,0,0.10241226851940155,0.5299999999999999,0
16,2,105,1,0,0.10550925880670547,0.5299999999999999,0
16,2,106,1,0,0.10668174177408218,0.5299999999999999,0
16,2,137,5,0,0.2211134135723114,0.5299999999999999,0
16,2,138,5,0,0.9867975115776062,0.5299999999999999,1
16,2,139,5,0,0.0995321124792099,0.5299999999999999,0
16,2,140,5,0,0.0965873971581459,0.5299999999999999,0
16,2,141,5,0,0.10846763104200363,0.5299999999999999,0
16,2,142,5,0,0.04312756285071373,0.5299999999999999,0
16,2,143,5,0,0.10668843239545822,0.5299999999999999,0
16,2,144,5,0,0.11112213134765625,0.5299999999999999,0
16,2,145,5,0,0.1609310358762741,0.5299999999999999,0
16,2,146,5,0,0.2946633994579315,0.5299999999999999,0
16,2,167,8,0,0.038097672164440155,0.5299999999999999,0
16,2,168,8,0,0.03915880620479584,0.5299999999999999,0
16,2,169,8,0,0.0995277464389801,0.5299999999999999,0
16,2,170,8,0,0.03915880620479584,0.5299999999999999,0
16,2,171,8,0,0.036783263087272644,0.5299999999999999,0
16,2,172,8,0,0.04314645007252693,0.5299999999999999,0
16,2,173,8,0,0.10241451114416122,0.5299999999999999,0
16,2,174,8,0,0.03678193688392639,0.5299999999999999,0
16,2,175,8,0,0.10309622436761856,0.5299999999999999,0
16,2,176,8,0,0.036781929433345795,0.5299999999999999,0
16,2,257,17,0,0.10241760313510895,0.5299999999999999,0
16,2,258,17,0,0.10241226851940155,0.5299999999999999,0
16,2,259,17,0,0.10668952763080597,0.5299999999999999,0
16,2,260,17,0,0.10241453349590302,0.5299999999999999,0
16,2,261,17,0,0.04166366532444954,0.5299999999999999,0
16,2,262,17,0,0.13963846862316132,0.5299999999999999,0
16,2,263,17,0,0.04164372384548187,0.5299999999999999,0
16,2,264,17,0,0.09658315032720566,0.5299999999999999,0
16,2,265,17,0,0.11294358968734741,0.5299999999999999,0
16,2,266,17,0,0.04430408775806427,0.5299999999999999,0
16,2,317,23,0,0.036781251430511475,0.5299999999999999,0
16,2,318,23,0,0.09658483415842056,0.5299999999999999,0
16,2,319,23,0,0.03678127005696297,0.5299999999999999,0
16,2,320,23,0,0.038097694516181946,0.5299999999999999,0
16,2,321,23,0,0.03809679299592972,0.5299999999999999,0
16,2,322,23,0,0.036781929433345795,0.5299999999999999,0
16,2,323,23,0,0.03678126260638237,0.5299999999999999,0
16,2,324,23,0,0.1601179540157318,0.5299999999999999,0
16,2,325,23,0,0.04166068509221077,0.5299999999999999,0
16,2,326,23,0,0.03678198531270027,0.5299999999999999,0
16,2,337,25,0,0.03678127005696297,0.5299999999999999,0
16,2,338,25,0,0.036781251430511475,0.5299999999999999,0
16,2,339,25,0,0.03678127005696297,0.5299999999999999,0
16,2,340,25,0,0.03678126260638237,0.5299999999999999,0
16,2,341,25,0,0.036781929433345795,0.5299999999999999,0
16,2,342,25,0,0.9155963659286499,0.5299999999999999,1
16,2,343,25,0,0.10240490734577179,0.5299999999999999,0
16,2,344,25,0,0.10241376608610153,0.5299999999999999,0
16,2,345,25,0,0.10668400675058365,0.5299999999999999,0
16,2,346,25,0,0.10241228342056274,0.5299999999999999,0
16,2,387,30,0,0.11469082534313202,0.5299999999999999,0
16,2,388,30,0,0.040553558617830276,0.5299999999999999,0
16,2,389,30,0,0.12142045050859451,0.5299999999999999,0
16,2,390,30,0,0.10241226851940155,0.5299999999999999,0
16,2,391,30,0,0.10241228342056274,0.5299999999999999,0
16,2,392,30,0,0.10668323189020157,0.5299999999999999,0
16,2,393,30,0,0.9764861464500427,0.5299999999999999,1
16,2,394,30,0,0.13963750004768372,0.5299999999999999,0
16,2,395,30,0,0.038097694516181946,0.5299999999999999,0
16,2,396,30,0,0.03809768334031105,0.5299999999999999,0
16,2,417,33,0,0.04504343867301941,0.5299999999999999,0
16,2,418,33,0,0.04504343867301941,0.5299999999999999,0
16,2,419,33,0,0.10668633878231049,0.5299999999999999,0
16,2,420,33,0,0.038096796721220016,0.5299999999999999,0
16,2,421,33,0,0.03915738686919212,0.5299999999999999,0
16,2,422,33,0,0.11610250174999237,0.5299999999999999,0
16,2,423,33,0,0.038096796721220016,0.5299999999999999,0
16,2,424,33,0,0.4000737965106964,0.5299999999999999,0
16,2,425,33,0,0.03678194805979729,0.5299999999999999,0
16,2,426,33,0,0.03678127005696297,0.5299999999999999,0
16,2,477,39,0,0.03678127005696297,0.5299999999999999,0
16,2,478,39,0,0.03809858113527298,0.5299999999999999,0
16,2,479,39,0,0.038098566234111786,0.5299999999999999,0
16,2,480,39,0,0.10562673956155777,0.5299999999999999,0
16,2,481,39,0,0.039158083498477936,0.5299999999999999,0
16,2,482,39,0,0.03678193688392639,0.5299999999999999,0
16,2,483,39,0,0.10747417062520981,0.5299999999999999,0
16,2,484,39,0,0.10671012848615646,0.5299999999999999,0
16,2,485,39,0,0.17395563423633575,0.5299999999999999,0
16,2,486,39,0,0.17395567893981934,0.5299999999999999,0
16,2,517,43,0,0.18152078986167908,0.5299999999999999,0
16,2,518,43,0,0.18152078986167908,0.5299999999999999,0
16,2,519,43,0,0.04232523590326309,0.5299999999999999,0
16,2,520,43,0,0.03678126260638237,0.5299999999999999,0
16,2,521,43,0,0.03678126260638237,0.5299999999999999,0
16,2,522,43,0,0.03678127005696297,0.5299999999999999,0
16,2,523,43,0,0.03678126260638237,0.5299999999999999,0
16,2,524,43,0,0.03678126260638237,0.5299999999999999,0
16,2,525,43,0,0.038096796721220016,0.5299999999999999,0
16,2,526,43,0,0.038097482174634933,0.5299999999999999,0
16,2,537,45,0,0.03678127005696297,0.5299999999999999,0
16,2,538,45,0,0.03678127005696297,0.5299999999999999,0
16,2,539,45,0,0.036781251430511475,0.5299999999999999,0
16,2,540,45,0,0.03678126260638237,0.5299999999999999,0
16,2,541,45,0,0.03678126260638237,0.5299999999999999,0
16,2,542,45,0,0.04232599586248398,0.5299999999999999,0
16,2,543,45,0,0.11940609663724899,0.5299999999999999,0
16,2,544,45,0,0.1627415120601654,0.5299999999999999,0
16,2,545,45,0,0.03678127005696297,0.5299999999999999,0
16,2,546,45,0,0.3856147825717926,0.5299999999999999,0
16,2,577,49,0,0.036781251430511475,0.5299999999999999,0
16,2,578,49,0,0.03678198531270027,0.5299999999999999,0
16,2,579,49,0,0.03678198531270027,0.5299999999999999,0
16,2,580,49,0,0.03678198531270027,0.5299999999999999,0
16,2,581,49,0,0.1540711522102356,0.5299999999999999,0
16,2,582,49,0,0.043836429715156555,0.5299999999999999,0
16,2,583,49,0,0.1627415269613266,0.5299999999999999,0
16,2,584,49,0,0.03678194805979729,0.5299999999999999,0
16,2,585,49,0,0.03678198531270027,0.5299999999999999,0
16,2,586,49,0,0.03678193688392639,0.5299999999999999,0
16,2,597,51,0,0.37746772170066833,0.5299999999999999,0
16,2,598,51,0,0.11110463738441467,0.5299999999999999,0
16,2,599,51,0,0.09658527374267578,0.5299999999999999,0
16,2,600,51,0,0.12014953047037125,0.5299999999999999,0
16,2,601,51,0,0.03797909617424011,0.5299999999999999,0
16,2,602,51,0,0.1146957203745842,0.5299999999999999,0
16,2,603,51,0,0.11101121455430984,0.5299999999999999,0
16,2,604,51,0,0.12014951556921005,0.5299999999999999,0
16,2,605,51,0,0.04232675954699516,0.5299999999999999,0
16,2,606,51,0,0.038098566234111786,0.5299999999999999,0
16,2,617,53,0,0.03809768334031105,0.5299999999999999,0
16,2,618,53,0,0.043836429715156555,0.5299999999999999,0
16,2,619,53,0,0.12146586924791336,0.5299999999999999,0
16,2,620,53,0,0.03809836506843567,0.5299999999999999,0
16,2,621,53,0,0.038098372519016266,0.5299999999999999,0
16,2,622,53,0,0.11572892218828201,0.5299999999999999,0
16,2,623,53,0,0.03678127005696297,0.5299999999999999,0
16,2,624,53,0,0.1540711522102356,0.5299999999999999,0
16,2,625,53,0,0.0450444370508194,0.5299999999999999,0
16,2,626,53,0,0.1627442091703415,0.5299999999999999,0
16,2,797,71,0,0.1024167463183403,0.5299999999999999,0
16,2,798,71,0,0.0965874120593071,0.5299999999999999,0
16,2,799,71,0,0.10551312565803528,0.5299999999999999,0
16,2,800,71,0,0.10562129318714142,0.5299999999999999,0
16,2,801,71,0,0.3856109082698822,0.5299999999999999,0
16,2,802,71,0,0.03915738686919212,0.5299999999999999,0
16,2,803,71,0,0.14809072017669678,0.5299999999999999,0
16,2,804,71,0,0.03678127005696297,0.5299999999999999,0
16,2,805,71,0,0.03922957181930542,0.5299999999999999,0
16,2,806,71,0,0.04163948446512222,0.5299999999999999,0
16,2,847,76,0,0.03915941342711449,0.5299999999999999,0
16,2,848,76,0,0.038097694516181946,0.5299999999999999,0
16,2,849,76,0,0.039158083498477936,0.5299999999999999,0
16,2,850,76,0,0.13199929893016815,0.5299999999999999,0
16,2,851,76,0,0.12294936925172806,0.5299999999999999,0
16,2,852,76,0,0.3774729073047638,0.5299999999999999,0
16,2,853,76,0,0.09658527374267578,0.5299999999999999,0
16,2,854,76,0,0.1023687943816185,0.5299999999999999,0
16,2,855,76,0,0.09658525139093399,0.5299999999999999,0
16,2,856,76,0,0.03809679299592972,0.5299999999999999,0
16,3,2,2,1,0.45374706387519836,0.4799999999999999,0
16,3,3,3,1,0.3251460790634155,0.4799999999999999,0
16,3,4,4,1,0.39037850499153137,0.4799999999999999,0
16,3,12,12,1,0.42166292667388916,0.4799999999999999,0
16,3,14,14,1,0.3768826723098755,0.4799999999999999,0
16,3,18,18,1,0.42166292667388916,0.4799999999999999,0
16,3,24,24,1,0.39037850499153137,0.4799999999999999,0
16,3,34,34,1,0.390378475189209,0.4799999999999999,0
16,3,46,46,1,0.431193470954895,0.4799999999999999,0
16,3,50,50,1,0.3494246006011963,0.4799999999999999,0
16,3,55,55,1,0.4307926893234253,0.4799999999999999,0
16,3,57,57,1,0.4307926893234253,0.4799999999999999,0
16,3,64,64,1,0.3364279866218567,0.4799999999999999,0
16,3,68,68,1,0.3778536319732666,0.4799999999999999,0
16,3,72,72,1,0.37784531712532043,0.4799999999999999,0
16,3,78,78,1,0.4216628968715668,0.4799999999999999,0
16,3,107,2,0,0.2850588858127594,0.4799999999999999,0
16,3,108,2,0,0.2850588858127594,0.4799999999999999,0
16,3,109,2,0,0.2623636722564697,0.4799999999999999,0
16,3,110,2,0,0.2878095209598541,0.4799999999999999,0
16,3,111,2,0,0.28955650329589844,0.4799999999999999,0
16,3,112,2,0,0.25981247425079346,0.4799999999999999,0
16,3,113,2,0,0.26724693179130554,0.4799999999999999,0
16,3,114,2,0,0.2672768235206604,0.4799999999999999,0
16,3,115,2,0,0.28733474016189575,0.4799999999999999,0
16,3,116,2,0,0.28733476996421814,0.4799999999999999,0
16,3,117,3,0,0.28641802072525024,0.4799999999999999,0
16,3,118,3,0,0.25864559412002563,0.4799999999999999,0
16,3,119,3,0,0.2923640012741089,0.4799999999999999,0
16,3,120,3,0,0.2850602865219116,0.4799999999999999,0
16,3,121,3,0,0.26005131006240845,0.4799999999999999,0
16,3,122,3,0,0.2932431399822235,0.4799999999999999,0
16,3,123,3,0,0.2923640012741089,0.4799999999999999,0
16,3,124,3,0,0.2623636722564697,0.4799999999999999,0
16,3,125,3,0,0.2850588858127594,0.4799999999999999,0
16,3,126,3,0,0.25793886184692383,0.4799999999999999,0
16,3,127,4,0,0.2560672163963318,0.4799999999999999,0
16,3,128,4,0,0.25737321376800537,0.4799999999999999,0
16,3,129,4,0,0.25878316164016724,0.4799999999999999,0
16,3,130,4,0,0.30657634139060974,0.4799999999999999,0
16,3,131,4,0,0.2859249413013458,0.4799999999999999,0
16,3,132,4,0,0.28506070375442505,0.4799999999999999,0
16,3,133,4,0,0.2897142469882965,0.4799999999999999,0
16,3,134,4,0,0.29222145676612854,0.4799999999999999,0
16,3,135,4,0,0.26047050952911377,0.4799999999999999,0
16,3,136,4,0,0.26165127754211426,0.4799999999999999,0
16,3,207,12,0,0.2560672163963318,0.4799999999999999,0
16,3,208,12,0,0.2567686140537262,0.4799999999999999,0
16,3,209,12,0,0.25676900148391724,0.4799999999999999,0
16,3,210,12,0,0.28592449426651,0.4799999999999999,0
16,3,211,12,0,0.2560672163963318,0.4799999999999999,0
16,3,212,12,0,0.2560672163963318,0.4799999999999999,0
16,3,213,12,0,0.308135986328125,0.4799999999999999,0
16,3,214,12,0,0.25606679916381836,0.4799999999999999,0
16,3,215,12,0,0.25723493099212646,0.4799999999999999,0
16,3,216,12,0,0.25723493099212646,0.4799999999999999,0
16,3,227,14,0,0.258635550737381,0.4799999999999999,0
16,3,228,14,0,0.2598106265068054,0.4799999999999999,0
16,3,229,14,0,0.25981178879737854,0.4799999999999999,0
16,3,230,14,0,0.28506016731262207,0.4799999999999999,0
16,3,231,14,0,0.25863590836524963,0.4799999999999999,0
16,3,232,14,0,0.25995007157325745,0.4799999999999999,0
16,3,233,14,0,0.28381311893463135,0.4799999999999999,0
16,3,234,14,0,0.3043775260448456,0.4799999999999999,0
16,3,235,14,0,0.25676900148391724,0.4799999999999999,0
16,3,236,14,0,0.28505969047546387,0.4799999999999999,0
16,3,267,18,0,0.2815195918083191,0.4799999999999999,0
16,3,268,18,0,0.2878091037273407,0.4799999999999999,0
16,3,269,18,0,0.258635550737381,0.4799999999999999,0
16,3,270,18,0,0.25794512033462524,0.4799999999999999,0
16,3,271,18,0,0.2850602865219116,0.4799999999999999,0
16,3,272,18,0,0.30567657947540283,0.4799999999999999,0
16,3,273,18,0,0.26512467861175537,0.4799999999999999,0
16,3,274,18,0,0.2579391300678253,0.4799999999999999,0
16,3,275,18,0,0.25723493099212646,0.4799999999999999,0
16,3,276,18,0,0.25723493099212646,0.4799999999999999,0
16,3,327,24,0,0.2560671865940094,0.4799999999999999,0
16,3,328,24,0,0.2560671865940094,0.4799999999999999,0
16,3,329,24,0,0.2567686438560486,0.4799999999999999,0
16,3,330,24,0,0.2560671865940094,0.4799999999999999,0
16,3,331,24,0,0.286090612411499,0.4799999999999999,0
16,3,332,24,0,0.25676900148391724,0.4799999999999999,0
16,3,333,24,0,0.25676900148391724,0.4799999999999999,0
16,3,334,24,0,0.25676900148391724,0.4799999999999999,0
16,3,335,24,0,0.2560672163963318,0.4799999999999999,0
16,3,336,24,0,0.25676900148391724,0.4799999999999999,0
16,3,427,34,0,0.32845476269721985,0.4799999999999999,0
16,3,428,34,0,0.32845383882522583,0.4799999999999999,0
16,3,429,34,0,0.2560672163963318,0.4799999999999999,0
16,3,430,34,0,0.2560672163963318,0.4799999999999999,0
16,3,431,34,0,0.25676900148391724,0.4799999999999999,0
16,3,432,34,0,0.25606709718704224,0.4799999999999999,0
16,3,433,34,0,0.25606679916381836,0.4799999999999999,0
16,3,434,34,0,0.335300087928772,0.4799999999999999,0
16,3,435,34,0,0.2560671865940094,0.4799999999999999,0
16,3,436,34,0,0.2560671865940094,0.4799999999999999,0
16,3,547,46,0,0.25793880224227905,0.4799999999999999,0
16,3,548,46,0,0.2850588858127594,0.4799999999999999,0
16,3,549,46,0,0.2860870659351349,0.4799999999999999,0
16,3,550,46,0,0.286088228225708,0.4799999999999999,0
16,3,551,46,0,0.2560671269893646,0.4799999999999999,0
16,3,552,46,0,0.2567693591117859,0.4799999999999999,0
16,3,553,46,0,0.25606679916381836,0.4799999999999999,0
16,3,554,46,0,0.35235923528671265,0.4799999999999999,0
16,3,555,46,0,0.28381314873695374,0.4799999999999999,0
16,3,556,46,0,0.25606682896614075,0.4799999999999999,0
16,3,587,50,0,0.2567693889141083,0.4799999999999999,0
16,3,588,50,0,0.2567690312862396,0.4799999999999999,0
16,3,589,50,0,0.2860906422138214,0.4799999999999999,0
16,3,590,50,0,0.2586352527141571,0.4799999999999999,0
16,3,591,50,0,0.33530062437057495,0.4799999999999999,0
16,3,592,50,0,0.2560671865940094,0.4799999999999999,0
16,3,593,50,0,0.3072320520877838,0.4799999999999999,0
16,3,594,50,0,0.2560672163963318,0.4799999999999999,0
16,3,595,50,0,0.2567693889141083,0.4799999999999999,0
16,3,596,50,0,0.25606679916381836,0.4799999999999999,0
16,3,637,55,0,0.25606679916381836,0.4799999999999999,0
16,3,638,55,0,0.25606679916381836,0.4799999999999999,0
16,3,639,55,0,0.25606679916381836,0.4799999999999999,0
16,3,640,55,0,0.2560671865940094,0.4799999999999999,0
16,3,641,55,0,0.2850588858127594,0.4799999999999999,0
16,3,642,55,0,0.28297191858291626,0.4799999999999999,0
16,3,643,55,0,0.25606679916381836,0.4799999999999999,0
16,3,644,55,0,0.28554126620292664,0.4799999999999999,0
16,3,645,55,0,0.2598108947277069,0.4799999999999999,0
16,3,646,55,0,0.2567686438560486,0.4799999999999999,0
16,3,657,57,0,0.3479098677635193,0.4799999999999999,0
16,3,658,57,0,0.28467637300491333,0.4799999999999999,0
16,3,659,57,0,0.25791385769844055,0.4799999999999999,0
16,3,660,57,0,0.25606682896614075,0.4799999999999999,0
16,3,661,57,0,0.2567686438560486,0.4799999999999999,0
16,3,662,57,0,0.2567686438560486,0.4799999999999999,0
16,3,663,57,0,0.2567686438560486,0.4799999999999999,0
16,3,664,57,0,0.28211015462875366,0.4799999999999999,0
16,3,665,57,0,0.25606682896614075,0.4799999999999999,0
16,3,666,57,0,0.25606682896614075,0.4799999999999999,0
16,3,727,64,0,0.25606706738471985,0.4799999999999999,0
16,3,728,64,0,0.25606682896614075,0.4799999999999999,0
16,3,729,64,0,0.2560672163963318,0.4799999999999999,0
16,3,730,64,0,0.25737354159355164,0.4799999999999999,0
16,3,731,64,0,0.25676900148391724,0.4799999999999999,0
16,3,732,64,0,0.2586352825164795,0.4799999999999999,0
16,3,733,64,0,0.25863566994667053,0.4799999999999999,0
16,3,734,64,0,0.25606682896614075,0.4799999999999999,0
16,3,735,64,0,0.25606679916381836,0.4799999999999999,0
16,3,736,64,0,0.25606679916381836,0.4799999999999999,0
16,3,767,68,0,0.28733524680137634,0.4799999999999999,0
16,3,768,68,0,0.2859247922897339,0.4799999999999999,0
16,3,769,68,0,0.28592449426651,0.4799999999999999,0
16,3,770,68,0,0.2850598096847534,0.4799999999999999,0
16,3,771,68,0,0.2859249413013458,0.4799999999999999,0
16,3,772,68,0,0.2838131785392761,0.4799999999999999,0
16,3,773,68,0,0.2838127017021179,0.4799999999999999,0
16,3,774,68,0,0.2932415306568146,0.4799999999999999,0
16,3,775,68,0,0.2891750633716583,0.4799999999999999,0
16,3,776,68,0,0.2850598394870758,0.4799999999999999,0
16,3,807,72,0,0.2572347819805145,0.4799999999999999,0
16,3,808,72,0,0.2572347819805145,0.4799999999999999,0
16,3,809,72,0,0.2572345435619354,0.4799999999999999,0
16,3,810,72,0,0.25723519921302795,0.4799999999999999,0
16,3,811,72,0,0.25723519921302795,0.4799999999999999,0
16,3,812,72,0,0.25723516941070557,0.4799999999999999,0
16,3,813,72,0,0.2572345435619354,0.4799999999999999,0
16,3,814,72,0,0.29423192143440247,0.4799999999999999,0
16,3,815,72,0,0.2572355270385742,0.4799999999999999,0
16,3,816,72,0,0.25723519921302795,0.4799999999999999,0
16,3,867,78,0,0.2586362957954407,0.4799999999999999,0
16,3,868,78,0,0.2567686140537262,0.4799999999999999,0
16,3,869,78,0,0.28381267189979553,0.4799999999999999,0
16,3,870,78,0,0.28381267189979553,0.4799999999999999,0
16,3,871,78,0,0.2869541049003601,0.4799999999999999,0
16,3,872,78,0,0.2586362659931183,0.4799999999999999,0
16,3,873,78,0,0.2586362659931183,0.4799999999999999,0
16,3,874,78,0,0.25838109850883484,0.4799999999999999,0
16,3,875,78,0,0.2838131785392761,0.4799999999999999,0
16,3,876,78,0,0.25676900148391724,0.4799999999999999,0
16,4,7,7,1,0.48039710521698,0.48999999999999994,0
16,4,15,15,1,0.49076780676841736,0.48999999999999994,1
16,4,16,16,1,0.4859113097190857,0.48999999999999994,0
16,4,21,21,1,0.49076777696609497,0.48999999999999994,1
16,4,31,31,1,0.4865144193172455,0.48999999999999994,0
16,4,38,38,1,0.4865143597126007,0.48999999999999994,0
16,4,42,42,1,0.4790651798248291,0.48999999999999994,0
16,4,44,44,1,0.4793964624404907,0.48999999999999994,0
16,4,47,47,1,0.49264082312583923,0.48999999999999994,1
16,4,56,56,1,0.4865144193172455,0.48999999999999994,0
16,4,60,60,1,0.4790652096271515,0.48999999999999994,0
16,4,66,66,1,0.471788614988327,0.48999999999999994,0
16,4,70,70,1,0.4803972840309143,0.48999999999999994,0
16,4,73,73,1,0.4865144193172455,0.48999999999999994,0
16,4,74,74,1,0.4865143895149231,0.48999999999999994,0
16,4,79,79,1,0.4859113097190857,0.48999999999999994,0
16,4,157,7,0,0.47126176953315735,0.48999999999999994,0
16,4,158,7,0,0.47126197814941406,0.48999999999999994,0
16,4,159,7,0,0.4712109863758087,0.48999999999999994,0
16,4,160,7,0,0.4749685227870941,0.48999999999999994,0
16,4,161,7,0,0.4748074412345886,0.48999999999999994,0
16,4,162,7,0,0.47480741143226624,0.48999999999999994,0
16,4,163,7,0,0.47509047389030457,0.48999999999999994,0
16,4,164,7,0,0.4714230000972748,0.48999999999999994,0
16,4,165,7,0,0.47509056329727173,0.48999999999999994,0
16,4,166,7,0,0.47496873140335083,0.48999999999999994,0
16,4,237,15,0,0.4748075306415558,0.48999999999999994,0
16,4,238,15,0,0.47146672010421753,0.48999999999999994,0
16,4,239,15,0,0.4713717997074127,0.48999999999999994,0
16,4,240,15,0,0.479962557554245,0.48999999999999994,0
16,4,241,15,0,0.4753347635269165,0.48999999999999994,0
16,4,242,15,0,0.4803609848022461,0.48999999999999994,0
16,4,243,15,0,0.47496864199638367,0.48999999999999994,0
16,4,244,15,0,0.47992774844169617,0.48999999999999994,0
16,4,245,15,0,0.47162777185440063,0.48999999999999994,0
16,4,246,15,0,0.4749685227870941,0.48999999999999994,0
16,4,247,16,0,0.4750785827636719,0.48999999999999994,0
16,4,248,16,0,0.4749176502227783,0.48999999999999994,0
16,4,249,16,0,0.4749685227870941,0.48999999999999994,0
16,4,250,16,0,0.4711010158061981,0.48999999999999994,0
16,4,251,16,0,0.47110095620155334,0.48999999999999994,0
16,4,252,16,0,0.4749685823917389,0.48999999999999994,0
16,4,253,16,0,0.47181063890457153,0.48999999999999994,0
16,4,254,16,0,0.4754447340965271,0.48999999999999994,0
16,4,255,16,0,0.47533470392227173,0.48999999999999994,0
16,4,256,16,0,0.4749685823917389,0.48999999999999994,0
16,4,297,21,0,0.4712108373641968,0.48999999999999994,0
16,4,298,21,0,0.4756647050380707,0.48999999999999994,0
16,4,299,21,0,0.4714227616786957,0.48999999999999994,0
16,4,300,21,0,0.4750988781452179,0.48999999999999994,0
16,4,301,21,0,0.4717375934123993,0.48999999999999994,0
16,4,302,21,0,0.47173765301704407,0.48999999999999994,0
16,4,303,21,0,0.4749886989593506,0.48999999999999994,0
16,4,304,21,0,0.47110089659690857,0.48999999999999994,0
16,4,305,21,0,0.47110089659690857,0.48999999999999994,0
16,4,306,21,0,0.4746081829071045,0.48999999999999994,0
16,4,397,31,0,0.47121086716651917,0.48999999999999994,0
16,4,398,31,0,0.47121092677116394,0.48999999999999994,0
16,4,399,31,0,0.47121092677116394,0.48999999999999994,0
16,4,400,31,0,0.47137176990509033,0.48999999999999994,0
16,4,401,31,0,0.47110095620155334,0.48999999999999994,0
16,4,402,31,0,0.4712108373641968,0.48999999999999994,0
16,4,403,31,0,0.4712108075618744,0.48999999999999994,0
16,4,404,31,0,0.4712108075618744,0.48999999999999994,0
16,4,405,31,0,0.47146666049957275,0.48999999999999994,0
16,4,406,31,0,0.4748075008392334,0.48999999999999994,0
16,4,467,38,0,0.47162771224975586,0.48999999999999994,0
16,4,468,38,0,0.47110089659690857,0.48999999999999994,0
16,4,469,38,0,0.4816388189792633,0.48999999999999994,0
16,4,470,38,0,0.4714227616786957,0.48999999999999994,0
16,4,471,38,0,0.47173765301704407,0.48999999999999994,0
16,4,472,38,0,0.47157666087150574,0.48999999999999994,0
16,4,473,38,0,0.47110089659690857,0.48999999999999994,0
16,4,474,38,0,0.47528353333473206,0.48999999999999994,0
16,4,475,38,0,0.47121092677116394,0.48999999999999994,0
16,4,476,38,0,0.47162771224975586,0.48999999999999994,0
16,4,507,42,0,0.47491753101348877,0.48999999999999994,0
16,4,508,42,0,0.47491753101348877,0.48999999999999994,0
16,4,509,42,0,0.47520050406455994,0.48999999999999994,0
16,4,510,42,0,0.47110095620155334,0.48999999999999994,0
16,4,511,42,0,0.47146672010421753,0.48999999999999994,0
16,4,512,42,0,0.47502750158309937,0.48999999999999994,0
16,4,513,42,0,0.47121086716651917,0.48999999999999994,0
16,4,514,42,0,0.4748075306415558,0.48999999999999994,0
16,4,515,42,0,0.47146669030189514,0.48999999999999994,0
16,4,516,42,0,0.47121092677116394,0.48999999999999994,0
16,4,527,44,0,0.47917604446411133,0.48999999999999994,0
16,4,528,44,0,0.47110089659690857,0.48999999999999994,0
16,4,529,44,0,0.4749174416065216,0.48999999999999994,0
16,4,530,44,0,0.47528359293937683,0.48999999999999994,0
16,4,531,44,0,0.474917471408844,0.48999999999999994,0
16,4,532,44,0,0.47173774242401123,0.48999999999999994,0
16,4,533,44,0,0.47146666049957275,0.48999999999999994,0
16,4,534,44,0,0.47110089659690857,0.48999999999999994,0
16,4,535,44,0,0.47110089659690857,0.48999999999999994,0
16,4,536,44,0,0.47110089659690857,0.48999999999999994,0
16,4,557,47,0,0.4713837206363678,0.48999999999999994,0
16,4,558,47,0,0.47110089659690857,0.48999999999999994,0
16,4,559,47,0,0.4712108373641968,0.48999999999999994,0
16,4,560,47,0,0.47121092677116394,0.48999999999999994,0
16,4,561,47,0,0.47121092677116394,0.48999999999999994,0
16,4,562,47,0,0.4712108373641968,0.48999999999999994,0
16,4,563,47,0,0.4712109863758087,0.48999999999999994,0
16,4,564,47,0,0.47121092677116394,0.48999999999999994,0
16,4,565,47,0,0.4712108373641968,0.48999999999999994,0
16,4,566,47,0,0.47121092677116394,0.48999999999999994,0
16,4,647,56,0,0.4751885235309601,0.48999999999999994,0
16,4,648,56,0,0.47906526923179626,0.48999999999999994,0
16,4,649,56,0,0.4712109863758087,0.48999999999999994,0
16,4,650,56,0,0.4750988781452179,0.48999999999999994,0
16,4,651,56,0,0.47110089659690857,0.48999999999999994,0
16,4,652,56,0,0.4711008667945862,0.48999999999999994,0
16,4,653,56,0,0.47110089659690857,0.48999999999999994,0
16,4,654,56,0,0.47146672010421753,0.48999999999999994,0
16,4,655,56,0,0.4749886393547058,0.48999999999999994,0
16,4,656,56,0,0.47504761815071106,0.48999999999999994,0
16,4,687,60,0,0.47146672010421753,0.48999999999999994,0
16,4,688,60,0,0.4712108373641968,0.48999999999999994,0
16,4,689,60,0,0.4712108373641968,0.48999999999999994,0
16,4,690,60,0,0.47110092639923096,0.48999999999999994,0
16,4,691,60,0,0.4759824872016907,0.48999999999999994,0
16,4,692,60,0,0.47513532638549805,0.48999999999999994,0
16,4,693,60,0,0.47121092677116394,0.48999999999999994,0
16,4,694,60,0,0.47110089659690857,0.48999999999999994,0
16,4,695,60,0,0.48013079166412354,0.48999999999999994,0
16,4,696,60,0,0.4749886989593506,0.48999999999999994,0
16,4,747,66,0,0.4712108373641968,0.48999999999999994,0
16,4,748,66,0,0.47110089659690857,0.48999999999999994,0
16,4,749,66,0,0.47110089659690857,0.48999999999999994,0
16,4,750,66,0,0.4757389724254608,0.48999999999999994,0
16,4,751,66,0,0.4750785827636719,0.48999999999999994,0
16,4,752,66,0,0.4750785827636719,0.48999999999999994,0
16,4,753,66,0,0.4711010158061981,0.48999999999999994,0
16,4,754,66,0,0.4749692976474762,0.48999999999999994,0
16,4,755,66,0,0.47496944665908813,0.48999999999999994,0
16,4,756,66,0,0.4749692976474762,0.48999999999999994,0
16,4,787,70,0,0.47126197814941406,0.48999999999999994,0
16,4,788,70,0,0.47126197814941406,0.48999999999999994,0
16,4,789,70,0,0.4749685823917389,0.48999999999999994,0
16,4,790,70,0,0.47544464468955994,0.48999999999999994,0
16,4,791,70,0,0.4717375934123993,0.48999999999999994,0
16,4,792,70,0,0.47509893774986267,0.48999999999999994,0
16,4,793,70,0,0.47525984048843384,0.48999999999999994,0
16,4,794,70,0,0.4749687910079956,0.48999999999999994,0
16,4,795,70,0,0.47146672010421753,0.48999999999999994,0
16,4,796,70,0,0.47491753101348877,0.48999999999999994,0
16,4,817,73,0,0.4712619483470917,0.48999999999999994,0
16,4,818,73,0,0.4712619185447693,0.48999999999999994,0
16,4,819,73,0,0.4712619185447693,0.48999999999999994,0
16,4,820,73,0,0.4712619185447693,0.48999999999999994,0
16,4,821,73,0,0.47126197814941406,0.48999999999999994,0
16,4,822,73,0,0.4712619185447693,0.48999999999999994,0
16,4,823,73,0,0.47126197814941406,0.48999999999999994,0
16,4,824,73,0,0.47126203775405884,0.48999999999999994,0
16,4,825,73,0,0.47110095620155334,0.48999999999999994,0
16,4,826,73,0,0.475079208612442,0.48999999999999994,0
16,4,827,74,0,0.47110095620155334,0.48999999999999994,0
16,4,828,74,0,0.4749687612056732,0.48999999999999994,0
16,4,829,74,0,0.4763486385345459,0.48999999999999994,0
16,4,830,74,0,0.475188672542572,0.48999999999999994,0
16,4,831,74,0,0.4712618589401245,0.48999999999999994,0
16,4,832,74,0,0.4712618887424469,0.48999999999999994,0
16,4,833,74,0,0.47110095620155334,0.48999999999999994,0
16,4,834,74,0,0.47110095620155334,0.48999999999999994,0
16,4,835,74,0,0.47162777185440063,0.48999999999999994,0
16,4,836,74,0,0.47126197814941406,0.48999999999999994,0
16,4,877,79,0,0.47491753101348877,0.48999999999999994,0
16,4,878,79,0,0.4717375636100769,0.48999999999999994,0
16,4,879,79,0,0.47496846318244934,0.48999999999999994,0
16,4,880,79,0,0.4749685525894165,0.48999999999999994,0
16,4,881,79,0,0.47480741143226624,0.48999999999999994,0
16,4,882,79,0,0.4748074412345886,0.48999999999999994,0
16,4,883,79,0,0.47496846318244934,0.48999999999999994,0
16,4,884,79,0,0.4748074412345886,0.48999999999999994,0
16,4,885,79,0,0.47480741143226624,0.48999999999999994,0
16,4,886,79,0,0.47480741143226624,0.48999999999999994,0
16,5,0,0,1,0.44060853123664856,0.48999999999999994,0
16,5,11,11,1,0.44749417901039124,0.48999999999999994,0
16,5,13,13,1,0.4405757486820221,0.48999999999999994,0
16,5,19,19,1,0.44749417901039124,0.48999999999999994,0
16,5,20,20,1,0.44749417901039124,0.48999999999999994,0
16,5,26,26,1,0.4403238594532013,0.48999999999999994,0
16,5,27,27,1,0.4480724036693573,0.48999999999999994,0
16,5,32,32,1,0.4403238594532013,0.48999999999999994,0
16,5,35,35,1,0.44807249307632446,0.48999999999999994,0
16,5,37,37,1,0.4480724632740021,0.48999999999999994,0
16,5,40,40,1,0.44032415747642517,0.48999999999999994,0
16,5,58,58,1,0.4480724632740021,0.48999999999999994,0
16,5,63,63,1,0.45341813564300537,0.48999999999999994,0
16,5,65,65,1,0.44032418727874756,0.48999999999999994,0
16,5,69,69,1,0.44208094477653503,0.48999999999999994,0
16,5,77,77,1,0.44081243872642517,0.48999999999999994,0
16,5,87,0,0,0.44060850143432617,0.48999999999999994,0
16,5,88,0,0,0.4298821985721588,0.48999999999999994,0
16,5,89,0,0,0.44015374779701233,0.48999999999999994,0
16,5,90,0,0,0.42916056513786316,0.48999999999999994,0
16,5,91,0,0,0.434631884098053,0.48999999999999994,0
16,5,92,0,0,0.42922472953796387,0.48999999999999994,0
16,5,93,0,0,0.4341130554676056,0.48999999999999994,0
16,5,94,0,0,0.42916056513786316,0.48999999999999994,0
16,5,95,0,0,0.4336763918399811,0.48999999999999994,0
16,5,96,0,0,0.4341130554676056,0.48999999999999994,0
16,5,197,11,0,0.42922458052635193,0.48999999999999994,0
16,5,198,11,0,0.4290218651294708,0.48999999999999994,0
16,5,199,11,0,0.43367645144462585,0.48999999999999994,0
16,5,200,11,0,0.42902177572250366,0.48999999999999994,0
16,5,201,11,0,0.42902177572250366,0.48999999999999994,0
16,5,202,11,0,0.4334734380245209,0.48999999999999994,0
16,5,203,11,0,0.42902183532714844,0.48999999999999994,0
16,5,204,11,0,0.42902177572250366,0.48999999999999994,0
16,5,205,11,0,0.4336511790752411,0.48999999999999994,0
16,5,206,11,0,0.433789998292923,0.48999999999999994,0
16,5,217,13,0,0.4294828474521637,0.48999999999999994,0
16,5,218,13,0,0.4290218651294708,0.48999999999999994,0
16,5,219,13,0,0.42902201414108276,0.48999999999999994,0
16,5,220,13,0,0.42902204394340515,0.48999999999999994,0
16,5,221,13,0,0.429621160030365,0.48999999999999994,0
16,5,222,13,0,0.4293631911277771,0.48999999999999994,0
16,5,223,13,0,0.42968544363975525,0.48999999999999994,0
16,5,224,13,0,0.42922452092170715,0.48999999999999994,0
16,5,225,13,0,0.42902180552482605,0.48999999999999994,0
16,5,226,13,0,0.42902183532714844,0.48999999999999994,0
16,5,277,19,0,0.42922496795654297,0.48999999999999994,0
16,5,278,19,0,0.43454763293266296,0.48999999999999994,0
16,5,279,19,0,0.429021954536438,0.48999999999999994,0
16,5,280,19,0,0.4336512088775635,0.48999999999999994,0
16,5,281,19,0,0.42902180552482605,0.48999999999999994,0
16,5,282,19,0,0.42922455072402954,0.48999999999999994,0
16,5,283,19,0,0.42922458052635193,0.48999999999999994,0
16,5,284,19,0,0.4348272383213043,0.48999999999999994,0
16,5,285,19,0,0.4336511492729187,0.48999999999999994,0
16,5,286,19,0,0.43086257576942444,0.48999999999999994,0
16,5,287,20,0,0.4398815333843231,0.48999999999999994,0
16,5,288,20,0,0.43379083275794983,0.48999999999999994,0
16,5,289,20,0,0.43955129384994507,0.48999999999999994,0
16,5,290,20,0,0.42922455072402954,0.48999999999999994,0
16,5,291,20,0,0.4480724632740021,0.48999999999999994,0
16,5,292,20,0,0.42902180552482605,0.48999999999999994,0
16,5,293,20,0,0.4291602671146393,0.48999999999999994,0
16,5,294,20,0,0.43578407168388367,0.48999999999999994,0
16,5,295,20,0,0.4290217459201813,0.48999999999999994,0
16,5,296,20,0,0.4294828176498413,0.48999999999999994,0
16,5,347,26,0,0.43475067615509033,0.48999999999999994,0
16,5,348,26,0,0.4291604161262512,0.48999999999999994,0
16,5,349,26,0,0.43411320447921753,0.48999999999999994,0
16,5,350,26,0,0.434140682220459,0.48999999999999994,0
16,5,351,26,0,0.4336511492729187,0.48999999999999994,0
16,5,352,26,0,0.42916035652160645,0.48999999999999994,0
16,5,353,26,0,0.43367666006088257,0.48999999999999994,0
16,5,354,26,0,0.433676540851593,0.48999999999999994,0
16,5,355,26,0,0.42902180552482605,0.48999999999999994,0
16,5,356,26,0,0.4290217459201813,0.48999999999999994,0
16,5,357,27,0,0.43365105986595154,0.48999999999999994,0
16,5,358,27,0,0.43365105986595154,0.48999999999999994,0
16,5,359,27,0,0.43365105986595154,0.48999999999999994,0
16,5,360,27,0,0.434140682220459,0.48999999999999994,0
16,5,361,27,0,0.4337899386882782,0.48999999999999994,0
16,5,362,27,0,0.4404252767562866,0.48999999999999994,0
16,5,363,27,0,0.43379005789756775,0.48999999999999994,0
16,5,364,27,0,0.433789998292923,0.48999999999999994,0
16,5,365,27,0,0.4290221631526947,0.48999999999999994,0
16,5,366,27,0,0.42902177572250366,0.48999999999999994,0
16,5,407,32,0,0.4290218651294708,0.48999999999999994,0
16,5,408,32,0,0.4290218651294708,0.48999999999999994,0
16,5,409,32,0,0.43906301259994507,0.48999999999999994,0
16,5,410,32,0,0.4290218949317932,0.48999999999999994,0
16,5,411,32,0,0.42916029691696167,0.48999999999999994,0
16,5,412,32,0,0.4290217459201813,0.48999999999999994,0
16,5,413,32,0,0.4297142028808594,0.48999999999999994,0
16,5,414,32,0,0.4294825792312622,0.48999999999999994,0
16,5,415,32,0,0.42902177572250366,0.48999999999999994,0
16,5,416,32,0,0.4290217161178589,0.48999999999999994,0
16,5,437,35,0,0.42948266863822937,0.48999999999999994,0
16,5,438,35,0,0.42902177572250366,0.48999999999999994,0
16,5,439,35,0,0.42902177572250366,0.48999999999999994,0
16,5,440,35,0,0.4349004030227661,0.48999999999999994,0
16,5,441,35,0,0.42902180552482605,0.48999999999999994,0
16,5,442,35,0,0.4291604161262512,0.48999999999999994,0
16,5,443,35,0,0.43646034598350525,0.48999999999999994,0
16,5,444,35,0,0.4403237998485565,0.48999999999999994,0
16,5,445,35,0,0.42902183532714844,0.48999999999999994,0
16,5,446,35,0,0.4293629825115204,0.48999999999999994,0
16,5,457,37,0,0.42902180552482605,0.48999999999999994,0
16,5,458,37,0,0.43010473251342773,0.48999999999999994,0
16,5,459,37,0,0.43379008769989014,0.48999999999999994,0
16,5,460,37,0,0.4291604161262512,0.48999999999999994,0
16,5,461,37,0,0.429160475730896,0.48999999999999994,0
16,5,462,37,0,0.42916035652160645,0.48999999999999994,0
16,5,463,37,0,0.43024328351020813,0.48999999999999994,0
16,5,464,37,0,0.4291604161262512,0.48999999999999994,0
16,5,465,37,0,0.4345942437648773,0.48999999999999994,0
16,5,466,37,0,0.4291605055332184,0.48999999999999994,0
16,5,487,40,0,0.4296853542327881,0.48999999999999994,0
16,5,488,40,0,0.43646037578582764,0.48999999999999994,0
16,5,489,40,0,0.4294825494289398,0.48999999999999994,0
16,5,490,40,0,0.42902177572250366,0.48999999999999994,0
16,5,491,40,0,0.42902177572250366,0.48999999999999994,0
16,5,492,40,0,0.42902180552482605,0.48999999999999994,0
16,5,493,40,0,0.42916035652160645,0.48999999999999994,0
16,5,494,40,0,0.4341130554676056,0.48999999999999994,0
16,5,495,40,0,0.44749417901039124,0.48999999999999994,0
16,5,496,40,0,0.433447927236557,0.48999999999999994,0
16,5,667,58,0,0.4291604161262512,0.48999999999999994,0
16,5,668,58,0,0.4291602671146393,0.48999999999999994,0
16,5,669,58,0,0.42916035652160645,0.48999999999999994,0
16,5,670,58,0,0.4294826090335846,0.48999999999999994,0
16,5,671,58,0,0.429621160030365,0.48999999999999994,0
16,5,672,58,0,0.42948248982429504,0.48999999999999994,0
16,5,673,58,0,0.42948251962661743,0.48999999999999994,0
16,5,674,58,0,0.43508589267730713,0.48999999999999994,0
16,5,675,58,0,0.43508589267730713,0.48999999999999994,0
16,5,676,58,0,0.42916035652160645,0.48999999999999994,0
16,5,717,63,0,0.4334436058998108,0.48999999999999994,0
16,5,718,63,0,0.42902177572250366,0.48999999999999994,0
16,5,719,63,0,0.42902177572250366,0.48999999999999994,0
16,5,720,63,0,0.42902180552482605,0.48999999999999994,0
16,5,721,63,0,0.43448883295059204,0.48999999999999994,0
16,5,722,63,0,0.4294826090335846,0.48999999999999994,0
16,5,723,63,0,0.42902180552482605,0.48999999999999994,0
16,5,724,63,0,0.4291606545448303,0.48999999999999994,0
16,5,725,63,0,0.4291604161262512,0.48999999999999994,0
16,5,726,63,0,0.42902183532714844,0.48999999999999994,0
16,5,737,65,0,0.434108704328537,0.48999999999999994,0
16,5,738,65,0,0.42982420325279236,0.48999999999999994,0
16,5,739,65,0,0.43542829155921936,0.48999999999999994,0
16,5,740,65,0,0.4294825792312622,0.48999999999999994,0
16,5,741,65,0,0.42902180552482605,0.48999999999999994,0
16,5,742,65,0,0.42902180552482605,0.48999999999999994,0
16,5,743,65,0,0.4297141432762146,0.48999999999999994,0
16,5,744,65,0,0.42902183532714844,0.48999999999999994,0
16,5,745,65,0,0.42902177572250366,0.48999999999999994,0
16,5,746,65,0,0.42902180552482605,0.48999999999999994,0
16,5,777,69,0,0.4339291453361511,0.48999999999999994,0
16,5,778,69,0,0.4337899684906006,0.48999999999999994,0
16,5,779,69,0,0.4336511492729187,0.48999999999999994,0
16,5,780,69,0,0.42922458052635193,0.48999999999999994,0
16,5,781,69,0,0.4337908923625946,0.48999999999999994,0
16,5,782,69,0,0.42942747473716736,0.48999999999999994,0
16,5,783,69,0,0.42902177572250366,0.48999999999999994,0
16,5,784,69,0,0.439292311668396,0.48999999999999994,0
16,5,785,69,0,0.42902183532714844,0.48999999999999994,0
16,5,786,69,0,0.4335867464542389,0.48999999999999994,0
16,5,857,77,0,0.43344783782958984,0.48999999999999994,0
16,5,858,77,0,0.42916035652160645,0.48999999999999994,0
16,5,859,77,0,0.43344783782958984,0.48999999999999994,0
16,5,860,77,0,0.4291602671146393,0.48999999999999994,0
16,5,861,77,0,0.4339289963245392,0.48999999999999994,0
16,5,862,77,0,0.43390995264053345,0.48999999999999994,0
16,5,863,77,0,0.42902180552482605,0.48999999999999994,0
16,5,864,77,0,0.43358656764030457,0.48999999999999994,0
16,5,865,77,0,0.42916035652160645,0.48999999999999994,0
16,5,866,77,0,0.42922455072402954,0.48999999999999994,0
17,1,4,4,1,0.8540883660316467,0.48999999999999994,1
17,1,5,5,1,0.8540883660316467,0.48999999999999994,1
17,1,8,8,1,0.7280012369155884,0.48999999999999994,1
17,1,12,12,1,0.9231593012809753,0.48999999999999994,1
17,1,16,16,1,0.8460519313812256,0.48999999999999994,1
17,1,25,25,1,0.9231593012809753,0.48999999999999994,1
17,1,26,26,1,0.6763108372688293,0.48999999999999994,1
17,1,32,32,1,0.6763107776641846,0.48999999999999994,1
17,1,40,40,1,0.6763196587562561,0.48999999999999994,1
17,1,54,54,1,0.6657254099845886,0.48999999999999994,1
17,1,55,55,1,0.9251853823661804,0.48999999999999994,1
17,1,64,64,1,0.6763108372688293,0.48999999999999994,1
17,1,68,68,1,0.848481297492981,0.48999999999999994,1
17,1,70,70,1,0.6763196587562561,0.48999999999999994,1
17,1,77,77,1,0.695925772190094,0.48999999999999994,1
17,1,78,78,1,0.9231593012809753,0.48999999999999994,1
17,1,79,79,1,0.846051812171936,0.48999999999999994,1
17,1,127,4,0,0.3215245306491852,0.48999999999999994,0
17,1,128,4,0,0.32822751998901367,0.48999999999999994,0
17,1,129,4,0,0.33646368980407715,0.48999999999999994,0
17,1,130,4,0,0.5074042081832886,0.48999999999999994,1
17,1,131,4,0,0.46976009011268616,0.48999999999999994,0
17,1,132,4,0,0.46514812111854553,0.48999999999999994,0
17,1,133,4,0,0.49064427614212036,0.48999999999999994,1
17,1,134,4,0,0.5045064687728882,0.48999999999999994,1
17,1,135,4,0,0.3454021215438843,0.48999999999999994,0
17,1,136,4,0,0.35156792402267456,0.48999999999999994,0
17,1,137,5,0,0.5236935615539551,0.48999999999999994,1
17,1,138,5,0,0.939002275466919,0.48999999999999994,1
17,1,139,5,0,0.46309635043144226,0.48999999999999994,0
17,1,140,5,0,0.4583914279937744,0.48999999999999994,0
17,1,141,5,0,0.47190916538238525,0.48999999999999994,0
17,1,142,5,0,0.3376297056674957,0.48999999999999994,0
17,1,143,5,0,0.46976473927497864,0.48999999999999994,0
17,1,144,5,0,0.47439736127853394,0.48999999999999994,0
17,1,145,5,0,0.5200232863426208,0.48999999999999994,1
17,1,146,5,0,0.647841215133667,0.48999999999999994,1
17,1,167,8,0,0.32558563351631165,0.48999999999999994,0
17,1,168,8,0,0.3274816870689392,0.48999999999999994,0
17,1,169,8,0,0.4630914032459259,0.48999999999999994,0
17,1,170,8,0,0.3274816870689392,0.48999999999999994,0
17,1,171,8,0,0.3215288519859314,0.48999999999999994,0
17,1,172,8,0,0.33762529492378235,0.48999999999999994,0
17,1,173,8,0,0.4651409387588501,0.48999999999999994,0
17,1,174,8,0,0.3215245306491852,0.48999999999999994,0
17,1,175,8,0,0.46599051356315613,0.48999999999999994,0
17,1,176,8,0,0.3215245306491852,0.48999999999999994,0
17,1,207,12,0,0.32152456045150757,0.48999999999999994,0
17,1,208,12,0,0.32558345794677734,0.48999999999999994,0
17,1,209,12,0,0.32558563351631165,0.48999999999999994,0
17,1,210,12,0,0.4697575867176056,0.48999999999999994,0
17,1,211,12,0,0.32152459025382996,0.48999999999999994,0
17,1,212,12,0,0.32152456045150757,0.48999999999999994,0
17,1,213,12,0,0.5160401463508606,0.48999999999999994,1
17,1,214,12,0,0.32152241468429565,0.48999999999999994,0
17,1,215,12,0,0.32747727632522583,0.48999999999999994,0
17,1,216,12,0,0.32747727632522583,0.48999999999999994,0
17,1,247,16,0,0.46976006031036377,0.48999999999999994,0
17,1,248,16,0,0.4630039930343628,0.48999999999999994,0
17,1,249,16,0,0.4651384949684143,0.48999999999999994,0
17,1,250,16,0,0.3215259611606598,0.48999999999999994,0
17,1,251,16,0,0.32152456045150757,0.48999999999999994,0
17,1,252,16,0,0.4651409387588501,0.48999999999999994,0
17,1,253,16,0,0.3481907844543457,0.48999999999999994,0
17,1,254,16,0,0.48516175150871277,0.48999999999999994,0
17,1,255,16,0,0.4805292785167694,0.48999999999999994,0
17,1,256,16,0,0.46514013409614563,0.48999999999999994,0
17,1,337,25,0,0.32152241468429565,0.48999999999999994,0
17,1,338,25,0,0.32152238488197327,0.48999999999999994,0
17,1,339,25,0,0.32152241468429565,0.48999999999999994,0
17,1,340,25,0,0.32152238488197327,0.48999999999999994,0
17,1,341,25,0,0.32152456045150757,0.48999999999999994,0
17,1,342,25,0,0.8540884256362915,0.48999999999999994,1
17,1,343,25,0,0.46513602137565613,0.48999999999999994,0
17,1,344,25,0,0.46514013409614563,0.48999999999999994,0
17,1,345,25,0,0.46976009011268616,0.48999999999999994,0
17,1,346,25,0,0.4651384949684143,0.48999999999999994,0
17,1,347,26,0,0.5018088817596436,0.48999999999999994,1
17,1,348,26,0,0.32558563351631165,0.48999999999999994,0
17,1,349,26,0,0.4805309474468231,0.48999999999999994,0
17,1,350,26,0,0.4814469814300537,0.48999999999999994,0
17,1,351,26,0,0.4651409387588501,0.48999999999999994,0
17,1,352,26,0,0.32558563351631165,0.48999999999999994,0
17,1,353,26,0,0.46598902344703674,0.48999999999999994,0
17,1,354,26,0,0.46598559617996216,0.48999999999999994,0
17,1,355,26,0,0.32152238488197327,0.48999999999999994,0
17,1,356,26,0,0.32152241468429565,0.48999999999999994,0
17,1,407,32,0,0.32152456045150757,0.48999999999999994,0
17,1,408,32,0,0.3215245306491852,0.48999999999999994,0
17,1,409,32,0,0.6373409032821655,0.48999999999999994,1
17,1,410,32,0,0.3215245306491852,0.48999999999999994,0
17,1,411,32,0,0.32558345794677734,0.48999999999999994,0
17,1,412,32,0,0.3215223550796509,0.48999999999999994,0
17,1,413,32,0,0.3390103578567505,0.48999999999999994,0
17,1,414,32,0,0.3351345658302307,0.48999999999999994,0
17,1,415,32,0,0.32152241468429565,0.48999999999999994,0
17,1,416,32,0,0.32152241468429565,0.48999999999999994,0
17,1,487,40,0,0.34121447801589966,0.48999999999999994,0
17,1,488,40,0,0.5616447329521179,0.48999999999999994,1
17,1,489,40,0,0.3351342976093292,0.48999999999999994,0
17,1,490,40,0,0.32152238488197327,0.48999999999999994,0
17,1,491,40,0,0.3215223550796509,0.48999999999999994,0
17,1,492,40,0,0.32152417302131653,0.48999999999999994,0
17,1,493,40,0,0.32558563351631165,0.48999999999999994,0
17,1,494,40,0,0.48052433133125305,0.48999999999999994,0
17,1,495,40,0,0.846051812171936,0.48999999999999994,1
17,1,496,40,0,0.4583914577960968,0.48999999999999994,0
17,1,627,54,0,0.32152241468429565,0.48999999999999994,0
17,1,628,54,0,0.49667590856552124,0.48999999999999994,1
17,1,629,54,0,0.32152241468429565,0.48999999999999994,0
17,1,630,54,0,0.32152238488197327,0.48999999999999994,0
17,1,631,54,0,0.32152241468429565,0.48999999999999994,0
17,1,632,54,0,0.32152238488197327,0.48999999999999994,0
17,1,633,54,0,0.32152238488197327,0.48999999999999994,0
17,1,634,54,0,0.32152241468429565,0.48999999999999994,0
17,1,635,54,0,0.32152241468429565,0.48999999999999994,0
17,1,636,54,0,0.32152238488197327,0.48999999999999994,0
17,1,637,55,0,0.32152241468429565,0.48999999999999994,0
17,1,638,55,0,0.32152241468429565,0.48999999999999994,0
17,1,639,55,0,0.32152241468429565,0.48999999999999994,0
17,1,640,55,0,0.3215245306491852,0.48999999999999994,0
17,1,641,55,0,0.4651384949684143,0.48999999999999994,0
17,1,642,55,0,0.46593475341796875,0.48999999999999994,0
17,1,643,55,0,0.32152238488197327,0.48999999999999994,0
17,1,644,55,0,0.4676150679588318,0.48999999999999994,0
17,1,645,55,0,0.34121376276016235,0.48999999999999994,0
17,1,646,55,0,0.32558345794677734,0.48999999999999994,0
17,1,727,64,0,0.32152414321899414,0.48999999999999994,0
17,1,728,64,0,0.32152238488197327,0.48999999999999994,0
17,1,729,64,0,0.3215245306491852,0.48999999999999994,0
17,1,730,64,0,0.32822951674461365,0.48999999999999994,0
17,1,731,64,0,0.32558563351631165,0.48999999999999994,0
17,1,732,64,0,0.33513423800468445,0.48999999999999994,0
17,1,733,64,0,0.3351365029811859,0.48999999999999994,0
17,1,734,64,0,0.32152238488197327,0.48999999999999994,0
17,1,735,64,0,0.32152238488197327,0.48999999999999994,0
17,1,736,64,0,0.32152241468429565,0.48999999999999994,0
17,1,767,68,0,0.47737404704093933,0.48999999999999994,0
17,1,768,68,0,0.4697592258453369,0.48999999999999994,0
17,1,769,68,0,0.4697575569152832,0.48999999999999994,0
17,1,770,68,0,0.4651431441307068,0.48999999999999994,0
17,1,771,68,0,0.46976006031036377,0.48999999999999994,0
17,1,772,68,0,0.4583889842033386,0.48999999999999994,0
17,1,773,68,0,0.45838648080825806,0.48999999999999994,0
17,1,774,68,0,0.47533178329467773,0.48999999999999994,0
17,1,775,68,0,0.48815464973449707,0.48999999999999994,0
17,1,776,68,0,0.4651434123516083,0.48999999999999994,0
17,1,787,70,0,0.3274816870689392,0.48999999999999994,0
17,1,788,70,0,0.32748162746429443,0.48999999999999994,0
17,1,789,70,0,0.4651409387588501,0.48999999999999994,0
17,1,790,70,0,0.485159307718277,0.48999999999999994,0
17,1,791,70,0,0.3453977108001709,0.48999999999999994,0
17,1,792,70,0,0.47061651945114136,0.48999999999999994,0
17,1,793,70,0,0.4773789942264557,0.48999999999999994,0
17,1,794,70,0,0.46514812111854553,0.48999999999999994,0
17,1,795,70,0,0.3351365029811859,0.48999999999999994,0
17,1,796,70,0,0.46299824118614197,0.48999999999999994,0
17,1,857,77,0,0.45838895440101624,0.48999999999999994,0
17,1,858,77,0,0.32558563351631165,0.48999999999999994,0
17,1,859,77,0,0.45838895440101624,0.48999999999999994,0
17,1,860,77,0,0.32558345794677734,0.48999999999999994,0
17,1,861,77,0,0.4743890166282654,0.48999999999999994,0
17,1,862,77,0,0.4737551808357239,0.48999999999999994,0
17,1,863,77,0,0.32152241468429565,0.48999999999999994,0
17,1,864,77,0,0.46299660205841064,0.48999999999999994,0
17,1,865,77,0,0.32558563351631165,0.48999999999999994,0
17,1,866,77,0,0.3274773061275482,0.48999999999999994,0
17,1,867,78,0,0.33513957262039185,0.48999999999999994,0
17,1,868,78,0,0.32558345794677734,0.48999999999999994,0
17,1,869,78,0,0.45838648080825806,0.48999999999999994,0
17,1,870,78,0,0.45838654041290283,0.48999999999999994,0
17,1,871,78,0,0.47522836923599243,0.48999999999999994,0
17,1,872,78,0,0.33513951301574707,0.48999999999999994,0
17,1,873,78,0,0.33513957262039185,0.48999999999999994,0
17,1,874,78,0,0.33348605036735535,0.48999999999999994,0
17,1,875,78,0,0.4583889842033386,0.48999999999999994,0
17,1,876,78,0,0.32558563351631165,0.48999999999999994,0
17,1,877,79,0,0.46299904584884644,0.48999999999999994,0
17,1,878,79,0,0.3453969359397888,0.48999999999999994,0
17,1,879,79,0,0.46513602137565613,0.48999999999999994,0
17,1,880,79,0,0.4651384949684143,0.48999999999999994,0
17,1,881,79,0,0.45838654041290283,0.48999999999999994,0
17,1,882,79,0,0.45838654041290283,0.48999999999999994,0
17,1,883,79,0,0.46513602137565613,0.48999999999999994,0
17,1,884,79,0,0.4583865702152252,0.48999999999999994,0
17,1,885,79,0,0.45838648080825806,0.48999999999999994,0
17,1,886,79,0,0.45838648080825806,0.48999999999999994,0
17,2,9,9,1,0.40781301259994507,0.49499999999999994,0
17,2,11,11,1,0.40781301259994507,0.49499999999999994,0
17,2,14,14,1,0.40781301259994507,0.49499999999999994,0
17,2,18,18,1,0.43513748049736023,0.49499999999999994,0
17,2,24,24,1,0.4131583869457245,0.49499999999999994,0
17,2,29,29,1,0.37373262643814087,0.49499999999999994,0
17,2,33,33,1,0.40781307220458984,0.49499999999999994,0
17,2,37,37,1,0.4131583869457245,0.49499999999999994,0
17,2,43,43,1,0.3640037477016449,0.49499999999999994,0
17,2,47,47,1,0.44972026348114014,0.49499999999999994,0
17,2,52,52,1,0.36879923939704895,0.49499999999999994,0
17,2,53,53,1,0.36681661009788513,0.49499999999999994,0
17,2,57,57,1,0.4380623996257782,0.49499999999999994,0
17,2,63,63,1,0.43513748049736023,0.49499999999999994,0
17,2,69,69,1,0.3802308738231659,0.49499999999999994,0
17,2,75,75,1,0.37785759568214417,0.49499999999999994,0
17,2,177,9,0,0.35788798332214355,0.49499999999999994,0
17,2,178,9,0,0.3219253420829773,0.49499999999999994,0
17,2,179,9,0,0.3209742307662964,0.49499999999999994,0
17,2,180,9,0,0.32097455859184265,0.49499999999999994,0
17,2,181,9,0,0.32097455859184265,0.49499999999999994,0
17,2,182,9,0,0.3219253122806549,0.49499999999999994,0
17,2,183,9,0,0.3389420807361603,0.49499999999999994,0
17,2,184,9,0,0.3209749162197113,0.49499999999999994,0
17,2,185,9,0,0.3219250440597534,0.49499999999999994,0
17,2,186,9,0,0.32407721877098083,0.49499999999999994,0
17,2,197,11,0,0.3219242990016937,0.49499999999999994,0
17,2,198,11,0,0.32097455859184265,0.49499999999999994,0
17,2,199,11,0,0.33906474709510803,0.49499999999999994,0
17,2,200,11,0,0.3209742307662964,0.49499999999999994,0
17,2,201,11,0,0.320974200963974,0.49499999999999994,0
17,2,202,11,0,0.3380906879901886,0.49499999999999994,0
17,2,203,11,0,0.32097455859184265,0.49499999999999994,0
17,2,204,11,0,0.3209742307662964,0.49499999999999994,0
17,2,205,11,0,0.3389427959918976,0.49499999999999994,0
17,2,206,11,0,0.3395934998989105,0.49499999999999994,0
17,2,227,14,0,0.3231236934661865,0.49499999999999994,0
17,2,228,14,0,0.3240765333175659,0.49499999999999994,0
17,2,229,14,0,0.3240775465965271,0.49499999999999994,0
17,2,230,14,0,0.3389430344104767,0.49499999999999994,0
17,2,231,14,0,0.3231240212917328,0.49499999999999994,0
17,2,232,14,0,0.32419344782829285,0.49499999999999994,0
17,2,233,14,0,0.3379671573638916,0.49499999999999994,0
17,2,234,14,0,0.3394186496734619,0.49499999999999994,0
17,2,235,14,0,0.3216076195240021,0.49499999999999994,0
17,2,236,14,0,0.33894267678260803,0.49499999999999994,0
17,2,267,18,0,0.34174877405166626,0.49499999999999994,0
17,2,268,18,0,0.34115222096443176,0.49499999999999994,0
17,2,269,18,0,0.32312366366386414,0.49499999999999994,0
17,2,270,18,0,0.322564035654068,0.49499999999999994,0
17,2,271,18,0,0.3389431834220886,0.49499999999999994,0
17,2,272,18,0,0.34039685130119324,0.49499999999999994,0
17,2,273,18,0,0.3251190781593323,0.49499999999999994,0
17,2,274,18,0,0.3225586414337158,0.49499999999999994,0
17,2,275,18,0,0.3219243288040161,0.49499999999999994,0
17,2,276,18,0,0.3219243288040161,0.49499999999999994,0
17,2,327,24,0,0.32097455859184265,0.49499999999999994,0
17,2,328,24,0,0.32097455859184265,0.49499999999999994,0
17,2,329,24,0,0.3216072618961334,0.49499999999999994,0
17,2,330,24,0,0.32097455859184265,0.49499999999999994,0
17,2,331,24,0,0.3449973165988922,0.49499999999999994,0
17,2,332,24,0,0.3216076195240021,0.49499999999999994,0
17,2,333,24,0,0.3216075897216797,0.49499999999999994,0
17,2,334,24,0,0.3216076195240021,0.49499999999999994,0
17,2,335,24,0,0.32097455859184265,0.49499999999999994,0
17,2,336,24,0,0.3216076195240021,0.49499999999999994,0
17,2,377,29,0,0.36578086018562317,0.49499999999999994,0
17,2,378,29,0,0.339592844247818,0.49499999999999994,0
17,2,379,29,0,0.3389446437358856,0.49499999999999994,0
17,2,380,29,0,0.3389446437358856,0.49499999999999994,0
17,2,381,29,0,0.33959320187568665,0.49499999999999994,0
17,2,382,29,0,0.3395935595035553,0.49499999999999994,0
17,2,383,29,0,0.34560999274253845,0.49499999999999994,0
17,2,384,29,0,0.32192161679267883,0.49499999999999994,0
17,2,385,29,0,0.32192161679267883,0.49499999999999994,0
17,2,386,29,0,0.3216075897216797,0.49499999999999994,0
17,2,417,33,0,0.32407712936401367,0.49499999999999994,0
17,2,418,33,0,0.3240770995616913,0.49499999999999994,0
17,2,419,33,0,0.3395935595035553,0.49499999999999994,0
17,2,420,33,0,0.3216072618961334,0.49499999999999994,0
17,2,421,33,0,0.3219243288040161,0.49499999999999994,0
17,2,422,33,0,0.33941832184791565,0.49499999999999994,0
17,2,423,33,0,0.3216072618961334,0.49499999999999994,0
17,2,424,33,0,0.3638277053833008,0.49499999999999994,0
17,2,425,33,0,0.32097455859184265,0.49499999999999994,0
17,2,426,33,0,0.3209742307662964,0.49499999999999994,0
17,2,457,37,0,0.320974200963974,0.49499999999999994,0
17,2,458,37,0,0.3272778391838074,0.49499999999999994,0
17,2,459,37,0,0.3395938277244568,0.49499999999999994,0
17,2,460,37,0,0.3216076195240021,0.49499999999999994,0
17,2,461,37,0,0.32160791754722595,0.49499999999999994,0
17,2,462,37,0,0.3216075897216797,0.49499999999999994,0
17,2,463,37,0,0.3279213607311249,0.49499999999999994,0
17,2,464,37,0,0.32160794734954834,0.49499999999999994,0
17,2,465,37,0,0.3434344232082367,0.49499999999999994,0
17,2,466,37,0,0.32160794734954834,0.49499999999999994,0
17,2,517,43,0,0.3516555428504944,0.49499999999999994,0
17,2,518,43,0,0.3516555428504944,0.49499999999999994,0
17,2,519,43,0,0.32312342524528503,0.49499999999999994,0
17,2,520,43,0,0.3209742307662964,0.49499999999999994,0
17,2,521,43,0,0.320974200963974,0.49499999999999994,0
17,2,522,43,0,0.320974200963974,0.49499999999999994,0
17,2,523,43,0,0.320974200963974,0.49499999999999994,0
17,2,524,43,0,0.320974200963974,0.49499999999999994,0
17,2,525,43,0,0.3216072618961334,0.49499999999999994,0
17,2,526,43,0,0.3216075599193573,0.49499999999999994,0
17,2,557,47,0,0.3232107162475586,0.49499999999999994,0
17,2,558,47,0,0.3209742307662964,0.49499999999999994,0
17,2,559,47,0,0.3216072618961334,0.49499999999999994,0
17,2,560,47,0,0.3216075897216797,0.49499999999999994,0
17,2,561,47,0,0.3216075897216797,0.49499999999999994,0
17,2,562,47,0,0.3216072618961334,0.49499999999999994,0
17,2,563,47,0,0.32160794734954834,0.49499999999999994,0
17,2,564,47,0,0.3216076195240021,0.49499999999999994,0
17,2,565,47,0,0.3216072618961334,0.49499999999999994,0
17,2,566,47,0,0.3216075897216797,0.49499999999999994,0
17,2,607,52,0,0.32160794734954834,0.49499999999999994,0
17,2,608,52,0,0.34219518303871155,0.49499999999999994,0
17,2,609,52,0,0.3216072618961334,0.49499999999999994,0
17,2,610,52,0,0.341804563999176,0.49499999999999994,0
17,2,611,52,0,0.32375940680503845,0.49499999999999994,0
17,2,612,52,0,0.3209741711616516,0.49499999999999994,0
17,2,613,52,0,0.3209742307662964,0.49499999999999994,0
17,2,614,52,0,0.34201779961586,0.49499999999999994,0
17,2,615,52,0,0.34489133954048157,0.49499999999999994,0
17,2,616,52,0,0.34357574582099915,0.49499999999999994,0
17,2,617,53,0,0.3216076195240021,0.49499999999999994,0
17,2,618,53,0,0.32375892996788025,0.49499999999999994,0
17,2,619,53,0,0.34180396795272827,0.49499999999999994,0
17,2,620,53,0,0.32160794734954834,0.49499999999999994,0
17,2,621,53,0,0.32160791754722595,0.49499999999999994,0
17,2,622,53,0,0.34090131521224976,0.49499999999999994,0
17,2,623,53,0,0.3209742307662964,0.49499999999999994,0
17,2,624,53,0,0.3440139889717102,0.49499999999999994,0
17,2,625,53,0,0.32407739758491516,0.49499999999999994,0
17,2,626,53,0,0.3449975550174713,0.49499999999999994,0
17,2,657,57,0,0.36262741684913635,0.49499999999999994,0
17,2,658,57,0,0.33861690759658813,0.49499999999999994,0
17,2,659,57,0,0.3225559890270233,0.49499999999999994,0
17,2,660,57,0,0.320974200963974,0.49499999999999994,0
17,2,661,57,0,0.3216072618961334,0.49499999999999994,0
17,2,662,57,0,0.3216072618961334,0.49499999999999994,0
17,2,663,57,0,0.3216072618961334,0.49499999999999994,0
17,2,664,57,0,0.34179574251174927,0.49499999999999994,0
17,2,665,57,0,0.3209742307662964,0.49499999999999994,0
17,2,666,57,0,0.320974200963974,0.49499999999999994,0
17,2,717,63,0,0.34179630875587463,0.49499999999999994,0
17,2,718,63,0,0.3209742307662964,0.49499999999999994,0
17,2,719,63,0,0.320974200963974,0.49499999999999994,0
17,2,720,63,0,0.320974200963974,0.49499999999999994,0
17,2,721,63,0,0.344186931848526,0.49499999999999994,0
17,2,722,63,0,0.3231237828731537,0.49499999999999994,0
17,2,723,63,0,0.32097455859184265,0.49499999999999994,0
17,2,724,63,0,0.3216090798377991,0.49499999999999994,0
17,2,725,63,0,0.32160794734954834,0.49499999999999994,0
17,2,726,63,0,0.32097452878952026,0.49499999999999994,0
17,2,777,69,0,0.3402460813522339,0.49499999999999994,0
17,2,778,69,0,0.33959320187568665,0.49499999999999994,0
17,2,779,69,0,0.3389424681663513,0.49499999999999994,0
17,2,780,69,0,0.3219246566295624,0.49499999999999994,0
17,2,781,69,0,0.3395977318286896,0.49499999999999994,0
17,2,782,69,0,0.32287439703941345,0.49499999999999994,0
17,2,783,69,0,0.3209742307662964,0.49499999999999994,0
17,2,784,69,0,0.3580096960067749,0.49499999999999994,0
17,2,785,69,0,0.32097458839416504,0.49499999999999994,0
17,2,786,69,0,0.33861732482910156,0.49499999999999994,0
17,2,837,75,0,0.3219243288040161,0.49499999999999994,0
17,2,838,75,0,0.32407689094543457,0.49499999999999994,0
17,2,839,75,0,0.3209749162197113,0.49499999999999994,0
17,2,840,75,0,0.3219246566295624,0.49499999999999994,0
17,2,841,75,0,0.32192420959472656,0.49499999999999994,0
17,2,842,75,0,0.3231239914894104,0.49499999999999994,0
17,2,843,75,0,0.3231240212917328,0.49499999999999994,0
17,2,844,75,0,0.3219245374202728,0.49499999999999994,0
17,2,845,75,0,0.3219245672225952,0.49499999999999994,0
17,2,846,75,0,0.320974200963974,0.49499999999999994,0
17,3,0,0,1,0.5186423659324646,0.48499999999999993,1
17,3,10,10,1,0.522476851940155,0.48499999999999993,1
17,3,15,15,1,0.5390735268592834,0.48499999999999993,1
17,3,19,19,1,0.5296404361724854,0.48499999999999993,1
17,3,20,20,1,0.5296404361724854,0.48499999999999993,1
17,3,23,23,1,0.5319240093231201,0.48499999999999993,1
17,3,30,30,1,0.5296404957771301,0.48499999999999993,1
17,3,36,36,1,0.5196412801742554,0.48499999999999993,1
17,3,39,39,1,0.5319240093231201,0.48499999999999993,1
17,3,41,41,1,0.5298605561256409,0.48499999999999993,1
17,3,46,46,1,0.5407029390335083,0.48499999999999993,1
17,3,49,49,1,0.5190759897232056,0.48499999999999993,1
17,3,58,58,1,0.5319239497184753,0.48499999999999993,1
17,3,59,59,1,0.5158892869949341,0.48499999999999993,1
17,3,62,62,1,0.5390735268592834,0.48499999999999993,1
17,3,71,71,1,0.5097166895866394,0.48499999999999993,1
17,3,87,0,0,0.5186423659324646,0.48499999999999993,1
17,3,88,0,0,0.5026218295097351,0.48499999999999993,1
17,3,89,0,0,0.5191631317138672,0.48499999999999993,1
17,3,90,0,0,0.5003936290740967,0.48499999999999993,1
17,3,91,0,0,0.5091944932937622,0.48499999999999993,1
17,3,92,0,0,0.5004991888999939,0.48499999999999993,1
17,3,93,0,0,0.5083657503128052,0.48499999999999993,1
17,3,94,0,0,0.5003936886787415,0.48499999999999993,1
17,3,95,0,0,0.5076711773872375,0.48499999999999993,1
17,3,96,0,0,0.5083658695220947,0.48499999999999993,1
17,3,187,10,0,0.5075249671936035,0.48499999999999993,1
17,3,188,10,0,0.5081126093864441,0.48499999999999993,1
17,3,189,10,0,0.5158892869949341,0.48499999999999993,1
17,3,190,10,0,0.5004987716674805,0.48499999999999993,1
17,3,191,10,0,0.5009077787399292,0.48499999999999993,1
17,3,192,10,0,0.510621964931488,0.48499999999999993,1
17,3,193,10,0,0.500907838344574,0.48499999999999993,1
17,3,194,10,0,0.5002131462097168,0.48499999999999993,1
17,3,195,10,0,0.507954478263855,0.48499999999999993,1
17,3,196,10,0,0.5004990100860596,0.48499999999999993,1
17,3,237,15,0,0.507304310798645,0.48499999999999993,1
17,3,238,15,0,0.5009078979492188,0.48499999999999993,1
17,3,239,15,0,0.5007197260856628,0.48499999999999993,1
17,3,240,15,0,0.5176923274993896,0.48499999999999993,1
17,3,241,15,0,0.508366048336029,0.48499999999999993,1
17,3,242,15,0,0.5182077288627625,0.48499999999999993,1
17,3,243,15,0,0.5076307058334351,0.48499999999999993,1
17,3,244,15,0,0.5173369646072388,0.48499999999999993,1
17,3,245,15,0,0.5012344717979431,0.48499999999999993,1
17,3,246,15,0,0.507630467414856,0.48499999999999993,1
17,3,277,19,0,0.5004995465278625,0.48499999999999993,1
17,3,278,19,0,0.5090591311454773,0.48499999999999993,1
17,3,279,19,0,0.5001726746559143,0.48499999999999993,1
17,3,280,19,0,0.5076307058334351,0.48499999999999993,1
17,3,281,19,0,0.5001724362373352,0.48499999999999993,1
17,3,282,19,0,0.50049889087677,0.48499999999999993,1
17,3,283,19,0,0.5004990100860596,0.48499999999999993,1
17,3,284,19,0,0.510948657989502,0.48499999999999993,1
17,3,285,19,0,0.5076305866241455,0.48499999999999993,1
17,3,286,19,0,0.5031116008758545,0.48499999999999993,1
17,3,287,20,0,0.5176642537117004,0.48499999999999993,1
17,3,288,20,0,0.5078526139259338,0.48499999999999993,1
17,3,289,20,0,0.5182088017463684,0.48499999999999993,1
17,3,290,20,0,0.50049889087677,0.48499999999999993,1
17,3,291,20,0,0.5319240093231201,0.48499999999999993,1
17,3,292,20,0,0.5001724362373352,0.48499999999999993,1
17,3,293,20,0,0.5003932118415833,0.48499999999999993,1
17,3,294,20,0,0.5110231041908264,0.48499999999999993,1
17,3,295,20,0,0.5001724362373352,0.48499999999999993,1
17,3,296,20,0,0.5009081959724426,0.48499999999999993,1
17,3,317,23,0,0.5001724362373352,0.48499999999999993,1
17,3,318,23,0,0.5073041915893555,0.48499999999999993,1
17,3,319,23,0,0.5001724362373352,0.48499999999999993,1
17,3,320,23,0,0.5003933310508728,0.48499999999999993,1
17,3,321,23,0,0.500393271446228,0.48499999999999993,1
17,3,322,23,0,0.5001725554466248,0.48499999999999993,1
17,3,323,23,0,0.5001724362373352,0.48499999999999993,1
17,3,324,23,0,0.5082147121429443,0.48499999999999993,1
17,3,325,23,0,0.5008227229118347,0.48499999999999993,1
17,3,326,23,0,0.50017249584198,0.48499999999999993,1
17,3,387,30,0,0.5082600712776184,0.48499999999999993,1
17,3,388,30,0,0.5007195472717285,0.48499999999999993,1
17,3,389,30,0,0.5085838437080383,0.48499999999999993,1
17,3,390,30,0,0.507630467414856,0.48499999999999993,1
17,3,391,30,0,0.5076305270195007,0.48499999999999993,1
17,3,392,30,0,0.507851243019104,0.48499999999999993,1
17,3,393,30,0,0.5390735268592834,0.48499999999999993,1
17,3,394,30,0,0.511683464050293,0.48499999999999993,1
17,3,395,30,0,0.5003933310508728,0.48499999999999993,1
17,3,396,30,0,0.5003933310508728,0.48499999999999993,1
17,3,447,36,0,0.5073041915893555,0.48499999999999993,1
17,3,448,36,0,0.5078919529914856,0.48499999999999993,1
17,3,449,36,0,0.5103317499160767,0.48499999999999993,1
17,3,450,36,0,0.5014956593513489,0.48499999999999993,1
17,3,451,36,0,0.5001725554466248,0.48499999999999993,1
17,3,452,36,0,0.5076302886009216,0.48499999999999993,1
17,3,453,36,0,0.5003934502601624,0.48499999999999993,1
17,3,454,36,0,0.5003935694694519,0.48499999999999993,1
17,3,455,36,0,0.5073041915893555,0.48499999999999993,1
17,3,456,36,0,0.5103318095207214,0.48499999999999993,1
17,3,477,39,0,0.5001724362373352,0.48499999999999993,1
17,3,478,39,0,0.5003934502601624,0.48499999999999993,1
17,3,479,39,0,0.5003934502601624,0.48499999999999993,1
17,3,480,39,0,0.5077866911888123,0.48499999999999993,1
17,3,481,39,0,0.5004990100860596,0.48499999999999993,1
17,3,482,39,0,0.5001725554466248,0.48499999999999993,1
17,3,483,39,0,0.5078920722007751,0.48499999999999993,1
17,3,484,39,0,0.5078526139259338,0.48499999999999993,1
17,3,485,39,0,0.510288655757904,0.48499999999999993,1
17,3,486,39,0,0.510288655757904,0.48499999999999993,1
17,3,497,41,0,0.5012344121932983,0.48499999999999993,1
17,3,498,41,0,0.5083655118942261,0.48499999999999993,1
17,3,499,41,0,0.522476851940155,0.48499999999999993,1
17,3,500,41,0,0.511683464050293,0.48499999999999993,1
17,3,501,41,0,0.5073041915893555,0.48499999999999993,1
17,3,502,41,0,0.5078513026237488,0.48499999999999993,1
17,3,503,41,0,0.5087236166000366,0.48499999999999993,1
17,3,504,41,0,0.5080393552780151,0.48499999999999993,1
17,3,505,41,0,0.5003933310508728,0.48499999999999993,1
17,3,506,41,0,0.5073041915893555,0.48499999999999993,1
17,3,547,46,0,0.5007196664810181,0.48499999999999993,1
17,3,548,46,0,0.5076305270195007,0.48499999999999993,1
17,3,549,46,0,0.5078920722007751,0.48499999999999993,1
17,3,550,46,0,0.507892370223999,0.48499999999999993,1
17,3,551,46,0,0.5001725554466248,0.48499999999999993,1
17,3,552,46,0,0.5003934502601624,0.48499999999999993,1
17,3,553,46,0,0.5001724362373352,0.48499999999999993,1
17,3,554,46,0,0.5212951302528381,0.48499999999999993,1
17,3,555,46,0,0.5073041915893555,0.48499999999999993,1
17,3,556,46,0,0.5001724362373352,0.48499999999999993,1
17,3,577,49,0,0.5001724362373352,0.48499999999999993,1
17,3,578,49,0,0.50017249584198,0.48499999999999993,1
17,3,579,49,0,0.5001725554466248,0.48499999999999993,1
17,3,580,49,0,0.50017249584198,0.48499999999999993,1
17,3,581,49,0,0.5079936981201172,0.48499999999999993,1
17,3,582,49,0,0.5011286735534668,0.48499999999999993,1
17,3,583,49,0,0.5083199739456177,0.48499999999999993,1
17,3,584,49,0,0.5001725554466248,0.48499999999999993,1
17,3,585,49,0,0.5001725554466248,0.48499999999999993,1
17,3,586,49,0,0.5001725554466248,0.48499999999999993,1
17,3,667,58,0,0.5003933310508728,0.48499999999999993,1
17,3,668,58,0,0.5003932118415833,0.48499999999999993,1
17,3,669,58,0,0.5003933310508728,0.48499999999999993,1
17,3,670,58,0,0.5009078979492188,0.48499999999999993,1
17,3,671,58,0,0.5011287331581116,0.48499999999999993,1
17,3,672,58,0,0.5009077787399292,0.48499999999999993,1
17,3,673,58,0,0.5009077787399292,0.48499999999999993,1
17,3,674,58,0,0.5113571286201477,0.48499999999999993,1
17,3,675,58,0,0.5113571882247925,0.48499999999999993,1
17,3,676,58,0,0.5003933310508728,0.48499999999999993,1
17,3,677,59,0,0.5003933310508728,0.48499999999999993,1
17,3,678,59,0,0.5001725554466248,0.48499999999999993,1
17,3,679,59,0,0.5001724362373352,0.48499999999999993,1
17,3,680,59,0,0.5001724362373352,0.48499999999999993,1
17,3,681,59,0,0.5001724362373352,0.48499999999999993,1
17,3,682,59,0,0.50017249584198,0.48499999999999993,1
17,3,683,59,0,0.50017249584198,0.48499999999999993,1
17,3,684,59,0,0.5011286735534668,0.48499999999999993,1
17,3,685,59,0,0.5082147121429443,0.48499999999999993,1
17,3,686,59,0,0.5001725554466248,0.48499999999999993,1
17,3,707,62,0,0.5001724362373352,0.48499999999999993,1
17,3,708,62,0,0.5001725554466248,0.48499999999999993,1
17,3,709,62,0,0.508112907409668,0.48499999999999993,1
17,3,710,62,0,0.50049889087677,0.48499999999999993,1
17,3,711,62,0,0.5009080171585083,0.48499999999999993,1
17,3,712,62,0,0.5001724362373352,0.48499999999999993,1
17,3,713,62,0,0.5011287331581116,0.48499999999999993,1
17,3,714,62,0,0.5073042511940002,0.48499999999999993,1
17,3,715,62,0,0.5001725554466248,0.48499999999999993,1
17,3,716,62,0,0.5003933310508728,0.48499999999999993,1
17,3,797,71,0,0.5076307058334351,0.48499999999999993,1
17,3,798,71,0,0.507304310798645,0.48499999999999993,1
17,3,799,71,0,0.5090499520301819,0.48499999999999993,1
17,3,800,71,0,0.5077864527702332,0.48499999999999993,1
17,3,801,71,0,0.5176360607147217,0.48499999999999993,1
17,3,802,71,0,0.50049889087677,0.48499999999999993,1
17,3,803,71,0,0.5098845958709717,0.48499999999999993,1
17,3,804,71,0,0.5001724362373352,0.48499999999999993,1
17,3,805,71,0,0.5005108714103699,0.48499999999999993,1
17,3,806,71,0,0.5008226633071899,0.48499999999999993,1
17,4,3,3,1,0.6172792315483093,0.49999999999999994,1
17,4,17,17,1,0.7141052484512329,0.49999999999999994,1
17,4,22,22,1,0.7141052484512329,0.49999999999999994,1
17,4,28,28,1,0.7789102792739868,0.49999999999999994,1
17,4,31,31,1,0.7197961807250977,0.49999999999999994,1
17,4,35,35,1,0.7197961807250977,0.49999999999999994,1
17,4,38,38,1,0.7197961807250977,0.49999999999999994,1
17,4,45,45,1,0.6120497584342957,0.49999999999999994,1
17,4,51,51,1,0.5541256070137024,0.49999999999999994,1
17,4,60,60,1,0.601563036441803,0.49999999999999994,1
17,4,65,65,1,0.6209794878959656,0.49999999999999994,1
17,4,66,66,1,0.47295883297920227,0.49999999999999994,0
17,4,67,67,1,0.7141052484512329,0.49999999999999994,1
17,4,72,72,1,0.7157625555992126,0.49999999999999994,1
17,4,73,73,1,0.7197961807250977,0.49999999999999994,1
17,4,74,74,1,0.7197962403297424,0.49999999999999994,1
17,4,117,3,0,0.53089439868927,0.49999999999999994,1
17,4,118,3,0,0.46732965111732483,0.49999999999999994,0
17,4,119,3,0,0.5301274657249451,0.49999999999999994,1
17,4,120,3,0,0.5275745987892151,0.49999999999999994,1
17,4,121,3,0,0.4710867404937744,0.49999999999999994,0
17,4,122,3,0,0.5321464538574219,0.49999999999999994,1
17,4,123,3,0,0.5301274657249451,0.49999999999999994,1
17,4,124,3,0,0.47700169682502747,0.49999999999999994,0
17,4,125,3,0,0.5275713801383972,0.49999999999999994,1
17,4,126,3,0,0.46530887484550476,0.49999999999999994,0
17,4,257,17,0,0.5275738835334778,0.49999999999999994,1
17,4,258,17,0,0.5275713801383972,0.49999999999999994,1
17,4,259,17,0,0.5295941233634949,0.49999999999999994,1
17,4,260,17,0,0.5275724530220032,0.49999999999999994,1
17,4,261,17,0,0.4662446975708008,0.49999999999999994,0
17,4,262,17,0,0.5491885542869568,0.49999999999999994,1
17,4,263,17,0,0.4662482440471649,0.49999999999999994,0
17,4,264,17,0,0.5246134400367737,0.49999999999999994,1
17,4,265,17,0,0.5325450301170349,0.49999999999999994,1
17,4,266,17,0,0.46920180320739746,0.49999999999999994,0
17,4,307,22,0,0.527941882610321,0.49999999999999994,1
17,4,308,22,0,0.46236056089401245,0.49999999999999994,0
17,4,309,22,0,0.4623594582080841,0.49999999999999994,0
17,4,310,22,0,0.4623594582080841,0.49999999999999994,0
17,4,311,22,0,0.46034470200538635,0.49999999999999994,0
17,4,312,22,0,0.4603457748889923,0.49999999999999994,0
17,4,313,22,0,0.46034470200538635,0.49999999999999994,0
17,4,314,22,0,0.46704933047294617,0.49999999999999994,0
17,4,315,22,0,0.46034470200538635,0.49999999999999994,0
17,4,316,22,0,0.46034470200538635,0.49999999999999994,0
17,4,367,28,0,0.5275792479515076,0.49999999999999994,1
17,4,368,28,0,0.46329519152641296,0.49999999999999994,0
17,4,369,28,0,0.5295915603637695,0.49999999999999994,1
17,4,370,28,0,0.5295916199684143,0.49999999999999994,1
17,4,371,28,0,0.5295926928520203,0.49999999999999994,1
17,4,372,28,0,0.4603455662727356,0.49999999999999994,0
17,4,373,28,0,0.5279440879821777,0.49999999999999994,1
17,4,374,28,0,0.5295916199684143,0.49999999999999994,1
17,4,375,28,0,0.5275731682777405,0.49999999999999994,1
17,4,376,28,0,0.46329236030578613,0.49999999999999994,0
17,4,397,31,0,0.46235835552215576,0.49999999999999994,0
17,4,398,31,0,0.4623594582080841,0.49999999999999994,0
17,4,399,31,0,0.4623594582080841,0.49999999999999994,0
17,4,400,31,0,0.4653078019618988,0.49999999999999994,0
17,4,401,31,0,0.4603457748889923,0.49999999999999994,0
17,4,402,31,0,0.4623594582080841,0.49999999999999994,0
17,4,403,31,0,0.46235835552215576,0.49999999999999994,0
17,4,404,31,0,0.46235835552215576,0.49999999999999994,0
17,4,405,31,0,0.4670485854148865,0.49999999999999994,0
17,4,406,31,0,0.5246143341064453,0.49999999999999994,1
17,4,437,35,0,0.46704965829849243,0.49999999999999994,0
17,4,438,35,0,0.46034470200538635,0.49999999999999994,0
17,4,439,35,0,0.46034470200538635,0.49999999999999994,0
17,4,440,35,0,0.5436628460884094,0.49999999999999994,1
17,4,441,35,0,0.46034470200538635,0.49999999999999994,0
17,4,442,35,0,0.4623594582080841,0.49999999999999994,0
17,4,443,35,0,0.5683899521827698,0.49999999999999994,1
17,4,444,35,0,0.6209753155708313,0.49999999999999994,1
17,4,445,35,0,0.4603455364704132,0.49999999999999994,0
17,4,446,35,0,0.4653078019618988,0.49999999999999994,0
17,4,467,38,0,0.47000357508659363,0.49999999999999994,0
17,4,468,38,0,0.46034470200538635,0.49999999999999994,0
17,4,469,38,0,0.6459341049194336,0.49999999999999994,1
17,4,470,38,0,0.4662436246871948,0.49999999999999994,0
17,4,471,38,0,0.47202253341674805,0.49999999999999994,0
17,4,472,38,0,0.4690667986869812,0.49999999999999994,0
17,4,473,38,0,0.46034467220306396,0.49999999999999994,0
17,4,474,38,0,0.5333490967750549,0.49999999999999994,1
17,4,475,38,0,0.4623594582080841,0.49999999999999994,0
17,4,476,38,0,0.47000357508659363,0.49999999999999994,0
17,4,537,45,0,0.46034467220306396,0.49999999999999994,0
17,4,538,45,0,0.46034467220306396,0.49999999999999994,0
17,4,539,45,0,0.46034470200538635,0.49999999999999994,0
17,4,540,45,0,0.46034473180770874,0.49999999999999994,0
17,4,541,45,0,0.46034470200538635,0.49999999999999994,0
17,4,542,45,0,0.46704965829849243,0.49999999999999994,0
17,4,543,45,0,0.5353661179542542,0.49999999999999994,1
17,4,544,45,0,0.5345136523246765,0.49999999999999994,1
17,4,545,45,0,0.46034467220306396,0.49999999999999994,0
17,4,546,45,0,0.6035001277923584,0.49999999999999994,1
17,4,597,51,0,0.6015641093254089,0.49999999999999994,1
17,4,598,51,0,0.5316076278686523,0.49999999999999994,1
17,4,599,51,0,0.5246145129203796,0.49999999999999994,1
17,4,600,51,0,0.5364680290222168,0.49999999999999994,1
17,4,601,51,0,0.46252676844596863,0.49999999999999994,0
17,4,602,51,0,0.5333511829376221,0.49999999999999994,1
17,4,603,51,0,0.5316076278686523,0.49999999999999994,1
17,4,604,51,0,0.5364680290222168,0.49999999999999994,1
17,4,605,51,0,0.4670507311820984,0.49999999999999994,0
17,4,606,51,0,0.46236053109169006,0.49999999999999994,0
17,4,687,60,0,0.46704933047294617,0.49999999999999994,0
17,4,688,60,0,0.46235838532447815,0.49999999999999994,0
17,4,689,60,0,0.46235835552215576,0.49999999999999994,0
17,4,690,60,0,0.46034467220306396,0.49999999999999994,0
17,4,691,60,0,0.5395597815513611,0.49999999999999994,1
17,4,692,60,0,0.5345137715339661,0.49999999999999994,1
17,4,693,60,0,0.4623594582080841,0.49999999999999994,0
17,4,694,60,0,0.46034467220306396,0.49999999999999994,0
17,4,695,60,0,0.6139386892318726,0.49999999999999994,1
17,4,696,60,0,0.5279408097267151,0.49999999999999994,1
17,4,737,65,0,0.5345136523246765,0.49999999999999994,1
17,4,738,65,0,0.4720260500907898,0.49999999999999994,0
17,4,739,65,0,0.5511935353279114,0.49999999999999994,1
17,4,740,65,0,0.4670485854148865,0.49999999999999994,0
17,4,741,65,0,0.46034470200538635,0.49999999999999994,0
17,4,742,65,0,0.46034467220306396,0.49999999999999994,0
17,4,743,65,0,0.46905848383903503,0.49999999999999994,0
17,4,744,65,0,0.4603457748889923,0.49999999999999994,0
17,4,745,65,0,0.46034470200538635,0.49999999999999994,0
17,4,746,65,0,0.4603455662727356,0.49999999999999994,0
17,4,747,66,0,0.4623594582080841,0.49999999999999994,0
17,4,748,66,0,0.46034470200538635,0.49999999999999994,0
17,4,749,66,0,0.46034473180770874,0.49999999999999994,0
17,4,750,66,0,0.5416859984397888,0.49999999999999994,1
17,4,751,66,0,0.5295915603637695,0.49999999999999994,1
17,4,752,66,0,0.5295912027359009,0.49999999999999994,1
17,4,753,66,0,0.46034684777259827,0.49999999999999994,0
17,4,754,66,0,0.5275858044624329,0.49999999999999994,1
17,4,755,66,0,0.527587890625,0.49999999999999994,1
17,4,756,66,0,0.5275858044624329,0.49999999999999994,1
17,4,757,67,0,0.5326007604598999,0.49999999999999994,1
17,4,758,67,0,0.5409552454948425,0.49999999999999994,1
17,4,759,67,0,0.5246156454086304,0.49999999999999994,1
17,4,760,67,0,0.5275843739509583,0.49999999999999994,1
17,4,761,67,0,0.5346527695655823,0.49999999999999994,1
17,4,762,67,0,0.6025388240814209,0.49999999999999994,1
17,4,763,67,0,0.46704933047294617,0.49999999999999994,0
17,4,764,67,0,0.463295578956604,0.49999999999999994,0
17,4,765,67,0,0.534652829170227,0.49999999999999994,1
17,4,766,67,0,0.5266360640525818,0.49999999999999994,1
17,4,807,72,0,0.46329307556152344,0.49999999999999994,0
17,4,808,72,0,0.4632931053638458,0.49999999999999994,0
17,4,809,72,0,0.46329236030578613,0.49999999999999994,0
17,4,810,72,0,0.46329420804977417,0.49999999999999994,0
17,4,811,72,0,0.4632941484451294,0.49999999999999994,0
17,4,812,72,0,0.4632941484451294,0.49999999999999994,0
17,4,813,72,0,0.46329236030578613,0.49999999999999994,0
17,4,814,72,0,0.5490444302558899,0.49999999999999994,1
17,4,815,72,0,0.46329525113105774,0.49999999999999994,0
17,4,816,72,0,0.4632941484451294,0.49999999999999994,0
17,4,817,73,0,0.46329450607299805,0.49999999999999994,0
17,4,818,73,0,0.4632941484451294,0.49999999999999994,0
17,4,819,73,0,0.46329420804977417,0.49999999999999994,0
17,4,820,73,0,0.46329447627067566,0.49999999999999994,0
17,4,821,73,0,0.46329519152641296,0.49999999999999994,0
17,4,822,73,0,0.4632941484451294,0.49999999999999994,0
17,4,823,73,0,0.46329525113105774,0.49999999999999994,0
17,4,824,73,0,0.4632962644100189,0.49999999999999994,0
17,4,825,73,0,0.4603457748889923,0.49999999999999994,0
17,4,826,73,0,0.5296024084091187,0.49999999999999994,1
17,4,827,74,0,0.4603457748889923,0.49999999999999994,0
17,4,828,74,0,0.5275753140449524,0.49999999999999994,1
17,4,829,74,0,0.5462503433227539,0.49999999999999994,1
17,4,830,74,0,0.5316104888916016,0.49999999999999994,1
17,4,831,74,0,0.4632934033870697,0.49999999999999994,0
17,4,832,74,0,0.4632934629917145,0.49999999999999994,0
17,4,833,74,0,0.4603457748889923,0.49999999999999994,0
17,4,834,74,0,0.4603457748889923,0.49999999999999994,0
17,4,835,74,0,0.470004677772522,0.49999999999999994,0
17,4,836,74,0,0.46329522132873535,0.49999999999999994,0
17,5,1,1,1,0.5053913593292236,0.5349999999999999,0
17,5,2,2,1,0.5552799701690674,0.5349999999999999,1
17,5,6,6,1,0.5483043193817139,0.5349999999999999,1
17,5,7,7,1,0.5055692791938782,0.5349999999999999,0
17,5,13,13,1,0.5062435865402222,0.5349999999999999,0
17,5,21,21,1,0.5483043193817139,0.5349999999999999,1
17,5,27,27,1,0.5306669473648071,0.5349999999999999,0
17,5,34,34,1,0.5306669473648071,0.5349999999999999,0
17,5,42,42,1,0.5004035830497742,0.5349999999999999,0
17,5,44,44,1,0.501457154750824,0.5349999999999999,0
17,5,48,48,1,0.5040948390960693,0.5349999999999999,0
17,5,50,50,1,0.515580415725708,0.5349999999999999,0
17,5,56,56,1,0.5306669473648071,0.5349999999999999,0
17,5,61,61,1,0.5306669473648071,0.5349999999999999,0
17,5,76,76,1,0.5060544610023499,0.5349999999999999,0
17,5,80,80,1,0.5289582014083862,0.5349999999999999,0
17,5,97,1,0,0.469848096370697,0.5349999999999999,0
17,5,98,1,0,0.4702983796596527,0.5349999999999999,0
17,5,99,1,0,0.47340309619903564,0.5349999999999999,0
17,5,100,1,0,0.4840165972709656,0.5349999999999999,0
17,5,101,1,0,0.46834614872932434,0.5349999999999999,0
17,5,102,1,0,0.4702979326248169,0.5349999999999999,0
17,5,103,1,0,0.4835645854473114,0.5349999999999999,0
17,5,104,1,0,0.4835648238658905,0.5349999999999999,0
17,5,105,1,0,0.48442530632019043,0.5349999999999999,0
17,5,106,1,0,0.4840161204338074,0.5349999999999999,0
17,5,107,2,0,0.4835648238658905,0.5349999999999999,0
17,5,108,2,0,0.4835648238658905,0.5349999999999999,0
17,5,109,2,0,0.47140923142433167,0.5349999999999999,0
17,5,110,2,0,0.485071063041687,0.5349999999999999,0
17,5,111,2,0,0.4859760105609894,0.5349999999999999,0
17,5,112,2,0,0.469848096370697,0.5349999999999999,0
17,5,113,2,0,0.4742104411125183,0.5349999999999999,0
17,5,114,2,0,0.4711565673351288,0.5349999999999999,0
17,5,115,2,0,0.48476117849349976,0.5349999999999999,0
17,5,116,2,0,0.48476117849349976,0.5349999999999999,0
17,5,147,6,0,0.4691867530345917,0.5349999999999999,0
17,5,148,6,0,0.47143474221229553,0.5349999999999999,0
17,5,149,6,0,0.4843110144138336,0.5349999999999999,0
17,5,150,6,0,0.4840989112854004,0.5349999999999999,0
17,5,151,6,0,0.4835647642612457,0.5349999999999999,0
17,5,152,6,0,0.48376306891441345,0.5349999999999999,0
17,5,153,6,0,0.48335394263267517,0.5349999999999999,0
17,5,154,6,0,0.46984779834747314,0.5349999999999999,0
17,5,155,6,0,0.482902467250824,0.5349999999999999,0
17,5,156,6,0,0.48605862259864807,0.5349999999999999,0
17,5,157,7,0,0.46834591031074524,0.5349999999999999,0
17,5,158,7,0,0.46834638714790344,0.5349999999999999,0
17,5,159,7,0,0.4681360423564911,0.5349999999999999,0
17,5,160,7,0,0.4835648238658905,0.5349999999999999,0
17,5,161,7,0,0.4829021990299225,0.5349999999999999,0
17,5,162,7,0,0.4829021990299225,0.5349999999999999,0
17,5,163,7,0,0.48376286029815674,0.5349999999999999,0
17,5,164,7,0,0.4690074026584625,0.5349999999999999,0
17,5,165,7,0,0.48376333713531494,0.5349999999999999,0
17,5,166,7,0,0.48356562852859497,0.5349999999999999,0
17,5,217,13,0,0.4691871404647827,0.5349999999999999,0
17,5,218,13,0,0.467685729265213,0.5349999999999999,0
17,5,219,13,0,0.4676862061023712,0.5349999999999999,0
17,5,220,13,0,0.46768638491630554,0.5349999999999999,0
17,5,221,13,0,0.4696366488933563,0.5349999999999999,0
17,5,222,13,0,0.4687967002391815,0.5349999999999999,0
17,5,223,13,0,0.46984732151031494,0.5349999999999999,0
17,5,224,13,0,0.46834591031074524,0.5349999999999999,0
17,5,225,13,0,0.46768566966056824,0.5349999999999999,0
17,5,226,13,0,0.467685729265213,0.5349999999999999,0
17,5,297,21,0,0.468135803937912,0.5349999999999999,0
17,5,298,21,0,0.4864242672920227,0.5349999999999999,0
17,5,299,21,0,0.4690066874027252,0.5349999999999999,0
17,5,300,21,0,0.48409974575042725,0.5349999999999999,0
17,5,301,21,0,0.47029736638069153,0.5349999999999999,0
17,5,302,21,0,0.47029760479927063,0.5349999999999999,0
17,5,303,21,0,0.4836478531360626,0.5349999999999999,0
17,5,304,21,0,0.4676855206489563,0.5349999999999999,0
17,5,305,21,0,0.4676854908466339,0.5349999999999999,0
17,5,306,21,0,0.4820826053619385,0.5349999999999999,0
17,5,357,27,0,0.48356500267982483,0.5349999999999999,0
17,5,358,27,0,0.4835648238658905,0.5349999999999999,0
17,5,359,27,0,0.4835648238658905,0.5349999999999999,0
17,5,360,27,0,0.4851556420326233,0.5349999999999999,0
17,5,361,27,0,0.4840162694454193,0.5349999999999999,0
17,5,362,27,0,0.503966748714447,0.5349999999999999,0
17,5,363,27,0,0.4840167462825775,0.5349999999999999,0
17,5,364,27,0,0.4840163290500641,0.5349999999999999,0
17,5,365,27,0,0.4676867723464966,0.5349999999999999,0
17,5,366,27,0,0.4676855206489563,0.5349999999999999,0
17,5,427,34,0,0.5016684532165527,0.5349999999999999,0
17,5,428,34,0,0.5016679763793945,0.5349999999999999,0
17,5,429,34,0,0.467685729265213,0.5349999999999999,0
17,5,430,34,0,0.467685729265213,0.5349999999999999,0
17,5,431,34,0,0.468135803937912,0.5349999999999999,0
17,5,432,34,0,0.4676856994628906,0.5349999999999999,0
17,5,433,34,0,0.4676854908466339,0.5349999999999999,0
17,5,434,34,0,0.49954086542129517,0.5349999999999999,0
17,5,435,34,0,0.467685729265213,0.5349999999999999,0
17,5,436,34,0,0.467685729265213,0.5349999999999999,0
17,5,507,42,0,0.4833536744117737,0.5349999999999999,0
17,5,508,42,0,0.4833536148071289,0.5349999999999999,0
17,5,509,42,0,0.48421430587768555,0.5349999999999999,0
17,5,510,42,0,0.4676856994628906,0.5349999999999999,0
17,5,511,42,0,0.4691864848136902,0.5349999999999999,0
17,5,512,42,0,0.48380494117736816,0.5349999999999999,0
17,5,513,42,0,0.4681357443332672,0.5349999999999999,0
17,5,514,42,0,0.4829024076461792,0.5349999999999999,0
17,5,515,42,0,0.4691862463951111,0.5349999999999999,0
17,5,516,42,0,0.4681357443332672,0.5349999999999999,0
17,5,527,44,0,0.5005526542663574,0.5349999999999999,0
17,5,528,44,0,0.4676855206489563,0.5349999999999999,0
17,5,529,44,0,0.4833534359931946,0.5349999999999999,0
17,5,530,44,0,0.4848589301109314,0.5349999999999999,0
17,5,531,44,0,0.4833536744117737,0.5349999999999999,0
17,5,532,44,0,0.47029808163642883,0.5349999999999999,0
17,5,533,44,0,0.46918627619743347,0.5349999999999999,0
17,5,534,44,0,0.4676854908466339,0.5349999999999999,0
17,5,535,44,0,0.4676854908466339,0.5349999999999999,0
17,5,536,44,0,0.4676854908466339,0.5349999999999999,0
17,5,567,48,0,0.468135803937912,0.5349999999999999,0
17,5,568,48,0,0.4691865146160126,0.5349999999999999,0
17,5,569,48,0,0.4676855206489563,0.5349999999999999,0
17,5,570,48,0,0.48579734563827515,0.5349999999999999,0
17,5,571,48,0,0.4702974259853363,0.5349999999999999,0
17,5,572,48,0,0.4681355655193329,0.5349999999999999,0
17,5,573,48,0,0.4676862955093384,0.5349999999999999,0
17,5,574,48,0,0.467686265707016,0.5349999999999999,0
17,5,575,48,0,0.468135803937912,0.5349999999999999,0
17,5,576,48,0,0.4676854908466339,0.5349999999999999,0
17,5,587,50,0,0.4681360423564911,0.5349999999999999,0
17,5,588,50,0,0.4681357741355896,0.5349999999999999,0
17,5,589,50,0,0.4842502474784851,0.5349999999999999,0
17,5,590,50,0,0.4691862463951111,0.5349999999999999,0
17,5,591,50,0,0.49954110383987427,0.5349999999999999,0
17,5,592,50,0,0.467685729265213,0.5349999999999999,0
17,5,593,50,0,0.48579710721969604,0.5349999999999999,0
17,5,594,50,0,0.467685729265213,0.5349999999999999,0
17,5,595,50,0,0.4681360423564911,0.5349999999999999,0
17,5,596,50,0,0.4676855206489563,0.5349999999999999,0
17,5,647,56,0,0.48446720838546753,0.5349999999999999,0
17,5,648,56,0,0.5004038214683533,0.5349999999999999,0
17,5,649,56,0,0.46813610196113586,0.5349999999999999,0
17,5,650,56,0,0.48409974575042725,0.5349999999999999,0
17,5,651,56,0,0.4676855206489563,0.5349999999999999,0
17,5,652,56,0,0.4676855206489563,0.5349999999999999,0
17,5,653,56,0,0.4676854908466339,0.5349999999999999,0
17,5,654,56,0,0.469186395406723,0.5349999999999999,0
17,5,655,56,0,0.4836476445198059,0.5349999999999999,0
17,5,656,56,0,0.48388752341270447,0.5349999999999999,0
17,5,697,61,0,0.4681357741355896,0.5349999999999999,0
17,5,698,61,0,0.468135803937912,0.5349999999999999,0
17,5,699,61,0,0.5028597712516785,0.5349999999999999,0
17,5,700,61,0,0.4691869020462036,0.5349999999999999,0
17,5,701,61,0,0.4835648238658905,0.5349999999999999,0
17,5,702,61,0,0.4676855206489563,0.5349999999999999,0
17,5,703,61,0,0.4681355655193329,0.5349999999999999,0
17,5,704,61,0,0.4681355655193329,0.5349999999999999,0
17,5,705,61,0,0.4676859676837921,0.5349999999999999,0
17,5,706,61,0,0.4676856994628906,0.5349999999999999,0
17,5,847,76,0,0.4683467745780945,0.5349999999999999,0
17,5,848,76,0,0.4681357741355896,0.5349999999999999,0
17,5,849,76,0,0.46834638714790344,0.5349999999999999,0
17,5,850,76,0,0.48579710721969604,0.5349999999999999,0
17,5,851,76,0,0.4849544167518616,0.5349999999999999,0
17,5,852,76,0,0.5004040002822876,0.5349999999999999,0
17,5,853,76,0,0.482902467250824,0.5349999999999999,0
17,5,854,76,0,0.4835648238658905,0.5349999999999999,0
17,5,855,76,0,0.482902467250824,0.5349999999999999,0
17,5,856,76,0,0.4681355655193329,0.5349999999999999,0
17,5,887,80,0,0.468135803937912,0.5349999999999999,0
17,5,888,80,0,0.4690066874027252,0.5349999999999999,0
17,5,889,80,0,0.4687962830066681,0.5349999999999999,0
17,5,890,80,0,0.4681355655193329,0.5349999999999999,0
17,5,891,80,0,0.4676854908466339,0.5349999999999999,0
17,5,892,80,0,0.467685729265213,0.5349999999999999,0
17,5,893,80,0,0.467685729265213,0.5349999999999999,0
17,5,894,80,0,0.48425042629241943,0.5349999999999999,0
17,5,895,80,0,0.46918627619743347,0.5349999999999999,0
17,5,896,80,0,0.48579710721969604,0.5349999999999999,0
18,1,3,3,1,0.4811757802963257,0.5349999999999999,0
18,1,6,6,1,0.4887414276599884,0.5349999999999999,0
18,1,11,11,1,0.48548340797424316,0.5349999999999999,0
18,1,12,12,1,0.4887414276599884,0.5349999999999999,0
18,1,23,23,1,0.48575758934020996,0.5349999999999999,0
18,1,24,24,1,0.48575758934020996,0.5349999999999999,0
18,1,26,26,1,0.481339693069458,0.5349999999999999,0
18,1,34,34,1,0.4857575595378876,0.5349999999999999,0
18,1,36,36,1,0.481339693069458,0.5349999999999999,0
18,1,40,40,1,0.48133987188339233,0.5349999999999999,0
18,1,44,44,1,0.4805848002433777,0.5349999999999999,0
18,1,46,46,1,0.48889362812042236,0.5349999999999999,0
18,1,57,57,1,0.48885223269462585,0.5349999999999999,0
18,1,58,58,1,0.48575761914253235,0.5349999999999999,0
18,1,73,73,1,0.4857575595378876,0.5349999999999999,0
18,1,77,77,1,0.48191916942596436,0.5349999999999999,0
18,1,78,78,1,0.4887414276599884,0.5349999999999999,0
18,1,117,3,0,0.47748714685440063,0.5349999999999999,0
18,1,118,3,0,0.4750201106071472,0.5349999999999999,0
18,1,119,3,0,0.4774411916732788,0.5349999999999999,0
18,1,120,3,0,0.4773537814617157,0.5349999999999999,0
18,1,121,3,0,0.4751757085323334,0.5349999999999999,0
18,1,122,3,0,0.47753334045410156,0.5349999999999999,0
18,1,123,3,0,0.4774411916732788,0.5349999999999999,0
18,1,124,3,0,0.4754120111465454,0.5349999999999999,0
18,1,125,3,0,0.47735363245010376,0.5349999999999999,0
18,1,126,3,0,0.4749279022216797,0.5349999999999999,0
18,1,147,6,0,0.47499972581863403,0.5349999999999999,0
18,1,148,6,0,0.47544723749160767,0.5349999999999999,0
18,1,149,6,0,0.47748735547065735,0.5349999999999999,0
18,1,150,6,0,0.47745993733406067,0.5349999999999999,0
18,1,151,6,0,0.47735360264778137,0.5349999999999999,0
18,1,152,6,0,0.47731003165245056,0.5349999999999999,0
18,1,153,6,0,0.4773287773132324,0.5349999999999999,0
18,1,154,6,0,0.4751167595386505,0.5349999999999999,0
18,1,155,6,0,0.47723662853240967,0.5349999999999999,0
18,1,156,6,0,0.4778766930103302,0.5349999999999999,0
18,1,197,11,0,0.4748441278934479,0.5349999999999999,0
18,1,198,11,0,0.47472721338272095,0.5349999999999999,0
18,1,199,11,0,0.4773678183555603,0.5349999999999999,0
18,1,200,11,0,0.47472718358039856,0.5349999999999999,0
18,1,201,11,0,0.47472721338272095,0.5349999999999999,0
18,1,202,11,0,0.4772510826587677,0.5349999999999999,0
18,1,203,11,0,0.47472724318504333,0.5349999999999999,0
18,1,204,11,0,0.47472718358039856,0.5349999999999999,0
18,1,205,11,0,0.47735369205474854,0.5349999999999999,0
18,1,206,11,0,0.4774458110332489,0.5349999999999999,0
18,1,207,12,0,0.47472724318504333,0.5349999999999999,0
18,1,208,12,0,0.47481101751327515,0.5349999999999999,0
18,1,209,12,0,0.47481101751327515,0.5349999999999999,0
18,1,210,12,0,0.47744566202163696,0.5349999999999999,0
18,1,211,12,0,0.47472721338272095,0.5349999999999999,0
18,1,212,12,0,0.47472724318504333,0.5349999999999999,0
18,1,213,12,0,0.47810783982276917,0.5349999999999999,0
18,1,214,12,0,0.47472715377807617,0.5349999999999999,0
18,1,215,12,0,0.4748441278934479,0.5349999999999999,0
18,1,216,12,0,0.4748441278934479,0.5349999999999999,0
18,1,317,23,0,0.47472718358039856,0.5349999999999999,0
18,1,318,23,0,0.47723665833473206,0.5349999999999999,0
18,1,319,23,0,0.47472721338272095,0.5349999999999999,0
18,1,320,23,0,0.4748110771179199,0.5349999999999999,0
18,1,321,23,0,0.47481101751327515,0.5349999999999999,0
18,1,322,23,0,0.47472721338272095,0.5349999999999999,0
18,1,323,23,0,0.47472721338272095,0.5349999999999999,0
18,1,324,23,0,0.47777965664863586,0.5349999999999999,0
18,1,325,23,0,0.4749622642993927,0.5349999999999999,0
18,1,326,23,0,0.47472721338272095,0.5349999999999999,0
18,1,327,24,0,0.47472721338272095,0.5349999999999999,0
18,1,328,24,0,0.47472721338272095,0.5349999999999999,0
18,1,329,24,0,0.474810928106308,0.5349999999999999,0
18,1,330,24,0,0.47472721338272095,0.5349999999999999,0
18,1,331,24,0,0.47780439257621765,0.5349999999999999,0
18,1,332,24,0,0.47481104731559753,0.5349999999999999,0
18,1,333,24,0,0.47481104731559753,0.5349999999999999,0
18,1,334,24,0,0.47481104731559753,0.5349999999999999,0
18,1,335,24,0,0.47472721338272095,0.5349999999999999,0
18,1,336,24,0,0.47481104731559753,0.5349999999999999,0
18,1,347,26,0,0.4780448377132416,0.5349999999999999,0
18,1,348,26,0,0.47481101751327515,0.5349999999999999,0
18,1,349,26,0,0.4776264429092407,0.5349999999999999,0
18,1,350,26,0,0.47769248485565186,0.5349999999999999,0
18,1,351,26,0,0.47735366225242615,0.5349999999999999,0
18,1,352,26,0,0.47481104731559753,0.5349999999999999,0
18,1,353,26,0,0.47736793756484985,0.5349999999999999,0
18,1,354,26,0,0.47736790776252747,0.5349999999999999,0
18,1,355,26,0,0.47472718358039856,0.5349999999999999,0
18,1,356,26,0,0.47472718358039856,0.5349999999999999,0
18,1,427,34,0,0.480612188577652,0.5349999999999999,0
18,1,428,34,0,0.4806121289730072,0.5349999999999999,0
18,1,429,34,0,0.47472724318504333,0.5349999999999999,0
18,1,430,34,0,0.47472721338272095,0.5349999999999999,0
18,1,431,34,0,0.47481101751327515,0.5349999999999999,0
18,1,432,34,0,0.47472721338272095,0.5349999999999999,0
18,1,433,34,0,0.47472718358039856,0.5349999999999999,0
18,1,434,34,0,0.48026204109191895,0.5349999999999999,0
18,1,435,34,0,0.47472721338272095,0.5349999999999999,0
18,1,436,34,0,0.47472721338272095,0.5349999999999999,0
18,1,447,36,0,0.47723668813705444,0.5349999999999999,0
18,1,448,36,0,0.47745993733406067,0.5349999999999999,0
18,1,449,36,0,0.47790899872779846,0.5349999999999999,0
18,1,450,36,0,0.47521716356277466,0.5349999999999999,0
18,1,451,36,0,0.47472721338272095,0.5349999999999999,0
18,1,452,36,0,0.47735387086868286,0.5349999999999999,0
18,1,453,36,0,0.4748110771179199,0.5349999999999999,0
18,1,454,36,0,0.4748111367225647,0.5349999999999999,0
18,1,455,36,0,0.47723668813705444,0.5349999999999999,0
18,1,456,36,0,0.47790899872779846,0.5349999999999999,0
18,1,487,40,0,0.4751166105270386,0.5349999999999999,0
18,1,488,40,0,0.4792107045650482,0.5349999999999999,0
18,1,489,40,0,0.47499966621398926,0.5349999999999999,0
18,1,490,40,0,0.47472718358039856,0.5349999999999999,0
18,1,491,40,0,0.47472718358039856,0.5349999999999999,0
18,1,492,40,0,0.47472721338272095,0.5349999999999999,0
18,1,493,40,0,0.47481104731559753,0.5349999999999999,0
18,1,494,40,0,0.4776265323162079,0.5349999999999999,0
18,1,495,40,0,0.48548340797424316,0.5349999999999999,0
18,1,496,40,0,0.4772367477416992,0.5349999999999999,0
18,1,527,44,0,0.4804006814956665,0.5349999999999999,0
18,1,528,44,0,0.47472718358039856,0.5349999999999999,0
18,1,529,44,0,0.47732868790626526,0.5349999999999999,0
18,1,530,44,0,0.47760146856307983,0.5349999999999999,0
18,1,531,44,0,0.47732874751091003,0.5349999999999999,0
18,1,532,44,0,0.4752006232738495,0.5349999999999999,0
18,1,533,44,0,0.47499966621398926,0.5349999999999999,0
18,1,534,44,0,0.47472718358039856,0.5349999999999999,0
18,1,535,44,0,0.47472718358039856,0.5349999999999999,0
18,1,536,44,0,0.47472718358039856,0.5349999999999999,0
18,1,547,46,0,0.4749279022216797,0.5349999999999999,0
18,1,548,46,0,0.47735360264778137,0.5349999999999999,0
18,1,549,46,0,0.47745999693870544,0.5349999999999999,0
18,1,550,46,0,0.4774600863456726,0.5349999999999999,0
18,1,551,46,0,0.47472721338272095,0.5349999999999999,0
18,1,552,46,0,0.4748110771179199,0.5349999999999999,0
18,1,553,46,0,0.47472721338272095,0.5349999999999999,0
18,1,554,46,0,0.48114413022994995,0.5349999999999999,0
18,1,555,46,0,0.47723662853240967,0.5349999999999999,0
18,1,556,46,0,0.47472718358039856,0.5349999999999999,0
18,1,657,57,0,0.48075494170188904,0.5349999999999999,0
18,1,658,57,0,0.47732871770858765,0.5349999999999999,0
18,1,659,57,0,0.47492915391921997,0.5349999999999999,0
18,1,660,57,0,0.47472718358039856,0.5349999999999999,0
18,1,661,57,0,0.47481101751327515,0.5349999999999999,0
18,1,662,57,0,0.47481101751327515,0.5349999999999999,0
18,1,663,57,0,0.47481101751327515,0.5349999999999999,0
18,1,664,57,0,0.47741472721099854,0.5349999999999999,0
18,1,665,57,0,0.47472718358039856,0.5349999999999999,0
18,1,666,57,0,0.47472718358039856,0.5349999999999999,0
18,1,667,58,0,0.47481101751327515,0.5349999999999999,0
18,1,668,58,0,0.47481101751327515,0.5349999999999999,0
18,1,669,58,0,0.47481101751327515,0.5349999999999999,0
18,1,670,58,0,0.47499972581863403,0.5349999999999999,0
18,1,671,58,0,0.4750836193561554,0.5349999999999999,0
18,1,672,58,0,0.47499966621398926,0.5349999999999999,0
18,1,673,58,0,0.47499966621398926,0.5349999999999999,0
18,1,674,58,0,0.47801581025123596,0.5349999999999999,0
18,1,675,58,0,0.4780157804489136,0.5349999999999999,0
18,1,676,58,0,0.47481104731559753,0.5349999999999999,0
18,1,817,73,0,0.47484415769577026,0.5349999999999999,0
18,1,818,73,0,0.47484415769577026,0.5349999999999999,0
18,1,819,73,0,0.47484415769577026,0.5349999999999999,0
18,1,820,73,0,0.47484415769577026,0.5349999999999999,0
18,1,821,73,0,0.47484418749809265,0.5349999999999999,0
18,1,822,73,0,0.4748441278934479,0.5349999999999999,0
18,1,823,73,0,0.47484418749809265,0.5349999999999999,0
18,1,824,73,0,0.47484421730041504,0.5349999999999999,0
18,1,825,73,0,0.47472721338272095,0.5349999999999999,0
18,1,826,73,0,0.47744619846343994,0.5349999999999999,0
18,1,857,77,0,0.47723665833473206,0.5349999999999999,0
18,1,858,77,0,0.47481104731559753,0.5349999999999999,0
18,1,859,77,0,0.47723668813705444,0.5349999999999999,0
18,1,860,77,0,0.47481101751327515,0.5349999999999999,0
18,1,861,77,0,0.4775378704071045,0.5349999999999999,0
18,1,862,77,0,0.4775094985961914,0.5349999999999999,0
18,1,863,77,0,0.47472721338272095,0.5349999999999999,0
18,1,864,77,0,0.47732868790626526,0.5349999999999999,0
18,1,865,77,0,0.47481101751327515,0.5349999999999999,0
18,1,866,77,0,0.4748441278934479,0.5349999999999999,0
18,1,867,78,0,0.4749998152256012,0.5349999999999999,0
18,1,868,78,0,0.47481101751327515,0.5349999999999999,0
18,1,869,78,0,0.47723662853240967,0.5349999999999999,0
18,1,870,78,0,0.4772365987300873,0.5349999999999999,0
18,1,871,78,0,0.47755196690559387,0.5349999999999999,0
18,1,872,78,0,0.4749998152256012,0.5349999999999999,0
18,1,873,78,0,0.4749998152256012,0.5349999999999999,0
18,1,874,78,0,0.4749622642993927,0.5349999999999999,0
18,1,875,78,0,0.47723662853240967,0.5349999999999999,0
18,1,876,78,0,0.47481101751327515,0.5349999999999999,0
18,2,1,1,1,0.5732928514480591,0.4499999999999999,1
18,2,5,5,1,0.7642782330513,0.4499999999999999,1
18,2,8,8,1,0.6035432815551758,0.4499999999999999,1
18,2,10,10,1,0.608909547328949,0.4499999999999999,1
18,2,15,15,1,0.858502209186554,0.4499999999999999,1
18,2,21,21,1,0.858502209186554,0.4499999999999999,1
18,2,35,35,1,0.7642782330513,0.4499999999999999,1
18,2,39,39,1,0.7642782330513,0.4499999999999999,1
18,2,47,47,1,0.8863284587860107,0.4499999999999999,1
18,2,49,49,1,0.537585973739624,0.4499999999999999,1
18,2,62,62,1,0.858502209186554,0.4499999999999999,1
18,2,63,63,1,0.858502209186554,0.4499999999999999,1
18,2,66,66,1,0.2554877996444702,0.4499999999999999,0
18,2,70,70,1,0.5489234924316406,0.4499999999999999,1
18,2,75,75,1,0.579614520072937,0.4499999999999999,1
18,2,76,76,1,0.5796144604682922,0.4499999999999999,1
18,2,97,1,0,0.2505996823310852,0.4499999999999999,0
18,2,98,1,0,0.25393661856651306,0.4499999999999999,0
18,2,99,1,0,0.27769792079925537,0.4499999999999999,0
18,2,100,1,0,0.34714367985725403,0.4499999999999999,0
18,2,101,1,0,0.2397030144929886,0.4499999999999999,0
18,2,102,1,0,0.25393325090408325,0.4499999999999999,0
18,2,103,1,0,0.34313881397247314,0.4499999999999999,0
18,2,104,1,0,0.34314098954200745,0.4499999999999999,0
18,2,105,1,0,0.34824973344802856,0.4499999999999999,0
18,2,106,1,0,0.3471393883228302,0.4499999999999999,0
18,2,137,5,0,0.4066612720489502,0.4499999999999999,0
18,2,138,5,0,0.8863284587860107,0.4499999999999999,1
18,2,139,5,0,0.3424026668071747,0.4499999999999999,0
18,2,140,5,0,0.33733102679252625,0.4499999999999999,0
18,2,141,5,0,0.3490076959133148,0.4499999999999999,0
18,2,142,5,0,0.2477409839630127,0.4499999999999999,0
18,2,143,5,0,0.34714558720588684,0.4499999999999999,0
18,2,144,5,0,0.3511730134487152,0.4499999999999999,0
18,2,145,5,0,0.39179855585098267,0.4499999999999999,0
18,2,146,5,0,0.49840644001960754,0.4499999999999999,1
18,2,167,8,0,0.23821154236793518,0.4499999999999999,0
18,2,168,8,0,0.23970651626586914,0.4499999999999999,0
18,2,169,8,0,0.34239840507507324,0.4499999999999999,0
18,2,170,8,0,0.23970647156238556,0.4499999999999999,0
18,2,171,8,0,0.2350195348262787,0.4499999999999999,0
18,2,172,8,0,0.24773743748664856,0.4499999999999999,0
18,2,173,8,0,0.3431430757045746,0.4499999999999999,0
18,2,174,8,0,0.2350161224603653,0.4499999999999999,0
18,2,175,8,0,0.3438655138015747,0.4499999999999999,0
18,2,176,8,0,0.2350161224603653,0.4499999999999999,0
18,2,187,10,0,0.3412947952747345,0.4499999999999999,0
18,2,188,10,0,0.3518833518028259,0.4499999999999999,0
18,2,189,10,0,0.5022732615470886,0.4499999999999999,1
18,2,190,10,0,0.2397013157606125,0.4499999999999999,0
18,2,191,10,0,0.24576003849506378,0.4499999999999999,0
18,2,192,10,0,0.3647174537181854,0.4499999999999999,0
18,2,193,10,0,0.2457612156867981,0.4499999999999999,0
18,2,194,10,0,0.23559966683387756,0.4499999999999999,0
18,2,195,10,0,0.34900468587875366,0.4499999999999999,0
18,2,196,10,0,0.23970475792884827,0.4499999999999999,0
18,2,237,15,0,0.33733081817626953,0.4499999999999999,0
18,2,238,15,0,0.24576178193092346,0.4499999999999999,0
18,2,239,15,0,0.24294190108776093,0.4499999999999999,0
18,2,240,15,0,0.538226842880249,0.4499999999999999,1
18,2,241,15,0,0.35653209686279297,0.4499999999999999,0
18,2,242,15,0,0.5336135029792786,0.4499999999999999,1
18,2,243,15,0,0.3431451916694641,0.4499999999999999,0
18,2,244,15,0,0.5162588953971863,0.4499999999999999,1
18,2,245,15,0,0.2505963146686554,0.4499999999999999,0
18,2,246,15,0,0.34314098954200745,0.4499999999999999,0
18,2,297,21,0,0.23821157217025757,0.4499999999999999,0
18,2,298,21,0,0.36879241466522217,0.4499999999999999,0
18,2,299,21,0,0.2444535344839096,0.4499999999999999,0
18,2,300,21,0,0.34786877036094666,0.4499999999999999,0
18,2,301,21,0,0.2539290487766266,0.4499999999999999,0
18,2,302,21,0,0.25393086671829224,0.4499999999999999,0
18,2,303,21,0,0.34386128187179565,0.4499999999999999,0
18,2,304,21,0,0.2350144237279892,0.4499999999999999,0
18,2,305,21,0,0.2350144237279892,0.4499999999999999,0
18,2,306,21,0,0.3506802022457123,0.4499999999999999,0
18,2,437,35,0,0.24576176702976227,0.4499999999999999,0
18,2,438,35,0,0.2350144237279892,0.4499999999999999,0
18,2,439,35,0,0.2350144237279892,0.4499999999999999,0
18,2,440,35,0,0.3920716941356659,0.4499999999999999,0
18,2,441,35,0,0.2350144237279892,0.4499999999999999,0
18,2,442,35,0,0.23821154236793518,0.4499999999999999,0
18,2,443,35,0,0.4417411983013153,0.4499999999999999,0
18,2,444,35,0,0.5489138960838318,0.4499999999999999,1
18,2,445,35,0,0.23501580953598022,0.4499999999999999,0
18,2,446,35,0,0.24294021725654602,0.4499999999999999,0
18,2,477,39,0,0.2350144237279892,0.4499999999999999,0
18,2,478,39,0,0.23821325600147247,0.4499999999999999,0
18,2,479,39,0,0.23821327090263367,0.4499999999999999,0
18,2,480,39,0,0.34600844979286194,0.4499999999999999,0
18,2,481,39,0,0.23970474302768707,0.4499999999999999,0
18,2,482,39,0,0.2350161224603653,0.4499999999999999,0
18,2,483,39,0,0.34786364436149597,0.4499999999999999,0
18,2,484,39,0,0.34716570377349854,0.4499999999999999,0
18,2,485,39,0,0.3805754780769348,0.4499999999999999,0
18,2,486,39,0,0.3805755376815796,0.4499999999999999,0
18,2,557,47,0,0.23910248279571533,0.4499999999999999,0
18,2,558,47,0,0.23501446843147278,0.4499999999999999,0
18,2,559,47,0,0.23820984363555908,0.4499999999999999,0
18,2,560,47,0,0.23821157217025757,0.4499999999999999,0
18,2,561,47,0,0.238211527466774,0.4499999999999999,0
18,2,562,47,0,0.23820984363555908,0.4499999999999999,0
18,2,563,47,0,0.23821325600147247,0.4499999999999999,0
18,2,564,47,0,0.238211527466774,0.4499999999999999,0
18,2,565,47,0,0.23820984363555908,0.4499999999999999,0
18,2,566,47,0,0.23821157217025757,0.4499999999999999,0
18,2,577,49,0,0.23501446843147278,0.4499999999999999,0
18,2,578,49,0,0.23501579463481903,0.4499999999999999,0
18,2,579,49,0,0.23501579463481903,0.4499999999999999,0
18,2,580,49,0,0.23501580953598022,0.4499999999999999,0
18,2,581,49,0,0.3641980290412903,0.4499999999999999,0
18,2,582,49,0,0.24905511736869812,0.4499999999999999,0
18,2,583,49,0,0.37021440267562866,0.4499999999999999,0
18,2,584,49,0,0.2350161224603653,0.4499999999999999,0
18,2,585,49,0,0.23501580953598022,0.4499999999999999,0
18,2,586,49,0,0.2350160926580429,0.4499999999999999,0
18,2,707,62,0,0.2350144237279892,0.4499999999999999,0
18,2,708,62,0,0.2350161224603653,0.4499999999999999,0
18,2,709,62,0,0.3518897593021393,0.4499999999999999,0
18,2,710,62,0,0.23970304429531097,0.4499999999999999,0
18,2,711,62,0,0.24576357007026672,0.4499999999999999,0
18,2,712,62,0,0.23501446843147278,0.4499999999999999,0
18,2,713,62,0,0.24905574321746826,0.4499999999999999,0
18,2,714,62,0,0.3373289108276367,0.4499999999999999,0
18,2,715,62,0,0.2350161224603653,0.4499999999999999,0
18,2,716,62,0,0.23821154236793518,0.4499999999999999,0
18,2,717,63,0,0.3506838083267212,0.4499999999999999,0
18,2,718,63,0,0.23501446843147278,0.4499999999999999,0
18,2,719,63,0,0.2350144237279892,0.4499999999999999,0
18,2,720,63,0,0.23501446843147278,0.4499999999999999,0
18,2,721,63,0,0.3664074242115021,0.4499999999999999,0
18,2,722,63,0,0.24576176702976227,0.4499999999999999,0
18,2,723,63,0,0.2350161224603653,0.4499999999999999,0
18,2,724,63,0,0.2382190227508545,0.4499999999999999,0
18,2,725,63,0,0.23821325600147247,0.4499999999999999,0
18,2,726,63,0,0.23501579463481903,0.4499999999999999,0
18,2,747,66,0,0.238211527466774,0.4499999999999999,0
18,2,748,66,0,0.2350144237279892,0.4499999999999999,0
18,2,749,66,0,0.2350144237279892,0.4499999999999999,0
18,2,750,66,0,0.3715631067752838,0.4499999999999999,0
18,2,751,66,0,0.3471415042877197,0.4499999999999999,0
18,2,752,66,0,0.3471407890319824,0.4499999999999999,0
18,2,753,66,0,0.2350178062915802,0.4499999999999999,0
18,2,754,66,0,0.3431693911552429,0.4499999999999999,0
18,2,755,66,0,0.34317347407341003,0.4499999999999999,0
18,2,756,66,0,0.3431693911552429,0.4499999999999999,0
18,2,787,70,0,0.23970644176006317,0.4499999999999999,0
18,2,788,70,0,0.23970644176006317,0.4499999999999999,0
18,2,789,70,0,0.3431430757045746,0.4499999999999999,0
18,2,790,70,0,0.36059650778770447,0.4499999999999999,0
18,2,791,70,0,0.25392964482307434,0.4499999999999999,0
18,2,792,70,0,0.3478729724884033,0.4499999999999999,0
18,2,793,70,0,0.3537624478340149,0.4499999999999999,0
18,2,794,70,0,0.34314921498298645,0.4499999999999999,0
18,2,795,70,0,0.24576178193092346,0.4499999999999999,0
18,2,796,70,0,0.3412940502166748,0.4499999999999999,0
18,2,837,75,0,0.2397030144929886,0.4499999999999999,0
18,2,838,75,0,0.25059273838996887,0.4499999999999999,0
18,2,839,75,0,0.2350178062915802,0.4499999999999999,0
18,2,840,75,0,0.23970471322536469,0.4499999999999999,0
18,2,841,75,0,0.23970244824886322,0.4499999999999999,0
18,2,842,75,0,0.24576294422149658,0.4499999999999999,0
18,2,843,75,0,0.24576294422149658,0.4499999999999999,0
18,2,844,75,0,0.2397042065858841,0.4499999999999999,0
18,2,845,75,0,0.2397041618824005,0.4499999999999999,0
18,2,846,75,0,0.2350144237279892,0.4499999999999999,0
18,2,847,76,0,0.2397075891494751,0.4499999999999999,0
18,2,848,76,0,0.238211527466774,0.4499999999999999,0
18,2,849,76,0,0.23970474302768707,0.4499999999999999,0
18,2,850,76,0,0.37845948338508606,0.4499999999999999,0
18,2,851,76,0,0.37073954939842224,0.4499999999999999,0
18,2,852,76,0,0.5022777318954468,0.4499999999999999,1
18,2,853,76,0,0.3373289108276367,0.4499999999999999,0
18,2,854,76,0,0.34314095973968506,0.4499999999999999,0
18,2,855,76,0,0.33732882142066956,0.4499999999999999,0
18,2,856,76,0,0.2382097989320755,0.4499999999999999,0
18,3,0,0,1,0.7219825387001038,0.6,1
18,3,2,2,1,0.9986857771873474,0.6,1
18,3,9,9,1,0.9541356563568115,0.6,1
18,3,13,13,1,0.8060948848724365,0.6,1
18,3,14,14,1,0.9541356563568115,0.6,1
18,3,22,22,1,0.9541356563568115,0.6,1
18,3,28,28,1,0.9915719032287598,0.6,1
18,3,30,30,1,0.9541356563568115,0.6,1
18,3,48,48,1,0.6773531436920166,0.6,1
18,3,50,50,1,0.8617122769355774,0.6,1
18,3,52,52,1,0.6659145355224609,0.6,1
18,3,54,54,1,0.8157750368118286,0.6,1
18,3,55,55,1,0.995328426361084,0.6,1
18,3,59,59,1,0.6013976335525513,0.6,1
18,3,60,60,1,0.601397693157196,0.6,1
18,3,68,68,1,0.9559066891670227,0.6,1
18,3,87,0,0,0.7219825387001038,0.6,1
18,3,88,0,0,0.16762691736221313,0.6,0
18,3,89,0,0,0.7752686738967896,0.6,1
18,3,90,0,0,0.09088575839996338,0.6,0
18,3,91,0,0,0.30465784668922424,0.6,0
18,3,92,0,0,0.09321300685405731,0.6,0
18,3,93,0,0,0.2743707597255707,0.6,0
18,3,94,0,0,0.09088575839996338,0.6,0
18,3,95,0,0,0.250790536403656,0.6,0
18,3,96,0,0,0.274374395608902,0.6,0
18,3,107,2,0,0.2494431436061859,0.6,0
18,3,108,2,0,0.24944309890270233,0.6,0
18,3,109,2,0,0.11686623841524124,0.6,0
18,3,110,2,0,0.27438482642173767,0.6,0
18,3,111,2,0,0.2891250252723694,0.6,0
18,3,112,2,0,0.10468009859323502,0.6,0
18,3,113,2,0,0.13975845277309418,0.6,0
18,3,114,2,0,0.17532606422901154,0.6,0
18,3,115,2,0,0.26942873001098633,0.6,0
18,3,116,2,0,0.26942867040634155,0.6,0
18,3,177,9,0,0.628523051738739,0.6,1
18,3,178,9,0,0.09321420639753342,0.6,0
18,3,179,9,0,0.08814170211553574,0.6,0
18,3,180,9,0,0.08814314007759094,0.6,0
18,3,181,9,0,0.08814316242933273,0.6,0
18,3,182,9,0,0.09321402758359909,0.6,0
18,3,183,9,0,0.24944306910037994,0.6,0
18,3,184,9,0,0.08814457803964615,0.6,0
18,3,185,9,0,0.09321270883083344,0.6,0
18,3,186,9,0,0.10467525571584702,0.6,0
18,3,217,13,0,0.0990561693906784,0.6,0
18,3,218,13,0,0.08814314007759094,0.6,0
18,3,219,13,0,0.08814600110054016,0.6,0
18,3,220,13,0,0.08814695477485657,0.6,0
18,3,221,13,0,0.1020946279168129,0.6,0
18,3,222,13,0,0.09609146416187286,0.6,0
18,3,223,13,0,0.10467469692230225,0.6,0
18,3,224,13,0,0.09320822358131409,0.6,0
18,3,225,13,0,0.08814267069101334,0.6,0
18,3,226,13,0,0.08814314007759094,0.6,0
18,3,227,14,0,0.09905140846967697,0.6,0
18,3,228,14,0,0.10467192530632019,0.6,0
18,3,229,14,0,0.10467693954706192,0.6,0
18,3,230,14,0,0.24945220351219177,0.6,0
18,3,231,14,0,0.09905300289392471,0.6,0
18,3,232,14,0,0.10529450327157974,0.6,0
18,3,233,14,0,0.23811422288417816,0.6,0
18,3,234,14,0,0.315023273229599,0.6,0
18,3,235,14,0,0.09088142961263657,0.6,0
18,3,236,14,0,0.2494487762451172,0.6,0
18,3,307,22,0,0.250797301530838,0.6,0
18,3,308,22,0,0.09088292717933655,0.6,0
18,3,309,22,0,0.09088142961263657,0.6,0
18,3,310,22,0,0.09088141471147537,0.6,0
18,3,311,22,0,0.08814171701669693,0.6,0
18,3,312,22,0,0.08814314007759094,0.6,0
18,3,313,22,0,0.08814171701669693,0.6,0
18,3,314,22,0,0.09905143082141876,0.6,0
18,3,315,22,0,0.08814171701669693,0.6,0
18,3,316,22,0,0.08814170211553574,0.6,0
18,3,367,28,0,0.24946783483028412,0.6,0
18,3,368,28,0,0.09321225434541702,0.6,0
18,3,369,28,0,0.2562130391597748,0.6,0
18,3,370,28,0,0.2562130391597748,0.6,0
18,3,371,28,0,0.25621649622917175,0.6,0
18,3,372,28,0,0.08814289420843124,0.6,0
18,3,373,28,0,0.2498241364955902,0.6,0
18,3,374,28,0,0.2562130391597748,0.6,0
18,3,375,28,0,0.2494487315416336,0.6,0
18,3,376,28,0,0.09320822358131409,0.6,0
18,3,387,30,0,0.2693101465702057,0.6,0
18,3,388,30,0,0.0960872620344162,0.6,0
18,3,389,30,0,0.2810996472835541,0.6,0
18,3,390,30,0,0.24944309890270233,0.6,0
18,3,391,30,0,0.2494431436061859,0.6,0
18,3,392,30,0,0.25621190667152405,0.6,0
18,3,393,30,0,0.9915719032287598,0.6,1
18,3,394,30,0,0.3575289249420166,0.6,0
18,3,395,30,0,0.09088141471147537,0.6,0
18,3,396,30,0,0.09088141471147537,0.6,0
18,3,567,48,0,0.09088142961263657,0.6,0
18,3,568,48,0,0.09905193746089935,0.6,0
18,3,569,48,0,0.08814171701669693,0.6,0
18,3,570,48,0,0.3435351848602295,0.6,0
18,3,571,48,0,0.10786829143762589,0.6,0
18,3,572,48,0,0.09087992459535599,0.6,0
18,3,573,48,0,0.08814624696969986,0.6,0
18,3,574,48,0,0.08814626932144165,0.6,0
18,3,575,48,0,0.09088142961263657,0.6,0
18,3,576,48,0,0.08814170211553574,0.6,0
18,3,587,50,0,0.09088292717933655,0.6,0
18,3,588,50,0,0.09088142961263657,0.6,0
18,3,589,50,0,0.2888631224632263,0.6,0
18,3,590,50,0,0.09905034303665161,0.6,0
18,3,591,50,0,0.6139989495277405,0.6,1
18,3,592,50,0,0.08814314007759094,0.6,0
18,3,593,50,0,0.3435307443141937,0.6,0
18,3,594,50,0,0.08814316242933273,0.6,0
18,3,595,50,0,0.09088292717933655,0.6,0
18,3,596,50,0,0.08814171701669693,0.6,0
18,3,607,52,0,0.09088292717933655,0.6,0
18,3,608,52,0,0.28507623076438904,0.6,0
18,3,609,52,0,0.09087992459535599,0.6,0
18,3,610,52,0,0.28158459067344666,0.6,0
18,3,611,52,0,0.10209683328866959,0.6,0
18,3,612,52,0,0.08814170211553574,0.6,0
18,3,613,52,0,0.08814171701669693,0.6,0
18,3,614,52,0,0.37890923023223877,0.6,0
18,3,615,52,0,0.4186438322067261,0.6,0
18,3,616,52,0,0.3030696511268616,0.6,0
18,3,627,54,0,0.08814170211553574,0.6,0
18,3,628,54,0,0.42280837893486023,0.6,0
18,3,629,54,0,0.08814170211553574,0.6,0
18,3,630,54,0,0.08814170211553574,0.6,0
18,3,631,54,0,0.08814171701669693,0.6,0
18,3,632,54,0,0.08814170211553574,0.6,0
18,3,633,54,0,0.08814170211553574,0.6,0
18,3,634,54,0,0.08814170211553574,0.6,0
18,3,635,54,0,0.08814170211553574,0.6,0
18,3,636,54,0,0.08814170211553574,0.6,0
18,3,637,55,0,0.08814173936843872,0.6,0
18,3,638,55,0,0.08814170211553574,0.6,0
18,3,639,55,0,0.08814171701669693,0.6,0
18,3,640,55,0,0.08814316242933273,0.6,0
18,3,641,55,0,0.24944309890270233,0.6,0
18,3,642,55,0,0.2582818269729614,0.6,0
18,3,643,55,0,0.08814170211553574,0.6,0
18,3,644,55,0,0.25151026248931885,0.6,0
18,3,645,55,0,0.10467304289340973,0.6,0
18,3,646,55,0,0.09087992459535599,0.6,0
18,3,677,59,0,0.09088142961263657,0.6,0
18,3,678,59,0,0.08814314007759094,0.6,0
18,3,679,59,0,0.08814170211553574,0.6,0
18,3,680,59,0,0.08814170211553574,0.6,0
18,3,681,59,0,0.08814170211553574,0.6,0
18,3,682,59,0,0.08814289420843124,0.6,0
18,3,683,59,0,0.08814289420843124,0.6,0
18,3,684,59,0,0.1020946279168129,0.6,0
18,3,685,59,0,0.2837860882282257,0.6,0
18,3,686,59,0,0.08814314007759094,0.6,0
18,3,687,60,0,0.09905140846967697,0.6,0
18,3,688,60,0,0.09087992459535599,0.6,0
18,3,689,60,0,0.09087992459535599,0.6,0
18,3,690,60,0,0.08814170211553574,0.6,0
18,3,691,60,0,0.315023273229599,0.6,0
18,3,692,60,0,0.2888635993003845,0.6,0
18,3,693,60,0,0.09088142961263657,0.6,0
18,3,694,60,0,0.08814170211553574,0.6,0
18,3,695,60,0,0.684382438659668,0.6,1
18,3,696,60,0,0.2507939040660858,0.6,0
18,3,767,68,0,0.2694322466850281,0.6,0
18,3,768,68,0,0.25621190667152405,0.6,0
18,3,769,68,0,0.2562095820903778,0.6,0
18,3,770,68,0,0.24944953620433807,0.6,0
18,3,771,68,0,0.2562130391597748,0.6,0
18,3,772,68,0,0.23811417818069458,0.6,0
18,3,773,68,0,0.23811085522174835,0.6,0
18,3,774,68,0,0.3788185119628906,0.6,0
18,3,775,68,0,0.28721126914024353,0.6,0
18,3,776,68,0,0.2494499236345291,0.6,0
18,4,16,16,1,0.9877311587333679,0.48999999999999994,1
18,4,17,17,1,0.9877311587333679,0.48999999999999994,1
18,4,18,18,1,0.9980009198188782,0.48999999999999994,1
18,4,19,19,1,0.9877311587333679,0.48999999999999994,1
18,4,27,27,1,0.9902582168579102,0.48999999999999994,1
18,4,29,29,1,0.8760441541671753,0.48999999999999994,1
18,4,31,31,1,0.9902582168579102,0.48999999999999994,1
18,4,32,32,1,0.8760441541671753,0.48999999999999994,1
18,4,43,43,1,0.797317385673523,0.48999999999999994,1
18,4,45,45,1,0.8392974138259888,0.48999999999999994,1
18,4,56,56,1,0.9902582168579102,0.48999999999999994,1
18,4,67,67,1,0.9877311587333679,0.48999999999999994,1
18,4,71,71,1,0.4905153512954712,0.48999999999999994,1
18,4,72,72,1,0.9882411360740662,0.48999999999999994,1
18,4,74,74,1,0.9902582168579102,0.48999999999999994,1
18,4,80,80,1,0.9882411360740662,0.48999999999999994,1
18,4,247,16,0,0.38322505354881287,0.48999999999999994,0
18,4,248,16,0,0.3659103810787201,0.48999999999999994,0
18,4,249,16,0,0.3708265423774719,0.48999999999999994,0
18,4,250,16,0,0.10966722667217255,0.48999999999999994,0
18,4,251,16,0,0.1096653938293457,0.48999999999999994,0
18,4,252,16,0,0.37083306908607483,0.48999999999999994,0
18,4,253,16,0,0.14718447625637054,0.48999999999999994,0
18,4,254,16,0,0.42489269375801086,0.48999999999999994,0
18,4,255,16,0,0.41205576062202454,0.48999999999999994,0
18,4,256,16,0,0.3708309829235077,0.48999999999999994,0
18,4,257,17,0,0.3708421587944031,0.48999999999999994,0
18,4,258,17,0,0.3708265423774719,0.48999999999999994,0
18,4,259,17,0,0.38324087858200073,0.48999999999999994,0
18,4,260,17,0,0.37083306908607483,0.48999999999999994,0
18,4,261,17,0,0.12523069977760315,0.48999999999999994,0
18,4,262,17,0,0.5186483860015869,0.48999999999999994,1
18,4,263,17,0,0.12518970668315887,0.48999999999999994,0
18,4,264,17,0,0.35373786091804504,0.48999999999999994,0
18,4,265,17,0,0.40132108330726624,0.48999999999999994,0
18,4,266,17,0,0.133805513381958,0.48999999999999994,0
18,4,267,18,0,0.39531031250953674,0.48999999999999994,0
18,4,268,18,0,0.4120625853538513,0.48999999999999994,0
18,4,269,18,0,0.12774676084518433,0.48999999999999994,0
18,4,270,18,0,0.12271353602409363,0.48999999999999994,0
18,4,271,18,0,0.3708462119102478,0.48999999999999994,0
18,4,272,18,0,0.4754078984260559,0.48999999999999994,0
18,4,273,18,0,0.13628879189491272,0.48999999999999994,0
18,4,274,18,0,0.12266548722982407,0.48999999999999994,0
18,4,275,18,0,0.11709670722484589,0.48999999999999994,0
18,4,276,18,0,0.11709674447774887,0.48999999999999994,0
18,4,277,19,0,0.11711238324642181,0.48999999999999994,0
18,4,278,19,0,0.45268145203590393,0.48999999999999994,0
18,4,279,19,0,0.10966815054416656,0.48999999999999994,0
18,4,280,19,0,0.3708396852016449,0.48999999999999994,0
18,4,281,19,0,0.10966262966394424,0.48999999999999994,0
18,4,282,19,0,0.11709670722484589,0.48999999999999994,0
18,4,283,19,0,0.11709965020418167,0.48999999999999994,0
18,4,284,19,0,0.4754045009613037,0.48999999999999994,0
18,4,285,19,0,0.37083306908607483,0.48999999999999994,0
18,4,286,19,0,0.19824403524398804,0.48999999999999994,0
18,4,357,27,0,0.3708308935165405,0.48999999999999994,0
18,4,358,27,0,0.3708265423774719,0.48999999999999994,0
18,4,359,27,0,0.3708265423774719,0.48999999999999994,0
18,4,360,27,0,0.41596662998199463,0.48999999999999994,0
18,4,361,27,0,0.3832228481769562,0.48999999999999994,0
18,4,362,27,0,0.8593236804008484,0.48999999999999994,1
18,4,363,27,0,0.3832361698150635,0.48999999999999994,0
18,4,364,27,0,0.3832250237464905,0.48999999999999994,0
18,4,365,27,0,0.10967741161584854,0.48999999999999994,0
18,4,366,27,0,0.10966262966394424,0.48999999999999994,0
18,4,377,29,0,0.8254825472831726,0.48999999999999994,1
18,4,378,29,0,0.383218377828598,0.48999999999999994,0
18,4,379,29,0,0.3708743155002594,0.48999999999999994,0
18,4,380,29,0,0.3708743155002594,0.48999999999999994,0
18,4,381,29,0,0.3832250237464905,0.48999999999999994,0
18,4,382,29,0,0.3832316994667053,0.48999999999999994,0
18,4,383,29,0,0.4691964387893677,0.48999999999999994,0
18,4,384,29,0,0.11734133958816528,0.48999999999999994,0
18,4,385,29,0,0.1173412948846817,0.48999999999999994,0
18,4,386,29,0,0.11492415517568588,0.48999999999999994,0
18,4,397,31,0,0.11492130160331726,0.48999999999999994,0
18,4,398,31,0,0.11492415517568588,0.48999999999999994,0
18,4,399,31,0,0.11492415517568588,0.48999999999999994,0
18,4,400,31,0,0.12265970557928085,0.48999999999999994,0
18,4,401,31,0,0.10966537892818451,0.48999999999999994,0
18,4,402,31,0,0.11492415517568588,0.48999999999999994,0
18,4,403,31,0,0.11492130160331726,0.48999999999999994,0
18,4,404,31,0,0.11492130160331726,0.48999999999999994,0
18,4,405,31,0,0.1277446746826172,0.48999999999999994,0
18,4,406,31,0,0.3537430763244629,0.48999999999999994,0
18,4,407,32,0,0.1096653938293457,0.48999999999999994,0
18,4,408,32,0,0.1096653938293457,0.48999999999999994,0
18,4,409,32,0,0.7890191078186035,0.48999999999999994,1
18,4,410,32,0,0.10966537892818451,0.48999999999999994,0
18,4,411,32,0,0.11492130160331726,0.48999999999999994,0
18,4,412,32,0,0.10966261476278305,0.48999999999999994,0
18,4,413,32,0,0.14096511900424957,0.48999999999999994,0
18,4,414,32,0,0.12774504721164703,0.48999999999999994,0
18,4,415,32,0,0.10966262966394424,0.48999999999999994,0
18,4,416,32,0,0.10966262966394424,0.48999999999999994,0
18,4,517,43,0,0.5151146650314331,0.48999999999999994,1
18,4,518,43,0,0.5151146650314331,0.48999999999999994,1
18,4,519,43,0,0.127744659781456,0.48999999999999994,0
18,4,520,43,0,0.10966261476278305,0.48999999999999994,0
18,4,521,43,0,0.10966265201568604,0.48999999999999994,0
18,4,522,43,0,0.10966265201568604,0.48999999999999994,0
18,4,523,43,0,0.10966265201568604,0.48999999999999994,0
18,4,524,43,0,0.10966265201568604,0.48999999999999994,0
18,4,525,43,0,0.11492130160331726,0.48999999999999994,0
18,4,526,43,0,0.11492415517568588,0.48999999999999994,0
18,4,537,45,0,0.10966262966394424,0.48999999999999994,0
18,4,538,45,0,0.10966261476278305,0.48999999999999994,0
18,4,539,45,0,0.10966262966394424,0.48999999999999994,0
18,4,540,45,0,0.10966262966394424,0.48999999999999994,0
18,4,541,45,0,0.10966262966394424,0.48999999999999994,0
18,4,542,45,0,0.1277477741241455,0.48999999999999994,0
18,4,543,45,0,0.41971153020858765,0.48999999999999994,0
18,4,544,45,0,0.4433588683605194,0.48999999999999994,0
18,4,545,45,0,0.10966262966394424,0.48999999999999994,0
18,4,546,45,0,0.8150912523269653,0.48999999999999994,1
18,4,647,56,0,0.39623895287513733,0.48999999999999994,0
18,4,648,56,0,0.7973218560218811,0.48999999999999994,1
18,4,649,56,0,0.11492811888456345,0.48999999999999994,0
18,4,650,56,0,0.38473057746887207,0.48999999999999994,0
18,4,651,56,0,0.10966262966394424,0.48999999999999994,0
18,4,652,56,0,0.10966261476278305,0.48999999999999994,0
18,4,653,56,0,0.10966261476278305,0.48999999999999994,0
18,4,654,56,0,0.12774676084518433,0.48999999999999994,0
18,4,655,56,0,0.372297078371048,0.48999999999999994,0
18,4,656,56,0,0.3796990215778351,0.48999999999999994,0
18,4,757,67,0,0.40155094861984253,0.48999999999999994,0
18,4,758,67,0,0.4548742473125458,0.48999999999999994,0
18,4,759,67,0,0.35375067591667175,0.48999999999999994,0
18,4,760,67,0,0.3709055185317993,0.48999999999999994,0
18,4,761,67,0,0.41356176137924194,0.48999999999999994,0
18,4,762,67,0,0.7890191078186035,0.48999999999999994,1
18,4,763,67,0,0.12774673104286194,0.48999999999999994,0
18,4,764,67,0,0.11710251867771149,0.48999999999999994,0
18,4,765,67,0,0.41356176137924194,0.48999999999999994,0
18,4,766,67,0,0.36590376496315,0.48999999999999994,0
18,4,797,71,0,0.37083956599235535,0.48999999999999994,0
18,4,798,71,0,0.35375064611434937,0.48999999999999994,0
18,4,799,71,0,0.3940373659133911,0.48999999999999994,0
18,4,800,71,0,0.3797055780887604,0.48999999999999994,0
18,4,801,71,0,0.8150883913040161,0.48999999999999994,1
18,4,802,71,0,0.11709670722484589,0.48999999999999994,0
18,4,803,71,0,0.4823579788208008,0.48999999999999994,0
18,4,804,71,0,0.10966261476278305,0.48999999999999994,0
18,4,805,71,0,0.11739270389080048,0.48999999999999994,0
18,4,806,71,0,0.12517549097537994,0.48999999999999994,0
18,4,807,72,0,0.11709573119878769,0.48999999999999994,0
18,4,808,72,0,0.11709573119878769,0.48999999999999994,0
18,4,809,72,0,0.11709378659725189,0.48999999999999994,0
18,4,810,72,0,0.11709865927696228,0.48999999999999994,0
18,4,811,72,0,0.1170986145734787,0.48999999999999994,0
18,4,812,72,0,0.11709865927696228,0.48999999999999994,0
18,4,813,72,0,0.11709378659725189,0.48999999999999994,0
18,4,814,72,0,0.48762574791908264,0.48999999999999994,0
18,4,815,72,0,0.11710155010223389,0.48999999999999994,0
18,4,816,72,0,0.11709862947463989,0.48999999999999994,0
18,4,827,74,0,0.10966534912586212,0.48999999999999994,0
18,4,828,74,0,0.37085050344467163,0.48999999999999994,0
18,4,829,74,0,0.5001676082611084,0.48999999999999994,1
18,4,830,74,0,0.39577504992485046,0.48999999999999994,0
18,4,831,74,0,0.1170966625213623,0.48999999999999994,0
18,4,832,74,0,0.1170966774225235,0.48999999999999994,0
18,4,833,74,0,0.10966534912586212,0.48999999999999994,0
18,4,834,74,0,0.10966534912586212,0.48999999999999994,0
18,4,835,74,0,0.1362224966287613,0.48999999999999994,0
18,4,836,74,0,0.11710155010223389,0.48999999999999994,0
18,4,887,80,0,0.11492413282394409,0.48999999999999994,0
18,4,888,80,0,0.12522271275520325,0.48999999999999994,0
18,4,889,80,0,0.12292035669088364,0.48999999999999994,0
18,4,890,80,0,0.11492127180099487,0.48999999999999994,0
18,4,891,80,0,0.10966261476278305,0.48999999999999994,0
18,4,892,80,0,0.10966534912586212,0.48999999999999994,0
18,4,893,80,0,0.10966534912586212,0.48999999999999994,0
18,4,894,80,0,0.4433644711971283,0.48999999999999994,0
18,4,895,80,0,0.127744659781456,0.48999999999999994,0
18,4,896,80,0,0.5001558065414429,0.48999999999999994,1
18,5,4,4,1,0.5339385271072388,0.5099999999999999,1
18,5,7,7,1,0.4873981177806854,0.5099999999999999,0
18,5,20,20,1,0.5311110019683838,0.5099999999999999,1
18,5,25,25,1,0.5674711465835571,0.5099999999999999,1
18,5,33,33,1,0.5311110019683838,0.5099999999999999,1
18,5,37,37,1,0.5339385271072388,0.5099999999999999,1
18,5,38,38,1,0.5339385271072388,0.5099999999999999,1
18,5,41,41,1,0.5319567918777466,0.5099999999999999,1
18,5,42,42,1,0.47901010513305664,0.5099999999999999,0
18,5,51,51,1,0.4572565257549286,0.5099999999999999,0
18,5,53,53,1,0.48243486881256104,0.5099999999999999,0
18,5,61,61,1,0.5339385271072388,0.5099999999999999,1
18,5,64,64,1,0.4873981177806854,0.5099999999999999,0
18,5,65,65,1,0.4873999357223511,0.5099999999999999,0
18,5,69,69,1,0.4986083507537842,0.5099999999999999,0
18,5,79,79,1,0.5311110019683838,0.5099999999999999,1
18,5,127,4,0,0.41977325081825256,0.5099999999999999,0
18,5,128,4,0,0.4211205840110779,0.5099999999999999,0
18,5,129,4,0,0.4227585792541504,0.5099999999999999,0
18,5,130,4,0,0.4532679617404938,0.5099999999999999,0
18,5,131,4,0,0.44878166913986206,0.5099999999999999,0
18,5,132,4,0,0.44795265793800354,0.5099999999999999,0
18,5,133,4,0,0.45252975821495056,0.5099999999999999,0
18,5,134,4,0,0.455016553401947,0.5099999999999999,0
18,5,135,4,0,0.424515962600708,0.5099999999999999,0
18,5,136,4,0,0.4257168173789978,0.5099999999999999,0
18,5,157,7,0,0.42096996307373047,0.5099999999999999,0
18,5,158,7,0,0.4209708273410797,0.5099999999999999,0
18,5,159,7,0,0.4205915331840515,0.5099999999999999,0
18,5,160,7,0,0.44795092940330505,0.5099999999999999,0
18,5,161,7,0,0.4467357397079468,0.5099999999999999,0
18,5,162,7,0,0.44673579931259155,0.5099999999999999,0
18,5,163,7,0,0.44758912920951843,0.5099999999999999,0
18,5,164,7,0,0.42216986417770386,0.5099999999999999,0
18,5,165,7,0,0.44759008288383484,0.5099999999999999,0
18,5,166,7,0,0.4479524493217468,0.5099999999999999,0
18,5,287,20,0,0.48657217621803284,0.5099999999999999,0
18,5,288,20,0,0.44878655672073364,0.5099999999999999,0
18,5,289,20,0,0.4841357171535492,0.5099999999999999,0
18,5,290,20,0,0.42097043991088867,0.5099999999999999,0
18,5,291,20,0,0.5339385271072388,0.5099999999999999,1
18,5,292,20,0,0.41977280378341675,0.5099999999999999,0
18,5,293,20,0,0.42059066891670227,0.5099999999999999,0
18,5,294,20,0,0.46072906255722046,0.5099999999999999,0
18,5,295,20,0,0.41977283358573914,0.5099999999999999,0
18,5,296,20,0,0.4224967658519745,0.5099999999999999,0
18,5,337,25,0,0.41977283358573914,0.5099999999999999,0
18,5,338,25,0,0.41977283358573914,0.5099999999999999,0
18,5,339,25,0,0.41977277398109436,0.5099999999999999,0
18,5,340,25,0,0.41977280378341675,0.5099999999999999,0
18,5,341,25,0,0.41977325081825256,0.5099999999999999,0
18,5,342,25,0,0.5339385271072388,0.5099999999999999,1
18,5,343,25,0,0.44795045256614685,0.5099999999999999,0
18,5,344,25,0,0.44795122742652893,0.5099999999999999,0
18,5,345,25,0,0.44878172874450684,0.5099999999999999,0
18,5,346,25,0,0.44795092940330505,0.5099999999999999,0
18,5,417,33,0,0.42369547486305237,0.5099999999999999,0
18,5,418,33,0,0.42369550466537476,0.5099999999999999,0
18,5,419,33,0,0.4487821161746979,0.5099999999999999,0
18,5,420,33,0,0.4205906391143799,0.5099999999999999,0
18,5,421,33,0,0.42097043991088867,0.5099999999999999,0
18,5,422,33,0,0.45121875405311584,0.5099999999999999,0
18,5,423,33,0,0.42059066891670227,0.5099999999999999,0
18,5,424,33,0,0.48146748542785645,0.5099999999999999,0
18,5,425,33,0,0.41977325081825256,0.5099999999999999,0
18,5,426,33,0,0.41977283358573914,0.5099999999999999,0
18,5,457,37,0,0.41977280378341675,0.5099999999999999,0
18,5,458,37,0,0.42573946714401245,0.5099999999999999,0
18,5,459,37,0,0.4487825036048889,0.5099999999999999,0
18,5,460,37,0,0.4205910861492157,0.5099999999999999,0
18,5,461,37,0,0.4205915629863739,0.5099999999999999,0
18,5,462,37,0,0.4205911457538605,0.5099999999999999,0
18,5,463,37,0,0.4265599846839905,0.5099999999999999,0
18,5,464,37,0,0.4205915331840515,0.5099999999999999,0
18,5,465,37,0,0.45359542965888977,0.5099999999999999,0
18,5,466,37,0,0.4205915331840515,0.5099999999999999,0
18,5,467,38,0,0.42369547486305237,0.5099999999999999,0
18,5,468,38,0,0.41977280378341675,0.5099999999999999,0
18,5,469,38,0,0.49860936403274536,0.5099999999999999,0
18,5,470,38,0,0.4221685528755188,0.5099999999999999,0
18,5,471,38,0,0.42451542615890503,0.5099999999999999,0
18,5,472,38,0,0.42331504821777344,0.5099999999999999,0
18,5,473,38,0,0.41977277398109436,0.5099999999999999,0
18,5,474,38,0,0.45032861828804016,0.5099999999999999,0
18,5,475,38,0,0.4205911159515381,0.5099999999999999,0
18,5,476,38,0,0.42369544506073,0.5099999999999999,0
18,5,497,41,0,0.4236956834793091,0.5099999999999999,0
18,5,498,41,0,0.4507148265838623,0.5099999999999999,0
18,5,499,41,0,0.4994669258594513,0.5099999999999999,0
18,5,500,41,0,0.4552047550678253,0.5099999999999999,0
18,5,501,41,0,0.446736216545105,0.5099999999999999,0
18,5,502,41,0,0.44878172874450684,0.5099999999999999,0
18,5,503,41,0,0.4475895166397095,0.5099999999999999,0
18,5,504,41,0,0.4494978189468384,0.5099999999999999,0
18,5,505,41,0,0.4205911457538605,0.5099999999999999,0
18,5,506,41,0,0.446736216545105,0.5099999999999999,0
18,5,507,42,0,0.44756609201431274,0.5099999999999999,0
18,5,508,42,0,0.4475660026073456,0.5099999999999999,0
18,5,509,42,0,0.4484197199344635,0.5099999999999999,0
18,5,510,42,0,0.4197731614112854,0.5099999999999999,0
18,5,511,42,0,0.42249590158462524,0.5099999999999999,0
18,5,512,42,0,0.4483962059020996,0.5099999999999999,0
18,5,513,42,0,0.42059096693992615,0.5099999999999999,0
18,5,514,42,0,0.4467361271381378,0.5099999999999999,0
18,5,515,42,0,0.42249542474746704,0.5099999999999999,0
18,5,516,42,0,0.4205910265445709,0.5099999999999999,0
18,5,597,51,0,0.47901055216789246,0.5099999999999999,0
18,5,598,51,0,0.4496114253997803,0.5099999999999999,0
18,5,599,51,0,0.446736216545105,0.5099999999999999,0
18,5,600,51,0,0.451569139957428,0.5099999999999999,0
18,5,601,51,0,0.4206143319606781,0.5099999999999999,0
18,5,602,51,0,0.4503295421600342,0.5099999999999999,0
18,5,603,51,0,0.4496114253997803,0.5099999999999999,0
18,5,604,51,0,0.45156916975975037,0.5099999999999999,0
18,5,605,51,0,0.4224962890148163,0.5099999999999999,0
18,5,606,51,0,0.4205915629863739,0.5099999999999999,0
18,5,617,53,0,0.4205910861492157,0.5099999999999999,0
18,5,618,53,0,0.42331504821777344,0.5099999999999999,0
18,5,619,53,0,0.4515456259250641,0.5099999999999999,0
18,5,620,53,0,0.4205915331840515,0.5099999999999999,0
18,5,621,53,0,0.4205915629863739,0.5099999999999999,0
18,5,622,53,0,0.45044925808906555,0.5099999999999999,0
18,5,623,53,0,0.41977283358573914,0.5099999999999999,0
18,5,624,53,0,0.4488101005554199,0.5099999999999999,0
18,5,625,53,0,0.4236958920955658,0.5099999999999999,0
18,5,626,53,0,0.4500262439250946,0.5099999999999999,0
18,5,697,61,0,0.4205911457538605,0.5099999999999999,0
18,5,698,61,0,0.4205911159515381,0.5099999999999999,0
18,5,699,61,0,0.48355618119239807,0.5099999999999999,0
18,5,700,61,0,0.4224966764450073,0.5099999999999999,0
18,5,701,61,0,0.44795092940330505,0.5099999999999999,0
18,5,702,61,0,0.41977283358573914,0.5099999999999999,0
18,5,703,61,0,0.42059066891670227,0.5099999999999999,0
18,5,704,61,0,0.42059066891670227,0.5099999999999999,0
18,5,705,61,0,0.41977372765541077,0.5099999999999999,0
18,5,706,61,0,0.4197731614112854,0.5099999999999999,0
18,5,727,64,0,0.4197731614112854,0.5099999999999999,0
18,5,728,64,0,0.41977283358573914,0.5099999999999999,0
18,5,729,64,0,0.41977328062057495,0.5099999999999999,0
18,5,730,64,0,0.4211210012435913,0.5099999999999999,0
18,5,731,64,0,0.4205911457538605,0.5099999999999999,0
18,5,732,64,0,0.4224954843521118,0.5099999999999999,0
18,5,733,64,0,0.42249593138694763,0.5099999999999999,0
18,5,734,64,0,0.4197728633880615,0.5099999999999999,0
18,5,735,64,0,0.41977280378341675,0.5099999999999999,0
18,5,736,64,0,0.41977283358573914,0.5099999999999999,0
18,5,737,65,0,0.45002591609954834,0.5099999999999999,0
18,5,738,65,0,0.42451682686805725,0.5099999999999999,0
18,5,739,65,0,0.4560374319553375,0.5099999999999999,0
18,5,740,65,0,0.42249545454978943,0.5099999999999999,0
18,5,741,65,0,0.41977283358573914,0.5099999999999999,0
18,5,742,65,0,0.41977283358573914,0.5099999999999999,0
18,5,743,65,0,0.42324817180633545,0.5099999999999999,0
18,5,744,65,0,0.41977328062057495,0.5099999999999999,0
18,5,745,65,0,0.41977283358573914,0.5099999999999999,0
18,5,746,65,0,0.4197731614112854,0.5099999999999999,0
18,5,777,69,0,0.44961419701576233,0.5099999999999999,0
18,5,778,69,0,0.44878169894218445,0.5099999999999999,0
18,5,779,69,0,0.44795140624046326,0.5099999999999999,0
18,5,780,69,0,0.4209709167480469,0.5099999999999999,0
18,5,781,69,0,0.4487874507904053,0.5099999999999999,0
18,5,782,69,0,0.4221697449684143,0.5099999999999999,0
18,5,783,69,0,0.41977283358573914,0.5099999999999999,0
18,5,784,69,0,0.47991612553596497,0.5099999999999999,0
18,5,785,69,0,0.41977328062057495,0.5099999999999999,0
18,5,786,69,0,0.44756653904914856,0.5099999999999999,0
18,5,877,79,0,0.4475661516189575,0.5099999999999999,0
18,5,878,79,0,0.4245150089263916,0.5099999999999999,0
18,5,879,79,0,0.44795048236846924,0.5099999999999999,0
18,5,880,79,0,0.44795092940330505,0.5099999999999999,0
18,5,881,79,0,0.44673579931259155,0.5099999999999999,0
18,5,882,79,0,0.44673579931259155,0.5099999999999999,0
18,5,883,79,0,0.4479505121707916,0.5099999999999999,0
18,5,884,79,0,0.44673579931259155,0.5099999999999999,0
18,5,885,79,0,0.44673579931259155,0.5099999999999999,0
18,5,886,79,0,0.44673579931259155,0.5099999999999999,0
19,1,2,2,1,0.6608388423919678,0.575,1
19,1,13,13,1,0.572593092918396,0.575,0
19,1,16,16,1,0.6166698336601257,0.575,1
19,1,20,20,1,0.6166698932647705,0.575,1
19,1,21,21,1,0.650198757648468,0.575,1
19,1,23,23,1,0.6194114685058594,0.575,1
19,1,27,27,1,0.6194114685058594,0.575,1
19,1,31,31,1,0.6194114089012146,0.575,1
19,1,39,39,1,0.6194114685058594,0.575,1
19,1,43,43,1,0.5620363354682922,0.575,0
19,1,47,47,1,0.6608388423919678,0.575,1
19,1,55,55,1,0.6513224840164185,0.575,1
19,1,59,59,1,0.5620363354682922,0.575,0
19,1,61,61,1,0.6194114685058594,0.575,1
19,1,72,72,1,0.6175323128700256,0.575,1
19,1,78,78,1,0.650198757648468,0.575,1
19,1,79,79,1,0.6166699528694153,0.575,1
19,1,107,2,0,0.528486430644989,0.575,0
19,1,108,2,0,0.528486430644989,0.575,0
19,1,109,2,0,0.5087622404098511,0.575,0
19,1,110,2,0,0.531502366065979,0.575,0
19,1,111,2,0,0.5333176255226135,0.575,0
19,1,112,2,0,0.5056145787239075,0.575,0
19,1,113,2,0,0.5144095420837402,0.575,0
19,1,114,2,0,0.5072693824768066,0.575,0
19,1,115,2,0,0.5308838486671448,0.575,0
19,1,116,2,0,0.5308838486671448,0.575,0
19,1,217,13,0,0.5042833685874939,0.575,0
19,1,218,13,0,0.5012572407722473,0.575,0
19,1,219,13,0,0.5012581944465637,0.575,0
19,1,220,13,0,0.5012585520744324,0.575,0
19,1,221,13,0,0.5051910281181335,0.575,0
19,1,222,13,0,0.5034979581832886,0.575,0
19,1,223,13,0,0.5056130290031433,0.575,0
19,1,224,13,0,0.5025874972343445,0.575,0
19,1,225,13,0,0.5012571215629578,0.575,0
19,1,226,13,0,0.5012572407722473,0.575,0
19,1,247,16,0,0.5293931365013123,0.575,0
19,1,248,16,0,0.5280672311782837,0.575,0
19,1,249,16,0,0.528486430644989,0.575,0
19,1,250,16,0,0.501257598400116,0.575,0
19,1,251,16,0,0.5012572407722473,0.575,0
19,1,252,16,0,0.5284869074821472,0.575,0
19,1,253,16,0,0.5071259140968323,0.575,0
19,1,254,16,0,0.5324068069458008,0.575,0
19,1,255,16,0,0.5315014123916626,0.575,0
19,1,256,16,0,0.5284867882728577,0.575,0
19,1,287,20,0,0.5664862990379333,0.575,0
19,1,288,20,0,0.5293984413146973,0.575,0
19,1,289,20,0,0.5637040734291077,0.575,0
19,1,290,20,0,0.5025880336761475,0.575,0
19,1,291,20,0,0.6194114685058594,0.575,1
19,1,292,20,0,0.5012567639350891,0.575,0
19,1,293,20,0,0.5021659731864929,0.575,0
19,1,294,20,0,0.5423761606216431,0.575,0
19,1,295,20,0,0.5012567639350891,0.575,0
19,1,296,20,0,0.5042830109596252,0.575,0
19,1,297,21,0,0.5021664500236511,0.575,0
19,1,298,21,0,0.5342164039611816,0.575,0
19,1,299,21,0,0.5039187073707581,0.575,0
19,1,300,21,0,0.5295600295066833,0.575,0
19,1,301,21,0,0.5065216422080994,0.575,0
19,1,302,21,0,0.5065221190452576,0.575,0
19,1,303,21,0,0.5286527276039124,0.575,0
19,1,304,21,0,0.5012567639350891,0.575,0
19,1,305,21,0,0.5012567639350891,0.575,0
19,1,306,21,0,0.5302155017852783,0.575,0
19,1,317,23,0,0.5012567639350891,0.575,0
19,1,318,23,0,0.5271596908569336,0.575,0
19,1,319,23,0,0.5012567639350891,0.575,0
19,1,320,23,0,0.5021665096282959,0.575,0
19,1,321,23,0,0.5021659731864929,0.575,0
19,1,322,23,0,0.5012572407722473,0.575,0
19,1,323,23,0,0.5012567639350891,0.575,0
19,1,324,23,0,0.5341348648071289,0.575,0
19,1,325,23,0,0.5039187073707581,0.575,0
19,1,326,23,0,0.5012571215629578,0.575,0
19,1,357,27,0,0.5284867882728577,0.575,0
19,1,358,27,0,0.528486430644989,0.575,0
19,1,359,27,0,0.528486430644989,0.575,0
19,1,360,27,0,0.5316808819770813,0.575,0
19,1,361,27,0,0.5293929576873779,0.575,0
19,1,362,27,0,0.5667446255683899,0.575,0
19,1,363,27,0,0.5293939113616943,0.575,0
19,1,364,27,0,0.5293930768966675,0.575,0
19,1,365,27,0,0.5012593865394592,0.575,0
19,1,366,27,0,0.5012567639350891,0.575,0
19,1,397,31,0,0.5021659731864929,0.575,0
19,1,398,31,0,0.5021664500236511,0.575,0
19,1,399,31,0,0.5021664500236511,0.575,0
19,1,400,31,0,0.5034967064857483,0.575,0
19,1,401,31,0,0.5012572407722473,0.575,0
19,1,402,31,0,0.5021665096282959,0.575,0
19,1,403,31,0,0.5021659731864929,0.575,0
19,1,404,31,0,0.5021659731864929,0.575,0
19,1,405,31,0,0.5042815804481506,0.575,0
19,1,406,31,0,0.5271596908569336,0.575,0
19,1,477,39,0,0.5012567639350891,0.575,0
19,1,478,39,0,0.5021669268608093,0.575,0
19,1,479,39,0,0.5021669864654541,0.575,0
19,1,480,39,0,0.5291394591331482,0.575,0
19,1,481,39,0,0.5025884509086609,0.575,0
19,1,482,39,0,0.5012572407722473,0.575,0
19,1,483,39,0,0.5295588970184326,0.575,0
19,1,484,39,0,0.5293985605239868,0.575,0
19,1,485,39,0,0.5361179709434509,0.575,0
19,1,486,39,0,0.5361179709434509,0.575,0
19,1,517,43,0,0.537279486656189,0.575,0
19,1,518,43,0,0.537279486656189,0.575,0
19,1,519,43,0,0.5042815804481506,0.575,0
19,1,520,43,0,0.5012567639350891,0.575,0
19,1,521,43,0,0.5012567639350891,0.575,0
19,1,522,43,0,0.5012567639350891,0.575,0
19,1,523,43,0,0.5012567639350891,0.575,0
19,1,524,43,0,0.5012567639350891,0.575,0
19,1,525,43,0,0.5021659731864929,0.575,0
19,1,526,43,0,0.5021664500236511,0.575,0
19,1,557,47,0,0.5020039081573486,0.575,0
19,1,558,47,0,0.5012567639350891,0.575,0
19,1,559,47,0,0.5021659731864929,0.575,0
19,1,560,47,0,0.5021664500236511,0.575,0
19,1,561,47,0,0.5021664500236511,0.575,0
19,1,562,47,0,0.5021659731864929,0.575,0
19,1,563,47,0,0.5021669268608093,0.575,0
19,1,564,47,0,0.5021664500236511,0.575,0
19,1,565,47,0,0.5021659731864929,0.575,0
19,1,566,47,0,0.5021664500236511,0.575,0
19,1,637,55,0,0.5012567639350891,0.575,0
19,1,638,55,0,0.5012567639350891,0.575,0
19,1,639,55,0,0.5012567639350891,0.575,0
19,1,640,55,0,0.5012572407722473,0.575,0
19,1,641,55,0,0.5284864902496338,0.575,0
19,1,642,55,0,0.5311230421066284,0.575,0
19,1,643,55,0,0.5012567639350891,0.575,0
19,1,644,55,0,0.5289725065231323,0.575,0
19,1,645,55,0,0.5056125521659851,0.575,0
19,1,646,55,0,0.5021659731864929,0.575,0
19,1,677,59,0,0.5021665096282959,0.575,0
19,1,678,59,0,0.5012572407722473,0.575,0
19,1,679,59,0,0.5012567639350891,0.575,0
19,1,680,59,0,0.5012567639350891,0.575,0
19,1,681,59,0,0.5012567639350891,0.575,0
19,1,682,59,0,0.5012571811676025,0.575,0
19,1,683,59,0,0.5012571811676025,0.575,0
19,1,684,59,0,0.5051910281181335,0.575,0
19,1,685,59,0,0.5341349244117737,0.575,0
19,1,686,59,0,0.5012572407722473,0.575,0
19,1,697,61,0,0.5021664500236511,0.575,0
19,1,698,61,0,0.5021664500236511,0.575,0
19,1,699,61,0,0.5668863654136658,0.575,0
19,1,700,61,0,0.5042828917503357,0.575,0
19,1,701,61,0,0.5284864902496338,0.575,0
19,1,702,61,0,0.5012567639350891,0.575,0
19,1,703,61,0,0.5021660327911377,0.575,0
19,1,704,61,0,0.5021659731864929,0.575,0
19,1,705,61,0,0.5012577176094055,0.575,0
19,1,706,61,0,0.5012571811676025,0.575,0
19,1,807,72,0,0.5025878548622131,0.575,0
19,1,808,72,0,0.5025879144668579,0.575,0
19,1,809,72,0,0.5025875568389893,0.575,0
19,1,810,72,0,0.5025883316993713,0.575,0
19,1,811,72,0,0.5025883316993713,0.575,0
19,1,812,72,0,0.5025883913040161,0.575,0
19,1,813,72,0,0.5025875568389893,0.575,0
19,1,814,72,0,0.5386276841163635,0.575,0
19,1,815,72,0,0.5025888085365295,0.575,0
19,1,816,72,0,0.5025883316993713,0.575,0
19,1,867,78,0,0.5042827725410461,0.575,0
19,1,868,78,0,0.5021659731864929,0.575,0
19,1,869,78,0,0.5271593928337097,0.575,0
19,1,870,78,0,0.5271593332290649,0.575,0
19,1,871,78,0,0.5304644107818604,0.575,0
19,1,872,78,0,0.5042827725410461,0.575,0
19,1,873,78,0,0.5042827725410461,0.575,0
19,1,874,78,0,0.5039187073707581,0.575,0
19,1,875,78,0,0.5271598100662231,0.575,0
19,1,876,78,0,0.5021665096282959,0.575,0
19,1,877,79,0,0.5280662775039673,0.575,0
19,1,878,79,0,0.5065216422080994,0.575,0
19,1,879,79,0,0.5284859538078308,0.575,0
19,1,880,79,0,0.5284864902496338,0.575,0
19,1,881,79,0,0.5271593332290649,0.575,0
19,1,882,79,0,0.5271593332290649,0.575,0
19,1,883,79,0,0.5284859538078308,0.575,0
19,1,884,79,0,0.5271593332290649,0.575,0
19,1,885,79,0,0.5271593332290649,0.575,0
19,1,886,79,0,0.5271593332290649,0.575,0
19,2,4,4,1,0.6399422883987427,0.43999999999999995,1
19,2,5,5,1,0.6399422883987427,0.43999999999999995,1
19,2,7,7,1,0.5081740617752075,0.43999999999999995,1
19,2,9,9,1,0.6298128962516785,0.43999999999999995,1
19,2,10,10,1,0.5416203737258911,0.43999999999999995,1
19,2,14,14,1,0.6298128962516785,0.43999999999999995,1
19,2,18,18,1,0.7096487879753113,0.43999999999999995,1
19,2,24,24,1,0.6399422883987427,0.43999999999999995,1
19,2,25,25,1,0.7096487879753113,0.43999999999999995,1
19,2,28,28,1,0.7096487879753113,0.43999999999999995,1
19,2,29,29,1,0.5081741213798523,0.43999999999999995,1
19,2,53,53,1,0.49104931950569153,0.43999999999999995,1
19,2,54,54,1,0.5018537640571594,0.43999999999999995,1
19,2,57,57,1,0.7139884829521179,0.43999999999999995,1
19,2,66,66,1,0.3418918251991272,0.43999999999999995,0
19,2,68,68,1,0.6321200728416443,0.43999999999999995,1
19,2,127,4,0,0.3282073140144348,0.43999999999999995,0
19,2,128,4,0,0.33178436756134033,0.43999999999999995,0
19,2,129,4,0,0.33614206314086914,0.43999999999999995,0
19,2,130,4,0,0.40666186809539795,0.43999999999999995,0
19,2,131,4,0,0.3938155174255371,0.43999999999999995,0
19,2,132,4,0,0.39148372411727905,0.43999999999999995,0
19,2,133,4,0,0.40442147850990295,0.43999999999999995,0
19,2,134,4,0,0.4114987552165985,0.43999999999999995,0
19,2,135,4,0,0.34086284041404724,0.43999999999999995,0
19,2,136,4,0,0.3441002666950226,0.43999999999999995,0
19,2,137,5,0,0.43257853388786316,0.43999999999999995,0
19,2,138,5,0,0.7389816641807556,0.43999999999999995,1
19,2,139,5,0,0.39186376333236694,0.43999999999999995,0
19,2,140,5,0,0.3880607485771179,0.43999999999999995,0
19,2,141,5,0,0.3949131965637207,0.43999999999999995,0
19,2,142,5,0,0.3367653787136078,0.43999999999999995,0
19,2,143,5,0,0.39381784200668335,0.43999999999999995,0
19,2,144,5,0,0.3961623013019562,0.43999999999999995,0
19,2,145,5,0,0.41947272419929504,0.43999999999999995,0
19,2,146,5,0,0.4707942008972168,0.43999999999999995,1
19,2,157,7,0,0.3313837945461273,0.43999999999999995,0
19,2,158,7,0,0.33138608932495117,0.43999999999999995,0
19,2,159,7,0,0.3303714096546173,0.43999999999999995,0
19,2,160,7,0,0.39147886633872986,0.43999999999999995,0
19,2,161,7,0,0.38805827498435974,0.43999999999999995,0
19,2,162,7,0,0.38805827498435974,0.43999999999999995,0
19,2,163,7,0,0.3918600082397461,0.43999999999999995,0
19,2,164,7,0,0.3345814049243927,0.43999999999999995,0
19,2,165,7,0,0.39186254143714905,0.43999999999999995,0
19,2,166,7,0,0.3914831578731537,0.43999999999999995,0
19,2,177,9,0,0.46837109327316284,0.43999999999999995,1
19,2,178,9,0,0.331388384103775,0.43999999999999995,0
19,2,179,9,0,0.3282061517238617,0.43999999999999995,0
19,2,180,9,0,0.3282073140144348,0.43999999999999995,0
19,2,181,9,0,0.3282073140144348,0.43999999999999995,0
19,2,182,9,0,0.33138829469680786,0.43999999999999995,0
19,2,183,9,0,0.39147886633872986,0.43999999999999995,0
19,2,184,9,0,0.32820847630500793,0.43999999999999995,0
19,2,185,9,0,0.3313872218132019,0.43999999999999995,0
19,2,186,9,0,0.3386648893356323,0.43999999999999995,0
19,2,187,10,0,0.39038753509521484,0.43999999999999995,0
19,2,188,10,0,0.39657461643218994,0.43999999999999995,0
19,2,189,10,0,0.48102042078971863,0.43999999999999995,1
19,2,190,10,0,0.33138376474380493,0.43999999999999995,0
19,2,191,10,0,0.3354502022266388,0.43999999999999995,0
19,2,192,10,0,0.40084224939346313,0.43999999999999995,0
19,2,193,10,0,0.3354509770870209,0.43999999999999995,0
19,2,194,10,0,0.32860442996025085,0.43999999999999995,0
19,2,195,10,0,0.3949114680290222,0.43999999999999995,0
19,2,196,10,0,0.33138608932495117,0.43999999999999995,0
19,2,227,14,0,0.3354509770870209,0.43999999999999995,0
19,2,228,14,0,0.33866259455680847,0.43999999999999995,0
19,2,229,14,0,0.33866605162620544,0.43999999999999995,0
19,2,230,14,0,0.3914821743965149,0.43999999999999995,0
19,2,231,14,0,0.335452139377594,0.43999999999999995,0
19,2,232,14,0,0.33906713128089905,0.43999999999999995,0
19,2,233,14,0,0.38805949687957764,0.43999999999999995,0
19,2,234,14,0,0.40084347128868103,0.43999999999999995,0
19,2,235,14,0,0.3303702473640442,0.43999999999999995,0
19,2,236,14,0,0.3914809823036194,0.43999999999999995,0
19,2,267,18,0,0.40049001574516296,0.43999999999999995,0
19,2,268,18,0,0.39929288625717163,0.43999999999999995,0
19,2,269,18,0,0.3354509770870209,0.43999999999999995,0
19,2,270,18,0,0.33357787132263184,0.43999999999999995,0
19,2,271,18,0,0.3914825916290283,0.43999999999999995,0
19,2,272,18,0,0.4043053686618805,0.43999999999999995,0
19,2,273,18,0,0.3381475508213043,0.43999999999999995,0
19,2,274,18,0,0.33355945348739624,0.43999999999999995,0
19,2,275,18,0,0.33138492703437805,0.43999999999999995,0
19,2,276,18,0,0.33138492703437805,0.43999999999999995,0
19,2,327,24,0,0.3282073140144348,0.43999999999999995,0
19,2,328,24,0,0.3282073140144348,0.43999999999999995,0
19,2,329,24,0,0.33036908507347107,0.43999999999999995,0
19,2,330,24,0,0.3282072842121124,0.43999999999999995,0
19,2,331,24,0,0.41183558106422424,0.43999999999999995,0
19,2,332,24,0,0.3303702473640442,0.43999999999999995,0
19,2,333,24,0,0.33037030696868896,0.43999999999999995,0
19,2,334,24,0,0.33037030696868896,0.43999999999999995,0
19,2,335,24,0,0.3282073140144348,0.43999999999999995,0
19,2,336,24,0,0.3303702473640442,0.43999999999999995,0
19,2,337,25,0,0.3282061815261841,0.43999999999999995,0
19,2,338,25,0,0.3282061815261841,0.43999999999999995,0
19,2,339,25,0,0.3282061815261841,0.43999999999999995,0
19,2,340,25,0,0.3282061815261841,0.43999999999999995,0
19,2,341,25,0,0.3282073140144348,0.43999999999999995,0
19,2,342,25,0,0.6399422883987427,0.43999999999999995,1
19,2,343,25,0,0.3914775848388672,0.43999999999999995,0
19,2,344,25,0,0.3914797008037567,0.43999999999999995,0
19,2,345,25,0,0.3938154876232147,0.43999999999999995,0
19,2,346,25,0,0.39147886633872986,0.43999999999999995,0
19,2,367,28,0,0.3914879560470581,0.43999999999999995,0
19,2,368,28,0,0.33138686418533325,0.43999999999999995,0
19,2,369,28,0,0.3938155174255371,0.43999999999999995,0
19,2,370,28,0,0.3938155174255371,0.43999999999999995,0
19,2,371,28,0,0.393816739320755,0.43999999999999995,0
19,2,372,28,0,0.3282071053981781,0.43999999999999995,0
19,2,373,28,0,0.39190226793289185,0.43999999999999995,0
19,2,374,28,0,0.3938154876232147,0.43999999999999995,0
19,2,375,28,0,0.391480952501297,0.43999999999999995,0
19,2,376,28,0,0.33138376474380493,0.43999999999999995,0
19,2,377,29,0,0.4856331944465637,0.43999999999999995,1
19,2,378,29,0,0.39381420612335205,0.43999999999999995,0
19,2,379,29,0,0.3914879560470581,0.43999999999999995,0
19,2,380,29,0,0.3914879560470581,0.43999999999999995,0
19,2,381,29,0,0.39381545782089233,0.43999999999999995,0
19,2,382,29,0,0.3938167095184326,0.43999999999999995,0
19,2,383,29,0,0.4124048948287964,0.43999999999999995,0
19,2,384,29,0,0.3313837945461273,0.43999999999999995,0
19,2,385,29,0,0.3313837945461273,0.43999999999999995,0
19,2,386,29,0,0.33037030696868896,0.43999999999999995,0
19,2,617,53,0,0.33037030696868896,0.43999999999999995,0
19,2,618,53,0,0.3376375734806061,0.43999999999999995,0
19,2,619,53,0,0.40164026618003845,0.43999999999999995,0
19,2,620,53,0,0.3303714394569397,0.43999999999999995,0
19,2,621,53,0,0.3303714394569397,0.43999999999999995,0
19,2,622,53,0,0.398517906665802,0.43999999999999995,0
19,2,623,53,0,0.3282061815261841,0.43999999999999995,0
19,2,624,53,0,0.4083576500415802,0.43999999999999995,0
19,2,625,53,0,0.33866560459136963,0.43999999999999995,0
19,2,626,53,0,0.41183656454086304,0.43999999999999995,0
19,2,627,54,0,0.3282061815261841,0.43999999999999995,0
19,2,628,54,0,0.4089581072330475,0.43999999999999995,0
19,2,629,54,0,0.3282061815261841,0.43999999999999995,0
19,2,630,54,0,0.3282061815261841,0.43999999999999995,0
19,2,631,54,0,0.32820621132850647,0.43999999999999995,0
19,2,632,54,0,0.32820621132850647,0.43999999999999995,0
19,2,633,54,0,0.3282061815261841,0.43999999999999995,0
19,2,634,54,0,0.3282061815261841,0.43999999999999995,0
19,2,635,54,0,0.3282061815261841,0.43999999999999995,0
19,2,636,54,0,0.3282061815261841,0.43999999999999995,0
19,2,657,57,0,0.4793884754180908,0.43999999999999995,1
19,2,658,57,0,0.39038729667663574,0.43999999999999995,0
19,2,659,57,0,0.3335583806037903,0.43999999999999995,0
19,2,660,57,0,0.3282061815261841,0.43999999999999995,0
19,2,661,57,0,0.33036908507347107,0.43999999999999995,0
19,2,662,57,0,0.33036908507347107,0.43999999999999995,0
19,2,663,57,0,0.33036908507347107,0.43999999999999995,0
19,2,664,57,0,0.4004874527454376,0.43999999999999995,0
19,2,665,57,0,0.3282061815261841,0.43999999999999995,0
19,2,666,57,0,0.3282061815261841,0.43999999999999995,0
19,2,747,66,0,0.33037030696868896,0.43999999999999995,0
19,2,748,66,0,0.3282061815261841,0.43999999999999995,0
19,2,749,66,0,0.3282061815261841,0.43999999999999995,0
19,2,750,66,0,0.40795421600341797,0.43999999999999995,0
19,2,751,66,0,0.3938155174255371,0.43999999999999995,0
19,2,752,66,0,0.3938151001930237,0.43999999999999995,0
19,2,753,66,0,0.32820847630500793,0.43999999999999995,0
19,2,754,66,0,0.3914955258369446,0.43999999999999995,0
19,2,755,66,0,0.3914978504180908,0.43999999999999995,0
19,2,756,66,0,0.3914955258369446,0.43999999999999995,0
19,2,767,68,0,0.39767321944236755,0.43999999999999995,0
19,2,768,68,0,0.3938150405883789,0.43999999999999995,0
19,2,769,68,0,0.39381420612335205,0.43999999999999995,0
19,2,770,68,0,0.3914812505245209,0.43999999999999995,0
19,2,771,68,0,0.3938155174255371,0.43999999999999995,0
19,2,772,68,0,0.38805949687957764,0.43999999999999995,0
19,2,773,68,0,0.38805827498435974,0.43999999999999995,0
19,2,774,68,0,0.39806321263313293,0.43999999999999995,0
19,2,775,68,0,0.4031660556793213,0.43999999999999995,0
19,2,776,68,0,0.3914813995361328,0.43999999999999995,0
19,3,0,0,1,0.5661159753799438,0.49499999999999994,1
19,3,8,8,1,0.5733193159103394,0.49499999999999994,1
19,3,17,17,1,0.6164260506629944,0.49499999999999994,1
19,3,22,22,1,0.6164260506629944,0.49499999999999994,1
19,3,38,38,1,0.6268182396888733,0.49499999999999994,1
19,3,51,51,1,0.5170537233352661,0.49499999999999994,1
19,3,52,52,1,0.554701566696167,0.49499999999999994,1
19,3,56,56,1,0.6268182396888733,0.49499999999999994,1
19,3,60,60,1,0.5467483997344971,0.49499999999999994,1
19,3,62,62,1,0.6567696928977966,0.49499999999999994,1
19,3,65,65,1,0.5652039051055908,0.49499999999999994,1
19,3,70,70,1,0.5652039051055908,0.49499999999999994,1
19,3,71,71,1,0.5148218870162964,0.49499999999999994,1
19,3,73,73,1,0.6268181800842285,0.49499999999999994,1
19,3,74,74,1,0.6268182396888733,0.49499999999999994,1
19,3,76,76,1,0.5677748322486877,0.49499999999999994,1
19,3,87,0,0,0.5661159753799438,0.49499999999999994,1
19,3,88,0,0,0.4818567633628845,0.49499999999999994,0
19,3,89,0,0,0.5568558573722839,0.49499999999999994,1
19,3,90,0,0,0.4714338183403015,0.49499999999999994,0
19,3,91,0,0,0.5120800733566284,0.49499999999999994,1
19,3,92,0,0,0.47196683287620544,0.49499999999999994,0
19,3,93,0,0,0.5077702403068542,0.49499999999999994,1
19,3,94,0,0,0.4714337885379791,0.49499999999999994,0
19,3,95,0,0,0.5041416883468628,0.49499999999999994,1
19,3,96,0,0,0.507770836353302,0.49499999999999994,1
19,3,167,8,0,0.47143203020095825,0.49499999999999994,0
19,3,168,8,0,0.47196656465530396,0.49499999999999994,0
19,3,169,8,0,0.5084788799285889,0.49499999999999994,1
19,3,170,8,0,0.47196656465530396,0.49499999999999994,0
19,3,171,8,0,0.4702830910682678,0.49499999999999994,0
19,3,172,8,0,0.4748011529445648,0.49499999999999994,0
19,3,173,8,0,0.5039317607879639,0.49499999999999994,1
19,3,174,8,0,0.4702818691730499,0.49499999999999994,0
19,3,175,8,0,0.5041441917419434,0.49499999999999994,1
19,3,176,8,0,0.4702818691730499,0.49499999999999994,0
19,3,257,17,0,0.5039326548576355,0.49499999999999994,1
19,3,258,17,0,0.5039312243461609,0.49499999999999994,1
19,3,259,17,0,0.5050873160362244,0.49499999999999994,1
19,3,260,17,0,0.5039318203926086,0.49499999999999994,1
19,3,261,17,0,0.473650187253952,0.49499999999999994,0
19,3,262,17,0,0.5142133831977844,0.49499999999999994,1
19,3,263,17,0,0.4736521542072296,0.49499999999999994,0
19,3,264,17,0,0.5022414922714233,0.49499999999999994,1
19,3,265,17,0,0.5067747235298157,0.49499999999999994,1
19,3,266,17,0,0.4753374457359314,0.49499999999999994,0
19,3,307,22,0,0.5041428804397583,0.49499999999999994,1
19,3,308,22,0,0.4714326560497284,0.49499999999999994,0
19,3,309,22,0,0.47143203020095825,0.49499999999999994,0
19,3,310,22,0,0.47143206000328064,0.49499999999999994,0
19,3,311,22,0,0.4702812135219574,0.49499999999999994,0
19,3,312,22,0,0.47028183937072754,0.49499999999999994,0
19,3,313,22,0,0.4702812135219574,0.49499999999999994,0
19,3,314,22,0,0.47410932183265686,0.49499999999999994,0
19,3,315,22,0,0.4702812135219574,0.49499999999999994,0
19,3,316,22,0,0.4702812135219574,0.49499999999999994,0
19,3,467,38,0,0.47579485177993774,0.49499999999999994,0
19,3,468,38,0,0.4702812135219574,0.49499999999999994,0
19,3,469,38,0,0.5733193159103394,0.49499999999999994,1
19,3,470,38,0,0.4736495316028595,0.49499999999999994,0
19,3,471,38,0,0.4769464433193207,0.49499999999999994,0
19,3,472,38,0,0.4752604365348816,0.49499999999999994,0
19,3,473,38,0,0.4702812135219574,0.49499999999999994,0
19,3,474,38,0,0.5072346925735474,0.49499999999999994,1
19,3,475,38,0,0.47143203020095825,0.49499999999999994,0
19,3,476,38,0,0.47579488158226013,0.49499999999999994,0
19,3,597,51,0,0.5467490553855896,0.49499999999999994,1
19,3,598,51,0,0.506238579750061,0.49499999999999994,1
19,3,599,51,0,0.5022420883178711,0.49499999999999994,1
19,3,600,51,0,0.5140047669410706,0.49499999999999994,1
19,3,601,51,0,0.4765016734600067,0.49499999999999994,0
19,3,602,51,0,0.5072358846664429,0.49499999999999994,1
19,3,603,51,0,0.506238579750061,0.49499999999999994,1
19,3,604,51,0,0.5140047669410706,0.49499999999999994,1
19,3,605,51,0,0.4741101562976837,0.49499999999999994,0
19,3,606,51,0,0.4714326560497284,0.49499999999999994,0
19,3,607,52,0,0.4714326560497284,0.49499999999999994,0
19,3,608,52,0,0.509688675403595,0.49499999999999994,1
19,3,609,52,0,0.4714314043521881,0.49499999999999994,0
19,3,610,52,0,0.5089250206947327,0.49499999999999994,1
19,3,611,52,0,0.47526127099990845,0.49499999999999994,0
19,3,612,52,0,0.4702812135219574,0.49499999999999994,0
19,3,613,52,0,0.4702812135219574,0.49499999999999994,0
19,3,614,52,0,0.5115341544151306,0.49499999999999994,1
19,3,615,52,0,0.5165224075317383,0.49499999999999994,1
19,3,616,52,0,0.512005090713501,0.49499999999999994,1
19,3,647,56,0,0.506238579750061,0.49499999999999994,1
19,3,648,56,0,0.5467489957809448,0.49499999999999994,1
19,3,649,56,0,0.4714328944683075,0.49499999999999994,0
19,3,650,56,0,0.5052984356880188,0.49499999999999994,1
19,3,651,56,0,0.4702812135219574,0.49499999999999994,0
19,3,652,56,0,0.4702812135219574,0.49499999999999994,0
19,3,653,56,0,0.4702812135219574,0.49499999999999994,0
19,3,654,56,0,0.47410932183265686,0.49499999999999994,0
19,3,655,56,0,0.5041423439979553,0.49499999999999994,1
19,3,656,56,0,0.5047606825828552,0.49499999999999994,1
19,3,687,60,0,0.47410932183265686,0.49499999999999994,0
19,3,688,60,0,0.4714314341545105,0.49499999999999994,0
19,3,689,60,0,0.4714314043521881,0.49499999999999994,0
19,3,690,60,0,0.4702812135219574,0.49499999999999994,0
19,3,691,60,0,0.5086869597434998,0.49499999999999994,1
19,3,692,60,0,0.5125773549079895,0.49499999999999994,1
19,3,693,60,0,0.47143203020095825,0.49499999999999994,0
19,3,694,60,0,0.4702812135219574,0.49499999999999994,0
19,3,695,60,0,0.5519866347312927,0.49499999999999994,1
19,3,696,60,0,0.5041423439979553,0.49499999999999994,1
19,3,707,62,0,0.4702812135219574,0.49499999999999994,0
19,3,708,62,0,0.4702818989753723,0.49499999999999994,0
19,3,709,62,0,0.5064515471458435,0.49499999999999994,1
19,3,710,62,0,0.47196537256240845,0.49499999999999994,0
19,3,711,62,0,0.47411009669303894,0.49499999999999994,0
19,3,712,62,0,0.4702812135219574,0.49499999999999994,0
19,3,713,62,0,0.4752607047557831,0.49499999999999994,0
19,3,714,62,0,0.5022420883178711,0.49499999999999994,1
19,3,715,62,0,0.4702818691730499,0.49499999999999994,0
19,3,716,62,0,0.47143203020095825,0.49499999999999994,0
19,3,737,65,0,0.5125772356987,0.49499999999999994,1
19,3,738,65,0,0.4769483804702759,0.49499999999999994,0
19,3,739,65,0,0.51536625623703,0.49499999999999994,1
19,3,740,65,0,0.4741089344024658,0.49499999999999994,0
19,3,741,65,0,0.4702812135219574,0.49499999999999994,0
19,3,742,65,0,0.4702812135219574,0.49499999999999994,0
19,3,743,65,0,0.4822949171066284,0.49499999999999994,0
19,3,744,65,0,0.4702818691730499,0.49499999999999994,0
19,3,745,65,0,0.4702812135219574,0.49499999999999994,0
19,3,746,65,0,0.470281720161438,0.49499999999999994,0
19,3,787,70,0,0.47196656465530396,0.49499999999999994,0
19,3,788,70,0,0.47196656465530396,0.49499999999999994,0
19,3,789,70,0,0.5039318203926086,0.49499999999999994,1
19,3,790,70,0,0.5089244246482849,0.49499999999999994,1
19,3,791,70,0,0.4769459068775177,0.49499999999999994,0
19,3,792,70,0,0.5052996277809143,0.49499999999999994,1
19,3,793,70,0,0.5069863796234131,0.49499999999999994,1
19,3,794,70,0,0.5039335489273071,0.49499999999999994,1
19,3,795,70,0,0.4741095006465912,0.49499999999999994,0
19,3,796,70,0,0.5033959150314331,0.49499999999999994,1
19,3,797,71,0,0.5039323568344116,0.49499999999999994,1
19,3,798,71,0,0.5022426843643188,0.49499999999999994,1
19,3,799,71,0,0.5101678371429443,0.49499999999999994,1
19,3,800,71,0,0.5047613382339478,0.49499999999999994,1
19,3,801,71,0,0.5548670887947083,0.49499999999999994,1
19,3,802,71,0,0.47196531295776367,0.49499999999999994,0
19,3,803,71,0,0.5150271654129028,0.49499999999999994,1
19,3,804,71,0,0.4702811539173126,0.49499999999999994,0
19,3,805,71,0,0.4720276892185211,0.49499999999999994,0
19,3,806,71,0,0.473649263381958,0.49499999999999994,0
19,3,817,73,0,0.4719659686088562,0.49499999999999994,0
19,3,818,73,0,0.4719657301902771,0.49499999999999994,0
19,3,819,73,0,0.4719657301902771,0.49499999999999994,0
19,3,820,73,0,0.4719659090042114,0.49499999999999994,0
19,3,821,73,0,0.47196632623672485,0.49499999999999994,0
19,3,822,73,0,0.4719657003879547,0.49499999999999994,0
19,3,823,73,0,0.47196632623672485,0.49499999999999994,0
19,3,824,73,0,0.471966952085495,0.49499999999999994,0
19,3,825,73,0,0.4702817499637604,0.49499999999999994,0
19,3,826,73,0,0.5050919651985168,0.49499999999999994,1
19,3,827,74,0,0.47028177976608276,0.49499999999999994,0
19,3,828,74,0,0.5039334297180176,0.49499999999999994,1
19,3,829,74,0,0.512525200843811,0.49499999999999994,1
19,3,830,74,0,0.5062401294708252,0.49499999999999994,1
19,3,831,74,0,0.4719652831554413,0.49499999999999994,0
19,3,832,74,0,0.47196537256240845,0.49499999999999994,0
19,3,833,74,0,0.4702817499637604,0.49499999999999994,0
19,3,834,74,0,0.47028177976608276,0.49499999999999994,0
19,3,835,74,0,0.4757953882217407,0.49499999999999994,0
19,3,836,74,0,0.47196632623672485,0.49499999999999994,0
19,3,847,76,0,0.471966952085495,0.49499999999999994,0
19,3,848,76,0,0.4714319109916687,0.49499999999999994,0
19,3,849,76,0,0.4719659090042114,0.49499999999999994,0
19,3,850,76,0,0.5125241875648499,0.49499999999999994,1
19,3,851,76,0,0.5103754997253418,0.49499999999999994,1
19,3,852,76,0,0.5467495322227478,0.49499999999999994,1
19,3,853,76,0,0.5022420883178711,0.49499999999999994,1
19,3,854,76,0,0.5039311647415161,0.49499999999999994,1
19,3,855,76,0,0.5022420287132263,0.49499999999999994,1
19,3,856,76,0,0.47143131494522095,0.49499999999999994,0
19,4,3,3,1,0.5043215155601501,0.49999999999999994,1
19,4,6,6,1,0.5356374382972717,0.49999999999999994,1
19,4,12,12,1,0.5356374382972717,0.49999999999999994,1
19,4,15,15,1,0.5356374382972717,0.49999999999999994,1
19,4,30,30,1,0.521881103515625,0.49999999999999994,1
19,4,32,32,1,0.5066125392913818,0.49999999999999994,1
19,4,40,40,1,0.5066131949424744,0.49999999999999994,1
19,4,41,41,1,0.5222095251083374,0.49999999999999994,1
19,4,42,42,1,0.5016672611236572,0.49999999999999994,1
19,4,45,45,1,0.5034337639808655,0.49999999999999994,1
19,4,49,49,1,0.5057721734046936,0.49999999999999994,1
19,4,58,58,1,0.5246643424034119,0.49999999999999994,1
19,4,63,63,1,0.5356374382972717,0.49999999999999994,1
19,4,67,67,1,0.521881103515625,0.49999999999999994,1
19,4,75,75,1,0.5063531398773193,0.49999999999999994,1
19,4,80,80,1,0.5222067832946777,0.49999999999999994,1
19,4,117,3,0,0.4900882840156555,0.49999999999999994,0
19,4,118,3,0,0.4798644185066223,0.49999999999999994,0
19,4,119,3,0,0.4910970628261566,0.49999999999999994,0
19,4,120,3,0,0.4895527958869934,0.49999999999999994,0
19,4,121,3,0,0.48046988248825073,0.49999999999999994,0
19,4,122,3,0,0.4914223253726959,0.49999999999999994,0
19,4,123,3,0,0.4910970628261566,0.49999999999999994,0
19,4,124,3,0,0.4814222753047943,0.49999999999999994,0
19,4,125,3,0,0.4895523190498352,0.49999999999999994,0
19,4,126,3,0,0.47953909635543823,0.49999999999999994,0
19,4,147,6,0,0.47982048988342285,0.49999999999999994,0
19,4,148,6,0,0.4814406931400299,0.49999999999999994,0
19,4,149,6,0,0.49008914828300476,0.49999999999999994,0
19,4,150,6,0,0.4899369180202484,0.49999999999999994,0
19,4,151,6,0,0.48955222964286804,0.49999999999999994,0
19,4,152,6,0,0.49056077003479004,0.49999999999999994,0
19,4,153,6,0,0.48940086364746094,0.49999999999999994,0
19,4,154,6,0,0.4802968502044678,0.49999999999999994,0
19,4,155,6,0,0.4890756905078888,0.49999999999999994,0
19,4,156,6,0,0.491347998380661,0.49999999999999994,0
19,4,207,12,0,0.4787384867668152,0.49999999999999994,0
19,4,208,12,0,0.47906288504600525,0.49999999999999994,0
19,4,209,12,0,0.47906309366226196,0.49999999999999994,0
19,4,210,12,0,0.4898773729801178,0.49999999999999994,0
19,4,211,12,0,0.4787385165691376,0.49999999999999994,0
19,4,212,12,0,0.4787384867668152,0.49999999999999994,0
19,4,213,12,0,0.49340003728866577,0.49999999999999994,0
19,4,214,12,0,0.47873827815055847,0.49999999999999994,0
19,4,215,12,0,0.47921445965766907,0.49999999999999994,0
19,4,216,12,0,0.4792144298553467,0.49999999999999994,0
19,4,237,15,0,0.48907583951950073,0.49999999999999994,0
19,4,238,15,0,0.4798203110694885,0.49999999999999994,0
19,4,239,15,0,0.47953903675079346,0.49999999999999994,0
19,4,240,15,0,0.5043215155601501,0.49999999999999994,1
19,4,241,15,0,0.49063602089881897,0.49999999999999994,0
19,4,242,15,0,0.5049595832824707,0.49999999999999994,1
19,4,243,15,0,0.4895526170730591,0.49999999999999994,0
19,4,244,15,0,0.503678560256958,0.49999999999999994,1
19,4,245,15,0,0.4802967309951782,0.49999999999999994,0
19,4,246,15,0,0.4895523190498352,0.49999999999999994,0
19,4,387,30,0,0.4904838502407074,0.49999999999999994,0
19,4,388,30,0,0.4795389175415039,0.49999999999999994,0
19,4,389,30,0,0.49096062779426575,0.49999999999999994,0
19,4,390,30,0,0.4895523190498352,0.49999999999999994,0
19,4,391,30,0,0.4895523190498352,0.49999999999999994,0
19,4,392,30,0,0.4898774325847626,0.49999999999999994,0
19,4,393,30,0,0.5356374382972717,0.49999999999999994,1
19,4,394,30,0,0.49355190992355347,0.49999999999999994,0
19,4,395,30,0,0.47906309366226196,0.49999999999999994,0
19,4,396,30,0,0.47906309366226196,0.49999999999999994,0
19,4,407,32,0,0.4787384867668152,0.49999999999999994,0
19,4,408,32,0,0.4787384867668152,0.49999999999999994,0
19,4,409,32,0,0.5023390054702759,0.49999999999999994,1
19,4,410,32,0,0.4787384867668152,0.49999999999999994,0
19,4,411,32,0,0.47906291484832764,0.49999999999999994,0
19,4,412,32,0,0.47873830795288086,0.49999999999999994,0
19,4,413,32,0,0.48180434107780457,0.49999999999999994,0
19,4,414,32,0,0.479820191860199,0.49999999999999994,0
19,4,415,32,0,0.47873827815055847,0.49999999999999994,0
19,4,416,32,0,0.47873827815055847,0.49999999999999994,0
19,4,487,40,0,0.48029640316963196,0.49999999999999994,0
19,4,488,40,0,0.49617239832878113,0.49999999999999994,0
19,4,489,40,0,0.4798201620578766,0.49999999999999994,0
19,4,490,40,0,0.47873827815055847,0.49999999999999994,0
19,4,491,40,0,0.47873827815055847,0.49999999999999994,0
19,4,492,40,0,0.4787384271621704,0.49999999999999994,0
19,4,493,40,0,0.47906309366226196,0.49999999999999994,0
19,4,494,40,0,0.49063557386398315,0.49999999999999994,0
19,4,495,40,0,0.521881103515625,0.49999999999999994,1
19,4,496,40,0,0.4890758693218231,0.49999999999999994,0
19,4,497,41,0,0.4802965223789215,0.49999999999999994,0
19,4,498,41,0,0.4906357526779175,0.49999999999999994,0
19,4,499,41,0,0.5107529759407043,0.49999999999999994,1
19,4,500,41,0,0.49355190992355347,0.49999999999999994,0
19,4,501,41,0,0.4890756905078888,0.49999999999999994,0
19,4,502,41,0,0.48987749218940735,0.49999999999999994,0
19,4,503,41,0,0.49056077003479004,0.49999999999999994,0
19,4,504,41,0,0.4901587665081024,0.49999999999999994,0
19,4,505,41,0,0.47906309366226196,0.49999999999999994,0
19,4,506,41,0,0.4890756607055664,0.49999999999999994,0
19,4,507,42,0,0.489400714635849,0.49999999999999994,0
19,4,508,42,0,0.4894006848335266,0.49999999999999994,0
19,4,509,42,0,0.490885853767395,0.49999999999999994,0
19,4,510,42,0,0.4787384569644928,0.49999999999999994,0
19,4,511,42,0,0.4798203110694885,0.49999999999999994,0
19,4,512,42,0,0.4897257685661316,0.49999999999999994,0
19,4,513,42,0,0.47906309366226196,0.49999999999999994,0
19,4,514,42,0,0.489075630903244,0.49999999999999994,0
19,4,515,42,0,0.4798201620578766,0.49999999999999994,0
19,4,516,42,0,0.47906309366226196,0.49999999999999994,0
19,4,537,45,0,0.47873827815055847,0.49999999999999994,0
19,4,538,45,0,0.47873827815055847,0.49999999999999994,0
19,4,539,45,0,0.47873827815055847,0.49999999999999994,0
19,4,540,45,0,0.47873827815055847,0.49999999999999994,0
19,4,541,45,0,0.47873827815055847,0.49999999999999994,0
19,4,542,45,0,0.4798203408718109,0.49999999999999994,0
19,4,543,45,0,0.49080902338027954,0.49999999999999994,0
19,4,544,45,0,0.4906691014766693,0.49999999999999994,0
19,4,545,45,0,0.47873827815055847,0.49999999999999994,0
19,4,546,45,0,0.5036547780036926,0.49999999999999994,1
19,4,577,49,0,0.47873827815055847,0.49999999999999994,0
19,4,578,49,0,0.4787384569644928,0.49999999999999994,0
19,4,579,49,0,0.4787384867668152,0.49999999999999994,0
19,4,580,49,0,0.4787384569644928,0.49999999999999994,0
19,4,581,49,0,0.4901925325393677,0.49999999999999994,0
19,4,582,49,0,0.4801449477672577,0.49999999999999994,0
19,4,583,49,0,0.4906691312789917,0.49999999999999994,0
19,4,584,49,0,0.4787384867668152,0.49999999999999994,0
19,4,585,49,0,0.4787384569644928,0.49999999999999994,0
19,4,586,49,0,0.4787384867668152,0.49999999999999994,0
19,4,667,58,0,0.47906309366226196,0.49999999999999994,0
19,4,668,58,0,0.47906288504600525,0.49999999999999994,0
19,4,669,58,0,0.4790630638599396,0.49999999999999994,0
19,4,670,58,0,0.4798203408718109,0.49999999999999994,0
19,4,671,58,0,0.48014500737190247,0.49999999999999994,0
19,4,672,58,0,0.4798201620578766,0.49999999999999994,0
19,4,673,58,0,0.4798201620578766,0.49999999999999994,0
19,4,674,58,0,0.49307507276535034,0.49999999999999994,0
19,4,675,58,0,0.49307507276535034,0.49999999999999994,0
19,4,676,58,0,0.47906309366226196,0.49999999999999994,0
19,4,717,63,0,0.48910942673683167,0.49999999999999994,0
19,4,718,63,0,0.47873830795288086,0.49999999999999994,0
19,4,719,63,0,0.47873827815055847,0.49999999999999994,0
19,4,720,63,0,0.47873827815055847,0.49999999999999994,0
19,4,721,63,0,0.4924914538860321,0.49999999999999994,0
19,4,722,63,0,0.4798203110694885,0.49999999999999994,0
19,4,723,63,0,0.4787384867668152,0.49999999999999994,0
19,4,724,63,0,0.47906386852264404,0.49999999999999994,0
19,4,725,63,0,0.4790632128715515,0.49999999999999994,0
19,4,726,63,0,0.4787384569644928,0.49999999999999994,0
19,4,757,67,0,0.49036312103271484,0.49999999999999994,0
19,4,758,67,0,0.49171125888824463,0.49999999999999994,0
19,4,759,67,0,0.4890758991241455,0.49999999999999994,0
19,4,760,67,0,0.48955437541007996,0.49999999999999994,0
19,4,761,67,0,0.4906950294971466,0.49999999999999994,0
19,4,762,67,0,0.5023390650749207,0.49999999999999994,1
19,4,763,67,0,0.4798203110694885,0.49999999999999994,0
19,4,764,67,0,0.47921478748321533,0.49999999999999994,0
19,4,765,67,0,0.4906949996948242,0.49999999999999994,0
19,4,766,67,0,0.4894008934497833,0.49999999999999994,0
19,4,837,75,0,0.47921445965766907,0.49999999999999994,0
19,4,838,75,0,0.48029637336730957,0.49999999999999994,0
19,4,839,75,0,0.47873860597610474,0.49999999999999994,0
19,4,840,75,0,0.4792146384716034,0.49999999999999994,0
19,4,841,75,0,0.4792143702507019,0.49999999999999994,0
19,4,842,75,0,0.47982046008110046,0.49999999999999994,0
19,4,843,75,0,0.47982046008110046,0.49999999999999994,0
19,4,844,75,0,0.4792145788669586,0.49999999999999994,0
19,4,845,75,0,0.4792145788669586,0.49999999999999994,0
19,4,846,75,0,0.47873830795288086,0.49999999999999994,0
19,4,887,80,0,0.47906309366226196,0.49999999999999994,0
19,4,888,80,0,0.4796904921531677,0.49999999999999994,0
19,4,889,80,0,0.4795391261577606,0.49999999999999994,0
19,4,890,80,0,0.47906291484832764,0.49999999999999994,0
19,4,891,80,0,0.47873830795288086,0.49999999999999994,0
19,4,892,80,0,0.4787384867668152,0.49999999999999994,0
19,4,893,80,0,0.4787384867668152,0.49999999999999994,0
19,4,894,80,0,0.49066928029060364,0.49999999999999994,0
19,4,895,80,0,0.4798201620578766,0.49999999999999994,0
19,4,896,80,0,0.49307486414909363,0.49999999999999994,0
19,5,1,1,1,0.486032634973526,0.48999999999999994,0
19,5,11,11,1,0.5149047374725342,0.48999999999999994,1
19,5,19,19,1,0.514904797077179,0.48999999999999994,1
19,5,26,26,1,0.4862421452999115,0.48999999999999994,0
19,5,33,33,1,0.5149047374725342,0.48999999999999994,1
19,5,34,34,1,0.5180163383483887,0.48999999999999994,1
19,5,35,35,1,0.5180163979530334,0.48999999999999994,1
19,5,36,36,1,0.4862421452999115,0.48999999999999994,0
19,5,37,37,1,0.5180163383483887,0.48999999999999994,1
19,5,44,44,1,0.4810515344142914,0.48999999999999994,0
19,5,46,46,1,0.5418074131011963,0.48999999999999994,1
19,5,48,48,1,0.4840022325515747,0.48999999999999994,0
19,5,50,50,1,0.4985502362251282,0.48999999999999994,1
19,5,64,64,1,0.4862420856952667,0.48999999999999994,0
19,5,69,69,1,0.49273353815078735,0.48999999999999994,1
19,5,77,77,1,0.48686906695365906,0.48999999999999994,0
19,5,97,1,0,0.4413408041000366,0.48999999999999994,0
19,5,98,1,0,0.4419049322605133,0.48999999999999994,0
19,5,99,1,0,0.44579336047172546,0.48999999999999994,0
19,5,100,1,0,0.4587172269821167,0.48999999999999994,0
19,5,101,1,0,0.4394640028476715,0.48999999999999994,0
19,5,102,1,0,0.4419043958187103,0.48999999999999994,0
19,5,103,1,0,0.458148330450058,0.48999999999999994,0
19,5,104,1,0,0.45814865827560425,0.48999999999999994,0
19,5,105,1,0,0.4596024751663208,0.48999999999999994,0
19,5,106,1,0,0.45871660113334656,0.48999999999999994,0
19,5,197,11,0,0.4394640028476715,0.48999999999999994,0
19,5,198,11,0,0.43863940238952637,0.48999999999999994,0
19,5,199,11,0,0.45825251936912537,0.48999999999999994,0
19,5,200,11,0,0.4386391043663025,0.48999999999999994,0
19,5,201,11,0,0.4386390745639801,0.48999999999999994,0
19,5,202,11,0,0.4574223458766937,0.48999999999999994,0
19,5,203,11,0,0.43863940238952637,0.48999999999999994,0
19,5,204,11,0,0.4386391043663025,0.48999999999999994,0
19,5,205,11,0,0.4581492245197296,0.48999999999999994,0
19,5,206,11,0,0.4587171971797943,0.48999999999999994,0
19,5,277,19,0,0.43946564197540283,0.48999999999999994,0
19,5,278,19,0,0.4618172347545624,0.48999999999999994,0
19,5,279,19,0,0.43863967061042786,0.48999999999999994,0
19,5,280,19,0,0.458149254322052,0.48999999999999994,0
19,5,281,19,0,0.4386391043663025,0.48999999999999994,0
19,5,282,19,0,0.4394640028476715,0.48999999999999994,0
19,5,283,19,0,0.4394643008708954,0.48999999999999994,0
19,5,284,19,0,0.46408089995384216,0.48999999999999994,0
19,5,285,19,0,0.4581489562988281,0.48999999999999994,0
19,5,286,19,0,0.4461364448070526,0.48999999999999994,0
19,5,347,26,0,0.46264827251434326,0.48999999999999994,0
19,5,348,26,0,0.43920275568962097,0.48999999999999994,0
19,5,349,26,0,0.4600394070148468,0.48999999999999994,0
19,5,350,26,0,0.4601517915725708,0.48999999999999994,0
19,5,351,26,0,0.4581489562988281,0.48999999999999994,0
19,5,352,26,0,0.43920275568962097,0.48999999999999994,0
19,5,353,26,0,0.45825323462486267,0.48999999999999994,0
19,5,354,26,0,0.45825281739234924,0.48999999999999994,0
19,5,355,26,0,0.4386391043663025,0.48999999999999994,0
19,5,356,26,0,0.4386391341686249,0.48999999999999994,0
19,5,417,33,0,0.4413398504257202,0.48999999999999994,0
19,5,418,33,0,0.4413398504257202,0.48999999999999994,0
19,5,419,33,0,0.4587172269821167,0.48999999999999994,0
19,5,420,33,0,0.4392024576663971,0.48999999999999994,0
19,5,421,33,0,0.4394640028476715,0.48999999999999994,0
19,5,422,33,0,0.4632470905780792,0.48999999999999994,0
19,5,423,33,0,0.4392024576663971,0.48999999999999994,0
19,5,424,33,0,0.48389938473701477,0.48999999999999994,0
19,5,425,33,0,0.43863940238952637,0.48999999999999994,0
19,5,426,33,0,0.4386391043663025,0.48999999999999994,0
19,5,427,34,0,0.48131614923477173,0.48999999999999994,0
19,5,428,34,0,0.48131564259529114,0.48999999999999994,0
19,5,429,34,0,0.438639372587204,0.48999999999999994,0
19,5,430,34,0,0.438639372587204,0.48999999999999994,0
19,5,431,34,0,0.43920275568962097,0.48999999999999994,0
19,5,432,34,0,0.4386393427848816,0.48999999999999994,0
19,5,433,34,0,0.4386391043663025,0.48999999999999994,0
19,5,434,34,0,0.48207327723503113,0.48999999999999994,0
19,5,435,34,0,0.43863940238952637,0.48999999999999994,0
19,5,436,34,0,0.43863940238952637,0.48999999999999994,0
19,5,437,35,0,0.44051429629325867,0.48999999999999994,0
19,5,438,35,0,0.4386390745639801,0.48999999999999994,0
19,5,439,35,0,0.4386391043663025,0.48999999999999994,0
19,5,440,35,0,0.4639483392238617,0.48999999999999994,0
19,5,441,35,0,0.4386391341686249,0.48999999999999994,0
19,5,442,35,0,0.43920275568962097,0.48999999999999994,0
19,5,443,35,0,0.4690578579902649,0.48999999999999994,0
19,5,444,35,0,0.4862421452999115,0.48999999999999994,0
19,5,445,35,0,0.4386393427848816,0.48999999999999994,0
19,5,446,35,0,0.44002729654312134,0.48999999999999994,0
19,5,447,36,0,0.45731762051582336,0.48999999999999994,0
19,5,448,36,0,0.4588205814361572,0.48999999999999994,0
19,5,449,36,0,0.4628950357437134,0.48999999999999994,0
19,5,450,36,0,0.44200724363327026,0.48999999999999994,0
19,5,451,36,0,0.43863940238952637,0.48999999999999994,0
19,5,452,36,0,0.4581489861011505,0.48999999999999994,0
19,5,453,36,0,0.43920302391052246,0.48999999999999994,0
19,5,454,36,0,0.4392034709453583,0.48999999999999994,0
19,5,455,36,0,0.45731762051582336,0.48999999999999994,0
19,5,456,36,0,0.4628950357437134,0.48999999999999994,0
19,5,457,37,0,0.4386391043663025,0.48999999999999994,0
19,5,458,37,0,0.4436105191707611,0.48999999999999994,0
19,5,459,37,0,0.4587175250053406,0.48999999999999994,0
19,5,460,37,0,0.43920281529426575,0.48999999999999994,0
19,5,461,37,0,0.43920302391052246,0.48999999999999994,0
19,5,462,37,0,0.43920275568962097,0.48999999999999994,0
19,5,463,37,0,0.44417494535446167,0.48999999999999994,0
19,5,464,37,0,0.43920302391052246,0.48999999999999994,0
19,5,465,37,0,0.46200796961784363,0.48999999999999994,0
19,5,466,37,0,0.43920305371284485,0.48999999999999994,0
19,5,527,44,0,0.47990816831588745,0.48999999999999994,0
19,5,528,44,0,0.4386391341686249,0.48999999999999994,0
19,5,529,44,0,0.45788508653640747,0.48999999999999994,0
19,5,530,44,0,0.4597751796245575,0.48999999999999994,0
19,5,531,44,0,0.45788541436195374,0.48999999999999994,0
19,5,532,44,0,0.44190457463264465,0.48999999999999994,0
19,5,533,44,0,0.4405139982700348,0.48999999999999994,0
19,5,534,44,0,0.4386391043663025,0.48999999999999994,0
19,5,535,44,0,0.4386391341686249,0.48999999999999994,0
19,5,536,44,0,0.4386391341686249,0.48999999999999994,0
19,5,547,46,0,0.4400276243686676,0.48999999999999994,0
19,5,548,46,0,0.45814862847328186,0.48999999999999994,0
19,5,549,46,0,0.4588208496570587,0.48999999999999994,0
19,5,550,46,0,0.4588215947151184,0.48999999999999994,0
19,5,551,46,0,0.4386393427848816,0.48999999999999994,0
19,5,552,46,0,0.43920305371284485,0.48999999999999994,0
19,5,553,46,0,0.4386391043663025,0.48999999999999994,0
19,5,554,46,0,0.48911938071250916,0.48999999999999994,0
19,5,555,46,0,0.4573175609111786,0.48999999999999994,0
19,5,556,46,0,0.4386391043663025,0.48999999999999994,0
19,5,567,48,0,0.43920275568962097,0.48999999999999994,0
19,5,568,48,0,0.44051429629325867,0.48999999999999994,0
19,5,569,48,0,0.4386391043663025,0.48999999999999994,0
19,5,570,48,0,0.46514034271240234,0.48999999999999994,0
19,5,571,48,0,0.4419037103652954,0.48999999999999994,0
19,5,572,48,0,0.4392024576663971,0.48999999999999994,0
19,5,573,48,0,0.43864011764526367,0.48999999999999994,0
19,5,574,48,0,0.43864011764526367,0.48999999999999994,0
19,5,575,48,0,0.43920275568962097,0.48999999999999994,0
19,5,576,48,0,0.4386391341686249,0.48999999999999994,0
19,5,587,50,0,0.43920305371284485,0.48999999999999994,0
19,5,588,50,0,0.43920275568962097,0.48999999999999994,0
19,5,589,50,0,0.4593961238861084,0.48999999999999994,0
19,5,590,50,0,0.4405139982700348,0.48999999999999994,0
19,5,591,50,0,0.482073575258255,0.48999999999999994,0
19,5,592,50,0,0.438639372587204,0.48999999999999994,0
19,5,593,50,0,0.4651400148868561,0.48999999999999994,0
19,5,594,50,0,0.43863940238952637,0.48999999999999994,0
19,5,595,50,0,0.43920305371284485,0.48999999999999994,0
19,5,596,50,0,0.4386391043663025,0.48999999999999994,0
19,5,727,64,0,0.4386393129825592,0.48999999999999994,0
19,5,728,64,0,0.4386391341686249,0.48999999999999994,0
19,5,729,64,0,0.438639372587204,0.48999999999999994,0
19,5,730,64,0,0.4395676553249359,0.48999999999999994,0
19,5,731,64,0,0.43920275568962097,0.48999999999999994,0
19,5,732,64,0,0.4405139982700348,0.48999999999999994,0
19,5,733,64,0,0.44051429629325867,0.48999999999999994,0
19,5,734,64,0,0.4386390745639801,0.48999999999999994,0
19,5,735,64,0,0.4386390745639801,0.48999999999999994,0
19,5,736,64,0,0.4386391341686249,0.48999999999999994,0
19,5,777,69,0,0.45928630232810974,0.48999999999999994,0
19,5,778,69,0,0.45871689915657043,0.48999999999999994,0
19,5,779,69,0,0.4581489562988281,0.48999999999999994,0
19,5,780,69,0,0.4394643008708954,0.48999999999999994,0
19,5,781,69,0,0.4587208926677704,0.48999999999999994,0
19,5,782,69,0,0.4402897357940674,0.48999999999999994,0
19,5,783,69,0,0.4386391043663025,0.48999999999999994,0
19,5,784,69,0,0.48301440477371216,0.48999999999999994,0
19,5,785,69,0,0.43863940238952637,0.48999999999999994,0
19,5,786,69,0,0.4578856825828552,0.48999999999999994,0
19,5,857,77,0,0.45731762051582336,0.48999999999999994,0
19,5,858,77,0,0.43920281529426575,0.48999999999999994,0
19,5,859,77,0,0.45731762051582336,0.48999999999999994,0
19,5,860,77,0,0.4392024576663971,0.48999999999999994,0
19,5,861,77,0,0.45928555727005005,0.48999999999999994,0
19,5,862,77,0,0.4592077434062958,0.48999999999999994,0
19,5,863,77,0,0.4386391341686249,0.48999999999999994,0
19,5,864,77,0,0.4578850567340851,0.48999999999999994,0
19,5,865,77,0,0.43920275568962097,0.48999999999999994,0
19,5,866,77,0,0.4394640028476715,0.48999999999999994,0
20,1,0,0,1,0.9094882011413574,0.6399999999999999,1
20,1,5,5,1,0.9886857271194458,0.6399999999999999,1
20,1,6,6,1,0.9955554604530334,0.6399999999999999,1
20,1,13,13,1,0.9120721817016602,0.6399999999999999,1
20,1,19,19,1,0.9816315770149231,0.6399999999999999,1
20,1,23,23,1,0.9886857271194458,0.6399999999999999,1
20,1,25,25,1,0.9955554604530334,0.6399999999999999,1
20,1,30,30,1,0.9816315770149231,0.6399999999999999,1
20,1,38,38,1,0.9886857271194458,0.6399999999999999,1
20,1,42,42,1,0.8346232771873474,0.6399999999999999,1
20,1,43,43,1,0.8346232771873474,0.6399999999999999,1
20,1,44,44,1,0.882367730140686,0.6399999999999999,1
20,1,51,51,1,0.6538262963294983,0.6399999999999999,1
20,1,58,58,1,0.9886857271194458,0.6399999999999999,1
20,1,64,64,1,0.9142155647277832,0.6399999999999999,1
20,1,67,67,1,0.9816315770149231,0.6399999999999999,1
20,1,77,77,1,0.9140499234199524,0.6399999999999999,1
20,1,87,0,0,0.9094882011413574,0.6399999999999999,1
20,1,88,0,0,0.3894527852535248,0.6399999999999999,0
20,1,89,0,0,0.8825193643569946,0.6399999999999999,1
20,1,90,0,0,0.2919677197933197,0.6399999999999999,0
20,1,91,0,0,0.6104685068130493,0.6399999999999999,0
20,1,92,0,0,0.29569312930107117,0.6399999999999999,0
20,1,93,0,0,0.5757652521133423,0.6399999999999999,0
20,1,94,0,0,0.2919677495956421,0.6399999999999999,0
20,1,95,0,0,0.5455390810966492,0.6399999999999999,0
20,1,96,0,0,0.5757702589035034,0.6399999999999999,0
20,1,137,5,0,0.696993350982666,0.6399999999999999,1
20,1,138,5,0,0.9985542893409729,0.6399999999999999,1
20,1,139,5,0,0.6022241711616516,0.6399999999999999,0
20,1,140,5,0,0.5299132466316223,0.6399999999999999,0
20,1,141,5,0,0.5580565333366394,0.6399999999999999,0
20,1,142,5,0,0.3159577250480652,0.6399999999999999,0
20,1,143,5,0,0.553618848323822,0.6399999999999999,0
20,1,144,5,0,0.5631914734840393,0.6399999999999999,0
20,1,145,5,0,0.6537470817565918,0.6399999999999999,1
20,1,146,5,0,0.816780149936676,0.6399999999999999,1
20,1,147,6,0,0.3109426498413086,0.6399999999999999,0
20,1,148,6,0,0.35380399227142334,0.6399999999999999,0
20,1,149,6,0,0.5595855116844177,0.6399999999999999,0
20,1,150,6,0,0.5551335215568542,0.6399999999999999,0
20,1,151,6,0,0.5440071225166321,0.6399999999999999,0
20,1,152,6,0,0.6022142767906189,0.6399999999999999,0
20,1,153,6,0,0.5395540595054626,0.6399999999999999,0
20,1,154,6,0,0.3232305347919464,0.6399999999999999,0
20,1,155,6,0,0.5299081206321716,0.6399999999999999,0
20,1,156,6,0,0.5964404940605164,0.6399999999999999,0
20,1,217,13,0,0.31095004081726074,0.6399999999999999,0
20,1,218,13,0,0.28400975465774536,0.6399999999999999,0
20,1,219,13,0,0.2840181887149811,0.6399999999999999,0
20,1,220,13,0,0.2840210199356079,0.6399999999999999,0
20,1,221,13,0,0.3192996084690094,0.6399999999999999,0
20,1,222,13,0,0.3038237392902374,0.6399999999999999,0
20,1,223,13,0,0.32322150468826294,0.6399999999999999,0
20,1,224,13,0,0.29567858576774597,0.6399999999999999,0
20,1,225,13,0,0.2840084135532379,0.6399999999999999,0
20,1,226,13,0,0.28400975465774536,0.6399999999999999,0
20,1,277,19,0,0.2957060635089874,0.6399999999999999,0
20,1,278,19,0,0.6050785183906555,0.6399999999999999,0
20,1,279,19,0,0.2840139865875244,0.6399999999999999,0
20,1,280,19,0,0.5440191030502319,0.6399999999999999,0
20,1,281,19,0,0.28400561213493347,0.6399999999999999,0
20,1,282,19,0,0.2956828773021698,0.6399999999999999,0
20,1,283,19,0,0.29568713903427124,0.6399999999999999,0
20,1,284,19,0,0.6014614701271057,0.6399999999999999,0
20,1,285,19,0,0.5440139174461365,0.6399999999999999,0
20,1,286,19,0,0.398952841758728,0.6399999999999999,0
20,1,317,23,0,0.2840055525302887,0.6399999999999999,0
20,1,318,23,0,0.5299071073532104,0.6399999999999999,0
20,1,319,23,0,0.28400561213493347,0.6399999999999999,0
20,1,320,23,0,0.2919553220272064,0.6399999999999999,0
20,1,321,23,0,0.2919510006904602,0.6399999999999999,0
20,1,322,23,0,0.28400978446006775,0.6399999999999999,0
20,1,323,23,0,0.28400561213493347,0.6399999999999999,0
20,1,324,23,0,0.6174742579460144,0.6399999999999999,0
20,1,325,23,0,0.3076295852661133,0.6399999999999999,0
20,1,326,23,0,0.2840089797973633,0.6399999999999999,0
20,1,337,25,0,0.2840055525302887,0.6399999999999999,0
20,1,338,25,0,0.2840055525302887,0.6399999999999999,0
20,1,339,25,0,0.2840055525302887,0.6399999999999999,0
20,1,340,25,0,0.28400561213493347,0.6399999999999999,0
20,1,341,25,0,0.28400978446006775,0.6399999999999999,0
20,1,342,25,0,0.9886857271194458,0.6399999999999999,1
20,1,343,25,0,0.5440036654472351,0.6399999999999999,0
20,1,344,25,0,0.5440122485160828,0.6399999999999999,0
20,1,345,25,0,0.5536091327667236,0.6399999999999999,0
20,1,346,25,0,0.5440088510513306,0.6399999999999999,0
20,1,387,30,0,0.5713661313056946,0.6399999999999999,0
20,1,388,30,0,0.30381202697753906,0.6399999999999999,0
20,1,389,30,0,0.5852000713348389,0.6399999999999999,0
20,1,390,30,0,0.5440088510513306,0.6399999999999999,0
20,1,391,30,0,0.5440087914466858,0.6399999999999999,0
20,1,392,30,0,0.5536075234413147,0.6399999999999999,0
20,1,393,30,0,0.9955554604530334,0.6399999999999999,1
20,1,394,30,0,0.6319131851196289,0.6399999999999999,0
20,1,395,30,0,0.29195529222488403,0.6399999999999999,0
20,1,396,30,0,0.2919553518295288,0.6399999999999999,0
20,1,467,38,0,0.32322144508361816,0.6399999999999999,0
20,1,468,38,0,0.28400561213493347,0.6399999999999999,0
20,1,469,38,0,0.9224447011947632,0.6399999999999999,1
20,1,470,38,0,0.3076295852661133,0.6399999999999999,0
20,1,471,38,0,0.33175569772720337,0.6399999999999999,0
20,1,472,38,0,0.3192996382713318,0.6399999999999999,0
20,1,473,38,0,0.2840055525302887,0.6399999999999999,0
20,1,474,38,0,0.5713661313056946,0.6399999999999999,0
20,1,475,38,0,0.2919553518295288,0.6399999999999999,0
20,1,476,38,0,0.32322147488594055,0.6399999999999999,0
20,1,507,42,0,0.539548933506012,0.6399999999999999,0
20,1,508,42,0,0.5395479798316956,0.6399999999999999,0
20,1,509,42,0,0.6114585995674133,0.6399999999999999,0
20,1,510,42,0,0.28400903940200806,0.6399999999999999,0
20,1,511,42,0,0.3109382092952728,0.6399999999999999,0
20,1,512,42,0,0.5491592884063721,0.6399999999999999,0
20,1,513,42,0,0.29195454716682434,0.6399999999999999,0
20,1,514,42,0,0.5299071073532104,0.6399999999999999,0
20,1,515,42,0,0.31093379855155945,0.6399999999999999,0
20,1,516,42,0,0.29195448756217957,0.6399999999999999,0
20,1,517,43,0,0.7763717770576477,0.6399999999999999,1
20,1,518,43,0,0.7763717770576477,0.6399999999999999,1
20,1,519,43,0,0.31093379855155945,0.6399999999999999,0
20,1,520,43,0,0.2840055525302887,0.6399999999999999,0
20,1,521,43,0,0.28400561213493347,0.6399999999999999,0
20,1,522,43,0,0.28400561213493347,0.6399999999999999,0
20,1,523,43,0,0.2840055525302887,0.6399999999999999,0
20,1,524,43,0,0.2840055525302887,0.6399999999999999,0
20,1,525,43,0,0.291951060295105,0.6399999999999999,0
20,1,526,43,0,0.2919553220272064,0.6399999999999999,0
20,1,527,44,0,0.8740728497505188,0.6399999999999999,1
20,1,528,44,0,0.28400561213493347,0.6399999999999999,0
20,1,529,44,0,0.5395438075065613,0.6399999999999999,0
20,1,530,44,0,0.5713711977005005,0.6399999999999999,0
20,1,531,44,0,0.539548933506012,0.6399999999999999,0
20,1,532,44,0,0.3317648470401764,0.6399999999999999,0
20,1,533,44,0,0.31093379855155945,0.6399999999999999,0
20,1,534,44,0,0.28400561213493347,0.6399999999999999,0
20,1,535,44,0,0.28400561213493347,0.6399999999999999,0
20,1,536,44,0,0.28400561213493347,0.6399999999999999,0
20,1,597,51,0,0.8346260786056519,0.6399999999999999,1
20,1,598,51,0,0.5631544589996338,0.6399999999999999,0
20,1,599,51,0,0.5299081206321716,0.6399999999999999,0
20,1,600,51,0,0.6457335352897644,0.6399999999999999,1
20,1,601,51,0,0.3475709855556488,0.6399999999999999,0
20,1,602,51,0,0.5713762640953064,0.6399999999999999,0
20,1,603,51,0,0.5631544589996338,0.6399999999999999,0
20,1,604,51,0,0.6457335352897644,0.6399999999999999,1
20,1,605,51,0,0.3109426498413086,0.6399999999999999,0
20,1,606,51,0,0.29195958375930786,0.6399999999999999,0
20,1,667,58,0,0.29195529222488403,0.6399999999999999,0
20,1,668,58,0,0.291951060295105,0.6399999999999999,0
20,1,669,58,0,0.2919553518295288,0.6399999999999999,0
20,1,670,58,0,0.3109382092952728,0.6399999999999999,0
20,1,671,58,0,0.31930112838745117,0.6399999999999999,0
20,1,672,58,0,0.31093379855155945,0.6399999999999999,0
20,1,673,58,0,0.31093382835388184,0.6399999999999999,0
20,1,674,58,0,0.618621826171875,0.6399999999999999,0
20,1,675,58,0,0.6186217665672302,0.6399999999999999,0
20,1,676,58,0,0.2919553518295288,0.6399999999999999,0
20,1,727,64,0,0.28400900959968567,0.6399999999999999,0
20,1,728,64,0,0.2840055525302887,0.6399999999999999,0
20,1,729,64,0,0.28400975465774536,0.6399999999999999,0
20,1,730,64,0,0.29716959595680237,0.6399999999999999,0
20,1,731,64,0,0.2919553518295288,0.6399999999999999,0
20,1,732,64,0,0.31093376874923706,0.6399999999999999,0
20,1,733,64,0,0.3109382092952728,0.6399999999999999,0
20,1,734,64,0,0.2840055525302887,0.6399999999999999,0
20,1,735,64,0,0.28400561213493347,0.6399999999999999,0
20,1,736,64,0,0.28400561213493347,0.6399999999999999,0
20,1,757,67,0,0.567841649055481,0.6399999999999999,0
20,1,758,67,0,0.6065513491630554,0.6399999999999999,0
20,1,759,67,0,0.5299133062362671,0.6399999999999999,0
20,1,760,67,0,0.5440706014633179,0.6399999999999999,0
20,1,761,67,0,0.5772717595100403,0.6399999999999999,0
20,1,762,67,0,0.8020559549331665,0.6399999999999999,1
20,1,763,67,0,0.31093674898147583,0.6399999999999999,0
20,1,764,67,0,0.29569149017333984,0.6399999999999999,0
20,1,765,67,0,0.5772717595100403,0.6399999999999999,0
20,1,766,67,0,0.5395540595054626,0.6399999999999999,0
20,1,857,77,0,0.5299081206321716,0.6399999999999999,0
20,1,858,77,0,0.2919553220272064,0.6399999999999999,0
20,1,859,77,0,0.5299081206321716,0.6399999999999999,0
20,1,860,77,0,0.291951060295105,0.6399999999999999,0
20,1,861,77,0,0.5631742477416992,0.6399999999999999,0
20,1,862,77,0,0.5618677735328674,0.6399999999999999,0
20,1,863,77,0,0.2840055525302887,0.6399999999999999,0
20,1,864,77,0,0.5395438075065613,0.6399999999999999,0
20,1,865,77,0,0.2919553518295288,0.6399999999999999,0
20,1,866,77,0,0.2956828773021698,0.6399999999999999,0
20,2,2,2,1,0.971187174320221,0.4699999999999999,1
20,2,7,7,1,0.5666902661323547,0.4699999999999999,1
20,2,9,9,1,0.8731669783592224,0.4699999999999999,1
20,2,12,12,1,0.9557281732559204,0.4699999999999999,1
20,2,18,18,1,0.9557281732559204,0.4699999999999999,1
20,2,20,20,1,0.8731669783592224,0.4699999999999999,1
20,2,21,21,1,0.9557281732559204,0.4699999999999999,1
20,2,24,24,1,0.8854082822799683,0.4699999999999999,1
20,2,46,46,1,0.9585269689559937,0.4699999999999999,1
20,2,53,53,1,0.5176267623901367,0.4699999999999999,1
20,2,60,60,1,0.48576828837394714,0.4699999999999999,1
20,2,62,62,1,0.9557281732559204,0.4699999999999999,1
20,2,66,66,1,0.1275511234998703,0.4699999999999999,0
20,2,71,71,1,0.2791460454463959,0.4699999999999999,0
20,2,76,76,1,0.640459418296814,0.4699999999999999,1
20,2,78,78,1,0.9557281732559204,0.4699999999999999,1
20,2,107,2,0,0.22302588820457458,0.4699999999999999,0
20,2,108,2,0,0.22302590310573578,0.4699999999999999,0
20,2,109,2,0,0.13500890135765076,0.4699999999999999,0
20,2,110,2,0,0.24149788916110992,0.4699999999999999,0
20,2,111,2,0,0.2537122666835785,0.4699999999999999,0
20,2,112,2,0,0.12260636687278748,0.4699999999999999,0
20,2,113,2,0,0.15948189795017242,0.4699999999999999,0
20,2,114,2,0,0.13015718758106232,0.4699999999999999,0
20,2,115,2,0,0.2380700409412384,0.4699999999999999,0
20,2,116,2,0,0.2380700707435608,0.4699999999999999,0
20,2,157,7,0,0.11178655922412872,0.4699999999999999,0
20,2,158,7,0,0.1118885725736618,0.4699999999999999,0
20,2,159,7,0,0.11055099964141846,0.4699999999999999,0
20,2,160,7,0,0.22302588820457458,0.4699999999999999,0
20,2,161,7,0,0.21511317789554596,0.4699999999999999,0
20,2,162,7,0,0.21511317789554596,0.4699999999999999,0
20,2,163,7,0,0.2212076634168625,0.4699999999999999,0
20,2,164,7,0,0.11646471172571182,0.4699999999999999,0
20,2,165,7,0,0.2212137132883072,0.4699999999999999,0
20,2,166,7,0,0.22303611040115356,0.4699999999999999,0
20,2,177,9,0,0.42766162753105164,0.4699999999999999,0
20,2,178,9,0,0.11189206689596176,0.4699999999999999,0
20,2,179,9,0,0.10737226158380508,0.4699999999999999,0
20,2,180,9,0,0.10737396031618118,0.4699999999999999,0
20,2,181,9,0,0.10737397521734238,0.4699999999999999,0
20,2,182,9,0,0.11189181357622147,0.4699999999999999,0
20,2,183,9,0,0.22302590310573578,0.4699999999999999,0
20,2,184,9,0,0.1073756143450737,0.4699999999999999,0
20,2,185,9,0,0.1118902787566185,0.4699999999999999,0
20,2,186,9,0,0.12260093539953232,0.4699999999999999,0
20,2,207,12,0,0.10737396031618118,0.4699999999999999,0
20,2,208,12,0,0.11054755002260208,0.4699999999999999,0
20,2,209,12,0,0.11054928600788116,0.4699999999999999,0
20,2,210,12,0,0.22874487936496735,0.4699999999999999,0
20,2,211,12,0,0.10737397521734238,0.4699999999999999,0
20,2,212,12,0,0.10737396031618118,0.4699999999999999,0
20,2,213,12,0,0.2640373408794403,0.4699999999999999,0
20,2,214,12,0,0.10737233608961105,0.4699999999999999,0
20,2,215,12,0,0.11188681423664093,0.4699999999999999,0
20,2,216,12,0,0.11188681423664093,0.4699999999999999,0
20,2,267,18,0,0.24867847561836243,0.4699999999999999,0
20,2,268,18,0,0.2414950132369995,0.4699999999999999,0
20,2,269,18,0,0.11771076917648315,0.4699999999999999,0
20,2,270,18,0,0.11520817875862122,0.4699999999999999,0
20,2,271,18,0,0.22303497791290283,0.4699999999999999,0
20,2,272,18,0,0.24693109095096588,0.4699999999999999,0
20,2,273,18,0,0.12029209733009338,0.4699999999999999,0
20,2,274,18,0,0.11517999321222305,0.4699999999999999,0
20,2,275,18,0,0.11188684403896332,0.4699999999999999,0
20,2,276,18,0,0.11188681423664093,0.4699999999999999,0
20,2,287,20,0,0.4934644103050232,0.4699999999999999,1
20,2,288,20,0,0.22878198325634003,0.4699999999999999,0
20,2,289,20,0,0.4710933566093445,0.4699999999999999,1
20,2,290,20,0,0.11188684403896332,0.4699999999999999,0
20,2,291,20,0,0.8854082822799683,0.4699999999999999,1
20,2,292,20,0,0.10737228393554688,0.4699999999999999,0
20,2,293,20,0,0.11054755002260208,0.4699999999999999,0
20,2,294,20,0,0.3171209990978241,0.4699999999999999,0
20,2,295,20,0,0.10737231373786926,0.4699999999999999,0
20,2,296,20,0,0.1177150085568428,0.4699999999999999,0
20,2,297,21,0,0.11054928600788116,0.4699999999999999,0
20,2,298,21,0,0.25991111993789673,0.4699999999999999,0
20,2,299,21,0,0.11651195585727692,0.4699999999999999,0
20,2,300,21,0,0.22980865836143494,0.4699999999999999,0
20,2,301,21,0,0.12616033852100372,0.4699999999999999,0
20,2,302,21,0,0.12616226077079773,0.4699999999999999,0
20,2,303,21,0,0.22406360507011414,0.4699999999999999,0
20,2,304,21,0,0.10737228393554688,0.4699999999999999,0
20,2,305,21,0,0.10737228393554688,0.4699999999999999,0
20,2,306,21,0,0.25054293870925903,0.4699999999999999,0
20,2,327,24,0,0.10737393796443939,0.4699999999999999,0
20,2,328,24,0,0.10737396031618118,0.4699999999999999,0
20,2,329,24,0,0.11054757237434387,0.4699999999999999,0
20,2,330,24,0,0.10737396031618118,0.4699999999999999,0
20,2,331,24,0,0.2797098159790039,0.4699999999999999,0
20,2,332,24,0,0.11054931581020355,0.4699999999999999,0
20,2,333,24,0,0.11054931581020355,0.4699999999999999,0
20,2,334,24,0,0.11054931581020355,0.4699999999999999,0
20,2,335,24,0,0.10737396031618118,0.4699999999999999,0
20,2,336,24,0,0.11054931581020355,0.4699999999999999,0
20,2,547,46,0,0.11517836898565292,0.4699999999999999,0
20,2,548,46,0,0.22302590310573578,0.4699999999999999,0
20,2,549,46,0,0.22980135679244995,0.4699999999999999,0
20,2,550,46,0,0.22980864346027374,0.4699999999999999,0
20,2,551,46,0,0.10737361758947372,0.4699999999999999,0
20,2,552,46,0,0.11055099964141846,0.4699999999999999,0
20,2,553,46,0,0.10737228393554688,0.4699999999999999,0
20,2,554,46,0,0.49936169385910034,0.4699999999999999,1
20,2,555,46,0,0.21511608362197876,0.4699999999999999,0
20,2,556,46,0,0.10737228393554688,0.4699999999999999,0
20,2,617,53,0,0.11054931581020355,0.4699999999999999,0
20,2,618,53,0,0.12115029245615005,0.4699999999999999,0
20,2,619,53,0,0.24752698838710785,0.4699999999999999,0
20,2,620,53,0,0.11055099964141846,0.4699999999999999,0
20,2,621,53,0,0.11055099964141846,0.4699999999999999,0
20,2,622,53,0,0.2405366450548172,0.4699999999999999,0
20,2,623,53,0,0.10737231373786926,0.4699999999999999,0
20,2,624,53,0,0.27048954367637634,0.4699999999999999,0
20,2,625,53,0,0.12260206788778305,0.4699999999999999,0
20,2,626,53,0,0.27971264719963074,0.4699999999999999,0
20,2,687,60,0,0.11771076917648315,0.4699999999999999,0
20,2,688,60,0,0.11054757237434387,0.4699999999999999,0
20,2,689,60,0,0.11054755002260208,0.4699999999999999,0
20,2,690,60,0,0.10737228393554688,0.4699999999999999,0
20,2,691,60,0,0.2384229302406311,0.4699999999999999,0
20,2,692,60,0,0.2797102630138397,0.4699999999999999,0
20,2,693,60,0,0.11054931581020355,0.4699999999999999,0
20,2,694,60,0,0.10737228393554688,0.4699999999999999,0
20,2,695,60,0,0.5108259320259094,0.4699999999999999,1
20,2,696,60,0,0.2240605652332306,0.4699999999999999,0
20,2,707,62,0,0.10737228393554688,0.4699999999999999,0
20,2,708,62,0,0.10737396031618118,0.4699999999999999,0
20,2,709,62,0,0.23564450442790985,0.4699999999999999,0
20,2,710,62,0,0.11188679933547974,0.4699999999999999,0
20,2,711,62,0,0.11771316826343536,0.4699999999999999,0
20,2,712,62,0,0.10737228393554688,0.4699999999999999,0
20,2,713,62,0,0.12115085870027542,0.4699999999999999,0
20,2,714,62,0,0.21511608362197876,0.4699999999999999,0
20,2,715,62,0,0.10737393796443939,0.4699999999999999,0
20,2,716,62,0,0.11054925620555878,0.4699999999999999,0
20,2,747,66,0,0.11054925620555878,0.4699999999999999,0
20,2,748,66,0,0.10737226158380508,0.4699999999999999,0
20,2,749,66,0,0.10737226158380508,0.4699999999999999,0
20,2,750,66,0,0.2636641561985016,0.4699999999999999,0
20,2,751,66,0,0.22874794900417328,0.4699999999999999,0
20,2,752,66,0,0.22874689102172852,0.4699999999999999,0
20,2,753,66,0,0.1073756068944931,0.4699999999999999,0
20,2,754,66,0,0.2230663001537323,0.4699999999999999,0
20,2,755,66,0,0.22307206690311432,0.4699999999999999,0
20,2,756,66,0,0.2230663001537323,0.4699999999999999,0
20,2,797,71,0,0.2230319082736969,0.4699999999999999,0
20,2,798,71,0,0.21511901915073395,0.4699999999999999,0
20,2,799,71,0,0.22928115725517273,0.4699999999999999,0
20,2,800,71,0,0.22741207480430603,0.4699999999999999,0
20,2,801,71,0,0.49508196115493774,0.4699999999999999,1
20,2,802,71,0,0.11188681423664093,0.4699999999999999,0
20,2,803,71,0,0.28043776750564575,0.4699999999999999,0
20,2,804,71,0,0.10737224668264389,0.4699999999999999,0
20,2,805,71,0,0.11201822757720947,0.4699999999999999,0
20,2,806,71,0,0.11645255237817764,0.4699999999999999,0
20,2,847,76,0,0.11189141124486923,0.4699999999999999,0
20,2,848,76,0,0.11054928600788116,0.4699999999999999,0
20,2,849,76,0,0.11188852041959763,0.4699999999999999,0
20,2,850,76,0,0.2577308118343353,0.4699999999999999,0
20,2,851,76,0,0.24692007899284363,0.4699999999999999,0
20,2,852,76,0,0.48577648401260376,0.4699999999999999,1
20,2,853,76,0,0.21511608362197876,0.4699999999999999,0
20,2,854,76,0,0.22293733060359955,0.4699999999999999,0
20,2,855,76,0,0.21511608362197876,0.4699999999999999,0
20,2,856,76,0,0.11054757237434387,0.4699999999999999,0
20,2,867,78,0,0.11771383136510849,0.4699999999999999,0
20,2,868,78,0,0.11054755002260208,0.4699999999999999,0
20,2,869,78,0,0.21511311829090118,0.4699999999999999,0
20,2,870,78,0,0.21511311829090118,0.4699999999999999,0
20,2,871,78,0,0.23563823103904724,0.4699999999999999,0
20,2,872,78,0,0.11771383136510849,0.4699999999999999,0
20,2,873,78,0,0.11771383136510849,0.4699999999999999,0
20,2,874,78,0,0.11651195585727692,0.4699999999999999,0
20,2,875,78,0,0.21511611342430115,0.4699999999999999,0
20,2,876,78,0,0.11054928600788116,0.4699999999999999,0
20,3,10,10,1,0.5258802771568298,0.5249999999999999,1
20,3,15,15,1,0.5983777046203613,0.5249999999999999,1
20,3,16,16,1,0.5609936714172363,0.5249999999999999,1
20,3,26,26,1,0.512515127658844,0.5249999999999999,0
20,3,31,31,1,0.5637941956520081,0.5249999999999999,1
20,3,33,33,1,0.5609936714172363,0.5249999999999999,1
20,3,35,35,1,0.5637941360473633,0.5249999999999999,1
20,3,36,36,1,0.5125151872634888,0.5249999999999999,0
20,3,39,39,1,0.5637941360473633,0.5249999999999999,1
20,3,49,49,1,0.5101139545440674,0.5249999999999999,0
20,3,59,59,1,0.5035147666931152,0.5249999999999999,0
20,3,65,65,1,0.5125172138214111,0.5249999999999999,0
20,3,73,73,1,0.5637941956520081,0.5249999999999999,1
20,3,75,75,1,0.5184116363525391,0.5249999999999999,0
20,3,79,79,1,0.5609936714172363,0.5249999999999999,1
20,3,80,80,1,0.5619127750396729,0.5249999999999999,1
20,3,187,10,0,0.4685170352458954,0.5249999999999999,0
20,3,188,10,0,0.4709685146808624,0.5249999999999999,0
20,3,189,10,0,0.5035147666931152,0.5249999999999999,0
20,3,190,10,0,0.441137433052063,0.5249999999999999,0
20,3,191,10,0,0.44284674525260925,0.5249999999999999,0
20,3,192,10,0,0.47188735008239746,0.5249999999999999,0
20,3,193,10,0,0.44284704327583313,0.5249999999999999,0
20,3,194,10,0,0.439964234828949,0.5249999999999999,0
20,3,195,10,0,0.47030338644981384,0.5249999999999999,0
20,3,196,10,0,0.44113844633102417,0.5249999999999999,0
20,3,237,15,0,0.46759140491485596,0.5249999999999999,0
20,3,238,15,0,0.44284725189208984,0.5249999999999999,0
20,3,239,15,0,0.4420551359653473,0.5249999999999999,0
20,3,240,15,0,0.5110907554626465,0.5249999999999999,0
20,3,241,15,0,0.4720305800437927,0.5249999999999999,0
20,3,242,15,0,0.511870265007019,0.5249999999999999,0
20,3,243,15,0,0.4689474403858185,0.5249999999999999,0
20,3,244,15,0,0.5082135200500488,0.5249999999999999,0
20,3,245,15,0,0.44419175386428833,0.5249999999999999,0
20,3,246,15,0,0.4689464569091797,0.5249999999999999,0
20,3,247,16,0,0.4698733389377594,0.5249999999999999,0
20,3,248,16,0,0.46851804852485657,0.5249999999999999,0
20,3,249,16,0,0.4689464569091797,0.5249999999999999,0
20,3,250,16,0,0.4397965669631958,0.5249999999999999,0
20,3,251,16,0,0.43979623913764954,0.5249999999999999,0
20,3,252,16,0,0.46894699335098267,0.5249999999999999,0
20,3,253,16,0,0.4457198679447174,0.5249999999999999,0
20,3,254,16,0,0.47295716404914856,0.5249999999999999,0
20,3,255,16,0,0.47203025221824646,0.5249999999999999,0
20,3,256,16,0,0.46894678473472595,0.5249999999999999,0
20,3,347,26,0,0.4762864410877228,0.5249999999999999,0
20,3,348,26,0,0.4407128393650055,0.5249999999999999,0
20,3,349,26,0,0.4720306098461151,0.5249999999999999,0
20,3,350,26,0,0.47221389412879944,0.5249999999999999,0
20,3,351,26,0,0.46894699335098267,0.5249999999999999,0
20,3,352,26,0,0.44071289896965027,0.5249999999999999,0
20,3,353,26,0,0.46911710500717163,0.5249999999999999,0
20,3,354,26,0,0.4691163897514343,0.5249999999999999,0
20,3,355,26,0,0.4397957921028137,0.5249999999999999,0
20,3,356,26,0,0.43979573249816895,0.5249999999999999,0
20,3,397,31,0,0.4407123625278473,0.5249999999999999,0
20,3,398,31,0,0.4407128691673279,0.5249999999999999,0
20,3,399,31,0,0.4407128393650055,0.5249999999999999,0
20,3,400,31,0,0.4420545995235443,0.5249999999999999,0
20,3,401,31,0,0.43979623913764954,0.5249999999999999,0
20,3,402,31,0,0.4407128393650055,0.5249999999999999,0
20,3,403,31,0,0.4407123923301697,0.5249999999999999,0
20,3,404,31,0,0.4407123625278473,0.5249999999999999,0
20,3,405,31,0,0.44284674525260925,0.5249999999999999,0
20,3,406,31,0,0.46759092807769775,0.5249999999999999,0
20,3,417,33,0,0.4441911280155182,0.5249999999999999,0
20,3,418,33,0,0.4441911280155182,0.5249999999999999,0
20,3,419,33,0,0.4698738753795624,0.5249999999999999,0
20,3,420,33,0,0.4407123625278473,0.5249999999999999,0
20,3,421,33,0,0.44113796949386597,0.5249999999999999,0
20,3,422,33,0,0.47188737988471985,0.5249999999999999,0
20,3,423,33,0,0.4407123625278473,0.5249999999999999,0
20,3,424,33,0,0.5055349469184875,0.5249999999999999,0
20,3,425,33,0,0.43979623913764954,0.5249999999999999,0
20,3,426,33,0,0.43979576230049133,0.5249999999999999,0
20,3,437,35,0,0.44284719228744507,0.5249999999999999,0
20,3,438,35,0,0.43979573249816895,0.5249999999999999,0
20,3,439,35,0,0.4397957921028137,0.5249999999999999,0
20,3,440,35,0,0.47713765501976013,0.5249999999999999,0
20,3,441,35,0,0.43979573249816895,0.5249999999999999,0
20,3,442,35,0,0.4407128393650055,0.5249999999999999,0
20,3,443,35,0,0.48934870958328247,0.5249999999999999,0
20,3,444,35,0,0.5125151872634888,0.5249999999999999,0
20,3,445,35,0,0.43979617953300476,0.5249999999999999,0
20,3,446,35,0,0.4420545995235443,0.5249999999999999,0
20,3,447,36,0,0.46759098768234253,0.5249999999999999,0
20,3,448,36,0,0.4700423777103424,0.5249999999999999,0
20,3,449,36,0,0.4749782383441925,0.5249999999999999,0
20,3,450,36,0,0.44527775049209595,0.5249999999999999,0
20,3,451,36,0,0.43979623913764954,0.5249999999999999,0
20,3,452,36,0,0.4689469635486603,0.5249999999999999,0
20,3,453,36,0,0.44071337580680847,0.5249999999999999,0
20,3,454,36,0,0.4407140016555786,0.5249999999999999,0
20,3,455,36,0,0.46759098768234253,0.5249999999999999,0
20,3,456,36,0,0.4749782681465149,0.5249999999999999,0
20,3,477,39,0,0.43979576230049133,0.5249999999999999,0
20,3,478,39,0,0.4407133460044861,0.5249999999999999,0
20,3,479,39,0,0.4407133460044861,0.5249999999999999,0
20,3,480,39,0,0.46961402893066406,0.5249999999999999,0
20,3,481,39,0,0.4411384165287018,0.5249999999999999,0
20,3,482,39,0,0.43979623913764954,0.5249999999999999,0
20,3,483,39,0,0.470042884349823,0.5249999999999999,0
20,3,484,39,0,0.4698789715766907,0.5249999999999999,0
20,3,485,39,0,0.47511523962020874,0.5249999999999999,0
20,3,486,39,0,0.47511523962020874,0.5249999999999999,0
20,3,577,49,0,0.43979576230049133,0.5249999999999999,0
20,3,578,49,0,0.43979617953300476,0.5249999999999999,0
20,3,579,49,0,0.43979617953300476,0.5249999999999999,0
20,3,580,49,0,0.43979617953300476,0.5249999999999999,0
20,3,581,49,0,0.472278356552124,0.5249999999999999,0
20,3,582,49,0,0.44376495480537415,0.5249999999999999,0
20,3,583,49,0,0.47363534569740295,0.5249999999999999,0
20,3,584,49,0,0.4397962689399719,0.5249999999999999,0
20,3,585,49,0,0.43979617953300476,0.5249999999999999,0
20,3,586,49,0,0.4397962689399719,0.5249999999999999,0
20,3,677,59,0,0.4407128393650055,0.5249999999999999,0
20,3,678,59,0,0.43979623913764954,0.5249999999999999,0
20,3,679,59,0,0.43979576230049133,0.5249999999999999,0
20,3,680,59,0,0.43979573249816895,0.5249999999999999,0
20,3,681,59,0,0.43979573249816895,0.5249999999999999,0
20,3,682,59,0,0.43979617953300476,0.5249999999999999,0
20,3,683,59,0,0.43979617953300476,0.5249999999999999,0
20,3,684,59,0,0.44376495480537415,0.5249999999999999,0
20,3,685,59,0,0.47320666909217834,0.5249999999999999,0
20,3,686,59,0,0.43979623913764954,0.5249999999999999,0
20,3,737,65,0,0.47363531589508057,0.5249999999999999,0
20,3,738,65,0,0.4451112151145935,0.5249999999999999,0
20,3,739,65,0,0.4772586226463318,0.5249999999999999,0
20,3,740,65,0,0.44284674525260925,0.5249999999999999,0
20,3,741,65,0,0.43979576230049133,0.5249999999999999,0
20,3,742,65,0,0.43979576230049133,0.5249999999999999,0
20,3,743,65,0,0.44339248538017273,0.5249999999999999,0
20,3,744,65,0,0.43979623913764954,0.5249999999999999,0
20,3,745,65,0,0.43979576230049133,0.5249999999999999,0
20,3,746,65,0,0.43979617953300476,0.5249999999999999,0
20,3,817,73,0,0.4411384165287018,0.5249999999999999,0
20,3,818,73,0,0.44113826751708984,0.5249999999999999,0
20,3,819,73,0,0.44113826751708984,0.5249999999999999,0
20,3,820,73,0,0.4411384165287018,0.5249999999999999,0
20,3,821,73,0,0.44113877415657043,0.5249999999999999,0
20,3,822,73,0,0.44113826751708984,0.5249999999999999,0
20,3,823,73,0,0.44113874435424805,0.5249999999999999,0
20,3,824,73,0,0.44113922119140625,0.5249999999999999,0
20,3,825,73,0,0.43979623913764954,0.5249999999999999,0
20,3,826,73,0,0.46987831592559814,0.5249999999999999,0
20,3,837,75,0,0.44113796949386597,0.5249999999999999,0
20,3,838,75,0,0.4441908597946167,0.5249999999999999,0
20,3,839,75,0,0.4397967755794525,0.5249999999999999,0
20,3,840,75,0,0.4411384165287018,0.5249999999999999,0
20,3,841,75,0,0.44113779067993164,0.5249999999999999,0
20,3,842,75,0,0.4428475499153137,0.5249999999999999,0
20,3,843,75,0,0.44284752011299133,0.5249999999999999,0
20,3,844,75,0,0.44113826751708984,0.5249999999999999,0
20,3,845,75,0,0.44113826751708984,0.5249999999999999,0
20,3,846,75,0,0.43979576230049133,0.5249999999999999,0
20,3,877,79,0,0.46851709485054016,0.5249999999999999,0
20,3,878,79,0,0.445109099149704,0.5249999999999999,0
20,3,879,79,0,0.4689459502696991,0.5249999999999999,0
20,3,880,79,0,0.4689464867115021,0.5249999999999999,0
20,3,881,79,0,0.46759048104286194,0.5249999999999999,0
20,3,882,79,0,0.4675905108451843,0.5249999999999999,0
20,3,883,79,0,0.4689459800720215,0.5249999999999999,0
20,3,884,79,0,0.46759048104286194,0.5249999999999999,0
20,3,885,79,0,0.4675905108451843,0.5249999999999999,0
20,3,886,79,0,0.46759045124053955,0.5249999999999999,0
20,3,887,80,0,0.4407128393650055,0.5249999999999999,0
20,3,888,80,0,0.4424804449081421,0.5249999999999999,0
20,3,889,80,0,0.4420551359653473,0.5249999999999999,0
20,3,890,80,0,0.4407123625278473,0.5249999999999999,0
20,3,891,80,0,0.43979576230049133,0.5249999999999999,0
20,3,892,80,0,0.43979623913764954,0.5249999999999999,0
20,3,893,80,0,0.4397962689399719,0.5249999999999999,0
20,3,894,80,0,0.473635733127594,0.5249999999999999,0
20,3,895,80,0,0.44284674525260925,0.5249999999999999,0
20,3,896,80,0,0.474972128868103,0.5249999999999999,0
20,4,1,1,1,0.49940094351768494,0.4799999999999999,1
20,4,11,11,1,0.5216444730758667,0.4799999999999999,1
20,4,14,14,1,0.5216444730758667,0.4799999999999999,1
20,4,17,17,1,0.5216444730758667,0.4799999999999999,1
20,4,27,27,1,0.5290714502334595,0.4799999999999999,1
20,4,29,29,1,0.5043808221817017,0.4799999999999999,1
20,4,34,34,1,0.5290714502334595,0.4799999999999999,1
20,4,48,48,1,0.4976145327091217,0.4799999999999999,1
20,4,54,54,1,0.5032300353050232,0.4799999999999999,1
20,4,56,56,1,0.5290714502334595,0.4799999999999999,1
20,4,57,57,1,0.5458812713623047,0.4799999999999999,1
20,4,61,61,1,0.5290714502334595,0.4799999999999999,1
20,4,68,68,1,0.5220942497253418,0.4799999999999999,1
20,4,69,69,1,0.5043907761573792,0.4799999999999999,1
20,4,70,70,1,0.5043818354606628,0.4799999999999999,1
20,4,72,72,1,0.522090494632721,0.4799999999999999,1
20,4,97,1,0,0.4644539952278137,0.4799999999999999,0
20,4,98,1,0,0.4648970663547516,0.4799999999999999,0
20,4,99,1,0,0.4679495692253113,0.4799999999999999,0
20,4,100,1,0,0.4778720736503601,0.4799999999999999,0
20,4,101,1,0,0.46297934651374817,0.4799999999999999,0
20,4,102,1,0,0.4648965895175934,0.4799999999999999,0
20,4,103,1,0,0.4774269163608551,0.4799999999999999,0
20,4,104,1,0,0.4774271845817566,0.4799999999999999,0
20,4,105,1,0,0.4822227656841278,0.4799999999999999,1
20,4,106,1,0,0.4778716266155243,0.4799999999999999,0
20,4,197,11,0,0.46297934651374817,0.4799999999999999,0
20,4,198,11,0,0.46233123540878296,0.4799999999999999,0
20,4,199,11,0,0.4775084853172302,0.4799999999999999,0
20,4,200,11,0,0.46233099699020386,0.4799999999999999,0
20,4,201,11,0,0.46233099699020386,0.4799999999999999,0
20,4,202,11,0,0.47685882449150085,0.4799999999999999,0
20,4,203,11,0,0.46233120560646057,0.4799999999999999,0
20,4,204,11,0,0.46233096718788147,0.4799999999999999,0
20,4,205,11,0,0.4774276316165924,0.4799999999999999,0
20,4,206,11,0,0.4778720736503601,0.4799999999999999,0
20,4,227,14,0,0.46380454301834106,0.4799999999999999,0
20,4,228,14,0,0.4644528329372406,0.4799999999999999,0
20,4,229,14,0,0.4644535183906555,0.4799999999999999,0
20,4,230,14,0,0.4774278402328491,0.4799999999999999,0
20,4,231,14,0,0.46380481123924255,0.4799999999999999,0
20,4,232,14,0,0.4645342528820038,0.4799999999999999,0
20,4,233,14,0,0.47677677869796753,0.4799999999999999,0
20,4,234,14,0,0.4807162582874298,0.4799999999999999,1
20,4,235,14,0,0.46277400851249695,0.4799999999999999,0
20,4,236,14,0,0.47742757201194763,0.4799999999999999,0
20,4,257,17,0,0.47742772102355957,0.4799999999999999,0
20,4,258,17,0,0.4774271845817566,0.4799999999999999,0
20,4,259,17,0,0.47787240147590637,0.4799999999999999,0
20,4,260,17,0,0.4774274230003357,0.4799999999999999,0
20,4,261,17,0,0.4636278450489044,0.4799999999999999,0
20,4,262,17,0,0.4828469157218933,0.4799999999999999,1
20,4,263,17,0,0.4636285901069641,0.4799999999999999,0
20,4,264,17,0,0.4767765700817108,0.4799999999999999,0
20,4,265,17,0,0.4785223603248596,0.4799999999999999,0
20,4,266,17,0,0.4642771780490875,0.4799999999999999,0
20,4,357,27,0,0.47742733359336853,0.4799999999999999,0
20,4,358,27,0,0.4774271845817566,0.4799999999999999,0
20,4,359,27,0,0.4774271845817566,0.4799999999999999,0
20,4,360,27,0,0.4789943993091583,0.4799999999999999,0
20,4,361,27,0,0.47787177562713623,0.4799999999999999,0
20,4,362,27,0,0.4995625615119934,0.4799999999999999,1
20,4,363,27,0,0.47787219285964966,0.4799999999999999,0
20,4,364,27,0,0.477871835231781,0.4799999999999999,0
20,4,365,27,0,0.46233224868774414,0.4799999999999999,0
20,4,366,27,0,0.46233099699020386,0.4799999999999999,0
20,4,377,29,0,0.49769291281700134,0.4799999999999999,1
20,4,378,29,0,0.4778716266155243,0.4799999999999999,0
20,4,379,29,0,0.4774288833141327,0.4799999999999999,0
20,4,380,29,0,0.47742894291877747,0.4799999999999999,0
20,4,381,29,0,0.477871835231781,0.4799999999999999,0
20,4,382,29,0,0.4778720736503601,0.4799999999999999,0
20,4,383,29,0,0.4815770387649536,0.4799999999999999,1
20,4,384,29,0,0.46297913789749146,0.4799999999999999,0
20,4,385,29,0,0.46297913789749146,0.4799999999999999,0
20,4,386,29,0,0.4627740681171417,0.4799999999999999,0
20,4,427,34,0,0.5005413889884949,0.4799999999999999,1
20,4,428,34,0,0.5005409121513367,0.4799999999999999,1
20,4,429,34,0,0.46233120560646057,0.4799999999999999,0
20,4,430,34,0,0.46233120560646057,0.4799999999999999,0
20,4,431,34,0,0.4627740979194641,0.4799999999999999,0
20,4,432,34,0,0.4623311758041382,0.4799999999999999,0
20,4,433,34,0,0.46233096718788147,0.4799999999999999,0
20,4,434,34,0,0.49520695209503174,0.4799999999999999,1
20,4,435,34,0,0.46233120560646057,0.4799999999999999,0
20,4,436,34,0,0.46233123540878296,0.4799999999999999,0
20,4,567,48,0,0.4627740681171417,0.4799999999999999,0
20,4,568,48,0,0.4638046324253082,0.4799999999999999,0
20,4,569,48,0,0.46233099699020386,0.4799999999999999,0
20,4,570,48,0,0.4821956753730774,0.4799999999999999,1
20,4,571,48,0,0.4648960530757904,0.4799999999999999,0
20,4,572,48,0,0.46277379989624023,0.4799999999999999,0
20,4,573,48,0,0.4623318016529083,0.4799999999999999,0
20,4,574,48,0,0.4623318016529083,0.4799999999999999,0
20,4,575,48,0,0.46277400851249695,0.4799999999999999,0
20,4,576,48,0,0.46233096718788147,0.4799999999999999,0
20,4,627,54,0,0.46233099699020386,0.4799999999999999,0
20,4,628,54,0,0.4847988784313202,0.4799999999999999,1
20,4,629,54,0,0.46233099699020386,0.4799999999999999,0
20,4,630,54,0,0.46233096718788147,0.4799999999999999,0
20,4,631,54,0,0.46233099699020386,0.4799999999999999,0
20,4,632,54,0,0.46233099699020386,0.4799999999999999,0
20,4,633,54,0,0.46233099699020386,0.4799999999999999,0
20,4,634,54,0,0.46233099699020386,0.4799999999999999,0
20,4,635,54,0,0.46233099699020386,0.4799999999999999,0
20,4,636,54,0,0.46233096718788147,0.4799999999999999,0
20,4,647,56,0,0.4783158302307129,0.4799999999999999,0
20,4,648,56,0,0.4939860999584198,0.4799999999999999,1
20,4,649,56,0,0.4627743661403656,0.4799999999999999,0
20,4,650,56,0,0.47795370221138,0.4799999999999999,0
20,4,651,56,0,0.46233099699020386,0.4799999999999999,0
20,4,652,56,0,0.46233099699020386,0.4799999999999999,0
20,4,653,56,0,0.46233096718788147,0.4799999999999999,0
20,4,654,56,0,0.46380454301834106,0.4799999999999999,0
20,4,655,56,0,0.4775084853172302,0.4799999999999999,0
20,4,656,56,0,0.4777466654777527,0.4799999999999999,0
20,4,657,57,0,0.5022323727607727,0.4799999999999999,1
20,4,658,57,0,0.47722113132476807,0.4799999999999999,0
20,4,659,57,0,0.4634222686290741,0.4799999999999999,0
20,4,660,57,0,0.46233096718788147,0.4799999999999999,0
20,4,661,57,0,0.46277379989624023,0.4799999999999999,0
20,4,662,57,0,0.46277379989624023,0.4799999999999999,0
20,4,663,57,0,0.46277379989624023,0.4799999999999999,0
20,4,664,57,0,0.47647786140441895,0.4799999999999999,0
20,4,665,57,0,0.46233096718788147,0.4799999999999999,0
20,4,666,57,0,0.46233099699020386,0.4799999999999999,0
20,4,697,61,0,0.46277400851249695,0.4799999999999999,0
20,4,698,61,0,0.4627740681171417,0.4799999999999999,0
20,4,699,61,0,0.4964011609554291,0.4799999999999999,1
20,4,700,61,0,0.46380501985549927,0.4799999999999999,0
20,4,701,61,0,0.4774271845817566,0.4799999999999999,0
20,4,702,61,0,0.46233099699020386,0.4799999999999999,0
20,4,703,61,0,0.46277377009391785,0.4799999999999999,0
20,4,704,61,0,0.46277377009391785,0.4799999999999999,0
20,4,705,61,0,0.4623314440250397,0.4799999999999999,0
20,4,706,61,0,0.4623311758041382,0.4799999999999999,0
20,4,767,68,0,0.47860342264175415,0.4799999999999999,0
20,4,768,68,0,0.47787174582481384,0.4799999999999999,0
20,4,769,68,0,0.4778716266155243,0.4799999999999999,0
20,4,770,68,0,0.47742757201194763,0.4799999999999999,0
20,4,771,68,0,0.4778718054294586,0.4799999999999999,0
20,4,772,68,0,0.47677677869796753,0.4799999999999999,0
20,4,773,68,0,0.4767765402793884,0.4799999999999999,0
20,4,774,68,0,0.4827501177787781,0.4799999999999999,1
20,4,775,68,0,0.4796378016471863,0.4799999999999999,0
20,4,776,68,0,0.4774276316165924,0.4799999999999999,0
20,4,777,69,0,0.4783173203468323,0.4799999999999999,0
20,4,778,69,0,0.4778718054294586,0.4799999999999999,0
20,4,779,69,0,0.4774274230003357,0.4799999999999999,0
20,4,780,69,0,0.4629795551300049,0.4799999999999999,0
20,4,781,69,0,0.4778749346733093,0.4799999999999999,0
20,4,782,69,0,0.46362820267677307,0.4799999999999999,0
20,4,783,69,0,0.46233096718788147,0.4799999999999999,0
20,4,784,69,0,0.49594056606292725,0.4799999999999999,1
20,4,785,69,0,0.46233120560646057,0.4799999999999999,0
20,4,786,69,0,0.47722139954566956,0.4799999999999999,0
20,4,787,70,0,0.46297982335090637,0.4799999999999999,0
20,4,788,70,0,0.46297982335090637,0.4799999999999999,0
20,4,789,70,0,0.4774274230003357,0.4799999999999999,0
20,4,790,70,0,0.4793505370616913,0.4799999999999999,0
20,4,791,70,0,0.4648961126804352,0.4799999999999999,0
20,4,792,70,0,0.4779541492462158,0.4799999999999999,0
20,4,793,70,0,0.47860389947891235,0.4799999999999999,0
20,4,794,70,0,0.4774280786514282,0.4799999999999999,0
20,4,795,70,0,0.46380460262298584,0.4799999999999999,0
20,4,796,70,0,0.4772211015224457,0.4799999999999999,0
20,4,807,72,0,0.4629792273044586,0.4799999999999999,0
20,4,808,72,0,0.4629792273044586,0.4799999999999999,0
20,4,809,72,0,0.4629790782928467,0.4799999999999999,0
20,4,810,72,0,0.4629794657230377,0.4799999999999999,0
20,4,811,72,0,0.4629794955253601,0.4799999999999999,0
20,4,812,72,0,0.4629794955253601,0.4799999999999999,0
20,4,813,72,0,0.46297910809516907,0.4799999999999999,0
20,4,814,72,0,0.48222723603248596,0.4799999999999999,1
20,4,815,72,0,0.4629797041416168,0.4799999999999999,0
20,4,816,72,0,0.4629794955253601,0.4799999999999999,0
20,5,3,3,1,0.7518211007118225,0.6699999999999999,1
20,5,4,4,1,0.9921395182609558,0.6699999999999999,1
20,5,8,8,1,0.8884289264678955,0.6699999999999999,1
20,5,22,22,1,0.9904914498329163,0.6699999999999999,1
20,5,28,28,1,0.9990767240524292,0.6699999999999999,1
20,5,32,32,1,0.7728179693222046,0.6699999999999999,1
20,5,37,37,1,0.9921395182609558,0.6699999999999999,1
20,5,40,40,1,0.7728455066680908,0.6699999999999999,1
20,5,41,41,1,0.9910873770713806,0.6699999999999999,1
20,5,45,45,1,0.7206576466560364,0.6699999999999999,1
20,5,47,47,1,0.999609649181366,0.6699999999999999,1
20,5,50,50,1,0.9428579211235046,0.6699999999999999,1
20,5,52,52,1,0.7357529401779175,0.6699999999999999,1
20,5,55,55,1,0.9991589784622192,0.6699999999999999,1
20,5,63,63,1,0.9990767240524292,0.6699999999999999,1
20,5,74,74,1,0.9921395182609558,0.6699999999999999,1
20,5,117,3,0,0.14851133525371552,0.6699999999999999,0
20,5,118,3,0,0.03772430494427681,0.6699999999999999,0
20,5,119,3,0,0.14345312118530273,0.6699999999999999,0
20,5,120,3,0,0.13714072108268738,0.6699999999999999,0
20,5,121,3,0,0.041306424885988235,0.6699999999999999,0
20,5,122,3,0,0.1506444215774536,0.6699999999999999,0
20,5,123,3,0,0.14345309138298035,0.6699999999999999,0
20,5,124,3,0,0.04876229912042618,0.6699999999999999,0
20,5,125,3,0,0.13713018596172333,0.6699999999999999,0
20,5,126,3,0,0.036144379526376724,0.6699999999999999,0
20,5,127,4,0,0.03177914768457413,0.6699999999999999,0
20,5,128,4,0,0.0350518599152565,0.6699999999999999,0
20,5,129,4,0,0.038027871400117874,0.6699999999999999,0
20,5,130,4,0,0.1682058870792389,0.6699999999999999,0
20,5,131,4,0,0.14405784010887146,0.6699999999999999,0
20,5,132,4,0,0.13714537024497986,0.6699999999999999,0
20,5,133,4,0,0.18024936318397522,0.6699999999999999,0
20,5,134,4,0,0.2059027999639511,0.6699999999999999,0
20,5,135,4,0,0.04276302829384804,0.6699999999999999,0
20,5,136,4,0,0.046735938638448715,0.6699999999999999,0
20,5,167,8,0,0.03304062783718109,0.6699999999999999,0
20,5,168,8,0,0.03477056697010994,0.6699999999999999,0
20,5,169,8,0,0.1310330033302307,0.6699999999999999,0
20,5,170,8,0,0.034770552068948746,0.6699999999999999,0
20,5,171,8,0,0.03178087994456291,0.6699999999999999,0
20,5,172,8,0,0.03932367265224457,0.6699999999999999,0
20,5,173,8,0,0.13713370263576508,0.6699999999999999,0
20,5,174,8,0,0.03177914768457413,0.6699999999999999,0
20,5,175,8,0,0.13714532554149628,0.6699999999999999,0
20,5,176,8,0,0.031778883188962936,0.6699999999999999,0
20,5,307,22,0,0.1385546326637268,0.6699999999999999,0
20,5,308,22,0,0.03304151073098183,0.6699999999999999,0
20,5,309,22,0,0.033040620386600494,0.6699999999999999,0
20,5,310,22,0,0.0330406129360199,0.6699999999999999,0
20,5,311,22,0,0.031778283417224884,0.6699999999999999,0
20,5,312,22,0,0.031778883188962936,0.6699999999999999,0
20,5,313,22,0,0.031778283417224884,0.6699999999999999,0
20,5,314,22,0,0.038065552711486816,0.6699999999999999,0
20,5,315,22,0,0.03177829459309578,0.6699999999999999,0
20,5,316,22,0,0.031778283417224884,0.6699999999999999,0
20,5,367,28,0,0.13715723156929016,0.6699999999999999,0
20,5,368,28,0,0.034770239144563675,0.6699999999999999,0
20,5,369,28,0,0.14405785501003265,0.6699999999999999,0
20,5,370,28,0,0.14405785501003265,0.6699999999999999,0
20,5,371,28,0,0.1440626084804535,0.6699999999999999,0
20,5,372,28,0,0.031778980046510696,0.6699999999999999,0
20,5,373,28,0,0.13710254430770874,0.6699999999999999,0
20,5,374,28,0,0.14405784010887146,0.6699999999999999,0
20,5,375,28,0,0.13713675737380981,0.6699999999999999,0
20,5,376,28,0,0.034767720848321915,0.6699999999999999,0
20,5,407,32,0,0.031778883188962936,0.6699999999999999,0
20,5,408,32,0,0.031778883188962936,0.6699999999999999,0
20,5,409,32,0,0.48238423466682434,0.6699999999999999,0
20,5,410,32,0,0.03177914768457413,0.6699999999999999,0
20,5,411,32,0,0.033039726316928864,0.6699999999999999,0
20,5,412,32,0,0.031778283417224884,0.6699999999999999,0
20,5,413,32,0,0.03941502422094345,0.6699999999999999,0
20,5,414,32,0,0.03806501254439354,0.6699999999999999,0
20,5,415,32,0,0.031778283417224884,0.6699999999999999,0
20,5,416,32,0,0.031778283417224884,0.6699999999999999,0
20,5,457,37,0,0.03177827596664429,0.6699999999999999,0
20,5,458,37,0,0.04675004631280899,0.6699999999999999,0
20,5,459,37,0,0.14406688511371613,0.6699999999999999,0
20,5,460,37,0,0.0330406129360199,0.6699999999999999,0
20,5,461,37,0,0.03304151073098183,0.6699999999999999,0
20,5,462,37,0,0.033040620386600494,0.6699999999999999,0
20,5,463,37,0,0.04910644516348839,0.6699999999999999,0
20,5,464,37,0,0.03304151073098183,0.6699999999999999,0
20,5,465,37,0,0.19069379568099976,0.6699999999999999,0
20,5,466,37,0,0.03304152190685272,0.6699999999999999,0
20,5,487,40,0,0.04162105172872543,0.6699999999999999,0
20,5,488,40,0,0.464603066444397,0.6699999999999999,0
20,5,489,40,0,0.0380648635327816,0.6699999999999999,0
20,5,490,40,0,0.031778283417224884,0.6699999999999999,0
20,5,491,40,0,0.03177827596664429,0.6699999999999999,0
20,5,492,40,0,0.03177898749709129,0.6699999999999999,0
20,5,493,40,0,0.033040620386600494,0.6699999999999999,0
20,5,494,40,0,0.16118668019771576,0.6699999999999999,0
20,5,495,40,0,0.9904914498329163,0.6699999999999999,1
20,5,496,40,0,0.12649603188037872,0.6699999999999999,0
20,5,497,41,0,0.04162251204252243,0.6699999999999999,0
20,5,498,41,0,0.16119065880775452,0.6699999999999999,0
20,5,499,41,0,0.8923328518867493,0.6699999999999999,1
20,5,500,41,0,0.185637965798378,0.6699999999999999,0
20,5,501,41,0,0.12649273872375488,0.6699999999999999,0
20,5,502,41,0,0.14405788481235504,0.6699999999999999,0
20,5,503,41,0,0.13103319704532623,0.6699999999999999,0
20,5,504,41,0,0.14909321069717407,0.6699999999999999,0
20,5,505,41,0,0.033040620386600494,0.6699999999999999,0
20,5,506,41,0,0.12649273872375488,0.6699999999999999,0
20,5,537,45,0,0.031778283417224884,0.6699999999999999,0
20,5,538,45,0,0.031778283417224884,0.6699999999999999,0
20,5,539,45,0,0.031778283417224884,0.6699999999999999,0
20,5,540,45,0,0.031778283417224884,0.6699999999999999,0
20,5,541,45,0,0.031778283417224884,0.6699999999999999,0
20,5,542,45,0,0.038065582513809204,0.6699999999999999,0
20,5,543,45,0,0.16525185108184814,0.6699999999999999,0
20,5,544,45,0,0.22744084894657135,0.6699999999999999,0
20,5,545,45,0,0.031778283417224884,0.6699999999999999,0
20,5,546,45,0,0.657345175743103,0.6699999999999999,0
20,5,557,47,0,0.033048275858163834,0.6699999999999999,0
20,5,558,47,0,0.031778283417224884,0.6699999999999999,0
20,5,559,47,0,0.033039726316928864,0.6699999999999999,0
20,5,560,47,0,0.03304062783718109,0.6699999999999999,0
20,5,561,47,0,0.03304062783718109,0.6699999999999999,0
20,5,562,47,0,0.033039726316928864,0.6699999999999999,0
20,5,563,47,0,0.03304151073098183,0.6699999999999999,0
20,5,564,47,0,0.03304062783718109,0.6699999999999999,0
20,5,565,47,0,0.033039726316928864,0.6699999999999999,0
20,5,566,47,0,0.0330406129360199,0.6699999999999999,0
20,5,587,50,0,0.03304152190685272,0.6699999999999999,0
20,5,588,50,0,0.03304062783718109,0.6699999999999999,0
20,5,589,50,0,0.22744080424308777,0.6699999999999999,0
20,5,590,50,0,0.0380648635327816,0.6699999999999999,0
20,5,591,50,0,0.4823937714099884,0.6699999999999999,0
20,5,592,50,0,0.031778883188962936,0.6699999999999999,0
20,5,593,50,0,0.17197850346565247,0.6699999999999999,0
20,5,594,50,0,0.03177890181541443,0.6699999999999999,0
20,5,595,50,0,0.03304152190685272,0.6699999999999999,0
20,5,596,50,0,0.031778283417224884,0.6699999999999999,0
20,5,607,52,0,0.033041518181562424,0.6699999999999999,0
20,5,608,52,0,0.17631685733795166,0.6699999999999999,0
20,5,609,52,0,0.033039722591638565,0.6699999999999999,0
20,5,610,52,0,0.1692596971988678,0.6699999999999999,0
20,5,611,52,0,0.039577022194862366,0.6699999999999999,0
20,5,612,52,0,0.031778283417224884,0.6699999999999999,0
20,5,613,52,0,0.031778283417224884,0.6699999999999999,0
20,5,614,52,0,0.1506561040878296,0.6699999999999999,0
20,5,615,52,0,0.1863076239824295,0.6699999999999999,0
20,5,616,52,0,0.19382186233997345,0.6699999999999999,0
20,5,637,55,0,0.031778283417224884,0.6699999999999999,0
20,5,638,55,0,0.03177829459309578,0.6699999999999999,0
20,5,639,55,0,0.03177829459309578,0.6699999999999999,0
20,5,640,55,0,0.031778883188962936,0.6699999999999999,0
20,5,641,55,0,0.13713018596172333,0.6699999999999999,0
20,5,642,55,0,0.19227860867977142,0.6699999999999999,0
20,5,643,55,0,0.03177829459309578,0.6699999999999999,0
20,5,644,55,0,0.14051511883735657,0.6699999999999999,0
20,5,645,55,0,0.04162102937698364,0.6699999999999999,0
20,5,646,55,0,0.033039726316928864,0.6699999999999999,0
20,5,717,63,0,0.18136516213417053,0.6699999999999999,0
20,5,718,63,0,0.031778283417224884,0.6699999999999999,0
20,5,719,63,0,0.031778283417224884,0.6699999999999999,0
20,5,720,63,0,0.031778283417224884,0.6699999999999999,0
20,5,721,63,0,0.18049553036689758,0.6699999999999999,0
20,5,722,63,0,0.038065582513809204,0.6699999999999999,0
20,5,723,63,0,0.031778883188962936,0.6699999999999999,0
20,5,724,63,0,0.03304455801844597,0.6699999999999999,0
20,5,725,63,0,0.03304151073098183,0.6699999999999999,0
20,5,726,63,0,0.031779006123542786,0.6699999999999999,0
20,5,827,74,0,0.03177914768457413,0.6699999999999999,0
20,5,828,74,0,0.13714376091957092,0.6699999999999999,0
20,5,829,74,0,0.17198766767978668,0.6699999999999999,0
20,5,830,74,0,0.15213562548160553,0.6699999999999999,0
20,5,831,74,0,0.034768376499414444,0.6699999999999999,0
20,5,832,74,0,0.034768376499414444,0.6699999999999999,0
20,5,833,74,0,0.031778883188962936,0.6699999999999999,0
20,5,834,74,0,0.031778883188962936,0.6699999999999999,0
20,5,835,74,0,0.04162292927503586,0.6699999999999999,0
20,5,836,74,0,0.03477024659514427,0.6699999999999999,0
