mean_fit_time,std_fit_time,mean_score_time,std_score_time,param_C,param_cache_size,param_degree,param_epsilon,param_gamma,param_kernel,param_max_iter,params,split0_test_score,split1_test_score,split2_test_score,split3_test_score,split4_test_score,split5_test_score,split6_test_score,split7_test_score,split8_test_score,split9_test_score,mean_test_score,std_test_score,rank_test_score,split0_train_score,split1_train_score,split2_train_score,split3_train_score,split4_train_score,split5_train_score,split6_train_score,split7_train_score,split8_train_score,split9_train_score,mean_train_score,std_train_score
0.8954519987106323,0.30621663521414577,0.007114529609680176,0.0004504220713574158,0.1,5000,2,0.1,scale,linear,-1,"{'C': 0.1, 'cache_size': 5000, 'degree': 2, 'epsilon': 0.1, 'gamma': 'scale', 'kernel': 'linear', 'max_iter': -1}",-0.20654474132524012,-0.23895686081067755,-0.2501884575247591,-0.27934816752604624,-0.22872672516710554,-0.26821468369828133,-0.2964694050401832,-0.3611874275304691,-0.2604894882501302,-0.35099893163005536,-0.2741124888502948,0.04761799011046466,67,-0.2601867716655649,-0.2585098526046442,-0.25742550039156104,-0.25126009038650926,-0.26309223766858686,-0.2526272743026266,-0.25144564076105985,-0.24500990942502782,-0.2532759518096228,-0.24602960743273417,-0.25388628364479376,0.005600694621867001
0.09633395671844483,0.00999795965951625,0.023497128486633302,0.0055998253313415,0.1,5000,2,0.1,scale,rbf,-1,"{'C': 0.1, 'cache_size': 5000, 'degree': 2, 'epsilon': 0.1, 'gamma': 'scale', 'kernel': 'rbf', 'max_iter': -1}",-0.21589088196276174,-0.2300681892772377,-0.23187375054558534,-0.2651132841468643,-0.21739118430757765,-0.2685969608038668,-0.2908784315747097,-0.33427550831983543,-0.25916480092671595,-0.33579790169965995,-0.2649050893564814,0.041861590027584335,49,-0.24706452968506057,-0.24678548254299412,-0.24460172389451112,-0.24043773201446952,-0.25046002404422785,-0.23980437519799375,-0.24247626707479256,-0.23645579680202017,-0.2419197859490257,-0.2348189702196103,-0.24248246874247056,0.004629941784033258
0.1264730453491211,0.013556474625119625,0.009963035583496094,0.004909279712238832,0.1,5000,2,0.1,scale,poly,-1,"{'C': 0.1, 'cache_size': 5000, 'degree': 2, 'epsilon': 0.1, 'gamma': 'scale', 'kernel': 'poly', 'max_iter': -1}",-0.22578294565850648,-0.22511778409201266,-0.23202969463097703,-0.2657952576042242,-0.22553192631860372,-0.26531052206945405,-0.27960111180958225,-0.3543510588357645,-0.2517355408578602,-0.3145576851909685,-0.2639813527067954,0.040733775945403956,42,-0.2439101838077933,-0.24381630172459617,-0.24206593871500454,-0.23855372212705214,-0.24612758646433933,-0.2379509602655406,-0.23724987155017474,-0.23290467367952494,-0.24029748167064927,-0.23284475819088352,-0.23957214781955583,0.004304900304628702
0.0939143419265747,0.0041542100595048995,0.013789772987365723,0.008940074183884327,0.1,5000,2,0.1,scale,sigmoid,-1,"{'C': 0.1, 'cache_size': 5000, 'degree': 2, 'epsilon': 0.1, 'gamma': 'scale', 'kernel': 'sigmoid', 'max_iter': -1}",-0.39790547065924414,-0.33004290246366613,-0.3325625638432822,-0.4447238006557828,-0.35613356179527655,-0.48396644800547084,-0.5081292000483759,-0.49879372193171734,-0.4448651321978408,-0.47255306408859965,-0.4269675865689256,0.06471281234752022,177,-0.42782877742278197,-0.4552369002703572,-0.44140440236928913,-0.44103719332609576,-0.4519324359902353,-0.4072517557094867,-0.4338584421481674,-0.47310805237480746,-0.41620530740128736,-0.4994947741509315,-0.44473580411634395,0.025716880532852215
0.9416102886199951,0.29612328850099595,0.007169985771179199,0.0005966813849351032,0.1,5000,2,0.1,auto,linear,-1,"{'C': 0.1, 'cache_size': 5000, 'degree': 2, 'epsilon': 0.1, 'gamma': 'auto', 'kernel': 'linear', 'max_iter': -1}",-0.20654474132524012,-0.23895686081067755,-0.2501884575247591,-0.27934816752604624,-0.22872672516710554,-0.26821468369828133,-0.2964694050401832,-0.3611874275304691,-0.2604894882501302,-0.35099893163005536,-0.2741124888502948,0.04761799011046466,67,-0.2601867716655649,-0.2585098526046442,-0.25742550039156104,-0.25126009038650926,-0.26309223766858686,-0.2526272743026266,-0.25144564076105985,-0.24500990942502782,-0.2532759518096228,-0.24602960743273417,-0.25388628364479376,0.005600694621867001
0.09809460639953613,0.01255872911206043,0.0239457368850708,0.005689226349520015,0.1,5000,2,0.1,auto,rbf,-1,"{'C': 0.1, 'cache_size': 5000, 'degree': 2, 'epsilon': 0.1, 'gamma': 'auto', 'kernel': 'rbf', 'max_iter': -1}",-0.21590209404813818,-0.2301838948178217,-0.23174659584203613,-0.2651880489079228,-0.21740425277646508,-0.26863783939510294,-0.290919840300838,-0.33407066287463333,-0.259149670365594,-0.3354243161024708,-0.26486272154310236,0.041765291357031234,47,-0.24700808132680346,-0.2467529894438099,-0.24438766333544104,-0.2405181958945562,-0.25057050506287953,-0.23975547857857332,-0.24261840087385333,-0.23664886126840612,-0.24198457310348256,-0.23533629511443216,-0.24255810440022377,0.004520701286574737
0.1252600908279419,0.016754756610075205,0.009060478210449219,0.002968256687902665,0.1,5000,2,0.1,auto,poly,-1,"{'C': 0.1, 'cache_size': 5000, 'degree': 2, 'epsilon': 0.1, 'gamma': 'auto', 'kernel': 'poly', 'max_iter': -1}",-0.22596718886032308,-0.22517552445922134,-0.23208423334373995,-0.26574581634396954,-0.22538542796525854,-0.2654231622417982,-0.2794255787482665,-0.35016535624066775,-0.25157681573581725,-0.3141488798017497,-0.26350979837408117,0.03974653317768869,39,-0.2437913408575212,-0.24376448822384583,-0.24168990042641567,-0.23866828750030464,-0.24621930766036995,-0.2378819193391817,-0.23752419991386306,-0.2331579700308376,-0.24035622057618358,-0.23337686235104282,-0.2396430496879566,0.0041473194054374544
0.09500763416290284,0.010770291135333036,0.009556317329406738,0.000912413837784481,0.1,5000,2,0.1,auto,sigmoid,-1,"{'C': 0.1, 'cache_size': 5000, 'degree': 2, 'epsilon': 0.1, 'gamma': 'auto', 'kernel': 'sigmoid', 'max_iter': -1}",-0.40177985993719434,-0.333426367442383,-0.35428549855603325,-0.4386744797981429,-0.35555121058972367,-0.4873791033434136,-0.4948586120792347,-0.458602883037031,-0.44157759224324583,-0.4164839372943588,-0.4182619544320761,0.0535998421815834,175,-0.43918597095734124,-0.4611692788388757,-0.47775989514064954,-0.43262756043268424,-0.44235390337635805,-0.41104951742935575,-0.4170053249369533,-0.4342490626918639,-0.41312969808767575,-0.43644739188395415,-0.43649776037757115,0.01986565011510849
0.9924415111541748,0.3738780238856197,0.006271004676818848,0.00045709445895074184,0.1,5000,2,0.2,scale,linear,-1,"{'C': 0.1, 'cache_size': 5000, 'degree': 2, 'epsilon': 0.2, 'gamma': 'scale', 'kernel': 'linear', 'max_iter': -1}",-0.20801671181411782,-0.23256951773911405,-0.25218389716631867,-0.2796363141573069,-0.2246467227983309,-0.2711829519280554,-0.3011551600044338,-0.36332211135191217,-0.2599236892183837,-0.37019199899112915,-0.2762829075169103,0.0520926483390478,77,-0.26332961287353013,-0.2590690830967777,-0.2581997149632889,-0.25456339262249794,-0.26406338082527614,-0.25583447695000505,-0.2523094463954148,-0.2471298838495147,-0.2550534967208678,-0.2461290821583877,-0.2555681570455561,0.005690832464347572
0.07108674049377442,0.0032758780219773504,0.017820191383361817,0.0009379166786319312,0.1,5000,2,0.2,scale,rbf,-1,"{'C': 0.1, 'cache_size': 5000, 'degree': 2, 'epsilon': 0.2, 'gamma': 'scale', 'kernel': 'rbf', 'max_iter': -1}",-0.2170362603735887,-0.2323560640024681,-0.2335816808490126,-0.2703929702878852,-0.21942672421326367,-0.27248766794344564,-0.29974756031317307,-0.3403784023463249,-0.25563682180927444,-0.3328265055763499,-0.26738706577147864,0.04246851780187763,53,-0.25284779189797363,-0.25001532275030985,-0.2486071465580926,-0.2443911527442015,-0.25216539824810236,-0.24362431129077777,-0.24417152169669923,-0.2386950383987929,-0.2461082245065746,-0.23602821171958233,-0.24566541198111067,0.005206642730839237
0.11211593151092529,0.010848493306400623,0.006722044944763183,0.0006783953556446156,0.1,5000,2,0.2,scale,poly,-1,"{'C': 0.1, 'cache_size': 5000, 'degree': 2, 'epsilon': 0.2, 'gamma': 'scale', 'kernel': 'poly', 'max_iter': -1}",-0.22382081617652058,-0.22971426386312493,-0.2364571279332946,-0.27330246729060725,-0.23259350342606003,-0.26895958240736084,-0.2986509450947787,-0.3556532955195553,-0.2546603113744377,-0.32965375451541984,-0.27034660676011596,0.04271048509057545,55,-0.2545367165670921,-0.2532054653775202,-0.2508546000445688,-0.24775226508850443,-0.255190081951111,-0.2468849174177626,-0.2436876027337394,-0.24025547564302063,-0.2485255980131814,-0.23966759469972648,-0.24805603175362273,0.005284170686002006
0.08200030326843262,0.010571392259527858,0.008266329765319824,0.0003996795648763169,0.1,5000,2,0.2,scale,sigmoid,-1,"{'C': 0.1, 'cache_size': 5000, 'degree': 2, 'epsilon': 0.2, 'gamma': 'scale', 'kernel': 'sigmoid', 'max_iter': -1}",-0.4106754519104998,-0.3224447072182471,-0.33427327176808935,-0.43481988210388084,-0.3604489867176109,-0.4899890747127001,-0.5030396587716361,-0.4905771747355347,-0.45970605568010553,-0.46403938267022415,-0.4270013646288529,0.06365535836626124,179,-0.42042623062402645,-0.4456903271944591,-0.43726111520964145,-0.43492364099614345,-0.4517086334742326,-0.40202928991903875,-0.4271969202183481,-0.46226548596624406,-0.41250141872600893,-0.48311602103376666,-0.437711908336191,0.022913163090538067
0.9839484930038452,0.41002449286519205,0.006173276901245117,0.0003994012516496872,0.1,5000,2,0.2,auto,linear,-1,"{'C': 0.1, 'cache_size': 5000, 'degree': 2, 'epsilon': 0.2, 'gamma': 'auto', 'kernel': 'linear', 'max_iter': -1}",-0.20801671181411782,-0.23256951773911405,-0.25218389716631867,-0.2796363141573069,-0.2246467227983309,-0.2711829519280554,-0.3011551600044338,-0.36332211135191217,-0.2599236892183837,-0.37019199899112915,-0.2762829075169103,0.0520926483390478,77,-0.26332961287353013,-0.2590690830967777,-0.2581997149632889,-0.25456339262249794,-0.26406338082527614,-0.25583447695000505,-0.2523094463954148,-0.2471298838495147,-0.2550534967208678,-0.2461290821583877,-0.2555681570455561,0.005690832464347572
0.08015670776367187,0.01052783543619329,0.020410537719726562,0.005617004652528637,0.1,5000,2,0.2,auto,rbf,-1,"{'C': 0.1, 'cache_size': 5000, 'degree': 2, 'epsilon': 0.2, 'gamma': 'auto', 'kernel': 'rbf', 'max_iter': -1}",-0.21699131672002697,-0.23239117038975943,-0.23346512097545047,-0.27058950829522066,-0.21941529451448077,-0.27261707900491033,-0.29975020775379624,-0.3405930997633983,-0.25565412490974027,-0.3321775743578272,-0.26736444966846107,0.04242169872824369,51,-0.2528410474002835,-0.24992152753890187,-0.24823094883342886,-0.24455210683594497,-0.25229554178179,-0.2436103710020494,-0.24433363822103313,-0.23905102457392838,-0.24617634219572895,-0.2365814016840961,-0.2457593950067185,0.005038087061437777
0.11486628055572509,0.008372086501213993,0.007220602035522461,0.001683282261208592,0.1,5000,2,0.2,auto,poly,-1,"{'C': 0.1, 'cache_size': 5000, 'degree': 2, 'epsilon': 0.2, 'gamma': 'auto', 'kernel': 'poly', 'max_iter': -1}",-0.22390295306353822,-0.22970240473885256,-0.2366819921253237,-0.27352497192347713,-0.2325537944945262,-0.2690528676976036,-0.29843835094478927,-0.35669493419361303,-0.2545934424681163,-0.3297604447683773,-0.27049061564182175,0.04290161013104255,60,-0.25442317851126267,-0.25305546282233593,-0.2503155703284915,-0.24800394822044558,-0.2553359823503513,-0.246737962274877,-0.24410852808977124,-0.24076329303289257,-0.248602168018286,-0.24078121529031693,-0.24821273089390306,0.004971122412143714
0.07784287929534912,0.004868584883576985,0.008568120002746583,0.0012941939159423481,0.1,5000,2,0.2,auto,sigmoid,-1,"{'C': 0.1, 'cache_size': 5000, 'degree': 2, 'epsilon': 0.2, 'gamma': 'auto', 'kernel': 'sigmoid', 'max_iter': -1}",-0.4229236720542216,-0.3242983667973301,-0.33937328170296865,-0.42737776810158096,-0.3560121958439056,-0.4950874337604484,-0.49163211281231284,-0.46021501250432995,-0.4515306736053042,-0.41311045138422375,-0.4181560968566626,0.05762904449814311,173,-0.428933727282616,-0.4482202411642822,-0.46049818399612447,-0.42704703289885076,-0.4468688267583706,-0.405797310647297,-0.41395331201705177,-0.42970695042569496,-0.4075149555308554,-0.42712424166480684,-0.42956647823859495,0.017064145827853667
0.7625025272369385,0.9018766676894068,0.00492243766784668,0.00046927040251864514,0.1,5000,2,0.5,scale,linear,-1,"{'C': 0.1, 'cache_size': 5000, 'degree': 2, 'epsilon': 0.5, 'gamma': 'scale', 'kernel': 'linear', 'max_iter': -1}",-0.19743030447338972,-0.2183311808795577,-0.22730979331016138,-0.26568420542575494,-0.20472180980516227,-0.266578619044324,-0.2648000441719511,-0.29473150076954496,-0.24984215792441375,-0.3081403107857959,-0.24975699265900558,0.035287349693261034,9,-0.2553232200414542,-0.25300144371597605,-0.25189569253640887,-0.24771926626954374,-0.2544575110836435,-0.24758490796191632,-0.2478525319063748,-0.2445283147762929,-0.24953157871727302,-0.2430564294125091,-0.2494950896421393,0.0039022687228363884
0.08781130313873291,0.015280308183192192,0.011847877502441406,0.004419052851163533,0.1,5000,2,0.5,scale,rbf,-1,"{'C': 0.1, 'cache_size': 5000, 'degree': 2, 'epsilon': 0.5, 'gamma': 'scale', 'kernel': 'rbf', 'max_iter': -1}",-0.1965536941184508,-0.21776071037695696,-0.22889255905543282,-0.2655474289103052,-0.2047626194028922,-0.268288886105551,-0.2666742137401085,-0.29702843192729966,-0.2501689265445529,-0.3130110442358295,-0.250868851441738,0.03662868273905281,21,-0.25207356321157837,-0.2494475706867951,-0.24847329030646148,-0.24480502608497137,-0.2509367546600142,-0.24389600921225418,-0.24421622471094667,-0.2409906841608185,-0.2463613997727597,-0.23881762095772574,-0.2460018143764325,0.004063368186280417
0.09778995513916015,0.008905401945135298,0.004280471801757812,0.0006378406253485779,0.1,5000,2,0.5,scale,poly,-1,"{'C': 0.1, 'cache_size': 5000, 'degree': 2, 'epsilon': 0.5, 'gamma': 'scale', 'kernel': 'poly', 'max_iter': -1}",-0.19851313919414412,-0.21676059593378974,-0.23062937495734043,-0.2677230749601567,-0.2047369647641046,-0.2685740042903978,-0.2770995842214892,-0.2999388227819243,-0.2501501146329808,-0.31398361317116996,-0.25281092889074974,0.037525997488974366,26,-0.2516484327555417,-0.24898590499255394,-0.24809030766850068,-0.24428626086109312,-0.25075284261257963,-0.24363932395470164,-0.24327171047850102,-0.24056393339823978,-0.24657342650958955,-0.23886620800414568,-0.24566783512354468,0.004042274959188834
0.05326976776123047,0.008185583253597578,0.006191444396972656,0.002178156260242529,0.1,5000,2,0.5,scale,sigmoid,-1,"{'C': 0.1, 'cache_size': 5000, 'degree': 2, 'epsilon': 0.5, 'gamma': 'scale', 'kernel': 'sigmoid', 'max_iter': -1}",-0.2950009391517634,-0.267041475437777,-0.2807337634554487,-0.3498535188165431,-0.25111552191895525,-0.33747975091464505,-0.39008349090135597,-0.33596280200626794,-0.376973166711609,-0.3677313091951772,-0.32519757385095427,0.04618854826233951,157,-0.32006195571473706,-0.34549207345772404,-0.32715847523237573,-0.4013668277773116,-0.3447655684313267,-0.35491005305020146,-0.3649951605610063,-0.337830710088631,-0.35928745445634186,-0.37735331862757865,-0.3533221597397235,0.022859225480775142
0.7563257694244385,0.8770798923666994,0.004579901695251465,0.00048754602556911475,0.1,5000,2,0.5,auto,linear,-1,"{'C': 0.1, 'cache_size': 5000, 'degree': 2, 'epsilon': 0.5, 'gamma': 'auto', 'kernel': 'linear', 'max_iter': -1}",-0.19743030447338972,-0.2183311808795577,-0.22730979331016138,-0.26568420542575494,-0.20472180980516227,-0.266578619044324,-0.2648000441719511,-0.29473150076954496,-0.24984215792441375,-0.3081403107857959,-0.24975699265900558,0.035287349693261034,9,-0.2553232200414542,-0.25300144371597605,-0.25189569253640887,-0.24771926626954374,-0.2544575110836435,-0.24758490796191632,-0.2478525319063748,-0.2445283147762929,-0.24953157871727302,-0.2430564294125091,-0.2494950896421393,0.0039022687228363884
0.08296759128570556,0.008268388707715988,0.009557509422302246,0.00048664920217142654,0.1,5000,2,0.5,auto,rbf,-1,"{'C': 0.1, 'cache_size': 5000, 'degree': 2, 'epsilon': 0.5, 'gamma': 'auto', 'kernel': 'rbf', 'max_iter': -1}",-0.19659098303721434,-0.2177622817129943,-0.22898964197204427,-0.2655688353448695,-0.20476555441041447,-0.2682759830507821,-0.26664936210533985,-0.29702713731616204,-0.25016205610403336,-0.3129284904656885,-0.2508720325519543,0.03660184919568132,23,-0.2520559770211025,-0.2494314420349734,-0.24838241206729403,-0.24484717698466785,-0.25097023479365554,-0.24387423688634052,-0.2442620376090375,-0.24109584447383375,-0.24637099713980953,-0.23904990233415815,-0.24603402613448727,0.004002222087334279
0.09113750457763672,0.010881952944596667,0.004679059982299805,0.0008952423809812875,0.1,5000,2,0.5,auto,poly,-1,"{'C': 0.1, 'cache_size': 5000, 'degree': 2, 'epsilon': 0.5, 'gamma': 'auto', 'kernel': 'poly', 'max_iter': -1}",-0.19854257710444595,-0.2167433339518268,-0.23070781076389402,-0.2676647577973854,-0.2047126020653165,-0.2686104144052808,-0.2761156300784769,-0.29983120990160617,-0.2501703340756022,-0.31367644129337313,-0.2526775111437208,0.037394656733517787,25,-0.25160689269583864,-0.2489600819869195,-0.2479680812564004,-0.24434111579271567,-0.25080940304293403,-0.24360209185839443,-0.2433819119046744,-0.24071880970089057,-0.24661450961432113,-0.23920938074174974,-0.24572122785948386,0.003951749510855833
0.05190973281860352,0.009551966344877262,0.005675172805786133,0.00045644747489103965,0.1,5000,2,0.5,auto,sigmoid,-1,"{'C': 0.1, 'cache_size': 5000, 'degree': 2, 'epsilon': 0.5, 'gamma': 'auto', 'kernel': 'sigmoid', 'max_iter': -1}",-0.29744386645296667,-0.2684689168968218,-0.28963527401593564,-0.32597819973036674,-0.2489756586178777,-0.33988839604620785,-0.3699007828662866,-0.31983348528538685,-0.36915241238693336,-0.34051141981287997,-0.31697884121116626,0.03846753481609805,153,-0.32194126609144336,-0.33983495732792834,-0.33895129437368104,-0.36124982691350116,-0.3419850674876008,-0.35764372084946916,-0.3468847999244647,-0.320057739894316,-0.3538668614163831,-0.3293125727036891,-0.34117281069824773,0.01353473945700818
0.8863695144653321,0.26493615789743885,0.007185125350952148,0.0003914760932768865,0.1,5000,3,0.1,scale,linear,-1,"{'C': 0.1, 'cache_size': 5000, 'degree': 3, 'epsilon': 0.1, 'gamma': 'scale', 'kernel': 'linear', 'max_iter': -1}",-0.20654474132524012,-0.23895686081067755,-0.2501884575247591,-0.27934816752604624,-0.22872672516710554,-0.26821468369828133,-0.2964694050401832,-0.3611874275304691,-0.2604894882501302,-0.35099893163005536,-0.2741124888502948,0.04761799011046466,67,-0.2601867716655649,-0.2585098526046442,-0.25742550039156104,-0.25126009038650926,-0.26309223766858686,-0.2526272743026266,-0.25144564076105985,-0.24500990942502782,-0.2532759518096228,-0.24602960743273417,-0.25388628364479376,0.005600694621867001
0.0893564224243164,0.007928911561692656,0.021704506874084473,0.0011608198595812688,0.1,5000,3,0.1,scale,rbf,-1,"{'C': 0.1, 'cache_size': 5000, 'degree': 3, 'epsilon': 0.1, 'gamma': 'scale', 'kernel': 'rbf', 'max_iter': -1}",-0.21589088196276174,-0.2300681892772377,-0.23187375054558534,-0.2651132841468643,-0.21739118430757765,-0.2685969608038668,-0.2908784315747097,-0.33427550831983543,-0.25916480092671595,-0.33579790169965995,-0.2649050893564814,0.041861590027584335,49,-0.24706452968506057,-0.24678548254299412,-0.24460172389451112,-0.24043773201446952,-0.25046002404422785,-0.23980437519799375,-0.24247626707479256,-0.23645579680202017,-0.2419197859490257,-0.2348189702196103,-0.24248246874247056,0.004629941784033258
0.19723076820373536,0.02315276867340629,0.007867193222045899,0.000659719461127539,0.1,5000,3,0.1,scale,poly,-1,"{'C': 0.1, 'cache_size': 5000, 'degree': 3, 'epsilon': 0.1, 'gamma': 'scale', 'kernel': 'poly', 'max_iter': -1}",-0.23129147165291963,-0.23600187982977536,-0.2344708141704919,-0.2640927209990742,-0.4223751986270399,-0.258179288651459,-0.4324190473726578,-1.47052097723504,-0.27306526544355414,-0.3366983056759247,-0.4159114969657936,0.35867761929082387,172,-0.2386972153302661,-0.23676152625700714,-0.23602011231708778,-0.23368258783174536,-0.23904258418176721,-0.2333435711692066,-0.22964205851157837,-0.22580412877310777,-0.23564593792305955,-0.2260447462636125,-0.23346844685584384,0.004572348005302031
0.09839563369750977,0.00965701501133387,0.009557485580444336,0.000661244032565507,0.1,5000,3,0.1,scale,sigmoid,-1,"{'C': 0.1, 'cache_size': 5000, 'degree': 3, 'epsilon': 0.1, 'gamma': 'scale', 'kernel': 'sigmoid', 'max_iter': -1}",-0.39790547065924414,-0.33004290246366613,-0.3325625638432822,-0.4447238006557828,-0.35613356179527655,-0.48396644800547084,-0.5081292000483759,-0.49879372193171734,-0.4448651321978408,-0.47255306408859965,-0.4269675865689256,0.06471281234752022,177,-0.42782877742278197,-0.4552369002703572,-0.44140440236928913,-0.44103719332609576,-0.4519324359902353,-0.4072517557094867,-0.4338584421481674,-0.47310805237480746,-0.41620530740128736,-0.4994947741509315,-0.44473580411634395,0.025716880532852215
0.9068457841873169,0.28551001685969446,0.006780433654785156,0.0004044877655771114,0.1,5000,3,0.1,auto,linear,-1,"{'C': 0.1, 'cache_size': 5000, 'degree': 3, 'epsilon': 0.1, 'gamma': 'auto', 'kernel': 'linear', 'max_iter': -1}",-0.20654474132524012,-0.23895686081067755,-0.2501884575247591,-0.27934816752604624,-0.22872672516710554,-0.26821468369828133,-0.2964694050401832,-0.3611874275304691,-0.2604894882501302,-0.35099893163005536,-0.2741124888502948,0.04761799011046466,67,-0.2601867716655649,-0.2585098526046442,-0.25742550039156104,-0.25126009038650926,-0.26309223766858686,-0.2526272743026266,-0.25144564076105985,-0.24500990942502782,-0.2532759518096228,-0.24602960743273417,-0.25388628364479376,0.005600694621867001
0.08829150199890137,0.004334155956650671,0.021903085708618163,0.003052827297133428,0.1,5000,3,0.1,auto,rbf,-1,"{'C': 0.1, 'cache_size': 5000, 'degree': 3, 'epsilon': 0.1, 'gamma': 'auto', 'kernel': 'rbf', 'max_iter': -1}",-0.21590209404813818,-0.2301838948178217,-0.23174659584203613,-0.2651880489079228,-0.21740425277646508,-0.26863783939510294,-0.290919840300838,-0.33407066287463333,-0.259149670365594,-0.3354243161024708,-0.26486272154310236,0.041765291357031234,47,-0.24700808132680346,-0.2467529894438099,-0.24438766333544104,-0.2405181958945562,-0.25057050506287953,-0.23975547857857332,-0.24261840087385333,-0.23664886126840612,-0.24198457310348256,-0.23533629511443216,-0.24255810440022377,0.004520701286574737
0.20332684516906738,0.026294172894065257,0.008604907989501953,0.0027104915284087033,0.1,5000,3,0.1,auto,poly,-1,"{'C': 0.1, 'cache_size': 5000, 'degree': 3, 'epsilon': 0.1, 'gamma': 'auto', 'kernel': 'poly', 'max_iter': -1}",-0.23144806131043527,-0.23621688756293835,-0.2350928726833902,-0.26429760433849564,-0.41741549208174483,-0.25827761785677145,-0.4361384486325276,-1.213349077596106,-0.2728002446322636,-0.3336807294710875,-0.3898717036165761,0.2834832634878587,171,-0.23850995048750365,-0.23660247221684275,-0.23533994785427564,-0.2339441482790359,-0.2392233561386265,-0.23319049372741843,-0.23004489543463766,-0.22644401039465165,-0.2358157895133807,-0.22749810579043275,-0.23366131698368053,0.004171454584618163
0.09224557876586914,0.008413033770836634,0.009332990646362305,0.0005107507530102395,0.1,5000,3,0.1,auto,sigmoid,-1,"{'C': 0.1, 'cache_size': 5000, 'degree': 3, 'epsilon': 0.1, 'gamma': 'auto', 'kernel': 'sigmoid', 'max_iter': -1}",-0.40177985993719434,-0.333426367442383,-0.35428549855603325,-0.4386744797981429,-0.35555121058972367,-0.4873791033434136,-0.4948586120792347,-0.458602883037031,-0.44157759224324583,-0.4164839372943588,-0.4182619544320761,0.0535998421815834,175,-0.43918597095734124,-0.4611692788388757,-0.47775989514064954,-0.43262756043268424,-0.44235390337635805,-0.41104951742935575,-0.4170053249369533,-0.4342490626918639,-0.41312969808767575,-0.43644739188395415,-0.43649776037757115,0.01986565011510849
0.9937846183776855,0.3568919728106188,0.006413936614990234,0.0004796197762697345,0.1,5000,3,0.2,scale,linear,-1,"{'C': 0.1, 'cache_size': 5000, 'degree': 3, 'epsilon': 0.2, 'gamma': 'scale', 'kernel': 'linear', 'max_iter': -1}",-0.20801671181411782,-0.23256951773911405,-0.25218389716631867,-0.2796363141573069,-0.2246467227983309,-0.2711829519280554,-0.3011551600044338,-0.36332211135191217,-0.2599236892183837,-0.37019199899112915,-0.2762829075169103,0.0520926483390478,77,-0.26332961287353013,-0.2590690830967777,-0.2581997149632889,-0.25456339262249794,-0.26406338082527614,-0.25583447695000505,-0.2523094463954148,-0.2471298838495147,-0.2550534967208678,-0.2461290821583877,-0.2555681570455561,0.005690832464347572
0.07509567737579345,0.005852052936713526,0.018320775032043456,0.001422022164854389,0.1,5000,3,0.2,scale,rbf,-1,"{'C': 0.1, 'cache_size': 5000, 'degree': 3, 'epsilon': 0.2, 'gamma': 'scale', 'kernel': 'rbf', 'max_iter': -1}",-0.2170362603735887,-0.2323560640024681,-0.2335816808490126,-0.2703929702878852,-0.21942672421326367,-0.27248766794344564,-0.29974756031317307,-0.3403784023463249,-0.25563682180927444,-0.3328265055763499,-0.26738706577147864,0.04246851780187763,53,-0.25284779189797363,-0.25001532275030985,-0.2486071465580926,-0.2443911527442015,-0.25216539824810236,-0.24362431129077777,-0.24417152169669923,-0.2386950383987929,-0.2461082245065746,-0.23602821171958233,-0.24566541198111067,0.005206642730839237
0.18994460105895997,0.022923724357216176,0.008036327362060548,0.003991106563091863,0.1,5000,3,0.2,scale,poly,-1,"{'C': 0.1, 'cache_size': 5000, 'degree': 3, 'epsilon': 0.2, 'gamma': 'scale', 'kernel': 'poly', 'max_iter': -1}",-0.22224560765218107,-0.23633024776768768,-0.2443422649295229,-0.27893475232238146,-0.29178755149728464,-0.26243878748391913,-0.5120572963020673,-0.7154821317435143,-0.26651921732571204,-0.3484359732746961,-0.33785738302989665,0.148945725194646,159,-0.25265399063396643,-0.24917303194140528,-0.24874806034578864,-0.24621596960219294,-0.2511962795198908,-0.2464452830057788,-0.24066651830855415,-0.2369190386608863,-0.24822904639784074,-0.2375613384305904,-0.2457808556846895,0.005251200813225719
0.08766093254089355,0.01192496725022712,0.008263516426086425,0.00045632543789000414,0.1,5000,3,0.2,scale,sigmoid,-1,"{'C': 0.1, 'cache_size': 5000, 'degree': 3, 'epsilon': 0.2, 'gamma': 'scale', 'kernel': 'sigmoid', 'max_iter': -1}",-0.4106754519104998,-0.3224447072182471,-0.33427327176808935,-0.43481988210388084,-0.3604489867176109,-0.4899890747127001,-0.5030396587716361,-0.4905771747355347,-0.45970605568010553,-0.46403938267022415,-0.4270013646288529,0.06365535836626124,179,-0.42042623062402645,-0.4456903271944591,-0.43726111520964145,-0.43492364099614345,-0.4517086334742326,-0.40202928991903875,-0.4271969202183481,-0.46226548596624406,-0.41250141872600893,-0.48311602103376666,-0.437711908336191,0.022913163090538067
0.965324878692627,0.37050225690629235,0.006522679328918457,0.00046982720008785,0.1,5000,3,0.2,auto,linear,-1,"{'C': 0.1, 'cache_size': 5000, 'degree': 3, 'epsilon': 0.2, 'gamma': 'auto', 'kernel': 'linear', 'max_iter': -1}",-0.20801671181411782,-0.23256951773911405,-0.25218389716631867,-0.2796363141573069,-0.2246467227983309,-0.2711829519280554,-0.3011551600044338,-0.36332211135191217,-0.2599236892183837,-0.37019199899112915,-0.2762829075169103,0.0520926483390478,77,-0.26332961287353013,-0.2590690830967777,-0.2581997149632889,-0.25456339262249794,-0.26406338082527614,-0.25583447695000505,-0.2523094463954148,-0.2471298838495147,-0.2550534967208678,-0.2461290821583877,-0.2555681570455561,0.005690832464347572
0.07452847957611083,0.005366063905474387,0.020461487770080566,0.005029925536371676,0.1,5000,3,0.2,auto,rbf,-1,"{'C': 0.1, 'cache_size': 5000, 'degree': 3, 'epsilon': 0.2, 'gamma': 'auto', 'kernel': 'rbf', 'max_iter': -1}",-0.21699131672002697,-0.23239117038975943,-0.23346512097545047,-0.27058950829522066,-0.21941529451448077,-0.27261707900491033,-0.29975020775379624,-0.3405930997633983,-0.25565412490974027,-0.3321775743578272,-0.26736444966846107,0.04242169872824369,51,-0.2528410474002835,-0.24992152753890187,-0.24823094883342886,-0.24455210683594497,-0.25229554178179,-0.2436103710020494,-0.24433363822103313,-0.23905102457392838,-0.24617634219572895,-0.2365814016840961,-0.2457593950067185,0.005038087061437777
0.1793116807937622,0.026694057095799535,0.008465909957885742,0.005876770558091706,0.1,5000,3,0.2,auto,poly,-1,"{'C': 0.1, 'cache_size': 5000, 'degree': 3, 'epsilon': 0.2, 'gamma': 'auto', 'kernel': 'poly', 'max_iter': -1}",-0.22240798873196663,-0.2362770433902378,-0.2449341152486114,-0.278803940092952,-0.2892775192409648,-0.26251493720775315,-0.5082387212441073,-0.7616837668605061,-0.26632393785978337,-0.34628367891823564,-0.3416745648795118,0.1604701186144355,162,-0.2524520261590063,-0.24898246214478828,-0.24813237555016374,-0.24647967947149882,-0.2514137258253752,-0.24628025561893235,-0.2411681414453376,-0.23765027130175354,-0.24840949444416227,-0.23923071115814987,-0.24601991431191678,0.0047893382208550155
0.07805531024932862,0.00423160996377058,0.008566665649414062,0.0016413949365148431,0.1,5000,3,0.2,auto,sigmoid,-1,"{'C': 0.1, 'cache_size': 5000, 'degree': 3, 'epsilon': 0.2, 'gamma': 'auto', 'kernel': 'sigmoid', 'max_iter': -1}",-0.4229236720542216,-0.3242983667973301,-0.33937328170296865,-0.42737776810158096,-0.3560121958439056,-0.4950874337604484,-0.49163211281231284,-0.46021501250432995,-0.4515306736053042,-0.41311045138422375,-0.4181560968566626,0.05762904449814311,173,-0.428933727282616,-0.4482202411642822,-0.46049818399612447,-0.42704703289885076,-0.4468688267583706,-0.405797310647297,-0.41395331201705177,-0.42970695042569496,-0.4075149555308554,-0.42712424166480684,-0.42956647823859495,0.017064145827853667
0.7882349491119385,0.8788523367693645,0.0045811176300048825,0.0006597514699116813,0.1,5000,3,0.5,scale,linear,-1,"{'C': 0.1, 'cache_size': 5000, 'degree': 3, 'epsilon': 0.5, 'gamma': 'scale', 'kernel': 'linear', 'max_iter': -1}",-0.19743030447338972,-0.2183311808795577,-0.22730979331016138,-0.26568420542575494,-0.20472180980516227,-0.266578619044324,-0.2648000441719511,-0.29473150076954496,-0.24984215792441375,-0.3081403107857959,-0.24975699265900558,0.035287349693261034,9,-0.2553232200414542,-0.25300144371597605,-0.25189569253640887,-0.24771926626954374,-0.2544575110836435,-0.24758490796191632,-0.2478525319063748,-0.2445283147762929,-0.24953157871727302,-0.2430564294125091,-0.2494950896421393,0.0039022687228363884
0.08458802700042725,0.007710536935765739,0.009657192230224609,0.0006376300534104066,0.1,5000,3,0.5,scale,rbf,-1,"{'C': 0.1, 'cache_size': 5000, 'degree': 3, 'epsilon': 0.5, 'gamma': 'scale', 'kernel': 'rbf', 'max_iter': -1}",-0.1965536941184508,-0.21776071037695696,-0.22889255905543282,-0.2655474289103052,-0.2047626194028922,-0.268288886105551,-0.2666742137401085,-0.29702843192729966,-0.2501689265445529,-0.3130110442358295,-0.250868851441738,0.03662868273905281,21,-0.25207356321157837,-0.2494475706867951,-0.24847329030646148,-0.24480502608497137,-0.2509367546600142,-0.24389600921225418,-0.24421622471094667,-0.2409906841608185,-0.2463613997727597,-0.23881762095772574,-0.2460018143764325,0.004063368186280417
0.11431276798248291,0.02091644564151781,0.004778861999511719,0.0005975169924196856,0.1,5000,3,0.5,scale,poly,-1,"{'C': 0.1, 'cache_size': 5000, 'degree': 3, 'epsilon': 0.5, 'gamma': 'scale', 'kernel': 'poly', 'max_iter': -1}",-0.19970643680209585,-0.21868244436987708,-0.23435076215166728,-0.2668070537567116,-0.20098144887190939,-0.2648370158950098,-0.3224747068391372,-0.3112564316903627,-0.24691234969357573,-0.33745694551881517,-0.26034655955891617,0.04717333399078004,38,-0.24771855642220106,-0.24522658706391082,-0.24493822106873006,-0.24185224085861992,-0.2473088783241279,-0.240406949454166,-0.2404017979602596,-0.23641867414216322,-0.24406307948188666,-0.2355906655942965,-0.24239256503703616,0.003999874573412688
0.05851449966430664,0.01319788134521561,0.005570769309997559,0.000664374641045098,0.1,5000,3,0.5,scale,sigmoid,-1,"{'C': 0.1, 'cache_size': 5000, 'degree': 3, 'epsilon': 0.5, 'gamma': 'scale', 'kernel': 'sigmoid', 'max_iter': -1}",-0.2950009391517634,-0.267041475437777,-0.2807337634554487,-0.3498535188165431,-0.25111552191895525,-0.33747975091464505,-0.39008349090135597,-0.33596280200626794,-0.376973166711609,-0.3677313091951772,-0.32519757385095427,0.04618854826233951,157,-0.32006195571473706,-0.34549207345772404,-0.32715847523237573,-0.4013668277773116,-0.3447655684313267,-0.35491005305020146,-0.3649951605610063,-0.337830710088631,-0.35928745445634186,-0.37735331862757865,-0.3533221597397235,0.022859225480775142
0.7710347652435303,0.8818764021112653,0.0045311212539672855,0.0004694778990844235,0.1,5000,3,0.5,auto,linear,-1,"{'C': 0.1, 'cache_size': 5000, 'degree': 3, 'epsilon': 0.5, 'gamma': 'auto', 'kernel': 'linear', 'max_iter': -1}",-0.19743030447338972,-0.2183311808795577,-0.22730979331016138,-0.26568420542575494,-0.20472180980516227,-0.266578619044324,-0.2648000441719511,-0.29473150076954496,-0.24984215792441375,-0.3081403107857959,-0.24975699265900558,0.035287349693261034,9,-0.2553232200414542,-0.25300144371597605,-0.25189569253640887,-0.24771926626954374,-0.2544575110836435,-0.24758490796191632,-0.2478525319063748,-0.2445283147762929,-0.24953157871727302,-0.2430564294125091,-0.2494950896421393,0.0039022687228363884
0.08173873424530029,0.007508141326136229,0.010164380073547363,0.0007391612829179118,0.1,5000,3,0.5,auto,rbf,-1,"{'C': 0.1, 'cache_size': 5000, 'degree': 3, 'epsilon': 0.5, 'gamma': 'auto', 'kernel': 'rbf', 'max_iter': -1}",-0.19659098303721434,-0.2177622817129943,-0.22898964197204427,-0.2655688353448695,-0.20476555441041447,-0.2682759830507821,-0.26664936210533985,-0.29702713731616204,-0.25016205610403336,-0.3129284904656885,-0.2508720325519543,0.03660184919568132,23,-0.2520559770211025,-0.2494314420349734,-0.24838241206729403,-0.24484717698466785,-0.25097023479365554,-0.24387423688634052,-0.2442620376090375,-0.24109584447383375,-0.24637099713980953,-0.23904990233415815,-0.24603402613448727,0.004002222087334279
0.11405720710754394,0.022810684712757476,0.004579710960388184,0.0004885619985514966,0.1,5000,3,0.5,auto,poly,-1,"{'C': 0.1, 'cache_size': 5000, 'degree': 3, 'epsilon': 0.5, 'gamma': 'auto', 'kernel': 'poly', 'max_iter': -1}",-0.19977929593929283,-0.21878952197264204,-0.2348853361301402,-0.2667633578573117,-0.20100917602535712,-0.264877114128224,-0.32180362617419533,-0.3099002997698036,-0.24690730165633332,-0.33498017283883463,-0.2599695202492135,0.0464846141289173,37,-0.24761282542592802,-0.24514371032845175,-0.24475983846627747,-0.24192946727096348,-0.2474079681498699,-0.24030139394337632,-0.2406225523779153,-0.23683671020343305,-0.24413243827616118,-0.2361200033781875,-0.24248669078205642,0.0038268745307139403
0.05571403503417969,0.027355546592940913,0.006970262527465821,0.0030189783532182314,0.1,5000,3,0.5,auto,sigmoid,-1,"{'C': 0.1, 'cache_size': 5000, 'degree': 3, 'epsilon': 0.5, 'gamma': 'auto', 'kernel': 'sigmoid', 'max_iter': -1}",-0.29744386645296667,-0.2684689168968218,-0.28963527401593564,-0.32597819973036674,-0.2489756586178777,-0.33988839604620785,-0.3699007828662866,-0.31983348528538685,-0.36915241238693336,-0.34051141981287997,-0.31697884121116626,0.03846753481609805,153,-0.32194126609144336,-0.33983495732792834,-0.33895129437368104,-0.36124982691350116,-0.3419850674876008,-0.35764372084946916,-0.3468847999244647,-0.320057739894316,-0.3538668614163831,-0.3293125727036891,-0.34117281069824773,0.01353473945700818
4.847273135185242,1.5666916817068497,0.007319760322570801,0.0006315959088945017,0.5,5000,2,0.1,scale,linear,-1,"{'C': 0.5, 'cache_size': 5000, 'degree': 2, 'epsilon': 0.1, 'gamma': 'scale', 'kernel': 'linear', 'max_iter': -1}",-0.2098161632716005,-0.23996215119406894,-0.2551900448276854,-0.282495899847563,-0.23317773720799162,-0.26932193447636066,-0.29353382792813565,-0.3656005426104573,-0.26163899331105067,-0.37005944813746305,-0.2780796742812377,0.050377058958721806,83,-0.2604917643362329,-0.2579834949526175,-0.25610685239193876,-0.2517010789694114,-0.26439352597591265,-0.25298170526461633,-0.25046741871898304,-0.2448669614791126,-0.2524130315277942,-0.2459347906738434,-0.2537340624290463,0.00582707279122332
0.136466383934021,0.005682591449775713,0.020461773872375487,0.0009527138191533469,0.5,5000,2,0.1,scale,rbf,-1,"{'C': 0.5, 'cache_size': 5000, 'degree': 2, 'epsilon': 0.1, 'gamma': 'scale', 'kernel': 'rbf', 'max_iter': -1}",-0.22885621317224222,-0.24521634965993408,-0.23973438065976305,-0.2566893859936417,-0.22638181034504604,-0.2834666512410791,-0.29461097083149707,-0.3492158298596972,-0.2714451194140519,-0.3439714358057628,-0.27395881469827155,0.04205009509521844,65,-0.23046160296619814,-0.2277987478867676,-0.22671577092516665,-0.22424868516640337,-0.23006415835279237,-0.22168707850905228,-0.22190166946112158,-0.21864613803077132,-0.22351419154570046,-0.21567420609808574,-0.22407122489420592,0.0045641497555713355
0.269338059425354,0.033084720130400404,0.007667183876037598,0.00038263135488700767,0.5,5000,2,0.1,scale,poly,-1,"{'C': 0.5, 'cache_size': 5000, 'degree': 2, 'epsilon': 0.1, 'gamma': 'scale', 'kernel': 'poly', 'max_iter': -1}",-0.2429510350832176,-0.24259758139609608,-0.23635844219874758,-0.27734704857632725,-0.26417800991180573,-0.2837302149985426,-0.3119648663849774,-0.3511511930776452,-0.26947295200426485,-0.3447656240347326,-0.2824516967666357,0.03908577989093816,118,-0.2343058612576391,-0.231343432682926,-0.2315978230026008,-0.22982577481962854,-0.2373947816836159,-0.22701105606216462,-0.2259617284465708,-0.2247643603497955,-0.23100995527651533,-0.2214652124414431,-0.22946799860228997,0.00448661498750678
0.12830440998077391,0.010950651430132729,0.012197637557983398,0.0047292801987099,0.5,5000,2,0.1,scale,sigmoid,-1,"{'C': 0.5, 'cache_size': 5000, 'degree': 2, 'epsilon': 0.1, 'gamma': 'scale', 'kernel': 'sigmoid', 'max_iter': -1}",-12.289788145851107,-7.966263340300784,-3.278274144428801,-9.465433774069801,-12.987221687797614,-15.656679271391942,-22.45813265227558,-14.505709665854827,-23.719420606424578,-18.93987418227884,-14.126679747067389,6.075554060904752,203,-14.89468029101591,-16.381662385782352,-15.293271740634896,-17.18821669232757,-15.076733519766286,-14.12020273952576,-13.802259199136742,-15.81616164694922,-13.926742968982769,-19.166028725679514,-15.566595990980105,1.580265285839279
4.834089612960815,1.555584652261244,0.008396244049072266,0.0031114267167218984,0.5,5000,2,0.1,auto,linear,-1,"{'C': 0.5, 'cache_size': 5000, 'degree': 2, 'epsilon': 0.1, 'gamma': 'auto', 'kernel': 'linear', 'max_iter': -1}",-0.2098161632716005,-0.23996215119406894,-0.2551900448276854,-0.282495899847563,-0.23317773720799162,-0.26932193447636066,-0.29353382792813565,-0.3656005426104573,-0.26163899331105067,-0.37005944813746305,-0.2780796742812377,0.050377058958721806,83,-0.2604917643362329,-0.2579834949526175,-0.25610685239193876,-0.2517010789694114,-0.26439352597591265,-0.25298170526461633,-0.25046741871898304,-0.2448669614791126,-0.2524130315277942,-0.2459347906738434,-0.2537340624290463,0.00582707279122332
0.14019901752471925,0.009621454536292486,0.020207738876342772,0.001180230005359184,0.5,5000,2,0.1,auto,rbf,-1,"{'C': 0.5, 'cache_size': 5000, 'degree': 2, 'epsilon': 0.1, 'gamma': 'auto', 'kernel': 'rbf', 'max_iter': -1}",-0.22879633211751152,-0.2452042527079745,-0.23993940200469555,-0.2567506455274611,-0.22635953817330118,-0.2835442867440531,-0.29472478867341984,-0.3485426327080175,-0.2713562095075516,-0.34299014710269066,-0.27382082352666764,0.04176525849327479,63,-0.23027299122507772,-0.22765015711637235,-0.22619769163937944,-0.22441997474788647,-0.23025276286983826,-0.22149386223121936,-0.2223369305166277,-0.21926279925808412,-0.22365446375379336,-0.21727056684511764,-0.22428122002033962,0.004157869082812853
0.26434788703918455,0.028490415767858063,0.00875260829925537,0.004571228656280844,0.5,5000,2,0.1,auto,poly,-1,"{'C': 0.5, 'cache_size': 5000, 'degree': 2, 'epsilon': 0.1, 'gamma': 'auto', 'kernel': 'poly', 'max_iter': -1}",-0.24323267215573277,-0.24272187117722324,-0.2372081120152922,-0.2771821588724945,-0.2631574244909569,-0.2840291637181554,-0.310422429646268,-0.34880441779278465,-0.2694205648561994,-0.34041102496117676,-0.2816589839686284,0.03778088662461861,105,-0.23420661777110088,-0.2312221871224093,-0.2311453124371193,-0.2299905961477141,-0.23754608878512132,-0.22693182598840944,-0.22635090613787792,-0.22513318592435175,-0.23109856348570748,-0.22252985114048104,-0.22961551349402926,0.004235466720539632
0.11734042167663575,0.01018392101420097,0.009458398818969727,0.0004980217856335687,0.5,5000,2,0.1,auto,sigmoid,-1,"{'C': 0.5, 'cache_size': 5000, 'degree': 2, 'epsilon': 0.1, 'gamma': 'auto', 'kernel': 'sigmoid', 'max_iter': -1}",-12.536030576175818,-8.19328767812508,-3.650005618390281,-9.015978957673116,-12.566453314665786,-15.365830593029994,-21.957059220155486,-13.291360414784032,-23.052130426817687,-14.994393875603413,-13.46225306754207,5.617825571567516,199,-15.286701257566685,-16.78858958483222,-16.541397653939335,-16.5323618943956,-14.597342158271964,-13.74639136418027,-13.044378497698947,-14.341524468409535,-13.604174542103081,-15.767649233505944,-15.025051065490356,1.2856259933624479
4.924441337585449,1.2885091775688426,0.006651973724365235,0.00060010964396895,0.5,5000,2,0.2,scale,linear,-1,"{'C': 0.5, 'cache_size': 5000, 'degree': 2, 'epsilon': 0.2, 'gamma': 'scale', 'kernel': 'linear', 'max_iter': -1}",-0.20555106544436086,-0.23379587764196363,-0.25553007220784635,-0.27488809768039946,-0.2310864691506388,-0.26891188786887305,-0.30059281608159877,-0.36104111732542055,-0.2617930911772902,-0.4311655124026208,-0.28243560069810125,0.063978717050556,114,-0.2632323388151259,-0.2591749280729002,-0.25740460793229625,-0.254343679003183,-0.2647018358451383,-0.2546085517764573,-0.2523910268568399,-0.24656787378869394,-0.255492688652203,-0.24550949467563407,-0.2553427025418472,0.005939180500882566
0.1369260549545288,0.013262031663294467,0.019116473197937012,0.004953737737754532,0.5,5000,2,0.2,scale,rbf,-1,"{'C': 0.5, 'cache_size': 5000, 'degree': 2, 'epsilon': 0.2, 'gamma': 'scale', 'kernel': 'rbf', 'max_iter': -1}",-0.216078455144065,-0.23485001831824165,-0.23978875145985423,-0.25939431906405575,-0.22074856669075246,-0.28590786201743196,-0.2944259315307596,-0.3492977312523988,-0.26426391155438084,-0.3394438327921471,-0.2704199379824087,0.04425534931811177,58,-0.2313161141004157,-0.22626701357563864,-0.22649357602759565,-0.2256776499813314,-0.22898210985807446,-0.2221605567179011,-0.2198045949577452,-0.21778969253781238,-0.2242561538162613,-0.21437012755402454,-0.22371175891268008,0.004940049071378769
0.22967054843902587,0.027569604308222643,0.006720590591430664,0.0006788707260061631,0.5,5000,2,0.2,scale,poly,-1,"{'C': 0.5, 'cache_size': 5000, 'degree': 2, 'epsilon': 0.2, 'gamma': 'scale', 'kernel': 'poly', 'max_iter': -1}",-0.2334970884422515,-0.24034578996050646,-0.24355221859740442,-0.27214970378263087,-0.2331531810855118,-0.2823423947055977,-0.3346839446978405,-0.37183015964087046,-0.2686005313495122,-0.3496499092816784,-0.2829804921543804,0.048621489871722386,127,-0.23854481507119682,-0.23525593544331327,-0.23693530338165184,-0.23589643138477218,-0.24054303511403213,-0.23258742193758442,-0.2301944613552611,-0.2275868632152329,-0.23370165575681207,-0.22496610708112008,-0.2336212029740977,0.004638185718361772
0.12282283306121826,0.02026478422233815,0.009656643867492676,0.0008966625410153723,0.5,5000,2,0.2,scale,sigmoid,-1,"{'C': 0.5, 'cache_size': 5000, 'degree': 2, 'epsilon': 0.2, 'gamma': 'scale', 'kernel': 'sigmoid', 'max_iter': -1}",-12.106522782096977,-7.948640037512953,-3.3459126272667628,-9.18543293146841,-12.352834323096358,-15.033836366241719,-22.757142148066933,-14.862783602168477,-23.229520075199225,-18.34348797418795,-13.916611286730577,6.017376052266467,201,-14.654324475131242,-16.12243830085052,-14.77457825894497,-16.78280858878573,-15.665925633735696,-13.368153270041878,-13.666575552052418,-15.772075679741203,-13.688642712737062,-18.592726998223586,-15.30882494702443,1.541515481149873
4.919824934005737,1.1959907612872434,0.00753474235534668,0.0034924656477113803,0.5,5000,2,0.2,auto,linear,-1,"{'C': 0.5, 'cache_size': 5000, 'degree': 2, 'epsilon': 0.2, 'gamma': 'auto', 'kernel': 'linear', 'max_iter': -1}",-0.20555106544436086,-0.23379587764196363,-0.25553007220784635,-0.27488809768039946,-0.2310864691506388,-0.26891188786887305,-0.30059281608159877,-0.36104111732542055,-0.2617930911772902,-0.4311655124026208,-0.28243560069810125,0.063978717050556,114,-0.2632323388151259,-0.2591749280729002,-0.25740460793229625,-0.254343679003183,-0.2647018358451383,-0.2546085517764573,-0.2523910268568399,-0.24656787378869394,-0.255492688652203,-0.24550949467563407,-0.2553427025418472,0.005939180500882566
0.12999284267425537,0.005271115305489663,0.017624878883361818,0.0007476811464494249,0.5,5000,2,0.2,auto,rbf,-1,"{'C': 0.5, 'cache_size': 5000, 'degree': 2, 'epsilon': 0.2, 'gamma': 'auto', 'kernel': 'rbf', 'max_iter': -1}",-0.2160014568822115,-0.23489045988618426,-0.23982476165445082,-0.25957801164092353,-0.22059622334574155,-0.28609275231612713,-0.29463618430528454,-0.3495963049361947,-0.26420595757972204,-0.33830597129745354,-0.2703728083844294,0.044167629842892804,56,-0.23110799980570254,-0.2261591942287705,-0.2258524010832719,-0.225949954367593,-0.22915566520994998,-0.22203213474613717,-0.22037714440883444,-0.21858092359914605,-0.22440723544731844,-0.2159340272355258,-0.22395566801322495,0.004478509193335259
0.231648588180542,0.017435897568880473,0.006835675239562989,0.0009446944141375751,0.5,5000,2,0.2,auto,poly,-1,"{'C': 0.5, 'cache_size': 5000, 'degree': 2, 'epsilon': 0.2, 'gamma': 'auto', 'kernel': 'poly', 'max_iter': -1}",-0.23362030681642124,-0.24057103161012164,-0.24428695624474991,-0.2721299512446093,-0.23300218142638915,-0.2824506173435735,-0.33438348033634496,-0.37457163306325586,-0.2683492035134447,-0.34707248940559865,-0.28304378510045086,0.048683723620954626,128,-0.2382605992191641,-0.23503801290162504,-0.2362876402375888,-0.23615435166624013,-0.2407251560131505,-0.23240213772736537,-0.23057485325591218,-0.22812694343381013,-0.23381996258685997,-0.22706751002101055,-0.2338457167062727,0.0041347770649958785
0.10767898559570313,0.0059999246092416365,0.009358930587768554,0.00048775046619866193,0.5,5000,2,0.2,auto,sigmoid,-1,"{'C': 0.5, 'cache_size': 5000, 'degree': 2, 'epsilon': 0.2, 'gamma': 'auto', 'kernel': 'sigmoid', 'max_iter': -1}",-12.436809941099087,-8.138268282959627,-3.6731122598762167,-8.814087309056253,-11.845757829344455,-15.212432460290364,-21.548266114566044,-13.162228321477308,-22.870643315955938,-14.885516860965215,-13.258712269559052,5.5507483747436765,197,-15.053442198439832,-16.480852751702233,-16.217042434694953,-16.178283514768435,-15.200313310815984,-13.585618489081257,-12.882264410832425,-14.146408673659497,-13.439675131127151,-15.562241896895303,-14.874614281201707,1.2211822874179272
2.552028703689575,4.235139413232005,0.00493016242980957,0.0005673715430354827,0.5,5000,2,0.5,scale,linear,-1,"{'C': 0.5, 'cache_size': 5000, 'degree': 2, 'epsilon': 0.5, 'gamma': 'scale', 'kernel': 'linear', 'max_iter': -1}",-0.19735912582751902,-0.21832362063029545,-0.22730541370550902,-0.2657018419164307,-0.20478170023978645,-0.26660404303470986,-0.26479977223512624,-0.294736691304832,-0.2498369109446327,-0.3081183993251313,-0.24975675191639723,0.03529025879408538,5,-0.25531789282321243,-0.25300262316567973,-0.25184670548861715,-0.24771855633844048,-0.25445697194176836,-0.24757656222990734,-0.24788970119032303,-0.24451467637290905,-0.2495140175756776,-0.24306499598571069,-0.2494902703112246,0.003897730598833717
0.14167404174804688,0.014303391126267086,0.01050572395324707,0.0008436598920490674,0.5,5000,2,0.5,scale,rbf,-1,"{'C': 0.5, 'cache_size': 5000, 'degree': 2, 'epsilon': 0.5, 'gamma': 'scale', 'kernel': 'rbf', 'max_iter': -1}",-0.19852916589038747,-0.2209928692603665,-0.23549785268539966,-0.2643242905661912,-0.20563731756227988,-0.27719172495331273,-0.2715216267421024,-0.2967978556750731,-0.25045820920054146,-0.3268159129687205,-0.2547766825504375,0.03865170457570456,29,-0.24158776754116892,-0.23832411570926545,-0.23753375413016647,-0.2359145445998354,-0.23934788036379331,-0.2323689342438305,-0.23372315290837908,-0.23049829417260964,-0.23624083903545343,-0.2269584124503008,-0.23524976951548032,0.0041834191337699585
0.19946279525756835,0.032348002323148745,0.004779911041259766,0.0005997791920370513,0.5,5000,2,0.5,scale,poly,-1,"{'C': 0.5, 'cache_size': 5000, 'degree': 2, 'epsilon': 0.5, 'gamma': 'scale', 'kernel': 'poly', 'max_iter': -1}",-0.2033189502206561,-0.22502037011684958,-0.23920553809639528,-0.2744158599762024,-0.20084438356992143,-0.27463315101108504,-0.2916067288597329,-0.30433275794004705,-0.246551610908098,-0.3272012708294412,-0.2587130621528429,0.04053978941129136,32,-0.2430595091710836,-0.23992949153012713,-0.24069780203508312,-0.237298764460397,-0.24227267005305625,-0.23502167804515353,-0.2363935248188729,-0.23273670326764442,-0.2394976308008807,-0.23090625984958393,-0.2377814034031883,0.0038286656472590226
0.10597996711730957,0.012344317820462336,0.009260034561157227,0.001000776020710484,0.5,5000,2,0.5,scale,sigmoid,-1,"{'C': 0.5, 'cache_size': 5000, 'degree': 2, 'epsilon': 0.5, 'gamma': 'scale', 'kernel': 'sigmoid', 'max_iter': -1}",-11.281246038694876,-7.422095910771943,-3.2645157339137474,-8.533252117289594,-11.107006004889078,-12.071690962074927,-20.8342741981743,-14.2177496537466,-20.432381445352227,-17.46106305691426,-12.662527512182155,5.386140277271662,195,-13.50580501648497,-14.724405813208433,-13.699199708068301,-15.155966603622018,-14.458084709982327,-12.402416076971333,-12.84775793095653,-14.394843359305291,-13.138769450509338,-17.30940130170607,-14.163664997081463,1.3366900855235895
2.80166118144989,4.925654315581306,0.004474043846130371,0.0004851229002758107,0.5,5000,2,0.5,auto,linear,-1,"{'C': 0.5, 'cache_size': 5000, 'degree': 2, 'epsilon': 0.5, 'gamma': 'auto', 'kernel': 'linear', 'max_iter': -1}",-0.19735912582751902,-0.21832362063029545,-0.22730541370550902,-0.2657018419164307,-0.20478170023978645,-0.26660404303470986,-0.26479977223512624,-0.294736691304832,-0.2498369109446327,-0.3081183993251313,-0.24975675191639723,0.03529025879408538,5,-0.25531789282321243,-0.25300262316567973,-0.25184670548861715,-0.24771855633844048,-0.25445697194176836,-0.24757656222990734,-0.24788970119032303,-0.24451467637290905,-0.2495140175756776,-0.24306499598571069,-0.2494902703112246,0.003897730598833717
0.13717737197875976,0.013297843265835049,0.010206508636474609,0.0007469327443417773,0.5,5000,2,0.5,auto,rbf,-1,"{'C': 0.5, 'cache_size': 5000, 'degree': 2, 'epsilon': 0.5, 'gamma': 'auto', 'kernel': 'rbf', 'max_iter': -1}",-0.19854754905740826,-0.22104105233075402,-0.2357401355944231,-0.26440055240113175,-0.20562288252259525,-0.2772381059156139,-0.27143126814133817,-0.296822703938125,-0.2504431744287142,-0.325941575014209,-0.25472289993443126,0.038475790062630855,27,-0.24148479330641753,-0.23822466675929366,-0.2371768100208004,-0.23604844113147788,-0.23948248305269157,-0.2322648211305702,-0.23395951074029425,-0.23092374961752277,-0.23630881741794074,-0.227880111672793,-0.23537542048498022,0.00393137953998224
0.18892900943756102,0.02533054269428088,0.004877138137817383,0.0008263770086038944,0.5,5000,2,0.5,auto,poly,-1,"{'C': 0.5, 'cache_size': 5000, 'degree': 2, 'epsilon': 0.5, 'gamma': 'auto', 'kernel': 'poly', 'max_iter': -1}",-0.2034559581932568,-0.22510363785162968,-0.23943413354282653,-0.27423957128633686,-0.20084301650960634,-0.2747063630910746,-0.2913903511128854,-0.3042119236489432,-0.24659105653809107,-0.3259057103771981,-0.2585881722151849,0.04024923477969907,31,-0.24296089831583995,-0.2398597264542813,-0.24035522498191134,-0.23744159904654438,-0.2423791527741744,-0.23491709781194625,-0.23660716232731313,-0.23313913060375036,-0.2395558966621359,-0.23175629147533197,-0.23789721804532293,0.003598282551131862
0.10877728462219238,0.0193134101304617,0.00925617218017578,0.0016695333167100256,0.5,5000,2,0.5,auto,sigmoid,-1,"{'C': 0.5, 'cache_size': 5000, 'degree': 2, 'epsilon': 0.5, 'gamma': 'auto', 'kernel': 'sigmoid', 'max_iter': -1}",-11.631170845028754,-7.627859319686213,-3.6804596468713298,-8.074031261374198,-10.87885346509688,-12.68160963914246,-16.966385282622387,-12.386524607817508,-19.85158026611018,-13.797901643900703,-11.75763759776506,4.412572313911123,193,-13.909730407431253,-15.026741026935019,-15.074860447095109,-14.47951705482795,-14.003905479004368,-12.891221565083695,-12.445675353665491,-12.906467252822482,-12.821921703283621,-14.248859103834471,-13.780889939398346,0.9087606014994013
4.993043065071106,1.4958899420547742,0.007068562507629395,0.0003009972203430261,0.5,5000,3,0.1,scale,linear,-1,"{'C': 0.5, 'cache_size': 5000, 'degree': 3, 'epsilon': 0.1, 'gamma': 'scale', 'kernel': 'linear', 'max_iter': -1}",-0.2098161632716005,-0.23996215119406894,-0.2551900448276854,-0.282495899847563,-0.23317773720799162,-0.26932193447636066,-0.29353382792813565,-0.3656005426104573,-0.26163899331105067,-0.37005944813746305,-0.2780796742812377,0.050377058958721806,83,-0.2604917643362329,-0.2579834949526175,-0.25610685239193876,-0.2517010789694114,-0.26439352597591265,-0.25298170526461633,-0.25046741871898304,-0.2448669614791126,-0.2524130315277942,-0.2459347906738434,-0.2537340624290463,0.00582707279122332
0.1422877311706543,0.013851002662109884,0.02021303176879883,0.0005973793118958309,0.5,5000,3,0.1,scale,rbf,-1,"{'C': 0.5, 'cache_size': 5000, 'degree': 3, 'epsilon': 0.1, 'gamma': 'scale', 'kernel': 'rbf', 'max_iter': -1}",-0.22885621317224222,-0.24521634965993408,-0.23973438065976305,-0.2566893859936417,-0.22638181034504604,-0.2834666512410791,-0.29461097083149707,-0.3492158298596972,-0.2714451194140519,-0.3439714358057628,-0.27395881469827155,0.04205009509521844,65,-0.23046160296619814,-0.2277987478867676,-0.22671577092516665,-0.22424868516640337,-0.23006415835279237,-0.22168707850905228,-0.22190166946112158,-0.21864613803077132,-0.22351419154570046,-0.21567420609808574,-0.22407122489420592,0.0045641497555713355
0.3448861837387085,0.05587333548783175,0.007554841041564941,0.0006496574240257755,0.5,5000,3,0.1,scale,poly,-1,"{'C': 0.5, 'cache_size': 5000, 'degree': 3, 'epsilon': 0.1, 'gamma': 'scale', 'kernel': 'poly', 'max_iter': -1}",-0.26110055119484565,-0.24715044275585232,-0.25297049274244043,-0.2681909659711909,-0.5876532106452861,-0.2874941347098792,-0.8310011467832481,-2.9626249987537223,-0.3529748554700924,-0.42668553833753836,-0.6477846337364096,0.7919140576133136,186,-0.22485686027816298,-0.2191198191863593,-0.2211068270156099,-0.22055728735225424,-0.2231022529254143,-0.2185799349318027,-0.212935456631047,-0.21120618375145225,-0.2196121353249441,-0.210438731329615,-0.2181515488726662,0.004713592710343
0.12383084297180176,0.014096369626542973,0.009939336776733398,0.00048610738623501457,0.5,5000,3,0.1,scale,sigmoid,-1,"{'C': 0.5, 'cache_size': 5000, 'degree': 3, 'epsilon': 0.1, 'gamma': 'scale', 'kernel': 'sigmoid', 'max_iter': -1}",-12.289788145851107,-7.966263340300784,-3.278274144428801,-9.465433774069801,-12.987221687797614,-15.656679271391942,-22.45813265227558,-14.505709665854827,-23.719420606424578,-18.93987418227884,-14.126679747067389,6.075554060904752,203,-14.89468029101591,-16.381662385782352,-15.293271740634896,-17.18821669232757,-15.076733519766286,-14.12020273952576,-13.802259199136742,-15.81616164694922,-13.926742968982769,-19.166028725679514,-15.566595990980105,1.580265285839279
4.73399932384491,1.3593353894949434,0.007268190383911133,0.0010006351643350717,0.5,5000,3,0.1,auto,linear,-1,"{'C': 0.5, 'cache_size': 5000, 'degree': 3, 'epsilon': 0.1, 'gamma': 'auto', 'kernel': 'linear', 'max_iter': -1}",-0.2098161632716005,-0.23996215119406894,-0.2551900448276854,-0.282495899847563,-0.23317773720799162,-0.26932193447636066,-0.29353382792813565,-0.3656005426104573,-0.26163899331105067,-0.37005944813746305,-0.2780796742812377,0.050377058958721806,83,-0.2604917643362329,-0.2579834949526175,-0.25610685239193876,-0.2517010789694114,-0.26439352597591265,-0.25298170526461633,-0.25046741871898304,-0.2448669614791126,-0.2524130315277942,-0.2459347906738434,-0.2537340624290463,0.00582707279122332
0.14558155536651612,0.01637078255162964,0.020737409591674805,0.0005264382754450993,0.5,5000,3,0.1,auto,rbf,-1,"{'C': 0.5, 'cache_size': 5000, 'degree': 3, 'epsilon': 0.1, 'gamma': 'auto', 'kernel': 'rbf', 'max_iter': -1}",-0.22879633211751152,-0.2452042527079745,-0.23993940200469555,-0.2567506455274611,-0.22635953817330118,-0.2835442867440531,-0.29472478867341984,-0.3485426327080175,-0.2713562095075516,-0.34299014710269066,-0.27382082352666764,0.04176525849327479,63,-0.23027299122507772,-0.22765015711637235,-0.22619769163937944,-0.22441997474788647,-0.23025276286983826,-0.22149386223121936,-0.2223369305166277,-0.21926279925808412,-0.22365446375379336,-0.21727056684511764,-0.22428122002033962,0.004157869082812853
0.35650699138641356,0.05396329869169068,0.007553243637084961,0.0006521644147163493,0.5,5000,3,0.1,auto,poly,-1,"{'C': 0.5, 'cache_size': 5000, 'degree': 3, 'epsilon': 0.1, 'gamma': 'auto', 'kernel': 'poly', 'max_iter': -1}",-0.26281525771303577,-0.2475622244171294,-0.2543589060268547,-0.26728706976129674,-0.5866827555978124,-0.2881078657060037,-0.8137099373298924,-2.9387056124696347,-0.3513785342933414,-0.41153696755573355,-0.6422145130870734,0.7848727173293631,185,-0.22459869926451606,-0.21883664331448463,-0.22005521654017082,-0.2209369946762923,-0.22342204433259705,-0.2182952265389608,-0.2137219084344281,-0.2122731241972957,-0.21980173694155503,-0.21266174243729424,-0.21846033366775947,0.0040902534528724525
0.11713643074035644,0.009117069147440569,0.010194182395935059,0.000915474922758135,0.5,5000,3,0.1,auto,sigmoid,-1,"{'C': 0.5, 'cache_size': 5000, 'degree': 3, 'epsilon': 0.1, 'gamma': 'auto', 'kernel': 'sigmoid', 'max_iter': -1}",-12.536030576175818,-8.19328767812508,-3.650005618390281,-9.015978957673116,-12.566453314665786,-15.365830593029994,-21.957059220155486,-13.291360414784032,-23.052130426817687,-14.994393875603413,-13.46225306754207,5.617825571567516,199,-15.286701257566685,-16.78858958483222,-16.541397653939335,-16.5323618943956,-14.597342158271964,-13.74639136418027,-13.044378497698947,-14.341524468409535,-13.604174542103081,-15.767649233505944,-15.025051065490356,1.2856259933624479
4.862491607666016,1.204593226294638,0.006412386894226074,0.0004692158714084346,0.5,5000,3,0.2,scale,linear,-1,"{'C': 0.5, 'cache_size': 5000, 'degree': 3, 'epsilon': 0.2, 'gamma': 'scale', 'kernel': 'linear', 'max_iter': -1}",-0.20555106544436086,-0.23379587764196363,-0.25553007220784635,-0.27488809768039946,-0.2310864691506388,-0.26891188786887305,-0.30059281608159877,-0.36104111732542055,-0.2617930911772902,-0.4311655124026208,-0.28243560069810125,0.063978717050556,114,-0.2632323388151259,-0.2591749280729002,-0.25740460793229625,-0.254343679003183,-0.2647018358451383,-0.2546085517764573,-0.2523910268568399,-0.24656787378869394,-0.255492688652203,-0.24550949467563407,-0.2553427025418472,0.005939180500882566
0.13910970687866211,0.014570457938561753,0.01857607364654541,0.0030827864434253,0.5,5000,3,0.2,scale,rbf,-1,"{'C': 0.5, 'cache_size': 5000, 'degree': 3, 'epsilon': 0.2, 'gamma': 'scale', 'kernel': 'rbf', 'max_iter': -1}",-0.216078455144065,-0.23485001831824165,-0.23978875145985423,-0.25939431906405575,-0.22074856669075246,-0.28590786201743196,-0.2944259315307596,-0.3492977312523988,-0.26426391155438084,-0.3394438327921471,-0.2704199379824087,0.04425534931811177,58,-0.2313161141004157,-0.22626701357563864,-0.22649357602759565,-0.2256776499813314,-0.22898210985807446,-0.2221605567179011,-0.2198045949577452,-0.21778969253781238,-0.2242561538162613,-0.21437012755402454,-0.22371175891268008,0.004940049071378769
0.27951390743255616,0.0354750600655745,0.006643438339233398,0.0004664055274310268,0.5,5000,3,0.2,scale,poly,-1,"{'C': 0.5, 'cache_size': 5000, 'degree': 3, 'epsilon': 0.2, 'gamma': 'scale', 'kernel': 'poly', 'max_iter': -1}",-0.26204801565047253,-0.24199815242913364,-0.252505452266611,-0.2666754297040064,-0.39431808982521194,-0.2809090027160996,-0.657978132814835,-0.37336506930374014,-0.29005207057967325,-0.39235044611427694,-0.34121998614040605,0.11941468306859362,161,-0.23396025079450566,-0.22851494867802316,-0.23071087339201846,-0.22839020055855372,-0.23097897329255884,-0.2277755956630042,-0.22056457646170002,-0.2193847688539496,-0.22839595066679286,-0.21912517037609391,-0.22678013087372006,0.004957436774254014
0.11415600776672363,0.014391894956585872,0.009612131118774413,0.0005013692480455471,0.5,5000,3,0.2,scale,sigmoid,-1,"{'C': 0.5, 'cache_size': 5000, 'degree': 3, 'epsilon': 0.2, 'gamma': 'scale', 'kernel': 'sigmoid', 'max_iter': -1}",-12.106522782096977,-7.948640037512953,-3.3459126272667628,-9.18543293146841,-12.352834323096358,-15.033836366241719,-22.757142148066933,-14.862783602168477,-23.229520075199225,-18.34348797418795,-13.916611286730577,6.017376052266467,201,-14.654324475131242,-16.12243830085052,-14.77457825894497,-16.78280858878573,-15.665925633735696,-13.368153270041878,-13.666575552052418,-15.772075679741203,-13.688642712737062,-18.592726998223586,-15.30882494702443,1.541515481149873
4.885850620269776,1.2885748720902208,0.006422281265258789,0.0005622791406438867,0.5,5000,3,0.2,auto,linear,-1,"{'C': 0.5, 'cache_size': 5000, 'degree': 3, 'epsilon': 0.2, 'gamma': 'auto', 'kernel': 'linear', 'max_iter': -1}",-0.20555106544436086,-0.23379587764196363,-0.25553007220784635,-0.27488809768039946,-0.2310864691506388,-0.26891188786887305,-0.30059281608159877,-0.36104111732542055,-0.2617930911772902,-0.4311655124026208,-0.28243560069810125,0.063978717050556,114,-0.2632323388151259,-0.2591749280729002,-0.25740460793229625,-0.254343679003183,-0.2647018358451383,-0.2546085517764573,-0.2523910268568399,-0.24656787378869394,-0.255492688652203,-0.24550949467563407,-0.2553427025418472,0.005939180500882566
0.13104348182678222,0.0034593103048544908,0.017663741111755372,0.0006149275930896317,0.5,5000,3,0.2,auto,rbf,-1,"{'C': 0.5, 'cache_size': 5000, 'degree': 3, 'epsilon': 0.2, 'gamma': 'auto', 'kernel': 'rbf', 'max_iter': -1}",-0.2160014568822115,-0.23489045988618426,-0.23982476165445082,-0.25957801164092353,-0.22059622334574155,-0.28609275231612713,-0.29463618430528454,-0.3495963049361947,-0.26420595757972204,-0.33830597129745354,-0.2703728083844294,0.044167629842892804,56,-0.23110799980570254,-0.2261591942287705,-0.2258524010832719,-0.225949954367593,-0.22915566520994998,-0.22203213474613717,-0.22037714440883444,-0.21858092359914605,-0.22440723544731844,-0.2159340272355258,-0.22395566801322495,0.004478509193335259
0.2741137981414795,0.027863855185443882,0.006570887565612793,0.0006604231483997078,0.5,5000,3,0.2,auto,poly,-1,"{'C': 0.5, 'cache_size': 5000, 'degree': 3, 'epsilon': 0.2, 'gamma': 'auto', 'kernel': 'poly', 'max_iter': -1}",-0.2634704265389805,-0.24247450346844088,-0.2540488204791453,-0.2676047003216668,-0.396703725011808,-0.2817233447335789,-0.6520354026077876,-0.37774358439452405,-0.2894906277961056,-0.38082408084885433,-0.34061192162008924,0.11730852149954635,160,-0.23370796423578305,-0.22821236727080932,-0.22959132814866318,-0.2288789540853078,-0.2313906817812733,-0.22748788873417097,-0.2214422728287176,-0.2209650656273712,-0.2287118547157586,-0.221412721096508,-0.22718010985243628,0.0042114212714252685
0.1110722303390503,0.007325389326644413,0.009358596801757813,0.0006601573565122408,0.5,5000,3,0.2,auto,sigmoid,-1,"{'C': 0.5, 'cache_size': 5000, 'degree': 3, 'epsilon': 0.2, 'gamma': 'auto', 'kernel': 'sigmoid', 'max_iter': -1}",-12.436809941099087,-8.138268282959627,-3.6731122598762167,-8.814087309056253,-11.845757829344455,-15.212432460290364,-21.548266114566044,-13.162228321477308,-22.870643315955938,-14.885516860965215,-13.258712269559052,5.5507483747436765,197,-15.053442198439832,-16.480852751702233,-16.217042434694953,-16.178283514768435,-15.200313310815984,-13.585618489081257,-12.882264410832425,-14.146408673659497,-13.439675131127151,-15.562241896895303,-14.874614281201707,1.2211822874179272
2.588395595550537,4.410985963562209,0.0045786619186401365,0.0004869773226848392,0.5,5000,3,0.5,scale,linear,-1,"{'C': 0.5, 'cache_size': 5000, 'degree': 3, 'epsilon': 0.5, 'gamma': 'scale', 'kernel': 'linear', 'max_iter': -1}",-0.19735912582751902,-0.21832362063029545,-0.22730541370550902,-0.2657018419164307,-0.20478170023978645,-0.26660404303470986,-0.26479977223512624,-0.294736691304832,-0.2498369109446327,-0.3081183993251313,-0.24975675191639723,0.03529025879408538,5,-0.25531789282321243,-0.25300262316567973,-0.25184670548861715,-0.24771855633844048,-0.25445697194176836,-0.24757656222990734,-0.24788970119032303,-0.24451467637290905,-0.2495140175756776,-0.24306499598571069,-0.2494902703112246,0.003897730598833717
0.1536262035369873,0.017865190514315208,0.012046623229980468,0.006272538844759218,0.5,5000,3,0.5,scale,rbf,-1,"{'C': 0.5, 'cache_size': 5000, 'degree': 3, 'epsilon': 0.5, 'gamma': 'scale', 'kernel': 'rbf', 'max_iter': -1}",-0.19852916589038747,-0.2209928692603665,-0.23549785268539966,-0.2643242905661912,-0.20563731756227988,-0.27719172495331273,-0.2715216267421024,-0.2967978556750731,-0.25045820920054146,-0.3268159129687205,-0.2547766825504375,0.03865170457570456,29,-0.24158776754116892,-0.23832411570926545,-0.23753375413016647,-0.2359145445998354,-0.23934788036379331,-0.2323689342438305,-0.23372315290837908,-0.23049829417260964,-0.23624083903545343,-0.2269584124503008,-0.23524976951548032,0.0041834191337699585
0.1829775094985962,0.02724246972705572,0.004580473899841309,0.0004871974481358436,0.5,5000,3,0.5,scale,poly,-1,"{'C': 0.5, 'cache_size': 5000, 'degree': 3, 'epsilon': 0.5, 'gamma': 'scale', 'kernel': 'poly', 'max_iter': -1}",-0.21567763117498373,-0.23184207958460956,-0.24516776154958667,-0.27523685214504723,-0.20303805135258282,-0.27452841387811516,-0.3387111612985692,-0.3778557898515235,-0.2950556813832529,-0.3505447518269488,-0.28076581740452194,0.056449740030410464,100,-0.24013072365323507,-0.23582635216696946,-0.23624701316235974,-0.2351969997289704,-0.2387690381596096,-0.2323969471407519,-0.23092194157532778,-0.22908660030806807,-0.23534414908847237,-0.22770452992386403,-0.23416242949076285,0.0038406835556408607
0.10976645946502686,0.01600834285253728,0.008969473838806152,0.0015480310546844003,0.5,5000,3,0.5,scale,sigmoid,-1,"{'C': 0.5, 'cache_size': 5000, 'degree': 3, 'epsilon': 0.5, 'gamma': 'scale', 'kernel': 'sigmoid', 'max_iter': -1}",-11.281246038694876,-7.422095910771943,-3.2645157339137474,-8.533252117289594,-11.107006004889078,-12.071690962074927,-20.8342741981743,-14.2177496537466,-20.432381445352227,-17.46106305691426,-12.662527512182155,5.386140277271662,195,-13.50580501648497,-14.724405813208433,-13.699199708068301,-15.155966603622018,-14.458084709982327,-12.402416076971333,-12.84775793095653,-14.394843359305291,-13.138769450509338,-17.30940130170607,-14.163664997081463,1.3366900855235895
2.55794153213501,4.191593517069182,0.005132031440734863,0.0016647962431886173,0.5,5000,3,0.5,auto,linear,-1,"{'C': 0.5, 'cache_size': 5000, 'degree': 3, 'epsilon': 0.5, 'gamma': 'auto', 'kernel': 'linear', 'max_iter': -1}",-0.19735912582751902,-0.21832362063029545,-0.22730541370550902,-0.2657018419164307,-0.20478170023978645,-0.26660404303470986,-0.26479977223512624,-0.294736691304832,-0.2498369109446327,-0.3081183993251313,-0.24975675191639723,0.03529025879408538,5,-0.25531789282321243,-0.25300262316567973,-0.25184670548861715,-0.24771855633844048,-0.25445697194176836,-0.24757656222990734,-0.24788970119032303,-0.24451467637290905,-0.2495140175756776,-0.24306499598571069,-0.2494902703112246,0.003897730598833717
0.14765655994415283,0.018942814508203693,0.010954856872558594,0.0032821899056499136,0.5,5000,3,0.5,auto,rbf,-1,"{'C': 0.5, 'cache_size': 5000, 'degree': 3, 'epsilon': 0.5, 'gamma': 'auto', 'kernel': 'rbf', 'max_iter': -1}",-0.19854754905740826,-0.22104105233075402,-0.2357401355944231,-0.26440055240113175,-0.20562288252259525,-0.2772381059156139,-0.27143126814133817,-0.296822703938125,-0.2504431744287142,-0.325941575014209,-0.25472289993443126,0.038475790062630855,27,-0.24148479330641753,-0.23822466675929366,-0.2371768100208004,-0.23604844113147788,-0.23948248305269157,-0.2322648211305702,-0.23395951074029425,-0.23092374961752277,-0.23630881741794074,-0.227880111672793,-0.23537542048498022,0.00393137953998224
0.1763690710067749,0.01692035493717365,0.004629945755004883,0.0006308115441384905,0.5,5000,3,0.5,auto,poly,-1,"{'C': 0.5, 'cache_size': 5000, 'degree': 3, 'epsilon': 0.5, 'gamma': 'auto', 'kernel': 'poly', 'max_iter': -1}",-0.2157517211883678,-0.23191200861465056,-0.24502934216844752,-0.27522910896784203,-0.20329288897071363,-0.27481320144400495,-0.33664859616617043,-0.37280000960715276,-0.29370705711669604,-0.3480057836868373,-0.2797189717930883,0.05498151854003547,99,-0.239994732289987,-0.23572679624781423,-0.23569382637690428,-0.23539474482968822,-0.23893175256717838,-0.23232844413372358,-0.23140409204835288,-0.22961298961536245,-0.2354570064470171,-0.22875170990844024,-0.23432960944644687,0.0035413962620886802
0.11067848205566407,0.011007882328490122,0.008659744262695312,0.0006356316513771804,0.5,5000,3,0.5,auto,sigmoid,-1,"{'C': 0.5, 'cache_size': 5000, 'degree': 3, 'epsilon': 0.5, 'gamma': 'auto', 'kernel': 'sigmoid', 'max_iter': -1}",-11.631170845028754,-7.627859319686213,-3.6804596468713298,-8.074031261374198,-10.87885346509688,-12.68160963914246,-16.966385282622387,-12.386524607817508,-19.85158026611018,-13.797901643900703,-11.75763759776506,4.412572313911123,193,-13.909730407431253,-15.026741026935019,-15.074860447095109,-14.47951705482795,-14.003905479004368,-12.891221565083695,-12.445675353665491,-12.906467252822482,-12.821921703283621,-14.248859103834471,-13.780889939398346,0.9087606014994013
9.731465768814086,2.770583188246285,0.006919431686401367,0.0004678333391751595,1.0,5000,2,0.1,scale,linear,-1,"{'C': 1.0, 'cache_size': 5000, 'degree': 2, 'epsilon': 0.1, 'gamma': 'scale', 'kernel': 'linear', 'max_iter': -1}",-0.20980228727412975,-0.2407150954354364,-0.2565281440201979,-0.28181815562538426,-0.2327288888025227,-0.26895448385073734,-0.2965493666469957,-0.36604356235249774,-0.2632135646297529,-0.3671873973623881,-0.2783540946000043,0.049915459004788484,91,-0.2612597338035347,-0.2584618797492429,-0.25583528318518756,-0.25161590892996366,-0.26429599874807985,-0.252955887024898,-0.251173169929206,-0.24483887185171735,-0.25293865366263474,-0.24608332787524206,-0.2539458714759707,0.005868987257834262
0.22275042533874512,0.0363707533459396,0.025192117691040038,0.00814138895801982,1.0,5000,2,0.1,scale,rbf,-1,"{'C': 1.0, 'cache_size': 5000, 'degree': 2, 'epsilon': 0.1, 'gamma': 'scale', 'kernel': 'rbf', 'max_iter': -1}",-0.23236384939092947,-0.25194944941232705,-0.24990585649615815,-0.25333003207519017,-0.22824370185342205,-0.301986274571196,-0.29797218150156884,-0.35892534807602133,-0.2812689681840064,-0.35933206787643207,-0.28152777294372516,0.045452335266510636,103,-0.21835894602227685,-0.2136706764310656,-0.21577025493702956,-0.21497739950066963,-0.21787442430110157,-0.2110947177327495,-0.20884543933390798,-0.2047428442512563,-0.21264308236542342,-0.2031857850949179,-0.21211635699703982,0.004921601299910129
0.4153683423995972,0.05425780577434972,0.0076661348342895504,0.0008962772292395702,1.0,5000,2,0.1,scale,poly,-1,"{'C': 1.0, 'cache_size': 5000, 'degree': 2, 'epsilon': 0.1, 'gamma': 'scale', 'kernel': 'poly', 'max_iter': -1}",-0.2597979639912611,-0.2531972061710201,-0.25201950330232,-0.324071716404973,-0.24796529996130381,-0.2924805796215718,-0.35440834079253564,-0.3539690892025573,-0.28206074822224936,-0.3713558009791882,-0.299132624864898,0.04553164429608871,144,-0.22922021742648405,-0.226023563475715,-0.22598399193118426,-0.2247111641423303,-0.23298079925673293,-0.22169337088602478,-0.22071072987648788,-0.21908120239304096,-0.22507903331111376,-0.21658101325884593,-0.224206508595796,0.004610377833689134
0.14005966186523439,0.02464811889969077,0.01035759449005127,0.0008032711815168126,1.0,5000,2,0.1,scale,sigmoid,-1,"{'C': 1.0, 'cache_size': 5000, 'degree': 2, 'epsilon': 0.1, 'gamma': 'scale', 'kernel': 'sigmoid', 'max_iter': -1}",-49.45959655006579,-33.75123909457287,-11.494133739545516,-38.46728665491201,-58.54765780617624,-66.98342190302803,-111.62500713893347,-63.90325403188115,-103.58456136301521,-80.50365500021137,-61.831981328234164,29.38414690746801,215,-63.07936995104925,-65.59118933543165,-67.94783518810563,-70.84094874784954,-61.12934762101512,-61.09066362564186,-58.733316624869865,-66.97334111346117,-58.81294072233513,-80.3873830457836,-65.45863359755428,6.270748020152625
9.62140109539032,2.9973718844100903,0.007122182846069336,0.0006675787159039124,1.0,5000,2,0.1,auto,linear,-1,"{'C': 1.0, 'cache_size': 5000, 'degree': 2, 'epsilon': 0.1, 'gamma': 'auto', 'kernel': 'linear', 'max_iter': -1}",-0.20980228727412975,-0.2407150954354364,-0.2565281440201979,-0.28181815562538426,-0.2327288888025227,-0.26895448385073734,-0.2965493666469957,-0.36604356235249774,-0.2632135646297529,-0.3671873973623881,-0.2783540946000043,0.049915459004788484,91,-0.2612597338035347,-0.2584618797492429,-0.25583528318518756,-0.25161590892996366,-0.26429599874807985,-0.252955887024898,-0.251173169929206,-0.24483887185171735,-0.25293865366263474,-0.24608332787524206,-0.2539458714759707,0.005868987257834262
0.23378965854644776,0.05007288961217161,0.023698759078979493,0.0073406482709727295,1.0,5000,2,0.1,auto,rbf,-1,"{'C': 1.0, 'cache_size': 5000, 'degree': 2, 'epsilon': 0.1, 'gamma': 'auto', 'kernel': 'rbf', 'max_iter': -1}",-0.2322773619260311,-0.25198890527301426,-0.2504439895497402,-0.25358596484385704,-0.22814898507489853,-0.3021180193266014,-0.297860909021302,-0.3578240597933977,-0.2811597632501819,-0.3543255833477258,-0.28097335414067504,0.0443878640046377,101,-0.21803518626257223,-0.2134463939198403,-0.2148736678049786,-0.2153658162932704,-0.21812710578097524,-0.21089758607005757,-0.20944148016109876,-0.20596998463803107,-0.21284056041585012,-0.20508075285901842,-0.21240785342056925,0.004320707627328028
0.4026495933532715,0.039722233264843344,0.007021713256835938,0.00034444837687942103,1.0,5000,2,0.1,auto,poly,-1,"{'C': 1.0, 'cache_size': 5000, 'degree': 2, 'epsilon': 0.1, 'gamma': 'auto', 'kernel': 'poly', 'max_iter': -1}",-0.2600995661159739,-0.25339851399978225,-0.2524714394451827,-0.32083401278043727,-0.2484450167181971,-0.2924585398861291,-0.35340924206804636,-0.3528959069706728,-0.2817258211288614,-0.3659058069868456,-0.2981643866100129,0.044120180819786345,139,-0.2289865094851827,-0.2259371882545906,-0.22555085008705447,-0.22484245460594424,-0.23309420248827134,-0.2215862076209537,-0.22105414592629405,-0.21978919792004867,-0.22520061774796846,-0.2174772782347359,-0.22435186523710443,0.0043522632573755335
0.13886640071868897,0.026383364772473685,0.011305499076843261,0.0036180017745475164,1.0,5000,2,0.1,auto,sigmoid,-1,"{'C': 1.0, 'cache_size': 5000, 'degree': 2, 'epsilon': 0.1, 'gamma': 'auto', 'kernel': 'sigmoid', 'max_iter': -1}",-50.936433450222815,-34.44775444452363,-12.746237063381905,-37.03839724262121,-56.82697639301927,-69.58687651291147,-107.37766934287468,-57.406291405578955,-101.87298604404273,-64.46398723229741,-59.27036091314741,27.59803683487516,209,-64.68222579691059,-66.56518521198024,-73.56048068986193,-68.65628296897687,-59.55037601084743,-62.93321017283138,-55.87413687683552,-60.47547864491293,-57.82364788300555,-67.55478539251186,-63.76758096486742,5.193862766363768
12.691051983833313,4.461352084888401,0.0066231489181518555,0.00044671720346570995,1.0,5000,2,0.2,scale,linear,-1,"{'C': 1.0, 'cache_size': 5000, 'degree': 2, 'epsilon': 0.2, 'gamma': 'scale', 'kernel': 'linear', 'max_iter': -1}",-0.20470145434357345,-0.23661599500121755,-0.2561784784350655,-0.2734205549963598,-0.23161281213405938,-0.2696783140818702,-0.300376854651595,-0.3624482969945251,-0.2622772921818266,-0.42834945691177984,-0.2825659509731872,0.06330829849312668,121,-0.26304408539358365,-0.2594662301926487,-0.2568198723007454,-0.2539341186043483,-0.2645775999590886,-0.25463872993636466,-0.2526298097957872,-0.24663145935244432,-0.2556946939601731,-0.24523530639674443,-0.25526719058919284,0.005930697296751783
0.20805273056030274,0.02893326236295856,0.01926584243774414,0.003241471951771283,1.0,5000,2,0.2,scale,rbf,-1,"{'C': 1.0, 'cache_size': 5000, 'degree': 2, 'epsilon': 0.2, 'gamma': 'scale', 'kernel': 'rbf', 'max_iter': -1}",-0.2236114298792806,-0.2422287074020345,-0.2482548592812629,-0.25154820005526995,-0.22220753314061137,-0.29473187853748867,-0.3003210906711576,-0.3503265589175651,-0.26694656555383767,-0.3481227168908875,-0.27482995403293964,0.044590550910183734,73,-0.21684712962284114,-0.21358377022158367,-0.21490479601865645,-0.21499269557028766,-0.21610910749266676,-0.2104714968936609,-0.20789902691765366,-0.20531890580584355,-0.21270160050862646,-0.20103183325453047,-0.2113860362306351,0.004910158411871457
0.38145434856414795,0.05220565880799908,0.006573486328125,0.0005368326437568127,1.0,5000,2,0.2,scale,poly,-1,"{'C': 1.0, 'cache_size': 5000, 'degree': 2, 'epsilon': 0.2, 'gamma': 'scale', 'kernel': 'poly', 'max_iter': -1}",-0.24563380641819155,-0.24481343596353622,-0.24561183908242754,-0.27761849656294985,-0.24366280745672286,-0.29053053607971413,-0.3443273326708178,-0.35111898204928066,-0.286686130400672,-0.3626882344259069,-0.289269160111022,0.04500824476559854,130,-0.22933613810676065,-0.22502024784694308,-0.22652359262258745,-0.22654050172120424,-0.23040451818590765,-0.22421808543213134,-0.22109162876799832,-0.21922097406738136,-0.22471581765799348,-0.217148006062816,-0.22442195104717233,0.004004782887917194
0.1298316478729248,0.031754574499561074,0.011302018165588379,0.0045541645474815075,1.0,5000,2,0.2,scale,sigmoid,-1,"{'C': 1.0, 'cache_size': 5000, 'degree': 2, 'epsilon': 0.2, 'gamma': 'scale', 'kernel': 'sigmoid', 'max_iter': -1}",-49.32126697153671,-33.026123158287824,-13.078166192460195,-38.24926044975768,-55.52572974475992,-67.9012672868833,-107.58717301615484,-67.2576595297335,-103.39563933918251,-79.44899803503031,-61.47912837237867,28.558023631175626,213,-62.75838204495544,-67.37058864122307,-63.237682119518595,-67.67271034051187,-63.957042144269465,-61.88627729603399,-58.50735708388401,-64.76950209071295,-58.824755769062975,-80.08732539267096,-64.90716229228434,5.827169967858616
13.070843768119811,4.56995637551718,0.0068186759948730465,0.000544090391851884,1.0,5000,2,0.2,auto,linear,-1,"{'C': 1.0, 'cache_size': 5000, 'degree': 2, 'epsilon': 0.2, 'gamma': 'auto', 'kernel': 'linear', 'max_iter': -1}",-0.20470145434357345,-0.23661599500121755,-0.2561784784350655,-0.2734205549963598,-0.23161281213405938,-0.2696783140818702,-0.300376854651595,-0.3624482969945251,-0.2622772921818266,-0.42834945691177984,-0.2825659509731872,0.06330829849312668,121,-0.26304408539358365,-0.2594662301926487,-0.2568198723007454,-0.2539341186043483,-0.2645775999590886,-0.25463872993636466,-0.2526298097957872,-0.24663145935244432,-0.2556946939601731,-0.24523530639674443,-0.25526719058919284,0.005930697296751783
0.17464492321014405,0.011115014630874876,0.017635798454284667,0.0008622902087724373,1.0,5000,2,0.2,auto,rbf,-1,"{'C': 1.0, 'cache_size': 5000, 'degree': 2, 'epsilon': 0.2, 'gamma': 'auto', 'kernel': 'rbf', 'max_iter': -1}",-0.22370093990605897,-0.2422903888857091,-0.24911045991577135,-0.25166324712367705,-0.2221948215989253,-0.29470443756058134,-0.3004498877113273,-0.3500954170789843,-0.26709120247029955,-0.34669024082604644,-0.2747991043077381,0.044251204322546915,71,-0.21656881537025177,-0.2134069308564128,-0.21415624903714614,-0.21533018179347904,-0.2164286282393741,-0.21022880251074488,-0.20847518596187273,-0.20647094878206285,-0.2129402074093387,-0.20298428732605497,-0.21169902372867377,0.004308118578279375
0.3519318103790283,0.04965510037615425,0.006969380378723145,0.0006293565002054805,1.0,5000,2,0.2,auto,poly,-1,"{'C': 1.0, 'cache_size': 5000, 'degree': 2, 'epsilon': 0.2, 'gamma': 'auto', 'kernel': 'poly', 'max_iter': -1}",-0.24624078868360622,-0.24487914122007395,-0.2453897300457916,-0.27720333316692075,-0.2433961827987391,-0.290649694534077,-0.3446520587891817,-0.352033786758006,-0.28642749751644425,-0.35880553511251223,-0.28896777486253533,0.044551405138800196,129,-0.22913483406781426,-0.22487360020155414,-0.2255477907452697,-0.22688101406977798,-0.23059221969986796,-0.2240237180856953,-0.22156422352997623,-0.2199909420020767,-0.22489350071527398,-0.21879651720372972,-0.2246298360321036,0.0035664648477870763
0.13278579711914062,0.022385969535670448,0.010404181480407716,0.0014397128850378164,1.0,5000,2,0.2,auto,sigmoid,-1,"{'C': 1.0, 'cache_size': 5000, 'degree': 2, 'epsilon': 0.2, 'gamma': 'auto', 'kernel': 'sigmoid', 'max_iter': -1}",-50.891084528532936,-33.83185684713976,-12.259192044695544,-36.7725566442221,-52.44613814338129,-66.50038992606328,-106.42032787440645,-70.10101786437644,-102.51802868527139,-65.16643632226304,-59.69070288803522,27.885756949970904,211,-64.5792655531976,-69.51933025802472,-66.94752158733849,-65.41389931839645,-65.41835098574559,-59.30047385844772,-55.473939505707655,-61.259893242707584,-58.12248915453901,-67.71755526726703,-63.37527187313718,4.361733674985315
4.519058156013489,7.45620565648498,0.004979777336120606,0.0008897022070408821,1.0,5000,2,0.5,scale,linear,-1,"{'C': 1.0, 'cache_size': 5000, 'degree': 2, 'epsilon': 0.5, 'gamma': 'scale', 'kernel': 'linear', 'max_iter': -1}",-0.1973910549165231,-0.2183447983205838,-0.22731892496921893,-0.2656900609175057,-0.2046763427122734,-0.26659970410156897,-0.2647645957942348,-0.2947335029156413,-0.24983505365007003,-0.3081557748969801,-0.24975098131946,0.03529975494066145,1,-0.25530370392378193,-0.2529957765226104,-0.2518633262708561,-0.24771122685676736,-0.25446034345132884,-0.24758730367436593,-0.2478601571226212,-0.24448419319343317,-0.24949618515976682,-0.24311422322425918,-0.24948764393997908,0.0038932750093508216
0.168973970413208,0.00933373316206026,0.010125064849853515,0.00039145842169914145,1.0,5000,2,0.5,scale,rbf,-1,"{'C': 1.0, 'cache_size': 5000, 'degree': 2, 'epsilon': 0.5, 'gamma': 'scale', 'kernel': 'rbf', 'max_iter': -1}",-0.20431282285680769,-0.22589120647155542,-0.23979854772242673,-0.2638137094696713,-0.20785385842124526,-0.2844113844866744,-0.27686671761849735,-0.2970378365309761,-0.253355207297702,-0.3384506313172886,-0.2591791922192845,0.03981263039591772,35,-0.233020843864893,-0.229956065785193,-0.22940676645023153,-0.22840545835000017,-0.23040323949679564,-0.2243580217968088,-0.2256925647906506,-0.22255738857880417,-0.22788732916791474,-0.2190380296924844,-0.22707257079737758,0.003960967731250776
0.26079750061035156,0.03808383645398855,0.004935860633850098,0.0004056650787039783,1.0,5000,2,0.5,scale,poly,-1,"{'C': 1.0, 'cache_size': 5000, 'degree': 2, 'epsilon': 0.5, 'gamma': 'scale', 'kernel': 'poly', 'max_iter': -1}",-0.2095961737713784,-0.2318115413138285,-0.24419479605263678,-0.2832537265357893,-0.2028377257408903,-0.28119281129746726,-0.2935493064581376,-0.30679845297927777,-0.2537836316817177,-0.3294467492270862,-0.2636464915058209,0.039857888047039866,40,-0.23925256241814685,-0.23609285244269473,-0.23632344868733804,-0.23290441798396253,-0.2391112060039727,-0.23219017793643598,-0.2327373417925496,-0.2285774018886397,-0.23563785633559703,-0.22722164199838163,-0.2340048907487719,0.003841814508573821
0.11847810745239258,0.008982473063043056,0.009459090232849122,0.0004970836412755009,1.0,5000,2,0.5,scale,sigmoid,-1,"{'C': 1.0, 'cache_size': 5000, 'degree': 2, 'epsilon': 0.5, 'gamma': 'scale', 'kernel': 'sigmoid', 'max_iter': -1}",-50.136760123620995,-32.67406933478775,-13.099989370361525,-37.98014800337139,-53.39422225035515,-54.100963533908356,-100.51891776186372,-66.84907090439808,-98.92337126809618,-77.90075345530292,-58.55782660060661,26.665088468533447,207,-61.6266047037535,-66.80728394127576,-61.894736841467044,-67.28214729638267,-65.3330714897924,-55.636152313116796,-57.15903002262465,-64.07826262937425,-57.628470600991356,-77.73316632792634,-63.51789261667047,6.116587808411789
4.372989010810852,7.176077789899381,0.005075526237487793,0.001381137719701759,1.0,5000,2,0.5,auto,linear,-1,"{'C': 1.0, 'cache_size': 5000, 'degree': 2, 'epsilon': 0.5, 'gamma': 'auto', 'kernel': 'linear', 'max_iter': -1}",-0.1973910549165231,-0.2183447983205838,-0.22731892496921893,-0.2656900609175057,-0.2046763427122734,-0.26659970410156897,-0.2647645957942348,-0.2947335029156413,-0.24983505365007003,-0.3081557748969801,-0.24975098131946,0.03529975494066145,1,-0.25530370392378193,-0.2529957765226104,-0.2518633262708561,-0.24771122685676736,-0.25446034345132884,-0.24758730367436593,-0.2478601571226212,-0.24448419319343317,-0.24949618515976682,-0.24311422322425918,-0.24948764393997908,0.0038932750093508216
0.17742207050323486,0.01290153976908727,0.01045396327972412,0.0016208878725670723,1.0,5000,2,0.5,auto,rbf,-1,"{'C': 1.0, 'cache_size': 5000, 'degree': 2, 'epsilon': 0.5, 'gamma': 'auto', 'kernel': 'rbf', 'max_iter': -1}",-0.20437419816180222,-0.22595891045302127,-0.24005597430728842,-0.263809383176954,-0.20774578254915904,-0.28445181201237646,-0.2767653874138706,-0.29703984221072255,-0.25328265412188805,-0.3371809815194463,-0.2590664925926529,0.03954748529310633,33,-0.2328719874505825,-0.22984892497142043,-0.22894053942590048,-0.22859481512332383,-0.23056663085552523,-0.2242454599732101,-0.22598475871111068,-0.22303900573994867,-0.22799555560334017,-0.22010572870475442,-0.22721934065591168,0.0036602633770490734
0.25683064460754396,0.042062166652248816,0.0050275325775146484,0.0009029586465583266,1.0,5000,2,0.5,auto,poly,-1,"{'C': 1.0, 'cache_size': 5000, 'degree': 2, 'epsilon': 0.5, 'gamma': 'auto', 'kernel': 'poly', 'max_iter': -1}",-0.2098270254796009,-0.23195882691260603,-0.24500414117819078,-0.2828596122785406,-0.202812640506036,-0.2812956300395765,-0.2938057802145456,-0.30710152945615943,-0.25390526918105694,-0.3291549966391415,-0.2637725451885454,0.03976630928975874,41,-0.2391392763792701,-0.23599242648755564,-0.23598330302631432,-0.23302928878146395,-0.2392118904779952,-0.2321662503496339,-0.2329426246031743,-0.22896822948466627,-0.23571152119585667,-0.22783512582086854,-0.23409799366067988,0.003647736893355923
0.12065443992614747,0.010499465943697576,0.009968924522399902,0.0019790623301110233,1.0,5000,2,0.5,auto,sigmoid,-1,"{'C': 1.0, 'cache_size': 5000, 'degree': 2, 'epsilon': 0.5, 'gamma': 'auto', 'kernel': 'sigmoid', 'max_iter': -1}",-50.26104796738545,-34.07752978098279,-14.115787019496388,-36.422189908564675,-51.45721019434009,-55.52148463983045,-97.28929548892091,-61.0474407866372,-104.13783703353396,-62.611813417533845,-56.69416362372258,25.996933496305974,205,-63.172593219714216,-68.70453394204752,-68.39593633358812,-65.0652363553889,-63.51922482266373,-57.1497538417202,-53.861961232275455,-58.46993685020206,-57.23189810973832,-64.64359145340255,-62.0214666160741,4.804894813347275
10.045358920097351,3.174289883521586,0.0069683313369750975,0.0004455943110306864,1.0,5000,3,0.1,scale,linear,-1,"{'C': 1.0, 'cache_size': 5000, 'degree': 3, 'epsilon': 0.1, 'gamma': 'scale', 'kernel': 'linear', 'max_iter': -1}",-0.20980228727412975,-0.2407150954354364,-0.2565281440201979,-0.28181815562538426,-0.2327288888025227,-0.26895448385073734,-0.2965493666469957,-0.36604356235249774,-0.2632135646297529,-0.3671873973623881,-0.2783540946000043,0.049915459004788484,91,-0.2612597338035347,-0.2584618797492429,-0.25583528318518756,-0.25161590892996366,-0.26429599874807985,-0.252955887024898,-0.251173169929206,-0.24483887185171735,-0.25293865366263474,-0.24608332787524206,-0.2539458714759707,0.005868987257834262
0.22732398509979249,0.05626796685361449,0.020822429656982423,0.0012187375191300355,1.0,5000,3,0.1,scale,rbf,-1,"{'C': 1.0, 'cache_size': 5000, 'degree': 3, 'epsilon': 0.1, 'gamma': 'scale', 'kernel': 'rbf', 'max_iter': -1}",-0.23236384939092947,-0.25194944941232705,-0.24990585649615815,-0.25333003207519017,-0.22824370185342205,-0.301986274571196,-0.29797218150156884,-0.35892534807602133,-0.2812689681840064,-0.35933206787643207,-0.28152777294372516,0.045452335266510636,103,-0.21835894602227685,-0.2136706764310656,-0.21577025493702956,-0.21497739950066963,-0.21787442430110157,-0.2110947177327495,-0.20884543933390798,-0.2047428442512563,-0.21264308236542342,-0.2031857850949179,-0.21211635699703982,0.004921601299910129
0.4473522186279297,0.04607879729826625,0.007219862937927246,0.0004013029065120993,1.0,5000,3,0.1,scale,poly,-1,"{'C': 1.0, 'cache_size': 5000, 'degree': 3, 'epsilon': 0.1, 'gamma': 'scale', 'kernel': 'poly', 'max_iter': -1}",-0.2988089521983585,-0.25980275435791617,-0.2739324560742064,-0.32878379579655354,-0.7394471927016599,-0.3193205647394502,-0.9846334007841459,-2.091525728507722,-0.39798616393046027,-0.5113453727047449,-0.6205586381795217,0.538664038101569,183,-0.2165915573617312,-0.20962415576510443,-0.21110558005752184,-0.21099706256511955,-0.21292855017209075,-0.20890675129353803,-0.2025153079594115,-0.20332138498991542,-0.21078543526356242,-0.20117762614236545,-0.20879534115703607,0.004691924981945765
0.1320267677307129,0.024291085311641935,0.010007166862487793,0.0010546288850783638,1.0,5000,3,0.1,scale,sigmoid,-1,"{'C': 1.0, 'cache_size': 5000, 'degree': 3, 'epsilon': 0.1, 'gamma': 'scale', 'kernel': 'sigmoid', 'max_iter': -1}",-49.45959655006579,-33.75123909457287,-11.494133739545516,-38.46728665491201,-58.54765780617624,-66.98342190302803,-111.62500713893347,-63.90325403188115,-103.58456136301521,-80.50365500021137,-61.831981328234164,29.38414690746801,215,-63.07936995104925,-65.59118933543165,-67.94783518810563,-70.84094874784954,-61.12934762101512,-61.09066362564186,-58.733316624869865,-66.97334111346117,-58.81294072233513,-80.3873830457836,-65.45863359755428,6.270748020152625
9.438710141181947,2.8512220207658134,0.0072688102722167965,0.0006370616012302462,1.0,5000,3,0.1,auto,linear,-1,"{'C': 1.0, 'cache_size': 5000, 'degree': 3, 'epsilon': 0.1, 'gamma': 'auto', 'kernel': 'linear', 'max_iter': -1}",-0.20980228727412975,-0.2407150954354364,-0.2565281440201979,-0.28181815562538426,-0.2327288888025227,-0.26895448385073734,-0.2965493666469957,-0.36604356235249774,-0.2632135646297529,-0.3671873973623881,-0.2783540946000043,0.049915459004788484,91,-0.2612597338035347,-0.2584618797492429,-0.25583528318518756,-0.25161590892996366,-0.26429599874807985,-0.252955887024898,-0.251173169929206,-0.24483887185171735,-0.25293865366263474,-0.24608332787524206,-0.2539458714759707,0.005868987257834262
0.20198359489440917,0.012833748592796915,0.022107958793640137,0.003457192193925182,1.0,5000,3,0.1,auto,rbf,-1,"{'C': 1.0, 'cache_size': 5000, 'degree': 3, 'epsilon': 0.1, 'gamma': 'auto', 'kernel': 'rbf', 'max_iter': -1}",-0.2322773619260311,-0.25198890527301426,-0.2504439895497402,-0.25358596484385704,-0.22814898507489853,-0.3021180193266014,-0.297860909021302,-0.3578240597933977,-0.2811597632501819,-0.3543255833477258,-0.28097335414067504,0.0443878640046377,101,-0.21803518626257223,-0.2134463939198403,-0.2148736678049786,-0.2153658162932704,-0.21812710578097524,-0.21089758607005757,-0.20944148016109876,-0.20596998463803107,-0.21284056041585012,-0.20508075285901842,-0.21240785342056925,0.004320707627328028
0.4364248514175415,0.06664355290247574,0.009656000137329101,0.007409604293322909,1.0,5000,3,0.1,auto,poly,-1,"{'C': 1.0, 'cache_size': 5000, 'degree': 3, 'epsilon': 0.1, 'gamma': 'auto', 'kernel': 'poly', 'max_iter': -1}",-0.29975919788704997,-0.26032072528528993,-0.2787212769864972,-0.32208308029401933,-0.7343546409314289,-0.32062140125578936,-0.98110683512528,-2.170109252138004,-0.3963023192367405,-0.4791226103776768,-0.6242501339517775,0.5606065317093883,184,-0.21625544858144635,-0.20936833092940174,-0.2099592291651961,-0.21149569725780154,-0.2132831829196714,-0.2086042291657363,-0.20340709758167064,-0.20450957152986704,-0.21103194825210098,-0.20371381079718717,-0.20916285461800793,0.004020945370053746
0.13188471794128417,0.022427641204534214,0.00986185073852539,0.0002949120674181154,1.0,5000,3,0.1,auto,sigmoid,-1,"{'C': 1.0, 'cache_size': 5000, 'degree': 3, 'epsilon': 0.1, 'gamma': 'auto', 'kernel': 'sigmoid', 'max_iter': -1}",-50.936433450222815,-34.44775444452363,-12.746237063381905,-37.03839724262121,-56.82697639301927,-69.58687651291147,-107.37766934287468,-57.406291405578955,-101.87298604404273,-64.46398723229741,-59.27036091314741,27.59803683487516,209,-64.68222579691059,-66.56518521198024,-73.56048068986193,-68.65628296897687,-59.55037601084743,-62.93321017283138,-55.87413687683552,-60.47547864491293,-57.82364788300555,-67.55478539251186,-63.76758096486742,5.193862766363768
12.765684628486634,4.880362484646773,0.006468868255615235,0.00045064846772077064,1.0,5000,3,0.2,scale,linear,-1,"{'C': 1.0, 'cache_size': 5000, 'degree': 3, 'epsilon': 0.2, 'gamma': 'scale', 'kernel': 'linear', 'max_iter': -1}",-0.20470145434357345,-0.23661599500121755,-0.2561784784350655,-0.2734205549963598,-0.23161281213405938,-0.2696783140818702,-0.300376854651595,-0.3624482969945251,-0.2622772921818266,-0.42834945691177984,-0.2825659509731872,0.06330829849312668,121,-0.26304408539358365,-0.2594662301926487,-0.2568198723007454,-0.2539341186043483,-0.2645775999590886,-0.25463872993636466,-0.2526298097957872,-0.24663145935244432,-0.2556946939601731,-0.24523530639674443,-0.25526719058919284,0.005930697296751783
0.19695422649383545,0.01950477062404306,0.021564245223999023,0.005555910266565483,1.0,5000,3,0.2,scale,rbf,-1,"{'C': 1.0, 'cache_size': 5000, 'degree': 3, 'epsilon': 0.2, 'gamma': 'scale', 'kernel': 'rbf', 'max_iter': -1}",-0.2236114298792806,-0.2422287074020345,-0.2482548592812629,-0.25154820005526995,-0.22220753314061137,-0.29473187853748867,-0.3003210906711576,-0.3503265589175651,-0.26694656555383767,-0.3481227168908875,-0.27482995403293964,0.044590550910183734,73,-0.21684712962284114,-0.21358377022158367,-0.21490479601865645,-0.21499269557028766,-0.21610910749266676,-0.2104714968936609,-0.20789902691765366,-0.20531890580584355,-0.21270160050862646,-0.20103183325453047,-0.2113860362306351,0.004910158411871457
0.4177748680114746,0.07236834336689622,0.006970071792602539,0.0008899391842209956,1.0,5000,3,0.2,scale,poly,-1,"{'C': 1.0, 'cache_size': 5000, 'degree': 3, 'epsilon': 0.2, 'gamma': 'scale', 'kernel': 'poly', 'max_iter': -1}",-0.29269737962095566,-0.2579559012879541,-0.27186700969774846,-0.28027338643817346,-0.5426700631478953,-0.30721052737733906,-0.7611288553310183,-0.35889010813023275,-0.3145758893468495,-0.4359676896427925,-0.3823236810020959,0.15132020383092382,168,-0.22563295143675222,-0.21779281966179426,-0.21995293483073633,-0.21774844803787036,-0.22039791719767005,-0.21788479237845948,-0.20830123865065375,-0.2092176561726035,-0.21717233629836166,-0.20842479449437257,-0.2162525889159274,0.005486128428854419
0.12897260189056398,0.019847024374965893,0.012056517601013183,0.00694455139527693,1.0,5000,3,0.2,scale,sigmoid,-1,"{'C': 1.0, 'cache_size': 5000, 'degree': 3, 'epsilon': 0.2, 'gamma': 'scale', 'kernel': 'sigmoid', 'max_iter': -1}",-49.32126697153671,-33.026123158287824,-13.078166192460195,-38.24926044975768,-55.52572974475992,-67.9012672868833,-107.58717301615484,-67.2576595297335,-103.39563933918251,-79.44899803503031,-61.47912837237867,28.558023631175626,213,-62.75838204495544,-67.37058864122307,-63.237682119518595,-67.67271034051187,-63.957042144269465,-61.88627729603399,-58.50735708388401,-64.76950209071295,-58.824755769062975,-80.08732539267096,-64.90716229228434,5.827169967858616
12.882435703277588,5.24728909758452,0.006666302680969238,0.0006268847496905799,1.0,5000,3,0.2,auto,linear,-1,"{'C': 1.0, 'cache_size': 5000, 'degree': 3, 'epsilon': 0.2, 'gamma': 'auto', 'kernel': 'linear', 'max_iter': -1}",-0.20470145434357345,-0.23661599500121755,-0.2561784784350655,-0.2734205549963598,-0.23161281213405938,-0.2696783140818702,-0.300376854651595,-0.3624482969945251,-0.2622772921818266,-0.42834945691177984,-0.2825659509731872,0.06330829849312668,121,-0.26304408539358365,-0.2594662301926487,-0.2568198723007454,-0.2539341186043483,-0.2645775999590886,-0.25463872993636466,-0.2526298097957872,-0.24663145935244432,-0.2556946939601731,-0.24523530639674443,-0.25526719058919284,0.005930697296751783
0.17589030265808106,0.011518202888392899,0.017521977424621582,0.0004886243131206765,1.0,5000,3,0.2,auto,rbf,-1,"{'C': 1.0, 'cache_size': 5000, 'degree': 3, 'epsilon': 0.2, 'gamma': 'auto', 'kernel': 'rbf', 'max_iter': -1}",-0.22370093990605897,-0.2422903888857091,-0.24911045991577135,-0.25166324712367705,-0.2221948215989253,-0.29470443756058134,-0.3004498877113273,-0.3500954170789843,-0.26709120247029955,-0.34669024082604644,-0.2747991043077381,0.044251204322546915,71,-0.21656881537025177,-0.2134069308564128,-0.21415624903714614,-0.21533018179347904,-0.2164286282393741,-0.21022880251074488,-0.20847518596187273,-0.20647094878206285,-0.2129402074093387,-0.20298428732605497,-0.21169902372867377,0.004308118578279375
0.377777624130249,0.0698925333298279,0.006870198249816895,0.0008270186131174776,1.0,5000,3,0.2,auto,poly,-1,"{'C': 1.0, 'cache_size': 5000, 'degree': 3, 'epsilon': 0.2, 'gamma': 'auto', 'kernel': 'poly', 'max_iter': -1}",-0.29429469153469695,-0.25839451264961527,-0.27336902101833055,-0.27904946059684865,-0.537303037497363,-0.30777809945896883,-0.7572426324402869,-0.36046802763134805,-0.31387328429564093,-0.4195241545874972,-0.3801296921710596,0.14909156745473082,166,-0.2252548636879267,-0.21745840172992636,-0.21866483624651667,-0.21828439216570236,-0.2208557018007068,-0.21759260980326045,-0.2093175977456635,-0.21069337168374513,-0.2173991006050699,-0.21157087518332657,-0.21670917506518447,0.004642990670116422
0.14090559482574463,0.022948126012979086,0.010355615615844726,0.0007967011392571072,1.0,5000,3,0.2,auto,sigmoid,-1,"{'C': 1.0, 'cache_size': 5000, 'degree': 3, 'epsilon': 0.2, 'gamma': 'auto', 'kernel': 'sigmoid', 'max_iter': -1}",-50.891084528532936,-33.83185684713976,-12.259192044695544,-36.7725566442221,-52.44613814338129,-66.50038992606328,-106.42032787440645,-70.10101786437644,-102.51802868527139,-65.16643632226304,-59.69070288803522,27.885756949970904,211,-64.5792655531976,-69.51933025802472,-66.94752158733849,-65.41389931839645,-65.41835098574559,-59.30047385844772,-55.473939505707655,-61.259893242707584,-58.12248915453901,-67.71755526726703,-63.37527187313718,4.361733674985315
4.347278213500976,7.053895511347527,0.004930019378662109,0.0012736994182103328,1.0,5000,3,0.5,scale,linear,-1,"{'C': 1.0, 'cache_size': 5000, 'degree': 3, 'epsilon': 0.5, 'gamma': 'scale', 'kernel': 'linear', 'max_iter': -1}",-0.1973910549165231,-0.2183447983205838,-0.22731892496921893,-0.2656900609175057,-0.2046763427122734,-0.26659970410156897,-0.2647645957942348,-0.2947335029156413,-0.24983505365007003,-0.3081557748969801,-0.24975098131946,0.03529975494066145,1,-0.25530370392378193,-0.2529957765226104,-0.2518633262708561,-0.24771122685676736,-0.25446034345132884,-0.24758730367436593,-0.2478601571226212,-0.24448419319343317,-0.24949618515976682,-0.24311422322425918,-0.24948764393997908,0.0038932750093508216
0.17858872413635254,0.025155055754130577,0.010355520248413085,0.0007958479438735151,1.0,5000,3,0.5,scale,rbf,-1,"{'C': 1.0, 'cache_size': 5000, 'degree': 3, 'epsilon': 0.5, 'gamma': 'scale', 'kernel': 'rbf', 'max_iter': -1}",-0.20431282285680769,-0.22589120647155542,-0.23979854772242673,-0.2638137094696713,-0.20785385842124526,-0.2844113844866744,-0.27686671761849735,-0.2970378365309761,-0.253355207297702,-0.3384506313172886,-0.2591791922192845,0.03981263039591772,35,-0.233020843864893,-0.229956065785193,-0.22940676645023153,-0.22840545835000017,-0.23040323949679564,-0.2243580217968088,-0.2256925647906506,-0.22255738857880417,-0.22788732916791474,-0.2190380296924844,-0.22707257079737758,0.003960967731250776
0.21730828285217285,0.03161948910877253,0.004779672622680664,0.0003998844115971431,1.0,5000,3,0.5,scale,poly,-1,"{'C': 1.0, 'cache_size': 5000, 'degree': 3, 'epsilon': 0.5, 'gamma': 'scale', 'kernel': 'poly', 'max_iter': -1}",-0.21839001303266506,-0.2341656480345086,-0.24526894229274518,-0.27889240249094627,-0.21339419561268283,-0.2835157606545342,-0.3708810839142431,-0.4416375659490033,-0.29759323075308486,-0.36653601720729834,-0.29502748599417117,0.07174856795484429,136,-0.23699199378380056,-0.23238350597361743,-0.23263568705700494,-0.232063896959339,-0.2348721955884548,-0.22934553469972985,-0.22617644229811468,-0.22533675014897658,-0.23213738071816248,-0.22418521133701796,-0.23061285985642183,0.004011631757374094
0.12042412757873536,0.014469025824396445,0.010105109214782715,0.0031528399980171383,1.0,5000,3,0.5,scale,sigmoid,-1,"{'C': 1.0, 'cache_size': 5000, 'degree': 3, 'epsilon': 0.5, 'gamma': 'scale', 'kernel': 'sigmoid', 'max_iter': -1}",-50.136760123620995,-32.67406933478775,-13.099989370361525,-37.98014800337139,-53.39422225035515,-54.100963533908356,-100.51891776186372,-66.84907090439808,-98.92337126809618,-77.90075345530292,-58.55782660060661,26.665088468533447,207,-61.6266047037535,-66.80728394127576,-61.894736841467044,-67.28214729638267,-65.3330714897924,-55.636152313116796,-57.15903002262465,-64.07826262937425,-57.628470600991356,-77.73316632792634,-63.51789261667047,6.116587808411789
4.539458155632019,7.385189823157117,0.004579925537109375,0.0004876704582096292,1.0,5000,3,0.5,auto,linear,-1,"{'C': 1.0, 'cache_size': 5000, 'degree': 3, 'epsilon': 0.5, 'gamma': 'auto', 'kernel': 'linear', 'max_iter': -1}",-0.1973910549165231,-0.2183447983205838,-0.22731892496921893,-0.2656900609175057,-0.2046763427122734,-0.26659970410156897,-0.2647645957942348,-0.2947335029156413,-0.24983505365007003,-0.3081557748969801,-0.24975098131946,0.03529975494066145,1,-0.25530370392378193,-0.2529957765226104,-0.2518633262708561,-0.24771122685676736,-0.25446034345132884,-0.24758730367436593,-0.2478601571226212,-0.24448419319343317,-0.24949618515976682,-0.24311422322425918,-0.24948764393997908,0.0038932750093508216
0.17435739040374756,0.011647039553502651,0.009806394577026367,0.0003168353459221174,1.0,5000,3,0.5,auto,rbf,-1,"{'C': 1.0, 'cache_size': 5000, 'degree': 3, 'epsilon': 0.5, 'gamma': 'auto', 'kernel': 'rbf', 'max_iter': -1}",-0.20437419816180222,-0.22595891045302127,-0.24005597430728842,-0.263809383176954,-0.20774578254915904,-0.28445181201237646,-0.2767653874138706,-0.29703984221072255,-0.25328265412188805,-0.3371809815194463,-0.2590664925926529,0.03954748529310633,33,-0.2328719874505825,-0.22984892497142043,-0.22894053942590048,-0.22859481512332383,-0.23056663085552523,-0.2242454599732101,-0.22598475871111068,-0.22303900573994867,-0.22799555560334017,-0.22010572870475442,-0.22721934065591168,0.0036602633770490734
0.2072996139526367,0.014081053603014058,0.004977726936340332,0.0007722981819591194,1.0,5000,3,0.5,auto,poly,-1,"{'C': 1.0, 'cache_size': 5000, 'degree': 3, 'epsilon': 0.5, 'gamma': 'auto', 'kernel': 'poly', 'max_iter': -1}",-0.21855891858333207,-0.234254194135159,-0.2458072712850414,-0.2786009733588611,-0.2120742441806856,-0.283873547445747,-0.3661954742729657,-0.42960661420297996,-0.2980430701513958,-0.36181128971605964,-0.2928825597332227,0.06843868258298356,135,-0.23686044775285833,-0.23230533193985928,-0.2323102505308307,-0.23215452964161767,-0.23504793953410275,-0.22925245642924788,-0.22660849031490074,-0.22580677742173536,-0.23222921983826322,-0.2253893542634571,-0.23079647976668732,0.0037063350858678804
0.11346344947814942,0.01011769287810831,0.008960390090942382,2.2997199157309523e-06,1.0,5000,3,0.5,auto,sigmoid,-1,"{'C': 1.0, 'cache_size': 5000, 'degree': 3, 'epsilon': 0.5, 'gamma': 'auto', 'kernel': 'sigmoid', 'max_iter': -1}",-50.26104796738545,-34.07752978098279,-14.115787019496388,-36.422189908564675,-51.45721019434009,-55.52148463983045,-97.28929548892091,-61.0474407866372,-104.13783703353396,-62.611813417533845,-56.69416362372258,25.996933496305974,205,-63.172593219714216,-68.70453394204752,-68.39593633358812,-65.0652363553889,-63.51922482266373,-57.1497538417202,-53.861961232275455,-58.46993685020206,-57.23189810973832,-64.64359145340255,-62.0214666160741,4.804894813347275
23.845636558532714,8.944601904753732,0.006820559501647949,0.0005466150468521344,2.0,5000,2,0.1,scale,linear,-1,"{'C': 2.0, 'cache_size': 5000, 'degree': 2, 'epsilon': 0.1, 'gamma': 'scale', 'kernel': 'linear', 'max_iter': -1}",-0.20981316905248468,-0.2405886058351334,-0.25697307929247426,-0.2811471517651244,-0.2310204613008981,-0.2686806340080098,-0.29798682077309385,-0.3659873471023831,-0.26433913071322995,-0.3667977921735231,-0.27833341920163546,0.05000682127592562,87,-0.2612883205552482,-0.258321862954334,-0.25594642342893253,-0.25139163678226084,-0.26498121530063495,-0.2528140112027405,-0.2514992094006123,-0.24518396114899402,-0.2526826913475662,-0.2461687020788075,-0.2540278034200131,0.005928045134929505
0.29499201774597167,0.033835724027357454,0.020561361312866212,0.0013715795906243536,2.0,5000,2,0.1,scale,rbf,-1,"{'C': 2.0, 'cache_size': 5000, 'degree': 2, 'epsilon': 0.1, 'gamma': 'scale', 'kernel': 'rbf', 'max_iter': -1}",-0.24062416547329207,-0.26443710592672987,-0.26857761236929434,-0.2466551065267221,-0.23092019042978337,-0.31058762962910885,-0.30862833170891063,-0.3675325645787619,-0.2903253444579227,-0.378418459745771,-0.2906706510846297,0.048492425098868044,133,-0.20456225641385709,-0.20019160437997888,-0.20032700585236704,-0.20276029031094434,-0.20127933215145785,-0.19776865214192516,-0.19369628931234167,-0.19135571404217222,-0.19994939883113824,-0.18914371040177985,-0.19810342538379624,0.004811909340321121
0.6964595317840576,0.12092223466251784,0.007368254661560059,0.0004888475156009161,2.0,5000,2,0.1,scale,poly,-1,"{'C': 2.0, 'cache_size': 5000, 'degree': 2, 'epsilon': 0.1, 'gamma': 'scale', 'kernel': 'poly', 'max_iter': -1}",-0.28262112339168344,-0.26686826393973795,-0.2575351867753826,-0.36667746967051024,-0.2416422009162578,-0.29500372885131715,-0.3647144806148722,-0.37743599043022225,-0.29947571603521894,-0.4346428840742675,-0.318661704469947,0.05992508959786802,156,-0.22357557887890683,-0.21963444806617544,-0.2193820749738911,-0.21929596515727107,-0.22627862589086734,-0.21627392337948748,-0.21388347882351158,-0.212473147195208,-0.21900492216721149,-0.21096446976663538,-0.21807666342991658,0.004547579293572152
0.1381068229675293,0.017603417154169732,0.012743544578552247,0.007712542563512142,2.0,5000,2,0.1,scale,sigmoid,-1,"{'C': 2.0, 'cache_size': 5000, 'degree': 2, 'epsilon': 0.1, 'gamma': 'scale', 'kernel': 'sigmoid', 'max_iter': -1}",-215.92009905865217,-126.87875010281458,-53.282009315698026,-155.1274195090038,-228.5915631877583,-229.61996707694362,-321.31540149301713,-268.6546535305876,-429.7274844115176,-360.60749429460344,-238.97248419805965,106.60512703845657,219,-268.18044028128253,-274.16503675598807,-255.54551372763925,-284.0327681756002,-251.063600840422,-233.70811843569078,-244.521738852355,-261.02895927185097,-242.84711168376327,-311.8797152901833,-262.69730033147755,21.885415235936442
23.244495844841005,8.685680673822597,0.006920337677001953,0.00046609433389732717,2.0,5000,2,0.1,auto,linear,-1,"{'C': 2.0, 'cache_size': 5000, 'degree': 2, 'epsilon': 0.1, 'gamma': 'auto', 'kernel': 'linear', 'max_iter': -1}",-0.20981316905248468,-0.2405886058351334,-0.25697307929247426,-0.2811471517651244,-0.2310204613008981,-0.2686806340080098,-0.29798682077309385,-0.3659873471023831,-0.26433913071322995,-0.3667977921735231,-0.27833341920163546,0.05000682127592562,87,-0.2612883205552482,-0.258321862954334,-0.25594642342893253,-0.25139163678226084,-0.26498121530063495,-0.2528140112027405,-0.2514992094006123,-0.24518396114899402,-0.2526826913475662,-0.2461687020788075,-0.2540278034200131,0.005928045134929505
0.3108667850494385,0.03695632479254312,0.020664048194885255,0.001186572434413383,2.0,5000,2,0.1,auto,rbf,-1,"{'C': 2.0, 'cache_size': 5000, 'degree': 2, 'epsilon': 0.1, 'gamma': 'auto', 'kernel': 'rbf', 'max_iter': -1}",-0.24049739527317515,-0.26474016055599436,-0.26898322379274564,-0.2467556346733028,-0.23087101039074523,-0.31058560014079395,-0.30812638632454264,-0.3672619710764191,-0.2901915837929767,-0.37498093019070006,-0.29029938962113955,0.047790405562491076,131,-0.20421885958634575,-0.199961512911333,-0.19914055201418057,-0.2031551145894471,-0.20165075017893594,-0.19753696252654762,-0.19435717698936877,-0.19262508445234083,-0.20016504949039987,-0.19179683768394967,-0.19846079004228492,0.004088318203979786
0.7086960315704346,0.09590324756118172,0.009168720245361328,0.005271081490110157,2.0,5000,2,0.1,auto,poly,-1,"{'C': 2.0, 'cache_size': 5000, 'degree': 2, 'epsilon': 0.1, 'gamma': 'auto', 'kernel': 'poly', 'max_iter': -1}",-0.2836249782960411,-0.26709278724677765,-0.25852516201754494,-0.3680927345763953,-0.2413486076486053,-0.29510493523284204,-0.3640457042334431,-0.3737725847424719,-0.29937463171440887,-0.4245460256718461,-0.3175528151380377,0.05757351218431232,155,-0.2234801743250122,-0.2195179905769226,-0.2191528444845754,-0.21949655845797494,-0.22643498057535805,-0.2161897477015773,-0.21434711288796124,-0.21299123055827449,-0.2191206814632571,-0.21223288157941114,-0.2182964202610324,0.004270825939087815
0.15353045463562012,0.03112975381908498,0.011709499359130859,0.005585418338769383,2.0,5000,2,0.1,auto,sigmoid,-1,"{'C': 2.0, 'cache_size': 5000, 'degree': 2, 'epsilon': 0.1, 'gamma': 'auto', 'kernel': 'sigmoid', 'max_iter': -1}",-220.28576828698212,-129.05911198784963,-55.2463385680905,-148.38292149415585,-223.99008846710464,-231.76307661898826,-425.9738233003278,-240.7180431468036,-424.03419707573715,-267.11840354247323,-236.65717724885127,111.63661031620738,217,-273.3999044114182,-278.19166816679956,-285.98579653651683,-276.85690861488297,-246.8562996069689,-239.1136881553252,-226.94353518505395,-237.24894408935236,-238.96895723242307,-272.6624716757533,-257.62281736744944,20.58003762961991
26.330996108055114,8.23287739671491,0.006321835517883301,0.0004496395653896563,2.0,5000,2,0.2,scale,linear,-1,"{'C': 2.0, 'cache_size': 5000, 'degree': 2, 'epsilon': 0.2, 'gamma': 'scale', 'kernel': 'linear', 'max_iter': -1}",-0.20510426273918467,-0.23585103743297609,-0.25669694121877146,-0.27120007793089124,-0.22929308977778903,-0.26965873026805515,-0.30084141805527426,-0.3612994626200515,-0.2622605721412973,-0.4288823775716892,-0.282108796975598,0.06351161537128121,106,-0.2633898772926938,-0.2594485728186486,-0.2565524503360481,-0.2533219529848044,-0.2637644867695265,-0.25451636243699827,-0.25251613920294325,-0.24650722258291388,-0.25563754343067896,-0.24515869644004495,-0.2550813304295301,0.00589868054973963
0.2642012119293213,0.014380264540586616,0.017821073532104492,0.0005360781178546815,2.0,5000,2,0.2,scale,rbf,-1,"{'C': 2.0, 'cache_size': 5000, 'degree': 2, 'epsilon': 0.2, 'gamma': 'scale', 'kernel': 'rbf', 'max_iter': -1}",-0.24108139130312278,-0.2529304164849558,-0.26536535327230926,-0.24335889871101674,-0.22889533057856495,-0.3022624532610561,-0.31006798203540414,-0.35223966022349823,-0.2730167865181848,-0.3592278339633416,-0.28284461063514543,0.04390787697697849,125,-0.20208501234862813,-0.19777552844624635,-0.20068279169854575,-0.201356671457597,-0.20124115134225218,-0.19657142909155823,-0.19365090755080772,-0.1902673694177877,-0.1998271629675644,-0.18784022643683884,-0.19712982507578264,0.004748092933301923
0.6716295480728149,0.09690212880463706,0.006671023368835449,0.000637455310607009,2.0,5000,2,0.2,scale,poly,-1,"{'C': 2.0, 'cache_size': 5000, 'degree': 2, 'epsilon': 0.2, 'gamma': 'scale', 'kernel': 'poly', 'max_iter': -1}",-0.27244982655647376,-0.25084394277877514,-0.24888646362879446,-0.3323304029449398,-0.26570784765130984,-0.30222771124517944,-0.3520289407892098,-0.35299408096769297,-0.29946493249168693,-0.4573655592840215,-0.31342997083380836,0.060406986897754235,150,-0.22174213378909963,-0.21783096825185191,-0.21782389248045916,-0.2188311956451119,-0.22298466813050835,-0.2159036478030425,-0.21222441800798292,-0.21141065839768533,-0.21814333359877713,-0.2100990327176589,-0.21669939488221773,0.004078020449715103
0.13172881603240966,0.01592073887860559,0.009856677055358887,0.0005360575300978804,2.0,5000,2,0.2,scale,sigmoid,-1,"{'C': 2.0, 'cache_size': 5000, 'degree': 2, 'epsilon': 0.2, 'gamma': 'scale', 'kernel': 'sigmoid', 'max_iter': -1}",-216.44408795341343,-134.8370987952788,-48.609014132206205,-158.6683068979152,-228.63654916936022,-261.2166605811759,-445.29137902763796,-268.14061372992404,-437.71407368827363,-329.729819602484,-252.92876035776698,119.93579812467263,227,-268.28299578145635,-275.281608017794,-269.1254329448771,-282.9046616941968,-251.42415829874105,-235.58127857192503,-237.14818927058346,-260.2813552676455,-242.2423935857844,-323.6029085597493,-264.5874981992753,25.004693986304563
25.506259846687318,8.721486507980252,0.006472635269165039,0.0004972051359502462,2.0,5000,2,0.2,auto,linear,-1,"{'C': 2.0, 'cache_size': 5000, 'degree': 2, 'epsilon': 0.2, 'gamma': 'auto', 'kernel': 'linear', 'max_iter': -1}",-0.20510426273918467,-0.23585103743297609,-0.25669694121877146,-0.27120007793089124,-0.22929308977778903,-0.26965873026805515,-0.30084141805527426,-0.3612994626200515,-0.2622605721412973,-0.4288823775716892,-0.282108796975598,0.06351161537128121,106,-0.2633898772926938,-0.2594485728186486,-0.2565524503360481,-0.2533219529848044,-0.2637644867695265,-0.25451636243699827,-0.25251613920294325,-0.24650722258291388,-0.25563754343067896,-0.24515869644004495,-0.2550813304295301,0.00589868054973963
0.2756911516189575,0.030005582988678857,0.018169355392456055,0.0015310365257704792,2.0,5000,2,0.2,auto,rbf,-1,"{'C': 2.0, 'cache_size': 5000, 'degree': 2, 'epsilon': 0.2, 'gamma': 'auto', 'kernel': 'rbf', 'max_iter': -1}",-0.241176876742371,-0.25305091248981504,-0.2655845548953162,-0.24352000457103448,-0.2287166154960805,-0.302254959565771,-0.3096687064583843,-0.35199592113204015,-0.2729321418480078,-0.35664305018353865,-0.28255437433823594,0.04338186299927949,119,-0.20180845609099893,-0.19747852558263118,-0.19958946176659345,-0.20180245311889108,-0.20164960228831266,-0.19629949270486485,-0.19432962545304094,-0.19162449788565464,-0.20004543780413603,-0.19056633041031742,-0.1975193883105441,0.003990296902001903
0.6840852499008179,0.12530729223095535,0.006537818908691406,0.0005344139787717236,2.0,5000,2,0.2,auto,poly,-1,"{'C': 2.0, 'cache_size': 5000, 'degree': 2, 'epsilon': 0.2, 'gamma': 'auto', 'kernel': 'poly', 'max_iter': -1}",-0.27324744093167364,-0.2511221911915461,-0.2494586911970066,-0.3279530842075339,-0.2654026281522563,-0.30263848907935514,-0.3509315466110058,-0.3520620011016224,-0.29912972882134814,-0.4319759582260791,-0.3103921759519427,0.05411782543358075,149,-0.22159333473047682,-0.2177288446764277,-0.2172586619078872,-0.21904225444652262,-0.22313398590230482,-0.21578420317150998,-0.21273309830592102,-0.21186796768378577,-0.21824321023258147,-0.2114681178398655,-0.21688536788972831,0.003762069711792872
0.14313461780548095,0.02947141274929503,0.010106801986694336,0.0007066846134164681,2.0,5000,2,0.2,auto,sigmoid,-1,"{'C': 2.0, 'cache_size': 5000, 'degree': 2, 'epsilon': 0.2, 'gamma': 'auto', 'kernel': 'sigmoid', 'max_iter': -1}",-222.18061130560739,-129.0149170466146,-58.45337110664431,-151.45311939373644,-232.4879903891754,-266.4862547145385,-425.73067358204366,-242.1409481851279,-419.3777367221199,-265.15790799109254,-241.24835304367008,110.22117556878216,223,-274.6398153710023,-277.84014953079276,-277.5887596845849,-275.90524544663924,-245.15872019570548,-240.01886178642778,-226.381871966204,-237.63196413419178,-237.93590876851562,-271.2990169005626,-256.4400313784626,19.57731237886135
9.675916147232055,18.199624685047915,0.004679656028747559,0.0004564193074508183,2.0,5000,2,0.5,scale,linear,-1,"{'C': 2.0, 'cache_size': 5000, 'degree': 2, 'epsilon': 0.5, 'gamma': 'scale', 'kernel': 'linear', 'max_iter': -1}",-0.19738767125372406,-0.21835679314765316,-0.2273025767047235,-0.2656904390796898,-0.20479471873601665,-0.26658623315584334,-0.26477649009129095,-0.29475245839944153,-0.24982669306678335,-0.3081618944190632,-0.24976359680542295,0.035288436474907675,13,-0.25534755447330504,-0.2530237161819349,-0.2518846161505913,-0.24773968574299338,-0.25445597227345707,-0.24761217276772063,-0.24786809442210797,-0.24450378548064944,-0.24952961055531692,-0.2431109101778105,-0.24950761182258868,0.003898296600227812
0.25816266536712645,0.024266669558139775,0.009955763816833496,0.0004451032136705273,2.0,5000,2,0.5,scale,rbf,-1,"{'C': 2.0, 'cache_size': 5000, 'degree': 2, 'epsilon': 0.5, 'gamma': 'scale', 'kernel': 'rbf', 'max_iter': -1}",-0.2137078584981346,-0.23183942463127333,-0.24637836952379233,-0.26502785859355965,-0.21126604256821543,-0.2900684606942922,-0.28477609698959505,-0.29959170606587215,-0.2594644402812712,-0.3465011580428153,-0.26486214158888216,0.03981659279016995,45,-0.22381873542062644,-0.2215895767189063,-0.22080668909478826,-0.22018111411641758,-0.22173790692645826,-0.21540045913462633,-0.2175473943527418,-0.21457132161449835,-0.21989682709928568,-0.21089240313997815,-0.2186442427618327,0.0037687285977102865
0.3218212604522705,0.03306563736397088,0.00463097095489502,0.00044765953983049795,2.0,5000,2,0.5,scale,poly,-1,"{'C': 2.0, 'cache_size': 5000, 'degree': 2, 'epsilon': 0.5, 'gamma': 'scale', 'kernel': 'poly', 'max_iter': -1}",-0.22596222271495991,-0.23994797592033137,-0.26021659522640567,-0.3067239565264637,-0.20556085559669493,-0.28676099790898424,-0.2930790386729498,-0.3061452418956173,-0.25541637718805044,-0.3350218104462931,-0.27148350720967507,0.03870113543958607,62,-0.23464998212727475,-0.23170112223325184,-0.23146378902618836,-0.22950824915621584,-0.23479670138010203,-0.2296998931859576,-0.22867258937319587,-0.22444153089998523,-0.23154932458354108,-0.22369842125250483,-0.2300181603218218,0.003532204087858317
0.130401349067688,0.01332824641414227,0.009410285949707031,0.0004698784084618331,2.0,5000,2,0.5,scale,sigmoid,-1,"{'C': 2.0, 'cache_size': 5000, 'degree': 2, 'epsilon': 0.5, 'gamma': 'scale', 'kernel': 'sigmoid', 'max_iter': -1}",-209.11859282166353,-136.33610201696854,-48.084928520549944,-157.59937428427958,-223.71254225734802,-252.61266783842063,-436.75858090519654,-267.95440795541236,-369.1437949480201,-347.1133087768236,-244.84343003246826,110.97642278125653,225,-241.4298224902717,-266.4971701228303,-269.45428470732804,-283.49124488446387,-269.40171751129225,-237.83508908412392,-234.4806609164273,-259.1739000096271,-233.14393009552893,-303.6704417883759,-259.8578261610269,22.108901639667867
8.512262272834779,14.559932994474615,0.004679322242736816,0.0006375516558859943,2.0,5000,2,0.5,auto,linear,-1,"{'C': 2.0, 'cache_size': 5000, 'degree': 2, 'epsilon': 0.5, 'gamma': 'auto', 'kernel': 'linear', 'max_iter': -1}",-0.19738767125372406,-0.21835679314765316,-0.2273025767047235,-0.2656904390796898,-0.20479471873601665,-0.26658623315584334,-0.26477649009129095,-0.29475245839944153,-0.24982669306678335,-0.3081618944190632,-0.24976359680542295,0.035288436474907675,13,-0.25534755447330504,-0.2530237161819349,-0.2518846161505913,-0.24773968574299338,-0.25445597227345707,-0.24761217276772063,-0.24786809442210797,-0.24450378548064944,-0.24952961055531692,-0.2431109101778105,-0.24950761182258868,0.003898296600227812
0.26949856281280515,0.027427092687972852,0.0110029935836792,0.0023407261638488655,2.0,5000,2,0.5,auto,rbf,-1,"{'C': 2.0, 'cache_size': 5000, 'degree': 2, 'epsilon': 0.5, 'gamma': 'auto', 'kernel': 'rbf', 'max_iter': -1}",-0.21377960073445862,-0.23189908183028465,-0.24651981165802958,-0.26501853593779257,-0.21114171306207716,-0.2900421633798126,-0.2845849584284848,-0.2993786321575635,-0.25941242803362335,-0.34494649588185894,-0.2646723421103986,0.039465926216137495,43,-0.22365648104275018,-0.22145322656800182,-0.220232191231279,-0.22041220555456287,-0.22192261010905723,-0.21527061148306212,-0.21793377438126088,-0.21518944588814146,-0.22001117254800517,-0.21228317882347708,-0.21883648976295977,0.003393990350407123
0.3248821973800659,0.054019088883734336,0.004583191871643066,0.0004312741419664938,2.0,5000,2,0.5,auto,poly,-1,"{'C': 2.0, 'cache_size': 5000, 'degree': 2, 'epsilon': 0.5, 'gamma': 'auto', 'kernel': 'poly', 'max_iter': -1}",-0.22620683090688287,-0.2400782022696981,-0.26116238518860896,-0.30545319454261105,-0.20552434186889104,-0.2868658439778846,-0.29267286522580177,-0.3059460597787555,-0.2555045783909547,-0.3334386397574626,-0.27128529419075514,0.03822825099777207,61,-0.23455593911239597,-0.23160415515211438,-0.2310514797886193,-0.2296258358794005,-0.23493159181307177,-0.22961057158586037,-0.22888222303547598,-0.22472267082274103,-0.23160373411485644,-0.22436252231156006,-0.2300950723616096,0.0033527617665201157
0.13729958534240722,0.01837035316255123,0.011504697799682616,0.005652960496654987,2.0,5000,2,0.5,auto,sigmoid,-1,"{'C': 2.0, 'cache_size': 5000, 'degree': 2, 'epsilon': 0.5, 'gamma': 'auto', 'kernel': 'sigmoid', 'max_iter': -1}",-213.96948791643692,-139.30340322674536,-58.26291962286784,-148.4864667536576,-230.52995099406618,-264.6185612058128,-429.18568864069033,-280.54377674450694,-360.9803619147214,-265.6152583857115,-239.14958754052168,102.77958004055705,221,-247.30562096207797,-271.3938537860115,-276.005588021228,-269.28837407699837,-243.38462261114586,-249.34506739816538,-225.25943919941352,-255.03921234928325,-228.0258002106276,-268.4133054529066,-253.34608840678578,17.043831738916328
24.292647409439088,9.492263757518478,0.007119965553283691,0.00045241993265047396,2.0,5000,3,0.1,scale,linear,-1,"{'C': 2.0, 'cache_size': 5000, 'degree': 3, 'epsilon': 0.1, 'gamma': 'scale', 'kernel': 'linear', 'max_iter': -1}",-0.20981316905248468,-0.2405886058351334,-0.25697307929247426,-0.2811471517651244,-0.2310204613008981,-0.2686806340080098,-0.29798682077309385,-0.3659873471023831,-0.26433913071322995,-0.3667977921735231,-0.27833341920163546,0.05000682127592562,87,-0.2612883205552482,-0.258321862954334,-0.25594642342893253,-0.25139163678226084,-0.26498121530063495,-0.2528140112027405,-0.2514992094006123,-0.24518396114899402,-0.2526826913475662,-0.2461687020788075,-0.2540278034200131,0.005928045134929505
0.28870587348937987,0.02639529749706714,0.020420932769775392,0.00044619019122465363,2.0,5000,3,0.1,scale,rbf,-1,"{'C': 2.0, 'cache_size': 5000, 'degree': 3, 'epsilon': 0.1, 'gamma': 'scale', 'kernel': 'rbf', 'max_iter': -1}",-0.24062416547329207,-0.26443710592672987,-0.26857761236929434,-0.2466551065267221,-0.23092019042978337,-0.31058762962910885,-0.30862833170891063,-0.3675325645787619,-0.2903253444579227,-0.378418459745771,-0.2906706510846297,0.048492425098868044,133,-0.20456225641385709,-0.20019160437997888,-0.20032700585236704,-0.20276029031094434,-0.20127933215145785,-0.19776865214192516,-0.19369628931234167,-0.19135571404217222,-0.19994939883113824,-0.18914371040177985,-0.19810342538379624,0.004811909340321121
0.5910896062850952,0.05351694844283586,0.0073176145553588865,0.0004485770269750891,2.0,5000,3,0.1,scale,poly,-1,"{'C': 2.0, 'cache_size': 5000, 'degree': 3, 'epsilon': 0.1, 'gamma': 'scale', 'kernel': 'poly', 'max_iter': -1}",-0.3636800592243976,-0.27713314925127813,-0.30275351883388973,-0.7156679069515345,-1.4745647725943725,-0.35430794310698094,-1.0759618666722803,-1.5958876929588368,-0.45743886490084945,-0.7748932922443907,-0.7392289066738812,0.46502142242674877,188,-0.20701465935731256,-0.20116816922245828,-0.20160107739405117,-0.20170751798274017,-0.20355786236896917,-0.20055612638559503,-0.19148528514027932,-0.19338025970817482,-0.20102138795366575,-0.19209675338346735,-0.19935890988967137,0.004947046580732936
0.1465395212173462,0.02513693010683635,0.011061382293701173,0.002988650256391111,2.0,5000,3,0.1,scale,sigmoid,-1,"{'C': 2.0, 'cache_size': 5000, 'degree': 3, 'epsilon': 0.1, 'gamma': 'scale', 'kernel': 'sigmoid', 'max_iter': -1}",-215.92009905865217,-126.87875010281458,-53.282009315698026,-155.1274195090038,-228.5915631877583,-229.61996707694362,-321.31540149301713,-268.6546535305876,-429.7274844115176,-360.60749429460344,-238.97248419805965,106.60512703845657,219,-268.18044028128253,-274.16503675598807,-255.54551372763925,-284.0327681756002,-251.063600840422,-233.70811843569078,-244.521738852355,-261.02895927185097,-242.84711168376327,-311.8797152901833,-262.69730033147755,21.885415235936442
23.458561491966247,9.072698211165166,0.006670427322387695,0.0004548499988581112,2.0,5000,3,0.1,auto,linear,-1,"{'C': 2.0, 'cache_size': 5000, 'degree': 3, 'epsilon': 0.1, 'gamma': 'auto', 'kernel': 'linear', 'max_iter': -1}",-0.20981316905248468,-0.2405886058351334,-0.25697307929247426,-0.2811471517651244,-0.2310204613008981,-0.2686806340080098,-0.29798682077309385,-0.3659873471023831,-0.26433913071322995,-0.3667977921735231,-0.27833341920163546,0.05000682127592562,87,-0.2612883205552482,-0.258321862954334,-0.25594642342893253,-0.25139163678226084,-0.26498121530063495,-0.2528140112027405,-0.2514992094006123,-0.24518396114899402,-0.2526826913475662,-0.2461687020788075,-0.2540278034200131,0.005928045134929505
0.3036268949508667,0.03596065451328813,0.020411300659179687,0.0008912904318140241,2.0,5000,3,0.1,auto,rbf,-1,"{'C': 2.0, 'cache_size': 5000, 'degree': 3, 'epsilon': 0.1, 'gamma': 'auto', 'kernel': 'rbf', 'max_iter': -1}",-0.24049739527317515,-0.26474016055599436,-0.26898322379274564,-0.2467556346733028,-0.23087101039074523,-0.31058560014079395,-0.30812638632454264,-0.3672619710764191,-0.2901915837929767,-0.37498093019070006,-0.29029938962113955,0.047790405562491076,131,-0.20421885958634575,-0.199961512911333,-0.19914055201418057,-0.2031551145894471,-0.20165075017893594,-0.19753696252654762,-0.19435717698936877,-0.19262508445234083,-0.20016504949039987,-0.19179683768394967,-0.19846079004228492,0.004088318203979786
0.6284062623977661,0.09396544228587886,0.007318854331970215,0.0004492405738249556,2.0,5000,3,0.1,auto,poly,-1,"{'C': 2.0, 'cache_size': 5000, 'degree': 3, 'epsilon': 0.1, 'gamma': 'auto', 'kernel': 'poly', 'max_iter': -1}",-0.36651431033479026,-0.27787358407442064,-0.3065722354908042,-0.6834575808464355,-1.415153837908339,-0.35538710267791496,-1.0476706653335233,-1.774002686610237,-0.4552628151853231,-0.671231434869556,-0.7353126253331344,0.4896198833685695,187,-0.20661742306167014,-0.2009384859587678,-0.20051812846295292,-0.20220594520491736,-0.20405318975370168,-0.2002246792835535,-0.19250223180354245,-0.1946076980325432,-0.20126036024293742,-0.19482024700965297,-0.19977483888142394,0.004236618289496576
0.1446077823638916,0.029172769498802167,0.00986027717590332,0.000692567208694127,2.0,5000,3,0.1,auto,sigmoid,-1,"{'C': 2.0, 'cache_size': 5000, 'degree': 3, 'epsilon': 0.1, 'gamma': 'auto', 'kernel': 'sigmoid', 'max_iter': -1}",-220.28576828698212,-129.05911198784963,-55.2463385680905,-148.38292149415585,-223.99008846710464,-231.76307661898826,-425.9738233003278,-240.7180431468036,-424.03419707573715,-267.11840354247323,-236.65717724885127,111.63661031620738,217,-273.3999044114182,-278.19166816679956,-285.98579653651683,-276.85690861488297,-246.8562996069689,-239.1136881553252,-226.94353518505395,-237.24894408935236,-238.96895723242307,-272.6624716757533,-257.62281736744944,20.58003762961991
25.56930446624756,8.844048018404306,0.006324124336242676,0.0004489445781238778,2.0,5000,3,0.2,scale,linear,-1,"{'C': 2.0, 'cache_size': 5000, 'degree': 3, 'epsilon': 0.2, 'gamma': 'scale', 'kernel': 'linear', 'max_iter': -1}",-0.20510426273918467,-0.23585103743297609,-0.25669694121877146,-0.27120007793089124,-0.22929308977778903,-0.26965873026805515,-0.30084141805527426,-0.3612994626200515,-0.2622605721412973,-0.4288823775716892,-0.282108796975598,0.06351161537128121,106,-0.2633898772926938,-0.2594485728186486,-0.2565524503360481,-0.2533219529848044,-0.2637644867695265,-0.25451636243699827,-0.25251613920294325,-0.24650722258291388,-0.25563754343067896,-0.24515869644004495,-0.2550813304295301,0.00589868054973963
0.2695014953613281,0.022970345125352586,0.018668222427368163,0.002286519465183228,2.0,5000,3,0.2,scale,rbf,-1,"{'C': 2.0, 'cache_size': 5000, 'degree': 3, 'epsilon': 0.2, 'gamma': 'scale', 'kernel': 'rbf', 'max_iter': -1}",-0.24108139130312278,-0.2529304164849558,-0.26536535327230926,-0.24335889871101674,-0.22889533057856495,-0.3022624532610561,-0.31006798203540414,-0.35223966022349823,-0.2730167865181848,-0.3592278339633416,-0.28284461063514543,0.04390787697697849,125,-0.20208501234862813,-0.19777552844624635,-0.20068279169854575,-0.201356671457597,-0.20124115134225218,-0.19657142909155823,-0.19365090755080772,-0.1902673694177877,-0.1998271629675644,-0.18784022643683884,-0.19712982507578264,0.004748092933301923
0.45416531562805174,0.042276304868776024,0.006272411346435547,0.0004563204694794893,2.0,5000,3,0.2,scale,poly,-1,"{'C': 2.0, 'cache_size': 5000, 'degree': 3, 'epsilon': 0.2, 'gamma': 'scale', 'kernel': 'poly', 'max_iter': -1}",-0.3478827271287658,-0.27353659787188034,-0.28262629626532243,-0.29854026734670697,-0.7270362828101433,-0.33418942986133154,-0.9222546185558681,-0.38640520298281095,-0.37075039425866263,-0.5813048815191489,-0.4524526698600641,0.20813757617430853,182,-0.21430046890366422,-0.2072249023310693,-0.2091010872457841,-0.20671515936828389,-0.20996629866657568,-0.2073199997954218,-0.19630599555916584,-0.19912533269566082,-0.20721948686531552,-0.19788494895626854,-0.20551636803872095,0.005515770706831086
0.1342329978942871,0.01715138130433457,0.009756350517272949,0.0005972481006344489,2.0,5000,3,0.2,scale,sigmoid,-1,"{'C': 2.0, 'cache_size': 5000, 'degree': 3, 'epsilon': 0.2, 'gamma': 'scale', 'kernel': 'sigmoid', 'max_iter': -1}",-216.44408795341343,-134.8370987952788,-48.609014132206205,-158.6683068979152,-228.63654916936022,-261.2166605811759,-445.29137902763796,-268.14061372992404,-437.71407368827363,-329.729819602484,-252.92876035776698,119.93579812467263,227,-268.28299578145635,-275.281608017794,-269.1254329448771,-282.9046616941968,-251.42415829874105,-235.58127857192503,-237.14818927058346,-260.2813552676455,-242.2423935857844,-323.6029085597493,-264.5874981992753,25.004693986304563
25.82773129940033,9.968587498766839,0.006374955177307129,0.00043444418969439634,2.0,5000,3,0.2,auto,linear,-1,"{'C': 2.0, 'cache_size': 5000, 'degree': 3, 'epsilon': 0.2, 'gamma': 'auto', 'kernel': 'linear', 'max_iter': -1}",-0.20510426273918467,-0.23585103743297609,-0.25669694121877146,-0.27120007793089124,-0.22929308977778903,-0.26965873026805515,-0.30084141805527426,-0.3612994626200515,-0.2622605721412973,-0.4288823775716892,-0.282108796975598,0.06351161537128121,106,-0.2633898772926938,-0.2594485728186486,-0.2565524503360481,-0.2533219529848044,-0.2637644867695265,-0.25451636243699827,-0.25251613920294325,-0.24650722258291388,-0.25563754343067896,-0.24515869644004495,-0.2550813304295301,0.00589868054973963
0.2651172161102295,0.014371397690266657,0.017722153663635255,0.0005973660590850577,2.0,5000,3,0.2,auto,rbf,-1,"{'C': 2.0, 'cache_size': 5000, 'degree': 3, 'epsilon': 0.2, 'gamma': 'auto', 'kernel': 'rbf', 'max_iter': -1}",-0.241176876742371,-0.25305091248981504,-0.2655845548953162,-0.24352000457103448,-0.2287166154960805,-0.302254959565771,-0.3096687064583843,-0.35199592113204015,-0.2729321418480078,-0.35664305018353865,-0.28255437433823594,0.04338186299927949,119,-0.20180845609099893,-0.19747852558263118,-0.19958946176659345,-0.20180245311889108,-0.20164960228831266,-0.19629949270486485,-0.19432962545304094,-0.19162449788565464,-0.20004543780413603,-0.19056633041031742,-0.1975193883105441,0.003990296902001903
0.48284282684326174,0.050892786387262585,0.00637202262878418,0.00048789665789347,2.0,5000,3,0.2,auto,poly,-1,"{'C': 2.0, 'cache_size': 5000, 'degree': 3, 'epsilon': 0.2, 'gamma': 'auto', 'kernel': 'poly', 'max_iter': -1}",-0.35117327029600076,-0.27409779351626484,-0.28487365364044326,-0.2960121488701882,-0.7250440084332925,-0.33554312455623597,-0.8964858136880577,-0.3772226937764805,-0.36848866458534646,-0.513307725940569,-0.4422248897302879,0.1987788773769721,181,-0.21379859492938644,-0.2069877672398266,-0.20768084446663668,-0.20728724989350356,-0.2102880446646566,-0.20698534378069852,-0.19735563423218627,-0.20080123856052015,-0.20746592365959882,-0.20106696794778045,-0.20597176093747943,0.0046245236490278065
0.13343310356140137,0.025858749413151957,0.012191081047058105,0.006911198590579293,2.0,5000,3,0.2,auto,sigmoid,-1,"{'C': 2.0, 'cache_size': 5000, 'degree': 3, 'epsilon': 0.2, 'gamma': 'auto', 'kernel': 'sigmoid', 'max_iter': -1}",-222.18061130560739,-129.0149170466146,-58.45337110664431,-151.45311939373644,-232.4879903891754,-266.4862547145385,-425.73067358204366,-242.1409481851279,-419.3777367221199,-265.15790799109254,-241.24835304367008,110.22117556878216,223,-274.6398153710023,-277.84014953079276,-277.5887596845849,-275.90524544663924,-245.15872019570548,-240.01886178642778,-226.381871966204,-237.63196413419178,-237.93590876851562,-271.2990169005626,-256.4400313784626,19.57731237886135
8.799404430389405,15.484622880266365,0.004582357406616211,0.0004335565759076402,2.0,5000,3,0.5,scale,linear,-1,"{'C': 2.0, 'cache_size': 5000, 'degree': 3, 'epsilon': 0.5, 'gamma': 'scale', 'kernel': 'linear', 'max_iter': -1}",-0.19738767125372406,-0.21835679314765316,-0.2273025767047235,-0.2656904390796898,-0.20479471873601665,-0.26658623315584334,-0.26477649009129095,-0.29475245839944153,-0.24982669306678335,-0.3081618944190632,-0.24976359680542295,0.035288436474907675,13,-0.25534755447330504,-0.2530237161819349,-0.2518846161505913,-0.24773968574299338,-0.25445597227345707,-0.24761217276772063,-0.24786809442210797,-0.24450378548064944,-0.24952961055531692,-0.2431109101778105,-0.24950761182258868,0.003898296600227812
0.2582214117050171,0.025786149617077755,0.010011410713195801,0.0004136842593118512,2.0,5000,3,0.5,scale,rbf,-1,"{'C': 2.0, 'cache_size': 5000, 'degree': 3, 'epsilon': 0.5, 'gamma': 'scale', 'kernel': 'rbf', 'max_iter': -1}",-0.2137078584981346,-0.23183942463127333,-0.24637836952379233,-0.26502785859355965,-0.21126604256821543,-0.2900684606942922,-0.28477609698959505,-0.29959170606587215,-0.2594644402812712,-0.3465011580428153,-0.26486214158888216,0.03981659279016995,45,-0.22381873542062644,-0.2215895767189063,-0.22080668909478826,-0.22018111411641758,-0.22173790692645826,-0.21540045913462633,-0.2175473943527418,-0.21457132161449835,-0.21989682709928568,-0.21089240313997815,-0.2186442427618327,0.0037687285977102865
0.27967529296875,0.03219061003328938,0.004580235481262207,0.0004880726293394502,2.0,5000,3,0.5,scale,poly,-1,"{'C': 2.0, 'cache_size': 5000, 'degree': 3, 'epsilon': 0.5, 'gamma': 'scale', 'kernel': 'poly', 'max_iter': -1}",-0.23397701693488768,-0.23781637878728734,-0.2483902713788628,-0.3049671362575538,-0.2915435043246493,-0.29858053039695437,-0.4324302636293775,-0.4554026455120717,-0.27312593680341185,-0.3929134788798022,-0.31691471629048584,0.07692165579303036,152,-0.23321235701957796,-0.2291131958954913,-0.22897586839570194,-0.2284932009215114,-0.2304629630148275,-0.22507408035111984,-0.22092851057812324,-0.2214915319058378,-0.2279338630822826,-0.21981097174780295,-0.22654965429122767,0.004273479616356772
0.13666603565216065,0.027760241563195544,0.012048888206481933,0.006942893443703144,2.0,5000,3,0.5,scale,sigmoid,-1,"{'C': 2.0, 'cache_size': 5000, 'degree': 3, 'epsilon': 0.5, 'gamma': 'scale', 'kernel': 'sigmoid', 'max_iter': -1}",-209.11859282166353,-136.33610201696854,-48.084928520549944,-157.59937428427958,-223.71254225734802,-252.61266783842063,-436.75858090519654,-267.95440795541236,-369.1437949480201,-347.1133087768236,-244.84343003246826,110.97642278125653,225,-241.4298224902717,-266.4971701228303,-269.45428470732804,-283.49124488446387,-269.40171751129225,-237.83508908412392,-234.4806609164273,-259.1739000096271,-233.14393009552893,-303.6704417883759,-259.8578261610269,22.108901639667867
8.459757804870605,14.425326163339319,0.0045299530029296875,0.0004696375682925837,2.0,5000,3,0.5,auto,linear,-1,"{'C': 2.0, 'cache_size': 5000, 'degree': 3, 'epsilon': 0.5, 'gamma': 'auto', 'kernel': 'linear', 'max_iter': -1}",-0.19738767125372406,-0.21835679314765316,-0.2273025767047235,-0.2656904390796898,-0.20479471873601665,-0.26658623315584334,-0.26477649009129095,-0.29475245839944153,-0.24982669306678335,-0.3081618944190632,-0.24976359680542295,0.035288436474907675,13,-0.25534755447330504,-0.2530237161819349,-0.2518846161505913,-0.24773968574299338,-0.25445597227345707,-0.24761217276772063,-0.24786809442210797,-0.24450378548064944,-0.24952961055531692,-0.2431109101778105,-0.24950761182258868,0.003898296600227812
0.26692216396331786,0.029757187847612332,0.010058975219726563,0.0004895694348478618,2.0,5000,3,0.5,auto,rbf,-1,"{'C': 2.0, 'cache_size': 5000, 'degree': 3, 'epsilon': 0.5, 'gamma': 'auto', 'kernel': 'rbf', 'max_iter': -1}",-0.21377960073445862,-0.23189908183028465,-0.24651981165802958,-0.26501853593779257,-0.21114171306207716,-0.2900421633798126,-0.2845849584284848,-0.2993786321575635,-0.25941242803362335,-0.34494649588185894,-0.2646723421103986,0.039465926216137495,43,-0.22365648104275018,-0.22145322656800182,-0.220232191231279,-0.22041220555456287,-0.22192261010905723,-0.21527061148306212,-0.21793377438126088,-0.21518944588814146,-0.22001117254800517,-0.21228317882347708,-0.21883648976295977,0.003393990350407123
0.2600675106048584,0.033242003431694284,0.004976797103881836,0.000772265739676656,2.0,5000,3,0.5,auto,poly,-1,"{'C': 2.0, 'cache_size': 5000, 'degree': 3, 'epsilon': 0.5, 'gamma': 'auto', 'kernel': 'poly', 'max_iter': -1}",-0.2350276158726042,-0.2380125344390126,-0.24836481297813878,-0.3026750748881711,-0.2888325750157391,-0.2992910112547389,-0.42750128457366454,-0.44655587534850844,-0.27324636942532454,-0.38440717599154584,-0.3143914329787448,0.07373385656481796,151,-0.23301295434018277,-0.22894018631735288,-0.2283010671989641,-0.22870428437386503,-0.23066590883327912,-0.22489192267143782,-0.22130673141677482,-0.22222741883166452,-0.2280884237718916,-0.22116513221580864,-0.22673040299712213,0.003899930032951791
0.1402616024017334,0.02411097745265104,0.01110391616821289,0.003982098039925593,2.0,5000,3,0.5,auto,sigmoid,-1,"{'C': 2.0, 'cache_size': 5000, 'degree': 3, 'epsilon': 0.5, 'gamma': 'auto', 'kernel': 'sigmoid', 'max_iter': -1}",-213.96948791643692,-139.30340322674536,-58.26291962286784,-148.4864667536576,-230.52995099406618,-264.6185612058128,-429.18568864069033,-280.54377674450694,-360.9803619147214,-265.6152583857115,-239.14958754052168,102.77958004055705,221,-247.30562096207797,-271.3938537860115,-276.005588021228,-269.28837407699837,-243.38462261114586,-249.34506739816538,-225.25943919941352,-255.03921234928325,-228.0258002106276,-268.4133054529066,-253.34608840678578,17.043831738916328
66.25994913578033,14.710478890907249,0.008902144432067872,0.00551882029557123,5.0,5000,2,0.1,scale,linear,-1,"{'C': 5.0, 'cache_size': 5000, 'degree': 2, 'epsilon': 0.1, 'gamma': 'scale', 'kernel': 'linear', 'max_iter': -1}",-0.2098855376877261,-0.24105633313680605,-0.2568204616150782,-0.2812037470173251,-0.23077425036452823,-0.26872854730784373,-0.29956203618376587,-0.3657101792743886,-0.264348476151356,-0.36643386303200826,-0.2784523431770827,0.049942312366954296,95,-0.26091672800020405,-0.25869131266858514,-0.25627205945029874,-0.2514584340644486,-0.2649802230670212,-0.25289206773169637,-0.2518004296798405,-0.24516953784079404,-0.2529298790523931,-0.2461644562886591,-0.25412751278439405,0.005903030114931399
0.49939308166503904,0.04482558352429935,0.020461678504943848,0.0014844101463575682,5.0,5000,2,0.1,scale,rbf,-1,"{'C': 5.0, 'cache_size': 5000, 'degree': 2, 'epsilon': 0.1, 'gamma': 'scale', 'kernel': 'rbf', 'max_iter': -1}",-0.2525887742202808,-0.2870863711556725,-0.292849000997087,-0.2438485249985073,-0.2419644372692881,-0.3127327684291745,-0.3324836415389049,-0.38944148726762473,-0.29932349358591887,-0.4186398294628887,-0.3070958328925348,0.05637045854752774,147,-0.18280074416701403,-0.1806280625337241,-0.1785669091099271,-0.18124218312293974,-0.17855287073278212,-0.17703369911087027,-0.17014802417915262,-0.16957492252440715,-0.18005697620750943,-0.1681381248485839,-0.17667425165369105,0.005085012277657351
1.5249606609344482,0.25366788332079215,0.007569122314453125,0.0008826048470921048,5.0,5000,2,0.1,scale,poly,-1,"{'C': 5.0, 'cache_size': 5000, 'degree': 2, 'epsilon': 0.1, 'gamma': 'scale', 'kernel': 'poly', 'max_iter': -1}",-0.33560722721404096,-0.2893886937034315,-0.2745877934761023,-0.47935657319956365,-0.27176972391919835,-0.3288905559048217,-0.43818516245300204,-0.48850140909520773,-0.3396239835167375,-0.6297550519714186,-0.38756661744535237,0.11139295200542339,170,-0.21799460912925472,-0.2113219011466397,-0.21080399247042714,-0.21279525890644466,-0.21704789438833946,-0.20998177668491064,-0.20343191301464,-0.2046973631999061,-0.2119982173406988,-0.20540812260593982,-0.2105481048887201,0.004659677735094333
0.13775739669799805,0.020576909305666625,0.009908628463745118,0.00035053529680170086,5.0,5000,2,0.1,scale,sigmoid,-1,"{'C': 5.0, 'cache_size': 5000, 'degree': 2, 'epsilon': 0.1, 'gamma': 'scale', 'kernel': 'sigmoid', 'max_iter': -1}",-1294.8394133165953,-867.5390345471483,-277.7422419929168,-1001.4027206199622,-1411.9100440843242,-1524.5461416737971,-2651.892645645635,-1673.2057987882902,-2641.479798906662,-2288.839433929265,-1563.3397273504593,737.2214630367002,239,-1531.142800663473,-1706.8434259531239,-1588.7781610023515,-1835.6246820725914,-1690.9887298311824,-1447.7791706013024,-1475.972713093782,-1629.8404363811449,-1510.2140259545504,-1978.0146037533991,-1639.5198749306899,159.64443556941757
64.5540191411972,13.745642310828513,0.007449293136596679,0.0005181002076590315,5.0,5000,2,0.1,auto,linear,-1,"{'C': 5.0, 'cache_size': 5000, 'degree': 2, 'epsilon': 0.1, 'gamma': 'auto', 'kernel': 'linear', 'max_iter': -1}",-0.2098855376877261,-0.24105633313680605,-0.2568204616150782,-0.2812037470173251,-0.23077425036452823,-0.26872854730784373,-0.29956203618376587,-0.3657101792743886,-0.264348476151356,-0.36643386303200826,-0.2784523431770827,0.049942312366954296,95,-0.26091672800020405,-0.25869131266858514,-0.25627205945029874,-0.2514584340644486,-0.2649802230670212,-0.25289206773169637,-0.2518004296798405,-0.24516953784079404,-0.2529298790523931,-0.2461644562886591,-0.25412751278439405,0.005903030114931399
0.5032888174057006,0.028380675363984014,0.02066030502319336,0.0008689861204960982,5.0,5000,2,0.1,auto,rbf,-1,"{'C': 5.0, 'cache_size': 5000, 'degree': 2, 'epsilon': 0.1, 'gamma': 'auto', 'kernel': 'rbf', 'max_iter': -1}",-0.25247462039530927,-0.28713710114651286,-0.29407866327203114,-0.24374192048366797,-0.2416851109564697,-0.31251131515286795,-0.3317287304540877,-0.38803912983494804,-0.2994475748273848,-0.4122557035108335,-0.3063099870034113,0.05490209322674761,145,-0.18228353578758946,-0.1803158922475095,-0.17723060249914568,-0.18190484365904924,-0.17901338333955924,-0.17667258286281304,-0.17130390624994457,-0.17127736569246782,-0.1803628145075921,-0.17148025222187283,-0.17718451790675435,0.004169078685951428
1.4912638425827027,0.17923273284129182,0.008263564109802246,0.002137773332492827,5.0,5000,2,0.1,auto,poly,-1,"{'C': 5.0, 'cache_size': 5000, 'degree': 2, 'epsilon': 0.1, 'gamma': 'auto', 'kernel': 'poly', 'max_iter': -1}",-0.3365434736750098,-0.2898803246216649,-0.277250139312999,-0.4820163265792814,-0.2710260531299238,-0.32966761013999607,-0.4325232783024974,-0.4834080906456105,-0.3388344234730047,-0.6189496036031812,-0.3860099323483168,0.10828934100600004,169,-0.21785803061254985,-0.21121622740039328,-0.21006450617430525,-0.21296110790115474,-0.21721431233837157,-0.20988559024741843,-0.20377951877554581,-0.20505837703815352,-0.21206113955716951,-0.20650133732643292,-0.2106600147371495,0.004464373794374072
0.14382810592651368,0.03373723441263377,0.011051511764526368,0.003315476333827756,5.0,5000,2,0.1,auto,sigmoid,-1,"{'C': 5.0, 'cache_size': 5000, 'degree': 2, 'epsilon': 0.1, 'gamma': 'auto', 'kernel': 'sigmoid', 'max_iter': -1}",-1328.466374932783,-886.8587022509341,-312.25037123932003,-943.1705688879844,-1368.0823827663098,-1492.8092570485712,-2689.979797375071,-1505.4471682442986,-2591.6864470214696,-1727.6919340786842,-1484.644300384543,692.8906642594723,231,-1573.6131683076546,-1736.596944277171,-1713.3052166694974,-1742.128208329341,-1643.9488199755517,-1496.3339016987686,-1404.952000238275,-1479.4166829607886,-1481.399221513019,-1717.2008151813116,-1598.8894979151378,120.60080872929538
64.81101078987122,17.1706269838106,0.0063719511032104496,0.00048766277968485025,5.0,5000,2,0.2,scale,linear,-1,"{'C': 5.0, 'cache_size': 5000, 'degree': 2, 'epsilon': 0.2, 'gamma': 'scale', 'kernel': 'linear', 'max_iter': -1}",-0.20527031191917305,-0.23576866048672376,-0.2566276089487934,-0.2710379396801139,-0.23028427360022838,-0.2697093220376139,-0.300502339331267,-0.3612656207858308,-0.2624070899789831,-0.4290382839286032,-0.28219114506973303,0.06343771181307847,110,-0.26338447019058336,-0.25944868389912673,-0.2564234408303502,-0.2532387938905644,-0.2636421423554078,-0.2545510762973238,-0.2523732351194061,-0.24669167881041623,-0.25572933014331545,-0.24510512542440038,-0.2550587976960894,0.005868903687332578
0.44404480457305906,0.02311686029399497,0.01812577247619629,0.0008668070932955566,5.0,5000,2,0.2,scale,rbf,-1,"{'C': 5.0, 'cache_size': 5000, 'degree': 2, 'epsilon': 0.2, 'gamma': 'scale', 'kernel': 'rbf', 'max_iter': -1}",-0.26039708261646344,-0.27303147994082905,-0.28624541934565,-0.24035167754276598,-0.24403202594036089,-0.31209662507910313,-0.33573352658050387,-0.3621060706732129,-0.2860412491632953,-0.38879217624714896,-0.29888273331293336,0.047457358580650595,142,-0.1819720642565863,-0.17849315892438136,-0.17881578213684374,-0.180775098796031,-0.1799951685270252,-0.1790366290891407,-0.1706672828397064,-0.16843524393164702,-0.18088515498219349,-0.16847039923736543,-0.17675459827209206,0.005082547847812533
1.1265669345855713,0.15550256232709408,0.006769609451293945,0.00039790169172080703,5.0,5000,2,0.2,scale,poly,-1,"{'C': 5.0, 'cache_size': 5000, 'degree': 2, 'epsilon': 0.2, 'gamma': 'scale', 'kernel': 'poly', 'max_iter': -1}",-0.3144868644875793,-0.26409545808088053,-0.2785223949731722,-0.5090816909177455,-0.264816113655521,-0.3459524294279441,-0.4171011928837196,-0.41515537556405857,-0.3289672264808907,-0.6637388327518462,-0.3801917579223357,0.12034794812021599,167,-0.21323858709199633,-0.20907156633654175,-0.20853335738282186,-0.2105004537496151,-0.2143966222866209,-0.20775264437884086,-0.20007400047890544,-0.20237588284610378,-0.2104160305661638,-0.20171024836540163,-0.20780693934830116,0.004643095594592004
0.13142712116241456,0.01792422053577517,0.010362482070922852,0.0009384656096581342,5.0,5000,2,0.2,scale,sigmoid,-1,"{'C': 5.0, 'cache_size': 5000, 'degree': 2, 'epsilon': 0.2, 'gamma': 'scale', 'kernel': 'sigmoid', 'max_iter': -1}",-1291.1696289090412,-859.9020651594005,-277.5903675786918,-996.81381244752,-1429.9080085000949,-1470.090721812511,-2778.773882663602,-1668.9166190689693,-2639.207373462654,-2032.9447818715673,-1544.5317261474052,737.0490412564604,237,-1603.3934512733429,-1759.115517855394,-1587.6089580990802,-1785.6090399022473,-1721.216468763416,-1474.9044862107157,-1492.9636919940558,-1629.0935120123224,-1508.7838373294383,-2010.8751487142315,-1657.3564112154243,157.1051360641486
66.12364132404328,18.467270702466543,0.006721234321594239,0.0005981880381124,5.0,5000,2,0.2,auto,linear,-1,"{'C': 5.0, 'cache_size': 5000, 'degree': 2, 'epsilon': 0.2, 'gamma': 'auto', 'kernel': 'linear', 'max_iter': -1}",-0.20527031191917305,-0.23576866048672376,-0.2566276089487934,-0.2710379396801139,-0.23028427360022838,-0.2697093220376139,-0.300502339331267,-0.3612656207858308,-0.2624070899789831,-0.4290382839286032,-0.28219114506973303,0.06343771181307847,110,-0.26338447019058336,-0.25944868389912673,-0.2564234408303502,-0.2532387938905644,-0.2636421423554078,-0.2545510762973238,-0.2523732351194061,-0.24669167881041623,-0.25572933014331545,-0.24510512542440038,-0.2550587976960894,0.005868903687332578
0.4811664819717407,0.053154528540863465,0.02091951370239258,0.006914137338605267,5.0,5000,2,0.2,auto,rbf,-1,"{'C': 5.0, 'cache_size': 5000, 'degree': 2, 'epsilon': 0.2, 'gamma': 'auto', 'kernel': 'rbf', 'max_iter': -1}",-0.2602360867347208,-0.2731978957059124,-0.28773576745330764,-0.24005918549204822,-0.2437908591982657,-0.31189285943058054,-0.3353382342030759,-0.36166219083009205,-0.2859027250782616,-0.38709888592068137,-0.29869146900469457,0.047077154737138575,140,-0.18157621314364497,-0.1781941549016931,-0.17735815369766775,-0.1813639720404307,-0.1804540089493755,-0.1787018438614035,-0.17148586933166685,-0.1700621397762152,-0.18120331557838668,-0.17118353478964882,-0.1771583206070133,0.0043145651671749495
1.1822587728500367,0.13241889354447137,0.006863832473754883,0.0006974694195355111,5.0,5000,2,0.2,auto,poly,-1,"{'C': 5.0, 'cache_size': 5000, 'degree': 2, 'epsilon': 0.2, 'gamma': 'auto', 'kernel': 'poly', 'max_iter': -1}",-0.31523892184235214,-0.26440107286520553,-0.28246589177160836,-0.5084591000400571,-0.2637818107624947,-0.34689811566950574,-0.41407519043202806,-0.4075690595338595,-0.32835363079317237,-0.6551602416152003,-0.3786403035325484,0.1176678987767893,165,-0.21304286676067993,-0.2089159782376891,-0.2080597330923731,-0.21068070130916122,-0.21452806334159266,-0.20760734704140665,-0.20050218457512298,-0.20309791894081494,-0.2105291554614072,-0.20305398244007164,-0.20800179312003192,0.004328237007622475
0.16865100860595703,0.034152545245465495,0.010058832168579102,0.0007647814478980312,5.0,5000,2,0.2,auto,sigmoid,-1,"{'C': 5.0, 'cache_size': 5000, 'degree': 2, 'epsilon': 0.2, 'gamma': 'auto', 'kernel': 'sigmoid', 'max_iter': -1}",-1356.853194139365,-888.1054611728697,-306.07051363971607,-942.22415852409,-1370.7939850574314,-1556.6527268707507,-2667.6470455797967,-1511.257643773937,-2585.280682336377,-1673.0514039781403,-1485.7936815072476,687.0720689114937,233,-1702.8867018401443,-1785.813275526914,-1710.3601615860018,-1711.704866456082,-1643.981348343755,-1484.834599415767,-1417.6520065446266,-1486.6850779671186,-1478.29603082931,-1705.8396590295117,-1612.8053727539232,124.67244836808895
19.126640605926514,30.46440807712061,0.004366731643676758,0.0006894796726989622,5.0,5000,2,0.5,scale,linear,-1,"{'C': 5.0, 'cache_size': 5000, 'degree': 2, 'epsilon': 0.5, 'gamma': 'scale', 'kernel': 'linear', 'max_iter': -1}",-0.1974198641738791,-0.21834612791924315,-0.22732068383329623,-0.26570642134325717,-0.20495366434426404,-0.26659672732108103,-0.26478349232078097,-0.2947735459135616,-0.24985420300714564,-0.3081209439735021,-0.2497875674150011,0.03526065971611113,17,-0.2553143901713435,-0.25300939675501305,-0.2518743188373981,-0.24771908878857266,-0.25446303292755273,-0.24761487410207558,-0.2478889476146285,-0.24452337996220821,-0.24953468895418535,-0.24304332665219344,-0.24949854447651712,0.0039008906479368883
0.43341951370239257,0.05794727379119509,0.01050429344177246,0.0007220842701752722,5.0,5000,2,0.5,scale,rbf,-1,"{'C': 5.0, 'cache_size': 5000, 'degree': 2, 'epsilon': 0.5, 'gamma': 'scale', 'kernel': 'rbf', 'max_iter': -1}",-0.2260666031877981,-0.2381367815340835,-0.2621743025579962,-0.2707208681312725,-0.21810471221724878,-0.3037899241845157,-0.30165145463974047,-0.3115369958609531,-0.27203298530671016,-0.3585607433895981,-0.2762775371009917,0.04125802866428319,75,-0.21033252744677292,-0.20938897453538174,-0.2066273761504338,-0.20809451546801253,-0.20868137871697137,-0.20276446849978166,-0.2037173746229984,-0.2026146789533917,-0.20796837574996382,-0.1984914745116424,-0.205868114465535,0.0035978367338139004
0.5986830949783325,0.11291101444319783,0.00467836856842041,0.00045558342249230884,5.0,5000,2,0.5,scale,poly,-1,"{'C': 5.0, 'cache_size': 5000, 'degree': 2, 'epsilon': 0.5, 'gamma': 'scale', 'kernel': 'poly', 'max_iter': -1}",-0.24424050717473153,-0.247458851614856,-0.28140066991855134,-0.4128315345489985,-0.20849050933437024,-0.308246539946815,-0.3290931700645975,-0.3240223978920534,-0.262901678915055,-0.35699364915826,-0.29756795085682886,0.057773243695623526,138,-0.22909109209083522,-0.22638081121691475,-0.22655346938510948,-0.22432751146333677,-0.22914882547739748,-0.22198364129514553,-0.22151059211365207,-0.22065632457087253,-0.22571973280997634,-0.21965486877251614,-0.22450268691957564,0.0032477542785931714
0.14024264812469484,0.02285100480864277,0.01005570888519287,0.0008270632539557396,5.0,5000,2,0.5,scale,sigmoid,-1,"{'C': 5.0, 'cache_size': 5000, 'degree': 2, 'epsilon': 0.5, 'gamma': 'scale', 'kernel': 'sigmoid', 'max_iter': -1}",-1296.1505090076546,-812.8416706334763,-283.77406980555435,-967.6763676661586,-1439.5753375770398,-1657.7087223394396,-2212.868205640301,-1703.5351265515483,-2628.266315114662,-2263.098667272738,-1526.549499160857,685.7624697704765,235,-1531.339001518231,-1728.9397099538155,-1575.3882529169844,-1794.8464323466608,-1589.4123155523946,-1548.6480861700315,-1563.1515476076584,-1641.883637679555,-1505.03347753354,-1976.8595499041464,-1645.550201118302,140.02334448129864
18.51121919155121,29.46160639254125,0.0045302391052246095,0.00046955070184516326,5.0,5000,2,0.5,auto,linear,-1,"{'C': 5.0, 'cache_size': 5000, 'degree': 2, 'epsilon': 0.5, 'gamma': 'auto', 'kernel': 'linear', 'max_iter': -1}",-0.1974198641738791,-0.21834612791924315,-0.22732068383329623,-0.26570642134325717,-0.20495366434426404,-0.26659672732108103,-0.26478349232078097,-0.2947735459135616,-0.24985420300714564,-0.3081209439735021,-0.2497875674150011,0.03526065971611113,17,-0.2553143901713435,-0.25300939675501305,-0.2518743188373981,-0.24771908878857266,-0.25446303292755273,-0.24761487410207558,-0.2478889476146285,-0.24452337996220821,-0.24953468895418535,-0.24304332665219344,-0.24949854447651712,0.0039008906479368883
0.4241308689117432,0.07557796433081268,0.011150932312011719,0.0018254160712497343,5.0,5000,2,0.5,auto,rbf,-1,"{'C': 5.0, 'cache_size': 5000, 'degree': 2, 'epsilon': 0.5, 'gamma': 'auto', 'kernel': 'rbf', 'max_iter': -1}",-0.2261313894450205,-0.23833496688120617,-0.2630081894594091,-0.2708138930268792,-0.2180579157358964,-0.3038529728093602,-0.30139973149332927,-0.31136914969265006,-0.27204940258922305,-0.3580780689969616,-0.27630956801299356,0.041087553498487105,81,-0.21009792683402792,-0.20921308992806548,-0.20595242034017316,-0.20841778695716498,-0.20893161445878072,-0.20262242678669296,-0.20421123628338264,-0.20329839062361652,-0.2081083155504924,-0.2001937632475487,-0.20610469710099455,0.0031861168634589854
0.5679222106933594,0.1311994388169233,0.005077648162841797,0.00029840484599630453,5.0,5000,2,0.5,auto,poly,-1,"{'C': 5.0, 'cache_size': 5000, 'degree': 2, 'epsilon': 0.5, 'gamma': 'auto', 'kernel': 'poly', 'max_iter': -1}",-0.2448256088019039,-0.2475490325095816,-0.28328195999315253,-0.40648376654190516,-0.20846149877459288,-0.30883334660027545,-0.32667170460600164,-0.3205789277698554,-0.2626349616320998,-0.3527125949896349,-0.2962033402219003,0.05571033804865459,137,-0.2289686140869478,-0.22628967619470933,-0.22625378614161937,-0.22444817392721303,-0.22929058718931208,-0.22190430019218743,-0.2218247924522819,-0.220986703907339,-0.22580460725845836,-0.22027565710510164,-0.22460468984551696,0.003080174440450497
0.14640605449676514,0.021810558103709302,0.009958362579345703,0.0002227400792218542,5.0,5000,2,0.5,auto,sigmoid,-1,"{'C': 5.0, 'cache_size': 5000, 'degree': 2, 'epsilon': 0.5, 'gamma': 'auto', 'kernel': 'sigmoid', 'max_iter': -1}",-1308.4640557846985,-884.8304101397943,-307.9352061874606,-948.0894184556491,-1447.8557946505894,-1721.8959447831594,-2097.36406480489,-1514.3559619365958,-2586.920963222031,-1805.6973997170612,-1462.340921968193,617.2856852230154,229,-1625.191835979265,-1729.5924090729732,-1713.6173566482228,-1746.555461096626,-1541.7205553310798,-1609.4847332443292,-1461.5551107565923,-1478.191199098494,-1478.3617382657335,-1629.6330821973506,-1601.3903481690668,102.45082174710444
65.11061978340149,13.38828633628625,0.006659507751464844,0.0006856265720088307,5.0,5000,3,0.1,scale,linear,-1,"{'C': 5.0, 'cache_size': 5000, 'degree': 3, 'epsilon': 0.1, 'gamma': 'scale', 'kernel': 'linear', 'max_iter': -1}",-0.2098855376877261,-0.24105633313680605,-0.2568204616150782,-0.2812037470173251,-0.23077425036452823,-0.26872854730784373,-0.29956203618376587,-0.3657101792743886,-0.264348476151356,-0.36643386303200826,-0.2784523431770827,0.049942312366954296,95,-0.26091672800020405,-0.25869131266858514,-0.25627205945029874,-0.2514584340644486,-0.2649802230670212,-0.25289206773169637,-0.2518004296798405,-0.24516953784079404,-0.2529298790523931,-0.2461644562886591,-0.25412751278439405,0.005903030114931399
0.48376989364624023,0.02594976312749145,0.02027444839477539,0.0006268648691096708,5.0,5000,3,0.1,scale,rbf,-1,"{'C': 5.0, 'cache_size': 5000, 'degree': 3, 'epsilon': 0.1, 'gamma': 'scale', 'kernel': 'rbf', 'max_iter': -1}",-0.2525887742202808,-0.2870863711556725,-0.292849000997087,-0.2438485249985073,-0.2419644372692881,-0.3127327684291745,-0.3324836415389049,-0.38944148726762473,-0.29932349358591887,-0.4186398294628887,-0.3070958328925348,0.05637045854752774,147,-0.18280074416701403,-0.1806280625337241,-0.1785669091099271,-0.18124218312293974,-0.17855287073278212,-0.17703369911087027,-0.17014802417915262,-0.16957492252440715,-0.18005697620750943,-0.1681381248485839,-0.17667425165369105,0.005085012277657351
0.9787511825561523,0.17536518772366555,0.007167363166809082,0.00039854206074971255,5.0,5000,3,0.1,scale,poly,-1,"{'C': 5.0, 'cache_size': 5000, 'degree': 3, 'epsilon': 0.1, 'gamma': 'scale', 'kernel': 'poly', 'max_iter': -1}",-0.5303620056248658,-0.34551666792767827,-0.3367213246199478,-2.332068863702334,-4.22707920468395,-0.43105916651727194,-1.5625087978040326,-2.102821395978206,-0.7555168251224316,-2.9040084202294554,-1.5527662672210174,1.2555132020911017,192,-0.18980207105475333,-0.18597653652744553,-0.18560466242412574,-0.18542093570720966,-0.18700589311664276,-0.18546923251147324,-0.1747414312027002,-0.17659873021348169,-0.1872852270388023,-0.17708765069361249,-0.18349923704902468,0.00499924301745843
0.14089272022247315,0.02268932333215066,0.010006880760192871,0.0001524377415680796,5.0,5000,3,0.1,scale,sigmoid,-1,"{'C': 5.0, 'cache_size': 5000, 'degree': 3, 'epsilon': 0.1, 'gamma': 'scale', 'kernel': 'sigmoid', 'max_iter': -1}",-1294.8394133165953,-867.5390345471483,-277.7422419929168,-1001.4027206199622,-1411.9100440843242,-1524.5461416737971,-2651.892645645635,-1673.2057987882902,-2641.479798906662,-2288.839433929265,-1563.3397273504593,737.2214630367002,239,-1531.142800663473,-1706.8434259531239,-1588.7781610023515,-1835.6246820725914,-1690.9887298311824,-1447.7791706013024,-1475.972713093782,-1629.8404363811449,-1510.2140259545504,-1978.0146037533991,-1639.5198749306899,159.64443556941757
63.44313848018646,14.936838681319072,0.006118273735046387,0.0011733752504215205,5.0,5000,3,0.1,auto,linear,-1,"{'C': 5.0, 'cache_size': 5000, 'degree': 3, 'epsilon': 0.1, 'gamma': 'auto', 'kernel': 'linear', 'max_iter': -1}",-0.2098855376877261,-0.24105633313680605,-0.2568204616150782,-0.2812037470173251,-0.23077425036452823,-0.26872854730784373,-0.29956203618376587,-0.3657101792743886,-0.264348476151356,-0.36643386303200826,-0.2784523431770827,0.049942312366954296,95,-0.26091672800020405,-0.25869131266858514,-0.25627205945029874,-0.2514584340644486,-0.2649802230670212,-0.25289206773169637,-0.2518004296798405,-0.24516953784079404,-0.2529298790523931,-0.2461644562886591,-0.25412751278439405,0.005903030114931399
0.48312792778015134,0.023108372809452014,0.020369243621826173,0.0004707956340890984,5.0,5000,3,0.1,auto,rbf,-1,"{'C': 5.0, 'cache_size': 5000, 'degree': 3, 'epsilon': 0.1, 'gamma': 'auto', 'kernel': 'rbf', 'max_iter': -1}",-0.25247462039530927,-0.28713710114651286,-0.29407866327203114,-0.24374192048366797,-0.2416851109564697,-0.31251131515286795,-0.3317287304540877,-0.38803912983494804,-0.2994475748273848,-0.4122557035108335,-0.3063099870034113,0.05490209322674761,145,-0.18228353578758946,-0.1803158922475095,-0.17723060249914568,-0.18190484365904924,-0.17901338333955924,-0.17667258286281304,-0.17130390624994457,-0.17127736569246782,-0.1803628145075921,-0.17148025222187283,-0.17718451790675435,0.004169078685951428
0.9149235963821412,0.13306401495482864,0.007567000389099121,0.0006606407522095843,5.0,5000,3,0.1,auto,poly,-1,"{'C': 5.0, 'cache_size': 5000, 'degree': 3, 'epsilon': 0.1, 'gamma': 'auto', 'kernel': 'poly', 'max_iter': -1}",-0.5390814944447965,-0.34834021006328586,-0.33982848389375897,-2.239174459564911,-4.084034293370295,-0.43379903793324814,-1.5280342406309932,-2.025117490260751,-0.7467415024582524,-2.250470788691272,-1.4534622001311566,1.1550567342436289,191,-0.18929914920906418,-0.18565929844114587,-0.18418007165100217,-0.18610422599887247,-0.1875036063283317,-0.1850836998734325,-0.17563892704795306,-0.17835088780437627,-0.18759272168749525,-0.18049643651348626,-0.18399090245551597,0.004192205831218382
0.1352761507034302,0.020780227679169778,0.009708452224731445,0.000599067743991033,5.0,5000,3,0.1,auto,sigmoid,-1,"{'C': 5.0, 'cache_size': 5000, 'degree': 3, 'epsilon': 0.1, 'gamma': 'auto', 'kernel': 'sigmoid', 'max_iter': -1}",-1328.466374932783,-886.8587022509341,-312.25037123932003,-943.1705688879844,-1368.0823827663098,-1492.8092570485712,-2689.979797375071,-1505.4471682442986,-2591.6864470214696,-1727.6919340786842,-1484.644300384543,692.8906642594723,231,-1573.6131683076546,-1736.596944277171,-1713.3052166694974,-1742.128208329341,-1643.9488199755517,-1496.3339016987686,-1404.952000238275,-1479.4166829607886,-1481.399221513019,-1717.2008151813116,-1598.8894979151378,120.60080872929538
63.817212796211244,13.730979214654933,0.006019783020019531,0.0013770949840127716,5.0,5000,3,0.2,scale,linear,-1,"{'C': 5.0, 'cache_size': 5000, 'degree': 3, 'epsilon': 0.2, 'gamma': 'scale', 'kernel': 'linear', 'max_iter': -1}",-0.20527031191917305,-0.23576866048672376,-0.2566276089487934,-0.2710379396801139,-0.23028427360022838,-0.2697093220376139,-0.300502339331267,-0.3612656207858308,-0.2624070899789831,-0.4290382839286032,-0.28219114506973303,0.06343771181307847,110,-0.26338447019058336,-0.25944868389912673,-0.2564234408303502,-0.2532387938905644,-0.2636421423554078,-0.2545510762973238,-0.2523732351194061,-0.24669167881041623,-0.25572933014331545,-0.24510512542440038,-0.2550587976960894,0.005868903687332578
0.47033631801605225,0.05871431024571549,0.018175387382507326,0.00213627862144274,5.0,5000,3,0.2,scale,rbf,-1,"{'C': 5.0, 'cache_size': 5000, 'degree': 3, 'epsilon': 0.2, 'gamma': 'scale', 'kernel': 'rbf', 'max_iter': -1}",-0.26039708261646344,-0.27303147994082905,-0.28624541934565,-0.24035167754276598,-0.24403202594036089,-0.31209662507910313,-0.33573352658050387,-0.3621060706732129,-0.2860412491632953,-0.38879217624714896,-0.29888273331293336,0.047457358580650595,142,-0.1819720642565863,-0.17849315892438136,-0.17881578213684374,-0.180775098796031,-0.1799951685270252,-0.1790366290891407,-0.1706672828397064,-0.16843524393164702,-0.18088515498219349,-0.16847039923736543,-0.17675459827209206,0.005082547847812533
0.7771817684173584,0.11768081226791932,0.007617044448852539,0.0034624569295839576,5.0,5000,3,0.2,scale,poly,-1,"{'C': 5.0, 'cache_size': 5000, 'degree': 3, 'epsilon': 0.2, 'gamma': 'scale', 'kernel': 'poly', 'max_iter': -1}",-0.5128546104392566,-0.3300709790211926,-0.3041519156922569,-0.8625022318742105,-2.8466774552088183,-0.4100679571179486,-1.4938219095290954,-0.5269557369885675,-0.569463662098786,-0.7985012646273764,-0.8655067722597509,0.738929841312353,190,-0.1963020500923507,-0.1908631151442901,-0.1911762755941461,-0.19062169208163443,-0.1919586662980492,-0.1904617568544091,-0.1796165187423655,-0.18226685964376224,-0.19192794173686326,-0.1813710284823358,-0.18865659046702066,0.00523476151656959
0.1304868698120117,0.016713478057187064,0.009660077095031739,0.0005091782637748298,5.0,5000,3,0.2,scale,sigmoid,-1,"{'C': 5.0, 'cache_size': 5000, 'degree': 3, 'epsilon': 0.2, 'gamma': 'scale', 'kernel': 'sigmoid', 'max_iter': -1}",-1291.1696289090412,-859.9020651594005,-277.5903675786918,-996.81381244752,-1429.9080085000949,-1470.090721812511,-2778.773882663602,-1668.9166190689693,-2639.207373462654,-2032.9447818715673,-1544.5317261474052,737.0490412564604,237,-1603.3934512733429,-1759.115517855394,-1587.6089580990802,-1785.6090399022473,-1721.216468763416,-1474.9044862107157,-1492.9636919940558,-1629.0935120123224,-1508.7838373294383,-2010.8751487142315,-1657.3564112154243,157.1051360641486
55.544634103775024,13.184627714584861,0.004188656806945801,0.00031814985153275,5.0,5000,3,0.2,auto,linear,-1,"{'C': 5.0, 'cache_size': 5000, 'degree': 3, 'epsilon': 0.2, 'gamma': 'auto', 'kernel': 'linear', 'max_iter': -1}",-0.20527031191917305,-0.23576866048672376,-0.2566276089487934,-0.2710379396801139,-0.23028427360022838,-0.2697093220376139,-0.300502339331267,-0.3612656207858308,-0.2624070899789831,-0.4290382839286032,-0.28219114506973303,0.06343771181307847,110,-0.26338447019058336,-0.25944868389912673,-0.2564234408303502,-0.2532387938905644,-0.2636421423554078,-0.2545510762973238,-0.2523732351194061,-0.24669167881041623,-0.25572933014331545,-0.24510512542440038,-0.2550587976960894,0.005868903687332578
0.45006890296936036,0.03662364667041277,0.01752009391784668,0.0006568559344208876,5.0,5000,3,0.2,auto,rbf,-1,"{'C': 5.0, 'cache_size': 5000, 'degree': 3, 'epsilon': 0.2, 'gamma': 'auto', 'kernel': 'rbf', 'max_iter': -1}",-0.2602360867347208,-0.2731978957059124,-0.28773576745330764,-0.24005918549204822,-0.2437908591982657,-0.31189285943058054,-0.3353382342030759,-0.36166219083009205,-0.2859027250782616,-0.38709888592068137,-0.29869146900469457,0.047077154737138575,140,-0.18157621314364497,-0.1781941549016931,-0.17735815369766775,-0.1813639720404307,-0.1804540089493755,-0.1787018438614035,-0.17148586933166685,-0.1700621397762152,-0.18120331557838668,-0.17118353478964882,-0.1771583206070133,0.0043145651671749495
0.7291333675384521,0.10267114353573459,0.008263039588928222,0.004563415595393289,5.0,5000,3,0.2,auto,poly,-1,"{'C': 5.0, 'cache_size': 5000, 'degree': 3, 'epsilon': 0.2, 'gamma': 'auto', 'kernel': 'poly', 'max_iter': -1}",-0.5209923222438113,-0.33279772368236404,-0.3067661022502243,-0.7974182655112142,-2.7326421729849315,-0.41311931206712804,-1.471270689248518,-0.47026226976186825,-0.5654261537546527,-0.7744692473270147,-0.8385164258831728,0.7088275458116762,189,-0.19579819930115896,-0.19040349310764618,-0.1895046062600644,-0.19127580698289212,-0.1924937373301716,-0.1900561652269057,-0.1807652109810849,-0.18402134593130282,-0.19225316018715613,-0.184938833749395,-0.18915105590577777,0.004317263105658167
0.15563113689422609,0.02698604757605428,0.010155010223388671,0.0005973421966234693,5.0,5000,3,0.2,auto,sigmoid,-1,"{'C': 5.0, 'cache_size': 5000, 'degree': 3, 'epsilon': 0.2, 'gamma': 'auto', 'kernel': 'sigmoid', 'max_iter': -1}",-1356.853194139365,-888.1054611728697,-306.07051363971607,-942.22415852409,-1370.7939850574314,-1556.6527268707507,-2667.6470455797967,-1511.257643773937,-2585.280682336377,-1673.0514039781403,-1485.7936815072476,687.0720689114937,233,-1702.8867018401443,-1785.813275526914,-1710.3601615860018,-1711.704866456082,-1643.981348343755,-1484.834599415767,-1417.6520065446266,-1486.6850779671186,-1478.29603082931,-1705.8396590295117,-1612.8053727539232,124.67244836808895
15.573694682121277,21.180017299051045,0.0045395374298095705,0.0007903929798839113,5.0,5000,3,0.5,scale,linear,-1,"{'C': 5.0, 'cache_size': 5000, 'degree': 3, 'epsilon': 0.5, 'gamma': 'scale', 'kernel': 'linear', 'max_iter': -1}",-0.1974198641738791,-0.21834612791924315,-0.22732068383329623,-0.26570642134325717,-0.20495366434426404,-0.26659672732108103,-0.26478349232078097,-0.2947735459135616,-0.24985420300714564,-0.3081209439735021,-0.2497875674150011,0.03526065971611113,17,-0.2553143901713435,-0.25300939675501305,-0.2518743188373981,-0.24771908878857266,-0.25446303292755273,-0.24761487410207558,-0.2478889476146285,-0.24452337996220821,-0.24953468895418535,-0.24304332665219344,-0.24949854447651712,0.0039008906479368883
0.4150496006011963,0.05682714454991067,0.010155415534973145,0.0007449893877806936,5.0,5000,3,0.5,scale,rbf,-1,"{'C': 5.0, 'cache_size': 5000, 'degree': 3, 'epsilon': 0.5, 'gamma': 'scale', 'kernel': 'rbf', 'max_iter': -1}",-0.2260666031877981,-0.2381367815340835,-0.2621743025579962,-0.2707208681312725,-0.21810471221724878,-0.3037899241845157,-0.30165145463974047,-0.3115369958609531,-0.27203298530671016,-0.3585607433895981,-0.2762775371009917,0.04125802866428319,75,-0.21033252744677292,-0.20938897453538174,-0.2066273761504338,-0.20809451546801253,-0.20868137871697137,-0.20276446849978166,-0.2037173746229984,-0.2026146789533917,-0.20796837574996382,-0.1984914745116424,-0.205868114465535,0.0035978367338139004
0.3945129871368408,0.0479903968968348,0.005385851860046387,0.0018931012975068945,5.0,5000,3,0.5,scale,poly,-1,"{'C': 5.0, 'cache_size': 5000, 'degree': 3, 'epsilon': 0.5, 'gamma': 'scale', 'kernel': 'poly', 'max_iter': -1}",-0.25894320011005,-0.24922703848995634,-0.25545013074587564,-0.38407887685179287,-0.444937227712291,-0.31864565354487967,-0.529024073459757,-0.5354148100593402,-0.3106349059623653,-0.45178876332961887,-0.3738144680265927,0.10545676612281098,164,-0.22625669797230907,-0.22130692084988512,-0.22125257310276916,-0.22173843398935122,-0.22303078327326703,-0.2172758676357083,-0.21495849837813755,-0.2158703286311947,-0.21957869476774727,-0.21312162769137183,-0.21943904262917413,0.0038583110856815254
0.14208245277404785,0.020983111599112463,0.009864473342895507,0.0005232369379251504,5.0,5000,3,0.5,scale,sigmoid,-1,"{'C': 5.0, 'cache_size': 5000, 'degree': 3, 'epsilon': 0.5, 'gamma': 'scale', 'kernel': 'sigmoid', 'max_iter': -1}",-1296.1505090076546,-812.8416706334763,-283.77406980555435,-967.6763676661586,-1439.5753375770398,-1657.7087223394396,-2212.868205640301,-1703.5351265515483,-2628.266315114662,-2263.098667272738,-1526.549499160857,685.7624697704765,235,-1531.339001518231,-1728.9397099538155,-1575.3882529169844,-1794.8464323466608,-1589.4123155523946,-1548.6480861700315,-1563.1515476076584,-1641.883637679555,-1505.03347753354,-1976.8595499041464,-1645.550201118302,140.02334448129864
14.825725650787353,19.83141313406385,0.004497528076171875,0.000888811461052736,5.0,5000,3,0.5,auto,linear,-1,"{'C': 5.0, 'cache_size': 5000, 'degree': 3, 'epsilon': 0.5, 'gamma': 'auto', 'kernel': 'linear', 'max_iter': -1}",-0.1974198641738791,-0.21834612791924315,-0.22732068383329623,-0.26570642134325717,-0.20495366434426404,-0.26659672732108103,-0.26478349232078097,-0.2947735459135616,-0.24985420300714564,-0.3081209439735021,-0.2497875674150011,0.03526065971611113,17,-0.2553143901713435,-0.25300939675501305,-0.2518743188373981,-0.24771908878857266,-0.25446303292755273,-0.24761487410207558,-0.2478889476146285,-0.24452337996220821,-0.24953468895418535,-0.24304332665219344,-0.24949854447651712,0.0039008906479368883
0.4216001510620117,0.07875241252777342,0.01230638027191162,0.002837402337227216,5.0,5000,3,0.5,auto,rbf,-1,"{'C': 5.0, 'cache_size': 5000, 'degree': 3, 'epsilon': 0.5, 'gamma': 'auto', 'kernel': 'rbf', 'max_iter': -1}",-0.2261313894450205,-0.23833496688120617,-0.2630081894594091,-0.2708138930268792,-0.2180579157358964,-0.3038529728093602,-0.30139973149332927,-0.31136914969265006,-0.27204940258922305,-0.3580780689969616,-0.27630956801299356,0.041087553498487105,81,-0.21009792683402792,-0.20921308992806548,-0.20595242034017316,-0.20841778695716498,-0.20893161445878072,-0.20262242678669296,-0.20421123628338264,-0.20329839062361652,-0.2081083155504924,-0.2001937632475487,-0.20610469710099455,0.0031861168634589854
0.3526749849319458,0.01416461222424669,0.005028080940246582,0.0003465865561455826,5.0,5000,3,0.5,auto,poly,-1,"{'C': 5.0, 'cache_size': 5000, 'degree': 3, 'epsilon': 0.5, 'gamma': 'auto', 'kernel': 'poly', 'max_iter': -1}",-0.25900940734302935,-0.249588367950761,-0.2560428179475229,-0.3768496479596013,-0.4382281422085706,-0.3192062463977653,-0.5200384633271624,-0.5174855382827904,-0.31012419294183663,-0.4350887245367914,-0.36816615488958315,0.09956789820911138,163,-0.22603215355754291,-0.22115531555052237,-0.22071000462069074,-0.22204738211813965,-0.2232328818829746,-0.21712518698094818,-0.21543461697165825,-0.21650823577711079,-0.21975927807763193,-0.2137869864655842,-0.21957920420028035,0.0036201867159271987
0.14184603691101075,0.021720005107563754,0.01011052131652832,0.0007700322795296158,5.0,5000,3,0.5,auto,sigmoid,-1,"{'C': 5.0, 'cache_size': 5000, 'degree': 3, 'epsilon': 0.5, 'gamma': 'auto', 'kernel': 'sigmoid', 'max_iter': -1}",-1308.4640557846985,-884.8304101397943,-307.9352061874606,-948.0894184556491,-1447.8557946505894,-1721.8959447831594,-2097.36406480489,-1514.3559619365958,-2586.920963222031,-1805.6973997170612,-1462.340921968193,617.2856852230154,229,-1625.191835979265,-1729.5924090729732,-1713.6173566482228,-1746.555461096626,-1541.7205553310798,-1609.4847332443292,-1461.5551107565923,-1478.191199098494,-1478.3617382657335,-1629.6330821973506,-1601.3903481690668,102.45082174710444
