mean_fit_time,std_fit_time,mean_score_time,std_score_time,param_criterion,param_max_depth,param_min_samples_leaf,param_min_samples_split,param_random_state,param_splitter,params,split0_test_score,split1_test_score,split2_test_score,split3_test_score,split4_test_score,split5_test_score,split6_test_score,split7_test_score,split8_test_score,split9_test_score,mean_test_score,std_test_score,rank_test_score,split0_train_score,split1_train_score,split2_train_score,split3_train_score,split4_train_score,split5_train_score,split6_train_score,split7_train_score,split8_train_score,split9_train_score,mean_train_score,std_train_score
0.08730554580688477,0.008716734656217877,0.0029979705810546874,0.0008093907313903529,squared_error,,1,2,42,best,"{'criterion': 'squared_error', 'max_depth': None, 'min_samples_leaf': 1, 'min_samples_split': 2, 'random_state': 42, 'splitter': 'best'}",-0.4803440706824827,-0.45563420154305534,-0.5830511684075286,-0.6691033697321033,-0.3793119358202776,-0.4861406616347325,-0.5392066744400629,-0.6011086114363159,-0.3940519281602287,-0.6624547174593699,-0.5250407339316158,0.09783254886503552,320,-0.00436120863121915,-0.0031404477416414577,-0.0032239247054214513,-0.004518150578157597,-0.004798790434360046,-0.0047721452160660255,-0.003954292365871495,-0.0033404941649332353,-0.0042993539581678095,-0.00491849764827409,-0.004132730544411235,0.0006456363465294491
0.03778676986694336,0.002841912823399275,0.002964210510253906,0.000389919147352414,squared_error,,1,2,42,random,"{'criterion': 'squared_error', 'max_depth': None, 'min_samples_leaf': 1, 'min_samples_split': 2, 'random_state': 42, 'splitter': 'random'}",-0.46176595804191967,-0.3850643359296871,-0.5423570894956715,-0.48643914063008287,-0.4225060076174964,-0.47930223782310666,-0.563524316688643,-0.4964449298160116,-0.5027501433586967,-0.48364707754990843,-0.48238012369512234,0.04929720405618775,281,-0.00436120863121915,-0.0031404477416414577,-0.0032239247054214513,-0.004518150578157597,-0.004798790434360046,-0.0047721452160660255,-0.003954292365871495,-0.0033404941649332353,-0.0042993539581678095,-0.00491849764827409,-0.004132730544411235,0.0006456363465294491
0.08152658939361572,0.00839482748857097,0.0030803680419921875,0.0005278752314910904,squared_error,,1,5,42,best,"{'criterion': 'squared_error', 'max_depth': None, 'min_samples_leaf': 1, 'min_samples_split': 5, 'random_state': 42, 'splitter': 'best'}",-0.46582502258308883,-0.3413727098982069,-0.5503662001332289,-0.6080446092379205,-0.40445325623835493,-0.510964999098494,-0.5971051055442345,-0.5487111672465592,-0.3988054088222255,-0.665302278763971,-0.5090950757566284,0.09916174330440808,295,-0.021612614629400787,-0.03055370641128901,-0.02591502081372825,-0.021814065372062773,-0.02273922780058547,-0.01863911261270121,-0.01993345574332337,-0.018001264161482112,-0.026683083674139005,-0.021129748729334468,-0.022702129994804646,0.003722085173300366
0.017153191566467284,0.0008497264519644157,0.002944540977478027,0.00034359302164654784,squared_error,,1,5,42,random,"{'criterion': 'squared_error', 'max_depth': None, 'min_samples_leaf': 1, 'min_samples_split': 5, 'random_state': 42, 'splitter': 'random'}",-0.35104523250848113,-0.40962537964247986,-0.48181384203822225,-0.3751376767948909,-0.41461864154701755,-0.41461160849057527,-0.44822264105801324,-0.4750110452165495,-0.46048816689104655,-0.5140468551137983,-0.4344621089301074,0.047926271326020314,207,-0.05204363064580056,-0.03938157752478002,-0.04572688891266069,-0.04597874404861848,-0.04387246741486277,-0.04628004722262694,-0.05119691283223205,-0.039174939672150653,-0.04389168065652976,-0.04823547483320683,-0.04557823637634688,0.004077520255973699
0.07266957759857177,0.009296910443150685,0.0029100894927978514,0.0006795464026190416,squared_error,,1,10,42,best,"{'criterion': 'squared_error', 'max_depth': None, 'min_samples_leaf': 1, 'min_samples_split': 10, 'random_state': 42, 'splitter': 'best'}",-0.38071657092163735,-0.32930644108798124,-0.5147717844470522,-0.5638122329375275,-0.4179577041286135,-0.5086410952910162,-0.4859109372616992,-0.5231389041008788,-0.36156894841504467,-0.5955943084524293,-0.468141892704388,0.08564262341457349,259,-0.06225123469294157,-0.07145352230210705,-0.05847840399008164,-0.055717927605188074,-0.061363074364961405,-0.058026925164610145,-0.053340536727422526,-0.06442402581265141,-0.07111474413946593,-0.055463963762726845,-0.06116343585621566,0.005976214627973295
0.012658810615539551,0.0008134005276168698,0.0030074357986450196,0.0002588536865045429,squared_error,,1,10,42,random,"{'criterion': 'squared_error', 'max_depth': None, 'min_samples_leaf': 1, 'min_samples_split': 10, 'random_state': 42, 'splitter': 'random'}",-0.3590734491556202,-0.2607147970456132,-0.3709697135232522,-0.33200588392203695,-0.33049445233221486,-0.38613569009464593,-0.48204312551805556,-0.45151781463257706,-0.3190844292569338,-0.4360938064893642,-0.3728133161970314,0.06434954723134281,101,-0.1004421655645258,-0.09862829831161697,-0.10451926311307105,-0.10603025090737901,-0.09309892239117104,-0.104887753730479,-0.09293776350841063,-0.09583633730921388,-0.10160135296703376,-0.10630378867568717,-0.10042858964785883,0.004879100461031522
0.07654814720153809,0.0043512737642629595,0.002915835380554199,0.0005475586661187257,squared_error,,2,2,42,best,"{'criterion': 'squared_error', 'max_depth': None, 'min_samples_leaf': 2, 'min_samples_split': 2, 'random_state': 42, 'splitter': 'best'}",-0.40968139852924373,-0.4777450408493475,-0.5016055805414625,-0.5290779777868484,-0.36807211791101724,-0.38910388827029796,-0.4661852564215964,-0.4950313591390107,-0.40594174181076187,-0.6597452284541927,-0.4702189589713779,0.08115926780349779,265,-0.02745352550658332,-0.03426080125623279,-0.028784885944504627,-0.027342204105532404,-0.02686498791718141,-0.02526998556670492,-0.02717514893942522,-0.021950571979363023,-0.025438868972123614,-0.02265622306856756,-0.026719720325621886,0.003244786304187176
0.01533055305480957,0.001679263921315617,0.0025887250900268554,0.00048776990093947454,squared_error,,2,2,42,random,"{'criterion': 'squared_error', 'max_depth': None, 'min_samples_leaf': 2, 'min_samples_split': 2, 'random_state': 42, 'splitter': 'random'}",-0.3817853569904601,-0.36761447649111356,-0.44849830315490335,-0.5466624832443657,-0.35506460315123256,-0.3907523253517866,-0.44980000449592067,-0.4716170134724234,-0.4277419328936259,-0.5358204012271591,-0.43753569004729914,0.0633117897022258,215,-0.05937677404897577,-0.0573245866858818,-0.059986708595970634,-0.05862015156265883,-0.062226596568958306,-0.056990287279560695,-0.05154287042914104,-0.06023259515460688,-0.06393167555271823,-0.057084555556022494,-0.05873168014344947,0.003208039677998349
0.07292709350585938,0.004029831510829979,0.0028883695602416994,0.000536583871572726,squared_error,,2,5,42,best,"{'criterion': 'squared_error', 'max_depth': None, 'min_samples_leaf': 2, 'min_samples_split': 5, 'random_state': 42, 'splitter': 'best'}",-0.4191843715317693,-0.4814775883533306,-0.5420131850071511,-0.5304762735433287,-0.3575011317018301,-0.40634825620273957,-0.4358683722046599,-0.4968680094580383,-0.380430534655849,-0.6713709775753625,-0.4721538700234059,0.08870073707895912,269,-0.03336112239621599,-0.04143751383379196,-0.033911159701908264,-0.032339781940420524,-0.03428657575140625,-0.03357094925942333,-0.035952562372038074,-0.02937196396310837,-0.03362086650367199,-0.028746646802194038,-0.033659914252417884,0.0033252263031406386
0.014975023269653321,0.0004999580733158172,0.0029045581817626954,0.0006345238864330511,squared_error,,2,5,42,random,"{'criterion': 'squared_error', 'max_depth': None, 'min_samples_leaf': 2, 'min_samples_split': 5, 'random_state': 42, 'splitter': 'random'}",-0.3947542067161683,-0.3422223506812536,-0.44775309536224017,-0.4569508168411895,-0.3249212686489215,-0.3000365234326999,-0.5908683067392911,-0.46748132025359995,-0.3687055432888413,-0.5373380698475723,-0.4231031501811778,0.08944663961284122,164,-0.07529878779712997,-0.07339131176409758,-0.0690500018963476,-0.06853709883800155,-0.07067700277621017,-0.0693330507692277,-0.06627170094794994,-0.07326787140580504,-0.07367456778468025,-0.07059886020650714,-0.0710100254185957,0.002678855047924633
0.06900215148925781,0.009034778041076148,0.002686285972595215,0.000483779103277581,squared_error,,2,10,42,best,"{'criterion': 'squared_error', 'max_depth': None, 'min_samples_leaf': 2, 'min_samples_split': 10, 'random_state': 42, 'splitter': 'best'}",-0.37872694250818595,-0.4088009405001907,-0.4938086671422509,-0.48271905425287076,-0.3879848678376201,-0.4048715385458555,-0.40878871040000797,-0.4529355172535249,-0.3094795069754513,-0.6215849585550961,-0.43497007039710545,0.08017780770375024,211,-0.07319195032073691,-0.08397585163349691,-0.07329907873707013,-0.0724229712518407,-0.07214122400873221,-0.06577896173620305,-0.06832490408729508,-0.07002718395927739,-0.0828884244384018,-0.05898567758929721,-0.07210362277623514,0.007004647530896666
0.011384415626525878,0.0005069818579619979,0.002609443664550781,0.0004574465621855849,squared_error,,2,10,42,random,"{'criterion': 'squared_error', 'max_depth': None, 'min_samples_leaf': 2, 'min_samples_split': 10, 'random_state': 42, 'splitter': 'random'}",-0.3560021897305666,-0.29827016737942197,-0.36735644677339463,-0.341849617817414,-0.3029111643489034,-0.39141338432062495,-0.42273738019476315,-0.461545440223832,-0.31480126693575977,-0.42188588687451944,-0.36787729445992,0.05287321662621008,88,-0.11363978476798527,-0.11525924429894749,-0.12290287171063041,-0.10757031731163275,-0.12987416644106559,-0.12276257304687506,-0.11800547691440688,-0.11617113137716198,-0.12358434551775377,-0.12100697517080544,-0.11907768865572646,0.005957978331272248
0.05756642818450928,0.006925733343114599,0.0025438785552978514,0.0004697911969359601,squared_error,,4,2,42,best,"{'criterion': 'squared_error', 'max_depth': None, 'min_samples_leaf': 4, 'min_samples_split': 2, 'random_state': 42, 'splitter': 'best'}",-0.36808875617463954,-0.3655961546388942,-0.4179945837902842,-0.4303739023577279,-0.4075266721524583,-0.4517632764402222,-0.556865226230867,-0.4702791519699569,-0.3392215473143613,-0.43207803520185883,-0.42397873062712704,0.05890967871268572,179,-0.08247718688365219,-0.08600638508320156,-0.07728504328490902,-0.08503967427462543,-0.09078470327387854,-0.0691469384914805,-0.07724490442887323,-0.07382362435069444,-0.07844815340946419,-0.07159579915982274,-0.07918524126406018,0.0064901453110756
0.010918855667114258,0.0012306581061644517,0.0028163433074951173,0.0007155201518552046,squared_error,,4,2,42,random,"{'criterion': 'squared_error', 'max_depth': None, 'min_samples_leaf': 4, 'min_samples_split': 2, 'random_state': 42, 'splitter': 'random'}",-0.40744815738649476,-0.3697590585051204,-0.3503080829568402,-0.3881054948156502,-0.29587036134703093,-0.26042916491387474,-0.3798476829566257,-0.3929219516093632,-0.34173003004910524,-0.3998700891467442,-0.35862900736868497,0.04543103094772715,66,-0.14413945885807714,-0.1336360049791262,-0.14128427974103555,-0.14183271266675324,-0.13140146522018034,-0.14270048155538587,-0.13637677662918352,-0.13934714094635364,-0.13811349136259596,-0.13132111481660327,-0.13801529267752946,0.004437527095939136
0.057548141479492186,0.0065093852092164405,0.0024881601333618165,0.0006671368802852786,squared_error,,4,5,42,best,"{'criterion': 'squared_error', 'max_depth': None, 'min_samples_leaf': 4, 'min_samples_split': 5, 'random_state': 42, 'splitter': 'best'}",-0.36808875617463954,-0.3655961546388942,-0.4179945837902842,-0.4303739023577279,-0.4075266721524583,-0.4517632764402222,-0.556865226230867,-0.4702791519699569,-0.3392215473143613,-0.43207803520185883,-0.42397873062712704,0.05890967871268572,179,-0.08247718688365219,-0.08600638508320156,-0.07728504328490902,-0.08503967427462543,-0.09078470327387854,-0.0691469384914805,-0.07724490442887323,-0.07382362435069444,-0.07844815340946419,-0.07159579915982274,-0.07918524126406018,0.0064901453110756
0.011057472229003907,0.0005800152227940847,0.002906656265258789,0.0004747381048433996,squared_error,,4,5,42,random,"{'criterion': 'squared_error', 'max_depth': None, 'min_samples_leaf': 4, 'min_samples_split': 5, 'random_state': 42, 'splitter': 'random'}",-0.40744815738649476,-0.3697590585051204,-0.3503080829568402,-0.3881054948156502,-0.29587036134703093,-0.26042916491387474,-0.3798476829566257,-0.3929219516093632,-0.34173003004910524,-0.3998700891467442,-0.35862900736868497,0.04543103094772715,66,-0.14413945885807714,-0.1336360049791262,-0.14128427974103555,-0.14183271266675324,-0.13140146522018034,-0.14270048155538587,-0.13637677662918352,-0.13934714094635364,-0.13811349136259596,-0.13132111481660327,-0.13801529267752946,0.004437527095939136
0.05583040714263916,0.00548366155826204,0.0030118465423583985,0.00047959932205391635,squared_error,,4,10,42,best,"{'criterion': 'squared_error', 'max_depth': None, 'min_samples_leaf': 4, 'min_samples_split': 10, 'random_state': 42, 'splitter': 'best'}",-0.34690609473897654,-0.3622140636845443,-0.4295892741220357,-0.40757697430828654,-0.4085380396233582,-0.44518931258761624,-0.5414586944482201,-0.46289679233811953,-0.32586151135280317,-0.4498420268202513,-0.4180072784024212,0.05999944886232583,158,-0.09162556272843894,-0.09836577374197619,-0.08827785643183828,-0.09368219198819722,-0.09685162459179424,-0.08092800738641834,-0.08338939774794756,-0.08526524003195507,-0.0930245408052182,-0.08302297345950865,-0.08944331689132927,0.0058244703622328765
0.010288143157958984,0.00028700155157430755,0.0028841495513916016,0.0003037012134143115,squared_error,,4,10,42,random,"{'criterion': 'squared_error', 'max_depth': None, 'min_samples_leaf': 4, 'min_samples_split': 10, 'random_state': 42, 'splitter': 'random'}",-0.29312630419882224,-0.26064388706553693,-0.33220443593331955,-0.360629358031512,-0.3102193763438095,-0.2905096563948067,-0.388180043522665,-0.41370891331015225,-0.32283761723910465,-0.48997687652620636,-0.3462036468565935,0.06517218419857894,38,-0.15216984059524177,-0.15032158682567048,-0.13984595346361983,-0.14780033150823194,-0.14779536274832053,-0.1549446758573903,-0.14487706224299016,-0.14285419761127618,-0.14378192713683421,-0.14903818475308353,-0.14734291227426588,0.004340050961650865
0.05206904411315918,0.0045301098397359804,0.002483367919921875,0.0005171373066914475,squared_error,10,1,2,42,best,"{'criterion': 'squared_error', 'max_depth': 10, 'min_samples_leaf': 1, 'min_samples_split': 2, 'random_state': 42, 'splitter': 'best'}",-0.32837666904839347,-0.313069180018711,-0.5231645159324989,-0.6105317701603951,-0.31457996512956615,-0.4440516836126048,-0.4069637532618094,-0.5082724588927237,-0.3347193890692353,-0.4604003888160365,-0.42441297739419737,0.09753890306520993,193,-0.10907818289270658,-0.1343598117349891,-0.08428596217693242,-0.08820243557183285,-0.0952159094719696,-0.08241692794726818,-0.10818550897292326,-0.09061959325457207,-0.08648219989318257,-0.12878228697685146,-0.10076288188932284,0.017724280483735984
0.008877897262573242,0.0007204880403995009,0.0026236772537231445,0.0005265693247611445,squared_error,10,1,2,42,random,"{'criterion': 'squared_error', 'max_depth': 10, 'min_samples_leaf': 1, 'min_samples_split': 2, 'random_state': 42, 'splitter': 'random'}",-0.2739694429213688,-0.24518415819111425,-0.27684422442837336,-0.347301485194437,-0.27855741980469945,-0.36284325210105856,-0.4066891203643497,-0.3286393650821954,-0.27970115680607616,-0.32475752071672953,-0.31244871456104023,0.04747957455610892,17,-0.18543327935901177,-0.21018194269793894,-0.19154558367664304,-0.18353469463864444,-0.18512339428677826,-0.15445410592910114,-0.1451327653150132,-0.2027839870658677,-0.19728213473769549,-0.1731138503768475,-0.18285857380835416,0.01940184926206451
0.049598193168640135,0.0031792128136848364,0.0023514986038208007,0.0006580195342993111,squared_error,10,1,5,42,best,"{'criterion': 'squared_error', 'max_depth': 10, 'min_samples_leaf': 1, 'min_samples_split': 5, 'random_state': 42, 'splitter': 'best'}",-0.33552964612737063,-0.31221890902082533,-0.43065400782377883,-0.5294057362833325,-0.30558625852092236,-0.4250684925689477,-0.40713258652961976,-0.5056322654587269,-0.3778129504190842,-0.4647457717106939,-0.4093786624463302,0.0735551354207496,147,-0.11431774591313087,-0.14293636246636532,-0.0950615445487863,-0.09411402821439492,-0.10290626125984706,-0.08747681817149018,-0.11282698464122637,-0.09606306481689546,-0.09779165556282479,-0.13582172065673778,-0.10793161862516991,0.01764039745310294
0.007377767562866211,0.001115178447161625,0.0025551557540893556,0.0006587431601257644,squared_error,10,1,5,42,random,"{'criterion': 'squared_error', 'max_depth': 10, 'min_samples_leaf': 1, 'min_samples_split': 5, 'random_state': 42, 'splitter': 'random'}",-0.25429931160147506,-0.24746622262863777,-0.3029598002337455,-0.28550519936760865,-0.3024225317901564,-0.33681133547831243,-0.36220323825292683,-0.3042143193412533,-0.2737103304005605,-0.3627235794160711,-0.30323158685107476,0.038517683433823585,12,-0.2062769614423138,-0.21012840137890984,-0.19845314992149893,-0.21861900997261288,-0.18111937921670687,-0.16400086710443335,-0.17273122770412286,-0.18453273646734333,-0.20741394248412637,-0.18903068534032907,-0.19323063610323973,0.016862183021980403
0.0506054162979126,0.003939173057673726,0.0028030872344970703,0.0006261027138812319,squared_error,10,1,10,42,best,"{'criterion': 'squared_error', 'max_depth': 10, 'min_samples_leaf': 1, 'min_samples_split': 10, 'random_state': 42, 'splitter': 'best'}",-0.3125357215951327,-0.31424295107751293,-0.40435459999960943,-0.5938880428189016,-0.30984455866048627,-0.4426552765501844,-0.38806087702563086,-0.46276435765555984,-0.33673469326596006,-0.4399618997456086,-0.40050429783945873,0.08499535275555221,137,-0.13406913657712574,-0.15589908528319296,-0.11120377920051158,-0.10477674512825169,-0.11779853909084921,-0.10436304753450454,-0.12567813981271264,-0.12427699641496731,-0.1242143103593808,-0.14617057308387083,-0.12484503524853671,0.01601129676758305
0.007074546813964844,0.0012928210586435494,0.002466130256652832,0.0006536988849712425,squared_error,10,1,10,42,random,"{'criterion': 'squared_error', 'max_depth': 10, 'min_samples_leaf': 1, 'min_samples_split': 10, 'random_state': 42, 'splitter': 'random'}",-0.24169174887239278,-0.22349220947258341,-0.2717620020433487,-0.2793132318969839,-0.27983164059940707,-0.30465350966362825,-0.33397053250950914,-0.3608696021987078,-0.31156888287133033,-0.4132842525182075,-0.3020437612646099,0.0535644805878269,11,-0.21914932808182694,-0.2202990641232727,-0.2071427435265381,-0.22201404891510834,-0.1929970407102803,-0.18230076247645208,-0.19100873384423775,-0.20330434126607766,-0.21398700164517426,-0.20327171957219733,-0.20554747841611656,0.012911417765730385
0.05481364727020264,0.005420635920859199,0.002785778045654297,0.0005988717467137959,squared_error,10,2,2,42,best,"{'criterion': 'squared_error', 'max_depth': 10, 'min_samples_leaf': 2, 'min_samples_split': 2, 'random_state': 42, 'splitter': 'best'}",-0.3124329563572035,-0.2747088392711964,-0.4161461101068984,-0.4420372622646056,-0.28861456140482905,-0.3779870889400198,-0.3577367185213399,-0.47163865708453445,-0.35595012344199967,-0.4726685361122342,-0.3769920853504861,0.06865181943274905,113,-0.11535621739541926,-0.14146614130670923,-0.0893004283216916,-0.09279192877458907,-0.10308713651630791,-0.0877097357577868,-0.11714717559014493,-0.09589797613561393,-0.09237856838991303,-0.13447583368789343,-0.10696111418760693,0.01831726745697542
0.0077925920486450195,0.001327993862288658,0.0026969671249389648,0.0004069146326180726,squared_error,10,2,2,42,random,"{'criterion': 'squared_error', 'max_depth': 10, 'min_samples_leaf': 2, 'min_samples_split': 2, 'random_state': 42, 'splitter': 'random'}",-0.30692619592195736,-0.23592875570917393,-0.2857063373830128,-0.32597564262127443,-0.23051603264772735,-0.3295091886816234,-0.41195524145470325,-0.3255114202117325,-0.29612314386432037,-0.38177413478939604,-0.31299260932849216,0.05378635708430454,18,-0.198297683343862,-0.2138704598449557,-0.20847462316763735,-0.1802755382939463,-0.17007852272698923,-0.1775864308580129,-0.18120685450902652,-0.2005691973642487,-0.20443512585191817,-0.17608514071836529,-0.1910879576678962,0.014848152084324408
0.0528529167175293,0.003245240990572982,0.002879500389099121,0.0003143928133910598,squared_error,10,2,5,42,best,"{'criterion': 'squared_error', 'max_depth': 10, 'min_samples_leaf': 2, 'min_samples_split': 5, 'random_state': 42, 'splitter': 'best'}",-0.318379257695258,-0.27659268883239246,-0.419818161828692,-0.4144657451048159,-0.29032921275390144,-0.34825885145884805,-0.35148669683377437,-0.48754231844093465,-0.34513414118518254,-0.4727465724831088,-0.37247536466169084,0.06923989040994284,100,-0.1156202110772473,-0.1433108013494928,-0.09149322989669964,-0.09480298224503718,-0.10656584675965042,-0.09113738406864545,-0.11986825662425947,-0.09936550579751724,-0.09627769660397809,-0.13800014718533068,-0.10964420616078582,0.018065870451568492
0.006923508644104004,0.0012559939763535429,0.002403664588928223,0.0004868900964326019,squared_error,10,2,5,42,random,"{'criterion': 'squared_error', 'max_depth': 10, 'min_samples_leaf': 2, 'min_samples_split': 5, 'random_state': 42, 'splitter': 'random'}",-0.23193940514059241,-0.23569252940201635,-0.3000321229886436,-0.2827885253688586,-0.28824586203197883,-0.3774012049082445,-0.33203199139000233,-0.2795318616848561,-0.2718193595101744,-0.3642403018948988,-0.29637231643202655,0.04628973394023695,7,-0.21515405824216863,-0.2155455407630652,-0.20092153088475959,-0.20981620678384896,-0.17026454476202432,-0.1657865526354154,-0.17397144983159502,-0.1908867955476123,-0.20709644945528463,-0.19116553287073834,-0.19406086617765123,0.017774937272431665
0.0485783576965332,0.004596754110985321,0.0024769067764282226,0.0005175272355818723,squared_error,10,2,10,42,best,"{'criterion': 'squared_error', 'max_depth': 10, 'min_samples_leaf': 2, 'min_samples_split': 10, 'random_state': 42, 'splitter': 'best'}",-0.3083172705977884,-0.2971547351792848,-0.4031665158998487,-0.4449523290772127,-0.31833562602504145,-0.37064557896472655,-0.34818797296126824,-0.42563598763778404,-0.29182156226498895,-0.44190248753741046,-0.3650120066145354,0.05753507464091314,78,-0.13384980785884854,-0.16101149928388672,-0.11524560123291229,-0.10912934126633254,-0.12143035540988995,-0.10901873974483298,-0.13411050936769822,-0.12490934585649055,-0.1260771134652702,-0.14772706797204355,-0.12825093814582056,0.015764896854908332
0.006210446357727051,0.0011383534249275458,0.002191042900085449,0.0005697013264696025,squared_error,10,2,10,42,random,"{'criterion': 'squared_error', 'max_depth': 10, 'min_samples_leaf': 2, 'min_samples_split': 10, 'random_state': 42, 'splitter': 'random'}",-0.2406610673777071,-0.2461097327389215,-0.2600287777397334,-0.27005677674282125,-0.2559734779522644,-0.3076871550157065,-0.35251367848802245,-0.35430754100520984,-0.2712516166406774,-0.4127729051816229,-0.2971362728882687,0.05485086676766084,10,-0.21941114802031292,-0.21146404632225643,-0.21767588236887847,-0.2222592275634171,-0.189942571486158,-0.16943772304271937,-0.19178356613287204,-0.2035605591456994,-0.21983081645184233,-0.204077541846467,-0.20494430823806228,0.01611503910003906
0.051524567604064944,0.008313209330561872,0.0026750087738037108,0.00044875054515909217,squared_error,10,4,2,42,best,"{'criterion': 'squared_error', 'max_depth': 10, 'min_samples_leaf': 4, 'min_samples_split': 2, 'random_state': 42, 'splitter': 'best'}",-0.28518579983644193,-0.26222593121787285,-0.36743433756798355,-0.3795640375468699,-0.37010948530018095,-0.4126852399286998,-0.45836927709441416,-0.4531092140977371,-0.29844452253206954,-0.3919217147242528,-0.3679049559846522,0.06403274164358326,93,-0.13741520971704724,-0.15468519764891775,-0.11369825630076993,-0.11439744846689255,-0.12878206127781677,-0.11317624346615415,-0.10302983820084685,-0.11643570935105825,-0.11836750399531092,-0.14634449637038807,-0.12463319647952024,0.015760280047136112
0.005716133117675781,0.0014404039890817517,0.002216672897338867,0.0006409106780396688,squared_error,10,4,2,42,random,"{'criterion': 'squared_error', 'max_depth': 10, 'min_samples_leaf': 4, 'min_samples_split': 2, 'random_state': 42, 'splitter': 'random'}",-0.24585914682930665,-0.2207616644289992,-0.25275792317108325,-0.26368542622247754,-0.22491357282918079,-0.28805361283938513,-0.3929212349553298,-0.33854597112818197,-0.2535439633610002,-0.3392566160326855,-0.28202991317976306,0.053973464262030674,3,-0.2149471518502197,-0.23096378825906358,-0.21517601008571305,-0.21653181897826973,-0.19653891447146196,-0.2148291529634694,-0.18589319056135845,-0.18797500730197794,-0.22041473959087962,-0.2066963283877024,-0.20899661024501154,0.013832872849288956
0.04742641448974609,0.00527477045297103,0.0026737451553344727,0.0006686533383133304,squared_error,10,4,5,42,best,"{'criterion': 'squared_error', 'max_depth': 10, 'min_samples_leaf': 4, 'min_samples_split': 5, 'random_state': 42, 'splitter': 'best'}",-0.28518579983644193,-0.26222593121787285,-0.36743433756798355,-0.3795640375468699,-0.37010948530018095,-0.4126852399286998,-0.45836927709441416,-0.4531092140977371,-0.29844452253206954,-0.3919217147242528,-0.3679049559846522,0.06403274164358326,93,-0.13741520971704724,-0.15468519764891775,-0.11369825630076993,-0.11439744846689255,-0.12878206127781677,-0.11317624346615415,-0.10302983820084685,-0.11643570935105825,-0.11836750399531092,-0.14634449637038807,-0.12463319647952024,0.015760280047136112
0.0069667577743530275,0.0013722793924825954,0.0022238016128540037,0.0008927817544715412,squared_error,10,4,5,42,random,"{'criterion': 'squared_error', 'max_depth': 10, 'min_samples_leaf': 4, 'min_samples_split': 5, 'random_state': 42, 'splitter': 'random'}",-0.24585914682930665,-0.2207616644289992,-0.25275792317108325,-0.26368542622247754,-0.22491357282918079,-0.28805361283938513,-0.3929212349553298,-0.33854597112818197,-0.2535439633610002,-0.3392566160326855,-0.28202991317976306,0.053973464262030674,3,-0.2149471518502197,-0.23096378825906358,-0.21517601008571305,-0.21653181897826973,-0.19653891447146196,-0.2148291529634694,-0.18589319056135845,-0.18797500730197794,-0.22041473959087962,-0.2066963283877024,-0.20899661024501154,0.013832872849288956
0.04694690704345703,0.005327354844469767,0.002634286880493164,0.0008899195161141596,squared_error,10,4,10,42,best,"{'criterion': 'squared_error', 'max_depth': 10, 'min_samples_leaf': 4, 'min_samples_split': 10, 'random_state': 42, 'splitter': 'best'}",-0.2864609134018777,-0.2605021479868176,-0.36737019379489255,-0.37192557752532346,-0.38566235086928136,-0.39039180891942654,-0.4710870686072315,-0.45216708596658883,-0.29714872521305896,-0.39615328812602446,-0.3678869160410523,0.06523572208226429,92,-0.14051650309820962,-0.1583998522693789,-0.12133240867599725,-0.11875193533774235,-0.13060562021683886,-0.12066804490823269,-0.1064277929496331,-0.12395630439545705,-0.128263307731824,-0.14966902554634332,-0.1298590795129657,0.014792261449661401
0.006685495376586914,0.001146789112598678,0.0027400732040405275,0.00040039486990604145,squared_error,10,4,10,42,random,"{'criterion': 'squared_error', 'max_depth': 10, 'min_samples_leaf': 4, 'min_samples_split': 10, 'random_state': 42, 'splitter': 'random'}",-0.23595785545080486,-0.21390633071713427,-0.2531848103210402,-0.27204535232906346,-0.26126090636761534,-0.2717918722145511,-0.3688158731748818,-0.3324130696354334,-0.261242319549468,-0.3540462774761194,-0.28246646672361114,0.04890623459657397,6,-0.2110260950296587,-0.23311993757763153,-0.21673738683536586,-0.22604206007853625,-0.19664286423735822,-0.2169954377484805,-0.17135840753933984,-0.2077798193069656,-0.22219834874803787,-0.1969433539946387,-0.20988437110960131,0.0169791565441317
0.08576548099517822,0.004935193809114624,0.002680802345275879,0.00037946988136684806,squared_error,20,1,2,42,best,"{'criterion': 'squared_error', 'max_depth': 20, 'min_samples_leaf': 1, 'min_samples_split': 2, 'random_state': 42, 'splitter': 'best'}",-0.4689942580783882,-0.3781408774921242,-0.5343950742354217,-0.6900744466647525,-0.44324672903373996,-0.531594118961075,-0.5529916096096047,-0.5890276941366143,-0.4011743958561089,-0.6373627789490476,-0.5227001983016877,0.09568569608531736,318,-0.007222672550190586,-0.020740063332940182,-0.003765511131030669,-0.004518150578157597,-0.005011579084032144,-0.004790200234027978,-0.0069790580364641475,-0.0065145118028536566,-0.004513221554323106,-0.019975759382018298,-0.008403072768603836,0.00607784381990931
0.01867687702178955,0.0025177688554275522,0.0026894569396972655,0.0004557841709727498,squared_error,20,1,2,42,random,"{'criterion': 'squared_error', 'max_depth': 20, 'min_samples_leaf': 1, 'min_samples_split': 2, 'random_state': 42, 'splitter': 'random'}",-0.5134962517018098,-0.5300016246810682,-0.5193537279926338,-0.4130524726866165,-0.4418046995855853,-0.49076747260397285,-0.5062057682654355,-0.4565801291378534,-0.3557490973011632,-0.4375991380016591,-0.4664610381957798,0.05278824282265386,258,-0.026122565138627873,-0.048390217032553126,-0.03693176710637139,-0.034050301469732036,-0.06483238647270693,-0.013319627662420617,-0.05069722097838924,-0.07565330714438995,-0.06664767423173196,-0.017678679104674674,-0.04343237463415978,0.020279049265314188
0.0785825252532959,0.0037402359450684954,0.0026910781860351564,0.0005964160326495466,squared_error,20,1,5,42,best,"{'criterion': 'squared_error', 'max_depth': 20, 'min_samples_leaf': 1, 'min_samples_split': 5, 'random_state': 42, 'splitter': 'best'}",-0.4685535715302003,-0.3183260934460772,-0.6012853219981461,-0.6080446092379205,-0.3593902512489234,-0.5016303149169474,-0.5666488295179952,-0.5641222146414402,-0.3795503868797996,-0.612941455027901,-0.4980493048445351,0.10558406789362379,288,-0.02420739081505773,-0.04549739712730483,-0.026457536676639647,-0.021814065372062773,-0.023136335087646256,-0.018641324006852682,-0.02214038944711387,-0.020616082237911573,-0.02692350883146795,-0.032690798694601064,-0.026212482829665835,0.0074330030966313
0.013592243194580078,0.0017864680840672942,0.002802324295043945,0.0008298492414653,squared_error,20,1,5,42,random,"{'criterion': 'squared_error', 'max_depth': 20, 'min_samples_leaf': 1, 'min_samples_split': 5, 'random_state': 42, 'splitter': 'random'}",-0.3688534339403173,-0.40490939680796667,-0.47099133706722074,-0.3955058795371467,-0.3939251595436024,-0.4818601311524777,-0.4466363984960353,-0.4742188074589119,-0.301831719290925,-0.4152323355009606,-0.4153964598795564,0.052890522052435704,152,-0.08639367663285309,-0.06974470742600229,-0.07282631640333323,-0.11113314036534369,-0.08021622930111728,-0.04849861419613723,-0.09115348482263687,-0.056210606407174644,-0.0948357621889137,-0.0760521368305902,-0.07870646745741022,0.017517011802352815
0.06956350803375244,0.005401916041173445,0.002934169769287109,0.0005525346717915431,squared_error,20,1,10,42,best,"{'criterion': 'squared_error', 'max_depth': 20, 'min_samples_leaf': 1, 'min_samples_split': 10, 'random_state': 42, 'splitter': 'best'}",-0.35648253014826486,-0.30519768446162615,-0.5120581816098627,-0.5638122329375275,-0.4179577041286135,-0.5086410952910162,-0.5193618255517163,-0.5221262863616514,-0.3507613077459369,-0.577057080376956,-0.4633455928613171,0.09230774185274786,252,-0.06445267606352274,-0.0786449071967249,-0.0588421641994115,-0.055717927605188074,-0.061363074364961405,-0.058026925164610145,-0.054501527223322556,-0.06530272698153744,-0.07118256287087761,-0.06368821326209062,-0.0631722704932247,0.006994700545339234
0.011196351051330567,0.0007657841120862264,0.0027360439300537108,0.0005988504905079342,squared_error,20,1,10,42,random,"{'criterion': 'squared_error', 'max_depth': 20, 'min_samples_leaf': 1, 'min_samples_split': 10, 'random_state': 42, 'splitter': 'random'}",-0.28501548601413246,-0.2859833766098731,-0.3725650322412427,-0.2700738711462083,-0.36838611537199367,-0.38510688640201346,-0.46193638956198463,-0.40649588803193937,-0.2984144381677164,-0.470724030189786,-0.36047015137368904,0.06974932703818514,75,-0.1279264448034855,-0.11850684835711173,-0.13420234798154673,-0.12584855740589482,-0.12428912802904439,-0.10963692413216303,-0.11765100708748198,-0.13970763020690227,-0.14855718359482675,-0.11517097647991148,-0.12614970480783688,0.011319506475674599
0.07062430381774902,0.0046958120870957834,0.0027408361434936523,0.00033411956963082945,squared_error,20,2,2,42,best,"{'criterion': 'squared_error', 'max_depth': 20, 'min_samples_leaf': 2, 'min_samples_split': 2, 'random_state': 42, 'splitter': 'best'}",-0.3957575687561538,-0.39653439659977807,-0.49480340633674696,-0.5290779777868484,-0.3392964824600906,-0.38910388827029796,-0.4175096375195807,-0.4841142150328967,-0.40594174181076187,-0.6630843883625175,-0.4515223702935673,0.08920056221276952,231,-0.029339526266658613,-0.041417801626154147,-0.02914404355208312,-0.027342204105532404,-0.027089335553224878,-0.02526998556670492,-0.030485214021910616,-0.023211932514991367,-0.025438868972123614,-0.035506112262712046,-0.02942450244420957,0.005133872524798889
0.017844891548156737,0.006983321397856077,0.0023781538009643556,0.00042583582000762073,squared_error,20,2,2,42,random,"{'criterion': 'squared_error', 'max_depth': 20, 'min_samples_leaf': 2, 'min_samples_split': 2, 'random_state': 42, 'splitter': 'random'}",-0.37481967702374513,-0.379372716912124,-0.48682918248547863,-0.43716228677689645,-0.3208497328644029,-0.4343842020941576,-0.4216309006598957,-0.4289653593180898,-0.37180655734511997,-0.42062932368053374,-0.40764499391604436,0.044011114382528416,145,-0.07189191628373998,-0.08648797103953383,-0.07364162198614725,-0.06739279511020214,-0.09073934352252236,-0.06631726268253683,-0.0650105930076891,-0.0905190982175453,-0.09794338084812125,-0.07119871990640761,-0.07811427026044457,0.011440968516630037
0.07154951095581055,0.009421147554461632,0.0029091119766235353,0.0006068198842480349,squared_error,20,2,5,42,best,"{'criterion': 'squared_error', 'max_depth': 20, 'min_samples_leaf': 2, 'min_samples_split': 5, 'random_state': 42, 'splitter': 'best'}",-0.4011917335481167,-0.43934294127463985,-0.5430762126704674,-0.5304762735433287,-0.33783078927691146,-0.40634825620273957,-0.41928732726305457,-0.5085592840312849,-0.380430534655849,-0.6629091594932455,-0.4629452511959638,0.09218987023855903,251,-0.035187643108378824,-0.04792445224242465,-0.034233006967643566,-0.032339781940420524,-0.03523714484162928,-0.03357094925942333,-0.039081352109150716,-0.03053699212105666,-0.03362086650367199,-0.040857844869534844,-0.036259003396333436,0.004835095370278703
0.014876484870910645,0.004607046231788868,0.003197002410888672,0.0005841940800659674,squared_error,20,2,5,42,random,"{'criterion': 'squared_error', 'max_depth': 20, 'min_samples_leaf': 2, 'min_samples_split': 5, 'random_state': 42, 'splitter': 'random'}",-0.33714160579763225,-0.43080486492141756,-0.3395455631642348,-0.30052511325626774,-0.33840515450438813,-0.4303267960515784,-0.5908683067392911,-0.43697805984155524,-0.39674789589039144,-0.5358872128054657,-0.41372305729722225,0.08806504652655119,150,-0.07938097867116925,-0.09351024875020889,-0.10199283723933057,-0.11533198584333668,-0.08495425148129405,-0.08871901570365921,-0.06627170094794994,-0.12781710398363366,-0.11467871420792686,-0.06993249277430612,-0.09425893296028152,0.019393936738549625
0.06635537147521972,0.006447015413909254,0.003046131134033203,0.0004611025083387545,squared_error,20,2,10,42,best,"{'criterion': 'squared_error', 'max_depth': 20, 'min_samples_leaf': 2, 'min_samples_split': 10, 'random_state': 42, 'splitter': 'best'}",-0.37472293806182094,-0.3963594565125035,-0.49197903623804784,-0.48271905425287076,-0.3879848678376201,-0.4048715385458555,-0.40554086099195197,-0.46165007477769526,-0.3094795069754513,-0.5772421727381831,-0.4292549506932001,0.07141745071334794,198,-0.074701109293633,-0.08658244892047944,-0.07345210222929555,-0.0724229712518407,-0.07214122400873221,-0.06577896173620305,-0.06988310595828155,-0.07041350281086779,-0.0828884244384018,-0.06750047079091383,-0.0735764321438649,0.006179829733302588
0.011062860488891602,0.00033030050799610927,0.0026799678802490235,0.0008608907919600942,squared_error,20,2,10,42,random,"{'criterion': 'squared_error', 'max_depth': 20, 'min_samples_leaf': 2, 'min_samples_split': 10, 'random_state': 42, 'splitter': 'random'}",-0.31772488183353836,-0.30650110287404214,-0.3787220496003983,-0.30666719749094784,-0.3279415996203468,-0.38633770908820375,-0.45885150372082556,-0.42695650303135835,-0.36614383794716104,-0.4759999141097989,-0.3751846299316621,0.05916791915552849,107,-0.12756634805242395,-0.13762395946732442,-0.12420453409856107,-0.12066624245240772,-0.13677258826862,-0.11443654145601699,-0.12591248759328336,-0.12537995104684999,-0.13024775233877436,-0.1362609166326481,-0.127907132140691,0.007115863812507003
0.06380703449249267,0.013696295195635456,0.002817726135253906,0.0007453962870595347,squared_error,20,4,2,42,best,"{'criterion': 'squared_error', 'max_depth': 20, 'min_samples_leaf': 4, 'min_samples_split': 2, 'random_state': 42, 'splitter': 'best'}",-0.36808875617463954,-0.3655961546388942,-0.4179945837902842,-0.4303739023577279,-0.4075266721524583,-0.4517632764402222,-0.556865226230867,-0.4702791519699569,-0.3392215473143613,-0.43341080148530087,-0.4241120072554712,0.0589293560628328,187,-0.08247718688365219,-0.08600638508320156,-0.07728504328490902,-0.08503967427462543,-0.09078470327387854,-0.0691469384914805,-0.07724490442887323,-0.07382362435069444,-0.07844815340946419,-0.07168355533708848,-0.07919401688178676,0.006479928639788053
0.011636185646057128,0.0032786481674973236,0.0024889469146728515,0.0004975325420983008,squared_error,20,4,2,42,random,"{'criterion': 'squared_error', 'max_depth': 20, 'min_samples_leaf': 4, 'min_samples_split': 2, 'random_state': 42, 'splitter': 'random'}",-0.3539111710967138,-0.24707480245370342,-0.3228793544492451,-0.2953672568808163,-0.28804029901730277,-0.31261438034928696,-0.3798049012099739,-0.3929219516093632,-0.32336323926154303,-0.4192522962659885,-0.33352296525939373,0.05008687011188938,29,-0.14920325357493788,-0.1425048713103403,-0.147009451839717,-0.14249680373116386,-0.1364486963457949,-0.15296465452431363,-0.13716414551414702,-0.13934714094635364,-0.14331149700576953,-0.13999363777592835,-0.1430444152568466,0.005037702166019613
0.061927270889282224,0.004305535332652271,0.0026887893676757813,0.0006010956070253621,squared_error,20,4,5,42,best,"{'criterion': 'squared_error', 'max_depth': 20, 'min_samples_leaf': 4, 'min_samples_split': 5, 'random_state': 42, 'splitter': 'best'}",-0.36808875617463954,-0.3655961546388942,-0.4179945837902842,-0.4303739023577279,-0.4075266721524583,-0.4517632764402222,-0.556865226230867,-0.4702791519699569,-0.3392215473143613,-0.43341080148530087,-0.4241120072554712,0.0589293560628328,187,-0.08247718688365219,-0.08600638508320156,-0.07728504328490902,-0.08503967427462543,-0.09078470327387854,-0.0691469384914805,-0.07724490442887323,-0.07382362435069444,-0.07844815340946419,-0.07168355533708848,-0.07919401688178676,0.006479928639788053
0.01025688648223877,0.0010155275541448919,0.002787876129150391,0.0003982433612389498,squared_error,20,4,5,42,random,"{'criterion': 'squared_error', 'max_depth': 20, 'min_samples_leaf': 4, 'min_samples_split': 5, 'random_state': 42, 'splitter': 'random'}",-0.3539111710967138,-0.24707480245370342,-0.3228793544492451,-0.2953672568808163,-0.28804029901730277,-0.31261438034928696,-0.3798049012099739,-0.3929219516093632,-0.32336323926154303,-0.4192522962659885,-0.33352296525939373,0.05008687011188938,29,-0.14920325357493788,-0.1425048713103403,-0.147009451839717,-0.14249680373116386,-0.1364486963457949,-0.15296465452431363,-0.13716414551414702,-0.13934714094635364,-0.14331149700576953,-0.13999363777592835,-0.1430444152568466,0.005037702166019613
0.060846376419067386,0.004960307834060052,0.0028866052627563475,0.0006977619825889603,squared_error,20,4,10,42,best,"{'criterion': 'squared_error', 'max_depth': 20, 'min_samples_leaf': 4, 'min_samples_split': 10, 'random_state': 42, 'splitter': 'best'}",-0.34690609473897654,-0.3622140636845443,-0.4295892741220357,-0.40757697430828654,-0.4085380396233582,-0.44518931258761624,-0.5414586944482201,-0.46289679233811953,-0.32586151135280317,-0.4498420268202513,-0.4180072784024212,0.05999944886232583,158,-0.09162556272843894,-0.09836577374197619,-0.08827785643183828,-0.09368219198819722,-0.09685162459179424,-0.08092800738641834,-0.08338939774794756,-0.08526524003195507,-0.0930245408052182,-0.08302297345950865,-0.08944331689132927,0.0058244703622328765
0.009952020645141602,1.2817432482941069e-05,0.0030861616134643553,0.0002986355413545898,squared_error,20,4,10,42,random,"{'criterion': 'squared_error', 'max_depth': 20, 'min_samples_leaf': 4, 'min_samples_split': 10, 'random_state': 42, 'splitter': 'random'}",-0.3149818373925024,-0.303320140954885,-0.3917710197793102,-0.293558209374642,-0.3056410137597475,-0.3480975598875969,-0.44119213895544607,-0.38348091711485677,-0.31501789087646354,-0.41915384143535267,-0.35162145695308034,0.05071863784599572,42,-0.15003669148772544,-0.14424197923271995,-0.15064173092251187,-0.1503251418586127,-0.14486894233155045,-0.14886405007628165,-0.14559479009877851,-0.16160774198234765,-0.16565526230426258,-0.1516214161848388,-0.15134577464796298,0.006671150595544073
0.0875328779220581,0.0046737568334868146,0.0032852888107299805,0.0004559413984400124,squared_error,50,1,2,42,best,"{'criterion': 'squared_error', 'max_depth': 50, 'min_samples_leaf': 1, 'min_samples_split': 2, 'random_state': 42, 'splitter': 'best'}",-0.4803440706824827,-0.45563420154305534,-0.5830511684075286,-0.6691033697321033,-0.3793119358202776,-0.4861406616347325,-0.5392066744400629,-0.6011086114363159,-0.3940519281602287,-0.6624547174593699,-0.5250407339316158,0.09783254886503552,320,-0.00436120863121915,-0.0031404477416414577,-0.0032239247054214513,-0.004518150578157597,-0.004798790434360046,-0.0047721452160660255,-0.003954292365871495,-0.0033404941649332353,-0.0042993539581678095,-0.00491849764827409,-0.004132730544411235,0.0006456363465294491
0.024976301193237304,0.003901317342552612,0.0027884960174560545,0.0003986773258303584,squared_error,50,1,2,42,random,"{'criterion': 'squared_error', 'max_depth': 50, 'min_samples_leaf': 1, 'min_samples_split': 2, 'random_state': 42, 'splitter': 'random'}",-0.46176595804191967,-0.3850643359296871,-0.5423570894956715,-0.48643914063008287,-0.4225060076174964,-0.47930223782310666,-0.563524316688643,-0.4964449298160116,-0.5027501433586967,-0.48364707754990843,-0.48238012369512234,0.04929720405618775,281,-0.00436120863121915,-0.0031404477416414577,-0.0032239247054214513,-0.004518150578157597,-0.004798790434360046,-0.0047721452160660255,-0.003954292365871495,-0.0033404941649332353,-0.0042993539581678095,-0.00491849764827409,-0.004132730544411235,0.0006456363465294491
0.08144240379333496,0.005277672075766707,0.0031505107879638674,0.0005582650303405063,squared_error,50,1,5,42,best,"{'criterion': 'squared_error', 'max_depth': 50, 'min_samples_leaf': 1, 'min_samples_split': 5, 'random_state': 42, 'splitter': 'best'}",-0.46582502258308883,-0.3413727098982069,-0.5503662001332289,-0.6080446092379205,-0.40445325623835493,-0.510964999098494,-0.5971051055442345,-0.5487111672465592,-0.3988054088222255,-0.665302278763971,-0.5090950757566284,0.09916174330440808,295,-0.021612614629400787,-0.03055370641128901,-0.02591502081372825,-0.021814065372062773,-0.02273922780058547,-0.01863911261270121,-0.01993345574332337,-0.018001264161482112,-0.026683083674139005,-0.021129748729334468,-0.022702129994804646,0.003722085173300366
0.015744590759277345,0.0007422780180540693,0.002759838104248047,0.00044248514090270113,squared_error,50,1,5,42,random,"{'criterion': 'squared_error', 'max_depth': 50, 'min_samples_leaf': 1, 'min_samples_split': 5, 'random_state': 42, 'splitter': 'random'}",-0.35104523250848113,-0.40962537964247986,-0.48181384203822225,-0.3751376767948909,-0.41461864154701755,-0.41461160849057527,-0.44822264105801324,-0.4750110452165495,-0.46048816689104655,-0.5140468551137983,-0.4344621089301074,0.047926271326020314,207,-0.05204363064580056,-0.03938157752478002,-0.04572688891266069,-0.04597874404861848,-0.04387246741486277,-0.04628004722262694,-0.05119691283223205,-0.039174939672150653,-0.04389168065652976,-0.04823547483320683,-0.04557823637634688,0.004077520255973699
0.07341322898864747,0.005707533496384725,0.002660107612609863,0.00044814575822374155,squared_error,50,1,10,42,best,"{'criterion': 'squared_error', 'max_depth': 50, 'min_samples_leaf': 1, 'min_samples_split': 10, 'random_state': 42, 'splitter': 'best'}",-0.38071657092163735,-0.32930644108798124,-0.5147717844470522,-0.5638122329375275,-0.4179577041286135,-0.5086410952910162,-0.4859109372616992,-0.5231389041008788,-0.36156894841504467,-0.5955943084524293,-0.468141892704388,0.08564262341457349,259,-0.06225123469294157,-0.07145352230210705,-0.05847840399008164,-0.055717927605188074,-0.061363074364961405,-0.058026925164610145,-0.053340536727422526,-0.06442402581265141,-0.07111474413946593,-0.055463963762726845,-0.06116343585621566,0.005976214627973295
0.012498593330383301,0.0005812602755907362,0.00300753116607666,0.0004011787930714528,squared_error,50,1,10,42,random,"{'criterion': 'squared_error', 'max_depth': 50, 'min_samples_leaf': 1, 'min_samples_split': 10, 'random_state': 42, 'splitter': 'random'}",-0.3590734491556202,-0.2607147970456132,-0.3709697135232522,-0.33200588392203695,-0.33049445233221486,-0.38613569009464593,-0.48204312551805556,-0.45151781463257706,-0.3190844292569338,-0.4360938064893642,-0.3728133161970314,0.06434954723134281,101,-0.1004421655645258,-0.09862829831161697,-0.10451926311307105,-0.10603025090737901,-0.09309892239117104,-0.104887753730479,-0.09293776350841063,-0.09583633730921388,-0.10160135296703376,-0.10630378867568717,-0.10042858964785883,0.004879100461031522
0.07538678646087646,0.004794060451326788,0.0026972055435180663,0.0006406494123879152,squared_error,50,2,2,42,best,"{'criterion': 'squared_error', 'max_depth': 50, 'min_samples_leaf': 2, 'min_samples_split': 2, 'random_state': 42, 'splitter': 'best'}",-0.40968139852924373,-0.4777450408493475,-0.5016055805414625,-0.5290779777868484,-0.36807211791101724,-0.38910388827029796,-0.4661852564215964,-0.4950313591390107,-0.40594174181076187,-0.6597452284541927,-0.4702189589713779,0.08115926780349779,265,-0.02745352550658332,-0.03426080125623279,-0.028784885944504627,-0.027342204105532404,-0.02686498791718141,-0.02526998556670492,-0.02717514893942522,-0.021950571979363023,-0.025438868972123614,-0.02265622306856756,-0.026719720325621886,0.003244786304187176
0.015583086013793945,0.0005191484142998923,0.0024898767471313475,0.0008040256030246059,squared_error,50,2,2,42,random,"{'criterion': 'squared_error', 'max_depth': 50, 'min_samples_leaf': 2, 'min_samples_split': 2, 'random_state': 42, 'splitter': 'random'}",-0.3817853569904601,-0.36761447649111356,-0.44849830315490335,-0.5466624832443657,-0.35506460315123256,-0.3907523253517866,-0.44980000449592067,-0.4716170134724234,-0.4277419328936259,-0.5358204012271591,-0.43753569004729914,0.0633117897022258,215,-0.05937677404897577,-0.0573245866858818,-0.059986708595970634,-0.05862015156265883,-0.062226596568958306,-0.056990287279560695,-0.05154287042914104,-0.06023259515460688,-0.06393167555271823,-0.057084555556022494,-0.05873168014344947,0.003208039677998349
0.08461334705352783,0.01568499302292987,0.0027875900268554688,0.00039821906979055284,squared_error,50,2,5,42,best,"{'criterion': 'squared_error', 'max_depth': 50, 'min_samples_leaf': 2, 'min_samples_split': 5, 'random_state': 42, 'splitter': 'best'}",-0.4191843715317693,-0.4814775883533306,-0.5420131850071511,-0.5304762735433287,-0.3575011317018301,-0.40634825620273957,-0.4358683722046599,-0.4968680094580383,-0.380430534655849,-0.6713709775753625,-0.4721538700234059,0.08870073707895912,269,-0.03336112239621599,-0.04143751383379196,-0.033911159701908264,-0.032339781940420524,-0.03428657575140625,-0.03357094925942333,-0.035952562372038074,-0.02937196396310837,-0.03362086650367199,-0.028746646802194038,-0.033659914252417884,0.0033252263031406386
0.015351605415344239,0.0016222705202363107,0.0031224727630615235,0.0002832889356229499,squared_error,50,2,5,42,random,"{'criterion': 'squared_error', 'max_depth': 50, 'min_samples_leaf': 2, 'min_samples_split': 5, 'random_state': 42, 'splitter': 'random'}",-0.3947542067161683,-0.3422223506812536,-0.44775309536224017,-0.4569508168411895,-0.3249212686489215,-0.3000365234326999,-0.5908683067392911,-0.46748132025359995,-0.3687055432888413,-0.5373380698475723,-0.4231031501811778,0.08944663961284122,164,-0.07529878779712997,-0.07339131176409758,-0.0690500018963476,-0.06853709883800155,-0.07067700277621017,-0.0693330507692277,-0.06627170094794994,-0.07326787140580504,-0.07367456778468025,-0.07059886020650714,-0.0710100254185957,0.002678855047924633
0.06803507804870605,0.005565955052492316,0.0029072999954223634,0.0005422700726104649,squared_error,50,2,10,42,best,"{'criterion': 'squared_error', 'max_depth': 50, 'min_samples_leaf': 2, 'min_samples_split': 10, 'random_state': 42, 'splitter': 'best'}",-0.37872694250818595,-0.4088009405001907,-0.4938086671422509,-0.48271905425287076,-0.3879848678376201,-0.4048715385458555,-0.40878871040000797,-0.4529355172535249,-0.3094795069754513,-0.6215849585550961,-0.43497007039710545,0.08017780770375024,211,-0.07319195032073691,-0.08397585163349691,-0.07329907873707013,-0.0724229712518407,-0.07214122400873221,-0.06577896173620305,-0.06832490408729508,-0.07002718395927739,-0.0828884244384018,-0.05898567758929721,-0.07210362277623514,0.007004647530896666
0.013058280944824219,0.003537894405840657,0.0028762340545654295,0.0002968550254978596,squared_error,50,2,10,42,random,"{'criterion': 'squared_error', 'max_depth': 50, 'min_samples_leaf': 2, 'min_samples_split': 10, 'random_state': 42, 'splitter': 'random'}",-0.3560021897305666,-0.29827016737942197,-0.36735644677339463,-0.341849617817414,-0.3029111643489034,-0.39141338432062495,-0.42273738019476315,-0.461545440223832,-0.31480126693575977,-0.42188588687451944,-0.36787729445992,0.05287321662621008,88,-0.11363978476798527,-0.11525924429894749,-0.12290287171063041,-0.10757031731163275,-0.12987416644106559,-0.12276257304687506,-0.11800547691440688,-0.11617113137716198,-0.12358434551775377,-0.12100697517080544,-0.11907768865572646,0.005957978331272248
0.061033225059509276,0.004048217231671202,0.0029946088790893553,2.2231826182950295e-05,squared_error,50,4,2,42,best,"{'criterion': 'squared_error', 'max_depth': 50, 'min_samples_leaf': 4, 'min_samples_split': 2, 'random_state': 42, 'splitter': 'best'}",-0.36808875617463954,-0.3655961546388942,-0.4179945837902842,-0.4303739023577279,-0.4075266721524583,-0.4517632764402222,-0.556865226230867,-0.4702791519699569,-0.3392215473143613,-0.43207803520185883,-0.42397873062712704,0.05890967871268572,179,-0.08247718688365219,-0.08600638508320156,-0.07728504328490902,-0.08503967427462543,-0.09078470327387854,-0.0691469384914805,-0.07724490442887323,-0.07382362435069444,-0.07844815340946419,-0.07159579915982274,-0.07918524126406018,0.0064901453110756
0.010939550399780274,0.0008391816749130874,0.003038501739501953,0.0007185010100483813,squared_error,50,4,2,42,random,"{'criterion': 'squared_error', 'max_depth': 50, 'min_samples_leaf': 4, 'min_samples_split': 2, 'random_state': 42, 'splitter': 'random'}",-0.40744815738649476,-0.3697590585051204,-0.3503080829568402,-0.3881054948156502,-0.29587036134703093,-0.26042916491387474,-0.3798476829566257,-0.3929219516093632,-0.34173003004910524,-0.3998700891467442,-0.35862900736868497,0.04543103094772715,66,-0.14413945885807714,-0.1336360049791262,-0.14128427974103555,-0.14183271266675324,-0.13140146522018034,-0.14270048155538587,-0.13637677662918352,-0.13934714094635364,-0.13811349136259596,-0.13132111481660327,-0.13801529267752946,0.004437527095939136
0.06373054981231689,0.003748724575736764,0.0029515504837036135,0.00045777774145935786,squared_error,50,4,5,42,best,"{'criterion': 'squared_error', 'max_depth': 50, 'min_samples_leaf': 4, 'min_samples_split': 5, 'random_state': 42, 'splitter': 'best'}",-0.36808875617463954,-0.3655961546388942,-0.4179945837902842,-0.4303739023577279,-0.4075266721524583,-0.4517632764402222,-0.556865226230867,-0.4702791519699569,-0.3392215473143613,-0.43207803520185883,-0.42397873062712704,0.05890967871268572,179,-0.08247718688365219,-0.08600638508320156,-0.07728504328490902,-0.08503967427462543,-0.09078470327387854,-0.0691469384914805,-0.07724490442887323,-0.07382362435069444,-0.07844815340946419,-0.07159579915982274,-0.07918524126406018,0.0064901453110756
0.011037111282348633,0.0005703884449723761,0.00238947868347168,0.0004876533071036096,squared_error,50,4,5,42,random,"{'criterion': 'squared_error', 'max_depth': 50, 'min_samples_leaf': 4, 'min_samples_split': 5, 'random_state': 42, 'splitter': 'random'}",-0.40744815738649476,-0.3697590585051204,-0.3503080829568402,-0.3881054948156502,-0.29587036134703093,-0.26042916491387474,-0.3798476829566257,-0.3929219516093632,-0.34173003004910524,-0.3998700891467442,-0.35862900736868497,0.04543103094772715,66,-0.14413945885807714,-0.1336360049791262,-0.14128427974103555,-0.14183271266675324,-0.13140146522018034,-0.14270048155538587,-0.13637677662918352,-0.13934714094635364,-0.13811349136259596,-0.13132111481660327,-0.13801529267752946,0.004437527095939136
0.06407151222229004,0.007701734234230385,0.0027013301849365236,0.0006477180142004799,squared_error,50,4,10,42,best,"{'criterion': 'squared_error', 'max_depth': 50, 'min_samples_leaf': 4, 'min_samples_split': 10, 'random_state': 42, 'splitter': 'best'}",-0.34690609473897654,-0.3622140636845443,-0.4295892741220357,-0.40757697430828654,-0.4085380396233582,-0.44518931258761624,-0.5414586944482201,-0.46289679233811953,-0.32586151135280317,-0.4498420268202513,-0.4180072784024212,0.05999944886232583,158,-0.09162556272843894,-0.09836577374197619,-0.08827785643183828,-0.09368219198819722,-0.09685162459179424,-0.08092800738641834,-0.08338939774794756,-0.08526524003195507,-0.0930245408052182,-0.08302297345950865,-0.08944331689132927,0.0058244703622328765
0.010397505760192872,0.000459087143090127,0.002486252784729004,0.0005003390571522826,squared_error,50,4,10,42,random,"{'criterion': 'squared_error', 'max_depth': 50, 'min_samples_leaf': 4, 'min_samples_split': 10, 'random_state': 42, 'splitter': 'random'}",-0.29312630419882224,-0.26064388706553693,-0.33220443593331955,-0.360629358031512,-0.3102193763438095,-0.2905096563948067,-0.388180043522665,-0.41370891331015225,-0.32283761723910465,-0.48997687652620636,-0.3462036468565935,0.06517218419857894,38,-0.15216984059524177,-0.15032158682567048,-0.13984595346361983,-0.14780033150823194,-0.14779536274832053,-0.1549446758573903,-0.14487706224299016,-0.14285419761127618,-0.14378192713683421,-0.14903818475308353,-0.14734291227426588,0.004340050961650865
0.08706777095794678,0.005184469256750451,0.0031161785125732424,0.00030284845013637824,squared_error,100,1,2,42,best,"{'criterion': 'squared_error', 'max_depth': 100, 'min_samples_leaf': 1, 'min_samples_split': 2, 'random_state': 42, 'splitter': 'best'}",-0.4803440706824827,-0.45563420154305534,-0.5830511684075286,-0.6691033697321033,-0.3793119358202776,-0.4861406616347325,-0.5392066744400629,-0.6011086114363159,-0.3940519281602287,-0.6624547174593699,-0.5250407339316158,0.09783254886503552,320,-0.00436120863121915,-0.0031404477416414577,-0.0032239247054214513,-0.004518150578157597,-0.004798790434360046,-0.0047721452160660255,-0.003954292365871495,-0.0033404941649332353,-0.0042993539581678095,-0.00491849764827409,-0.004132730544411235,0.0006456363465294491
0.024213457107543947,0.0013505465498717451,0.0030861139297485352,0.00029722253911192517,squared_error,100,1,2,42,random,"{'criterion': 'squared_error', 'max_depth': 100, 'min_samples_leaf': 1, 'min_samples_split': 2, 'random_state': 42, 'splitter': 'random'}",-0.46176595804191967,-0.3850643359296871,-0.5423570894956715,-0.48643914063008287,-0.4225060076174964,-0.47930223782310666,-0.563524316688643,-0.4964449298160116,-0.5027501433586967,-0.48364707754990843,-0.48238012369512234,0.04929720405618775,281,-0.00436120863121915,-0.0031404477416414577,-0.0032239247054214513,-0.004518150578157597,-0.004798790434360046,-0.0047721452160660255,-0.003954292365871495,-0.0033404941649332353,-0.0042993539581678095,-0.00491849764827409,-0.004132730544411235,0.0006456363465294491
0.08446455001831055,0.00756030491928782,0.003562259674072266,0.0015003073390711188,squared_error,100,1,5,42,best,"{'criterion': 'squared_error', 'max_depth': 100, 'min_samples_leaf': 1, 'min_samples_split': 5, 'random_state': 42, 'splitter': 'best'}",-0.46582502258308883,-0.3413727098982069,-0.5503662001332289,-0.6080446092379205,-0.40445325623835493,-0.510964999098494,-0.5971051055442345,-0.5487111672465592,-0.3988054088222255,-0.665302278763971,-0.5090950757566284,0.09916174330440808,295,-0.021612614629400787,-0.03055370641128901,-0.02591502081372825,-0.021814065372062773,-0.02273922780058547,-0.01863911261270121,-0.01993345574332337,-0.018001264161482112,-0.026683083674139005,-0.021129748729334468,-0.022702129994804646,0.003722085173300366
0.019182705879211427,0.0037424603889641547,0.0028047800064086915,0.0004098852306562681,squared_error,100,1,5,42,random,"{'criterion': 'squared_error', 'max_depth': 100, 'min_samples_leaf': 1, 'min_samples_split': 5, 'random_state': 42, 'splitter': 'random'}",-0.35104523250848113,-0.40962537964247986,-0.48181384203822225,-0.3751376767948909,-0.41461864154701755,-0.41461160849057527,-0.44822264105801324,-0.4750110452165495,-0.46048816689104655,-0.5140468551137983,-0.4344621089301074,0.047926271326020314,207,-0.05204363064580056,-0.03938157752478002,-0.04572688891266069,-0.04597874404861848,-0.04387246741486277,-0.04628004722262694,-0.05119691283223205,-0.039174939672150653,-0.04389168065652976,-0.04823547483320683,-0.04557823637634688,0.004077520255973699
0.07767589092254638,0.009747943831244499,0.0026884555816650392,0.000456674987397148,squared_error,100,1,10,42,best,"{'criterion': 'squared_error', 'max_depth': 100, 'min_samples_leaf': 1, 'min_samples_split': 10, 'random_state': 42, 'splitter': 'best'}",-0.38071657092163735,-0.32930644108798124,-0.5147717844470522,-0.5638122329375275,-0.4179577041286135,-0.5086410952910162,-0.4859109372616992,-0.5231389041008788,-0.36156894841504467,-0.5955943084524293,-0.468141892704388,0.08564262341457349,259,-0.06225123469294157,-0.07145352230210705,-0.05847840399008164,-0.055717927605188074,-0.061363074364961405,-0.058026925164610145,-0.053340536727422526,-0.06442402581265141,-0.07111474413946593,-0.055463963762726845,-0.06116343585621566,0.005976214627973295
0.013010096549987794,0.0008361506878522552,0.004432153701782226,0.004167263287188685,squared_error,100,1,10,42,random,"{'criterion': 'squared_error', 'max_depth': 100, 'min_samples_leaf': 1, 'min_samples_split': 10, 'random_state': 42, 'splitter': 'random'}",-0.3590734491556202,-0.2607147970456132,-0.3709697135232522,-0.33200588392203695,-0.33049445233221486,-0.38613569009464593,-0.48204312551805556,-0.45151781463257706,-0.3190844292569338,-0.4360938064893642,-0.3728133161970314,0.06434954723134281,101,-0.1004421655645258,-0.09862829831161697,-0.10451926311307105,-0.10603025090737901,-0.09309892239117104,-0.104887753730479,-0.09293776350841063,-0.09583633730921388,-0.10160135296703376,-0.10630378867568717,-0.10042858964785883,0.004879100461031522
0.08293099403381347,0.01111316926364942,0.0029404878616333006,0.0003542765158180014,squared_error,100,2,2,42,best,"{'criterion': 'squared_error', 'max_depth': 100, 'min_samples_leaf': 2, 'min_samples_split': 2, 'random_state': 42, 'splitter': 'best'}",-0.40968139852924373,-0.4777450408493475,-0.5016055805414625,-0.5290779777868484,-0.36807211791101724,-0.38910388827029796,-0.4661852564215964,-0.4950313591390107,-0.40594174181076187,-0.6597452284541927,-0.4702189589713779,0.08115926780349779,265,-0.02745352550658332,-0.03426080125623279,-0.028784885944504627,-0.027342204105532404,-0.02686498791718141,-0.02526998556670492,-0.02717514893942522,-0.021950571979363023,-0.025438868972123614,-0.02265622306856756,-0.026719720325621886,0.003244786304187176
0.017069029808044433,0.003198804070902197,0.007335662841796875,0.010873642009673968,squared_error,100,2,2,42,random,"{'criterion': 'squared_error', 'max_depth': 100, 'min_samples_leaf': 2, 'min_samples_split': 2, 'random_state': 42, 'splitter': 'random'}",-0.3817853569904601,-0.36761447649111356,-0.44849830315490335,-0.5466624832443657,-0.35506460315123256,-0.3907523253517866,-0.44980000449592067,-0.4716170134724234,-0.4277419328936259,-0.5358204012271591,-0.43753569004729914,0.0633117897022258,215,-0.05937677404897577,-0.0573245866858818,-0.059986708595970634,-0.05862015156265883,-0.062226596568958306,-0.056990287279560695,-0.05154287042914104,-0.06023259515460688,-0.06393167555271823,-0.057084555556022494,-0.05873168014344947,0.003208039677998349
0.08827803134918213,0.017282870211720307,0.0038480520248413085,0.003144724051684045,squared_error,100,2,5,42,best,"{'criterion': 'squared_error', 'max_depth': 100, 'min_samples_leaf': 2, 'min_samples_split': 5, 'random_state': 42, 'splitter': 'best'}",-0.4191843715317693,-0.4814775883533306,-0.5420131850071511,-0.5304762735433287,-0.3575011317018301,-0.40634825620273957,-0.4358683722046599,-0.4968680094580383,-0.380430534655849,-0.6713709775753625,-0.4721538700234059,0.08870073707895912,269,-0.03336112239621599,-0.04143751383379196,-0.033911159701908264,-0.032339781940420524,-0.03428657575140625,-0.03357094925942333,-0.035952562372038074,-0.02937196396310837,-0.03362086650367199,-0.028746646802194038,-0.033659914252417884,0.0033252263031406386
0.01827232837677002,0.007125541130190593,0.0038385629653930665,0.003389099625291799,squared_error,100,2,5,42,random,"{'criterion': 'squared_error', 'max_depth': 100, 'min_samples_leaf': 2, 'min_samples_split': 5, 'random_state': 42, 'splitter': 'random'}",-0.3947542067161683,-0.3422223506812536,-0.44775309536224017,-0.4569508168411895,-0.3249212686489215,-0.3000365234326999,-0.5908683067392911,-0.46748132025359995,-0.3687055432888413,-0.5373380698475723,-0.4231031501811778,0.08944663961284122,164,-0.07529878779712997,-0.07339131176409758,-0.0690500018963476,-0.06853709883800155,-0.07067700277621017,-0.0693330507692277,-0.06627170094794994,-0.07326787140580504,-0.07367456778468025,-0.07059886020650714,-0.0710100254185957,0.002678855047924633
0.07259900569915771,0.006849973816049295,0.0033852338790893556,0.00048779935603443275,squared_error,100,2,10,42,best,"{'criterion': 'squared_error', 'max_depth': 100, 'min_samples_leaf': 2, 'min_samples_split': 10, 'random_state': 42, 'splitter': 'best'}",-0.37872694250818595,-0.4088009405001907,-0.4938086671422509,-0.48271905425287076,-0.3879848678376201,-0.4048715385458555,-0.40878871040000797,-0.4529355172535249,-0.3094795069754513,-0.6215849585550961,-0.43497007039710545,0.08017780770375024,211,-0.07319195032073691,-0.08397585163349691,-0.07329907873707013,-0.0724229712518407,-0.07214122400873221,-0.06577896173620305,-0.06832490408729508,-0.07002718395927739,-0.0828884244384018,-0.05898567758929721,-0.07210362277623514,0.007004647530896666
0.011447000503540038,0.0010223524549545636,0.0029038190841674805,0.0007077058988542917,squared_error,100,2,10,42,random,"{'criterion': 'squared_error', 'max_depth': 100, 'min_samples_leaf': 2, 'min_samples_split': 10, 'random_state': 42, 'splitter': 'random'}",-0.3560021897305666,-0.29827016737942197,-0.36735644677339463,-0.341849617817414,-0.3029111643489034,-0.39141338432062495,-0.42273738019476315,-0.461545440223832,-0.31480126693575977,-0.42188588687451944,-0.36787729445992,0.05287321662621008,88,-0.11363978476798527,-0.11525924429894749,-0.12290287171063041,-0.10757031731163275,-0.12987416644106559,-0.12276257304687506,-0.11800547691440688,-0.11617113137716198,-0.12358434551775377,-0.12100697517080544,-0.11907768865572646,0.005957978331272248
0.06015701293945312,0.00455350099833738,0.002950096130371094,9.429942780321448e-05,squared_error,100,4,2,42,best,"{'criterion': 'squared_error', 'max_depth': 100, 'min_samples_leaf': 4, 'min_samples_split': 2, 'random_state': 42, 'splitter': 'best'}",-0.36808875617463954,-0.3655961546388942,-0.4179945837902842,-0.4303739023577279,-0.4075266721524583,-0.4517632764402222,-0.556865226230867,-0.4702791519699569,-0.3392215473143613,-0.43207803520185883,-0.42397873062712704,0.05890967871268572,179,-0.08247718688365219,-0.08600638508320156,-0.07728504328490902,-0.08503967427462543,-0.09078470327387854,-0.0691469384914805,-0.07724490442887323,-0.07382362435069444,-0.07844815340946419,-0.07159579915982274,-0.07918524126406018,0.0064901453110756
0.010177040100097656,0.0007431759690785873,0.0023780107498168946,0.0005233757941824575,squared_error,100,4,2,42,random,"{'criterion': 'squared_error', 'max_depth': 100, 'min_samples_leaf': 4, 'min_samples_split': 2, 'random_state': 42, 'splitter': 'random'}",-0.40744815738649476,-0.3697590585051204,-0.3503080829568402,-0.3881054948156502,-0.29587036134703093,-0.26042916491387474,-0.3798476829566257,-0.3929219516093632,-0.34173003004910524,-0.3998700891467442,-0.35862900736868497,0.04543103094772715,66,-0.14413945885807714,-0.1336360049791262,-0.14128427974103555,-0.14183271266675324,-0.13140146522018034,-0.14270048155538587,-0.13637677662918352,-0.13934714094635364,-0.13811349136259596,-0.13132111481660327,-0.13801529267752946,0.004437527095939136
0.0632554531097412,0.00518209013452787,0.002884697914123535,0.0002977717301664643,squared_error,100,4,5,42,best,"{'criterion': 'squared_error', 'max_depth': 100, 'min_samples_leaf': 4, 'min_samples_split': 5, 'random_state': 42, 'splitter': 'best'}",-0.36808875617463954,-0.3655961546388942,-0.4179945837902842,-0.4303739023577279,-0.4075266721524583,-0.4517632764402222,-0.556865226230867,-0.4702791519699569,-0.3392215473143613,-0.43207803520185883,-0.42397873062712704,0.05890967871268572,179,-0.08247718688365219,-0.08600638508320156,-0.07728504328490902,-0.08503967427462543,-0.09078470327387854,-0.0691469384914805,-0.07724490442887323,-0.07382362435069444,-0.07844815340946419,-0.07159579915982274,-0.07918524126406018,0.0064901453110756
0.010663414001464843,0.0007996728195264212,0.0023895263671875,0.00048780909962047996,squared_error,100,4,5,42,random,"{'criterion': 'squared_error', 'max_depth': 100, 'min_samples_leaf': 4, 'min_samples_split': 5, 'random_state': 42, 'splitter': 'random'}",-0.40744815738649476,-0.3697590585051204,-0.3503080829568402,-0.3881054948156502,-0.29587036134703093,-0.26042916491387474,-0.3798476829566257,-0.3929219516093632,-0.34173003004910524,-0.3998700891467442,-0.35862900736868497,0.04543103094772715,66,-0.14413945885807714,-0.1336360049791262,-0.14128427974103555,-0.14183271266675324,-0.13140146522018034,-0.14270048155538587,-0.13637677662918352,-0.13934714094635364,-0.13811349136259596,-0.13132111481660327,-0.13801529267752946,0.004437527095939136
0.06196908950805664,0.0030081108948760166,0.0030155420303344727,0.0004528712108958633,squared_error,100,4,10,42,best,"{'criterion': 'squared_error', 'max_depth': 100, 'min_samples_leaf': 4, 'min_samples_split': 10, 'random_state': 42, 'splitter': 'best'}",-0.34690609473897654,-0.3622140636845443,-0.4295892741220357,-0.40757697430828654,-0.4085380396233582,-0.44518931258761624,-0.5414586944482201,-0.46289679233811953,-0.32586151135280317,-0.4498420268202513,-0.4180072784024212,0.05999944886232583,158,-0.09162556272843894,-0.09836577374197619,-0.08827785643183828,-0.09368219198819722,-0.09685162459179424,-0.08092800738641834,-0.08338939774794756,-0.08526524003195507,-0.0930245408052182,-0.08302297345950865,-0.08944331689132927,0.0058244703622328765
0.010253667831420898,0.0004565449848846106,0.0026882410049438475,0.00045596192906850253,squared_error,100,4,10,42,random,"{'criterion': 'squared_error', 'max_depth': 100, 'min_samples_leaf': 4, 'min_samples_split': 10, 'random_state': 42, 'splitter': 'random'}",-0.29312630419882224,-0.26064388706553693,-0.33220443593331955,-0.360629358031512,-0.3102193763438095,-0.2905096563948067,-0.388180043522665,-0.41370891331015225,-0.32283761723910465,-0.48997687652620636,-0.3462036468565935,0.06517218419857894,38,-0.15216984059524177,-0.15032158682567048,-0.13984595346361983,-0.14780033150823194,-0.14779536274832053,-0.1549446758573903,-0.14487706224299016,-0.14285419761127618,-0.14378192713683421,-0.14903818475308353,-0.14734291227426588,0.004340050961650865
0.0860668659210205,0.005223298013123507,0.0035009384155273438,0.0004474675436724268,squared_error,200,1,2,42,best,"{'criterion': 'squared_error', 'max_depth': 200, 'min_samples_leaf': 1, 'min_samples_split': 2, 'random_state': 42, 'splitter': 'best'}",-0.4803440706824827,-0.45563420154305534,-0.5830511684075286,-0.6691033697321033,-0.3793119358202776,-0.4861406616347325,-0.5392066744400629,-0.6011086114363159,-0.3940519281602287,-0.6624547174593699,-0.5250407339316158,0.09783254886503552,320,-0.00436120863121915,-0.0031404477416414577,-0.0032239247054214513,-0.004518150578157597,-0.004798790434360046,-0.0047721452160660255,-0.003954292365871495,-0.0033404941649332353,-0.0042993539581678095,-0.00491849764827409,-0.004132730544411235,0.0006456363465294491
0.023946738243103026,0.001007992239517289,0.0028646707534790037,0.0003050704500470903,squared_error,200,1,2,42,random,"{'criterion': 'squared_error', 'max_depth': 200, 'min_samples_leaf': 1, 'min_samples_split': 2, 'random_state': 42, 'splitter': 'random'}",-0.46176595804191967,-0.3850643359296871,-0.5423570894956715,-0.48643914063008287,-0.4225060076174964,-0.47930223782310666,-0.563524316688643,-0.4964449298160116,-0.5027501433586967,-0.48364707754990843,-0.48238012369512234,0.04929720405618775,281,-0.00436120863121915,-0.0031404477416414577,-0.0032239247054214513,-0.004518150578157597,-0.004798790434360046,-0.0047721452160660255,-0.003954292365871495,-0.0033404941649332353,-0.0042993539581678095,-0.00491849764827409,-0.004132730544411235,0.0006456363465294491
0.08053076267242432,0.0059126037585102474,0.0028874874114990234,0.000298898346634202,squared_error,200,1,5,42,best,"{'criterion': 'squared_error', 'max_depth': 200, 'min_samples_leaf': 1, 'min_samples_split': 5, 'random_state': 42, 'splitter': 'best'}",-0.46582502258308883,-0.3413727098982069,-0.5503662001332289,-0.6080446092379205,-0.40445325623835493,-0.510964999098494,-0.5971051055442345,-0.5487111672465592,-0.3988054088222255,-0.665302278763971,-0.5090950757566284,0.09916174330440808,295,-0.021612614629400787,-0.03055370641128901,-0.02591502081372825,-0.021814065372062773,-0.02273922780058547,-0.01863911261270121,-0.01993345574332337,-0.018001264161482112,-0.026683083674139005,-0.021129748729334468,-0.022702129994804646,0.003722085173300366
0.017337226867675783,0.0012282566378831068,0.0036899089813232423,0.0013485644493515757,squared_error,200,1,5,42,random,"{'criterion': 'squared_error', 'max_depth': 200, 'min_samples_leaf': 1, 'min_samples_split': 5, 'random_state': 42, 'splitter': 'random'}",-0.35104523250848113,-0.40962537964247986,-0.48181384203822225,-0.3751376767948909,-0.41461864154701755,-0.41461160849057527,-0.44822264105801324,-0.4750110452165495,-0.46048816689104655,-0.5140468551137983,-0.4344621089301074,0.047926271326020314,207,-0.05204363064580056,-0.03938157752478002,-0.04572688891266069,-0.04597874404861848,-0.04387246741486277,-0.04628004722262694,-0.05119691283223205,-0.039174939672150653,-0.04389168065652976,-0.04823547483320683,-0.04557823637634688,0.004077520255973699
0.0731128454208374,0.005977841221179815,0.002942323684692383,0.0004691315313765082,squared_error,200,1,10,42,best,"{'criterion': 'squared_error', 'max_depth': 200, 'min_samples_leaf': 1, 'min_samples_split': 10, 'random_state': 42, 'splitter': 'best'}",-0.38071657092163735,-0.32930644108798124,-0.5147717844470522,-0.5638122329375275,-0.4179577041286135,-0.5086410952910162,-0.4859109372616992,-0.5231389041008788,-0.36156894841504467,-0.5955943084524293,-0.468141892704388,0.08564262341457349,259,-0.06225123469294157,-0.07145352230210705,-0.05847840399008164,-0.055717927605188074,-0.061363074364961405,-0.058026925164610145,-0.053340536727422526,-0.06442402581265141,-0.07111474413946593,-0.055463963762726845,-0.06116343585621566,0.005976214627973295
0.01359093189239502,0.003476964894006051,0.0043806791305541996,0.005195971097477769,squared_error,200,1,10,42,random,"{'criterion': 'squared_error', 'max_depth': 200, 'min_samples_leaf': 1, 'min_samples_split': 10, 'random_state': 42, 'splitter': 'random'}",-0.3590734491556202,-0.2607147970456132,-0.3709697135232522,-0.33200588392203695,-0.33049445233221486,-0.38613569009464593,-0.48204312551805556,-0.45151781463257706,-0.3190844292569338,-0.4360938064893642,-0.3728133161970314,0.06434954723134281,101,-0.1004421655645258,-0.09862829831161697,-0.10451926311307105,-0.10603025090737901,-0.09309892239117104,-0.104887753730479,-0.09293776350841063,-0.09583633730921388,-0.10160135296703376,-0.10630378867568717,-0.10042858964785883,0.004879100461031522
0.08216638565063476,0.014187388133775363,0.0027883768081665037,0.00039849830851087034,squared_error,200,2,2,42,best,"{'criterion': 'squared_error', 'max_depth': 200, 'min_samples_leaf': 2, 'min_samples_split': 2, 'random_state': 42, 'splitter': 'best'}",-0.40968139852924373,-0.4777450408493475,-0.5016055805414625,-0.5290779777868484,-0.36807211791101724,-0.38910388827029796,-0.4661852564215964,-0.4950313591390107,-0.40594174181076187,-0.6597452284541927,-0.4702189589713779,0.08115926780349779,265,-0.02745352550658332,-0.03426080125623279,-0.028784885944504627,-0.027342204105532404,-0.02686498791718141,-0.02526998556670492,-0.02717514893942522,-0.021950571979363023,-0.025438868972123614,-0.02265622306856756,-0.026719720325621886,0.003244786304187176
0.01796877384185791,0.0052239135702656595,0.0024123430252075196,0.0005186559046587059,squared_error,200,2,2,42,random,"{'criterion': 'squared_error', 'max_depth': 200, 'min_samples_leaf': 2, 'min_samples_split': 2, 'random_state': 42, 'splitter': 'random'}",-0.3817853569904601,-0.36761447649111356,-0.44849830315490335,-0.5466624832443657,-0.35506460315123256,-0.3907523253517866,-0.44980000449592067,-0.4716170134724234,-0.4277419328936259,-0.5358204012271591,-0.43753569004729914,0.0633117897022258,215,-0.05937677404897577,-0.0573245866858818,-0.059986708595970634,-0.05862015156265883,-0.062226596568958306,-0.056990287279560695,-0.05154287042914104,-0.06023259515460688,-0.06393167555271823,-0.057084555556022494,-0.05873168014344947,0.003208039677998349
0.07634468078613281,0.012456700210137677,0.0029346227645874025,0.0004712218220947086,squared_error,200,2,5,42,best,"{'criterion': 'squared_error', 'max_depth': 200, 'min_samples_leaf': 2, 'min_samples_split': 5, 'random_state': 42, 'splitter': 'best'}",-0.4191843715317693,-0.4814775883533306,-0.5420131850071511,-0.5304762735433287,-0.3575011317018301,-0.40634825620273957,-0.4358683722046599,-0.4968680094580383,-0.380430534655849,-0.6713709775753625,-0.4721538700234059,0.08870073707895912,269,-0.03336112239621599,-0.04143751383379196,-0.033911159701908264,-0.032339781940420524,-0.03428657575140625,-0.03357094925942333,-0.035952562372038074,-0.02937196396310837,-0.03362086650367199,-0.028746646802194038,-0.033659914252417884,0.0033252263031406386
0.014958405494689941,0.0011579254120406626,0.002787661552429199,0.00039801617946621837,squared_error,200,2,5,42,random,"{'criterion': 'squared_error', 'max_depth': 200, 'min_samples_leaf': 2, 'min_samples_split': 5, 'random_state': 42, 'splitter': 'random'}",-0.3947542067161683,-0.3422223506812536,-0.44775309536224017,-0.4569508168411895,-0.3249212686489215,-0.3000365234326999,-0.5908683067392911,-0.46748132025359995,-0.3687055432888413,-0.5373380698475723,-0.4231031501811778,0.08944663961284122,164,-0.07529878779712997,-0.07339131176409758,-0.0690500018963476,-0.06853709883800155,-0.07067700277621017,-0.0693330507692277,-0.06627170094794994,-0.07326787140580504,-0.07367456778468025,-0.07059886020650714,-0.0710100254185957,0.002678855047924633
0.07065937519073487,0.009574794522109407,0.0029386043548583984,0.0006488717299112573,squared_error,200,2,10,42,best,"{'criterion': 'squared_error', 'max_depth': 200, 'min_samples_leaf': 2, 'min_samples_split': 10, 'random_state': 42, 'splitter': 'best'}",-0.37872694250818595,-0.4088009405001907,-0.4938086671422509,-0.48271905425287076,-0.3879848678376201,-0.4048715385458555,-0.40878871040000797,-0.4529355172535249,-0.3094795069754513,-0.6215849585550961,-0.43497007039710545,0.08017780770375024,211,-0.07319195032073691,-0.08397585163349691,-0.07329907873707013,-0.0724229712518407,-0.07214122400873221,-0.06577896173620305,-0.06832490408729508,-0.07002718395927739,-0.0828884244384018,-0.05898567758929721,-0.07210362277623514,0.007004647530896666
0.011952924728393554,0.0008956129538326091,0.0025270700454711912,0.0004683460371841825,squared_error,200,2,10,42,random,"{'criterion': 'squared_error', 'max_depth': 200, 'min_samples_leaf': 2, 'min_samples_split': 10, 'random_state': 42, 'splitter': 'random'}",-0.3560021897305666,-0.29827016737942197,-0.36735644677339463,-0.341849617817414,-0.3029111643489034,-0.39141338432062495,-0.42273738019476315,-0.461545440223832,-0.31480126693575977,-0.42188588687451944,-0.36787729445992,0.05287321662621008,88,-0.11363978476798527,-0.11525924429894749,-0.12290287171063041,-0.10757031731163275,-0.12987416644106559,-0.12276257304687506,-0.11800547691440688,-0.11617113137716198,-0.12358434551775377,-0.12100697517080544,-0.11907768865572646,0.005957978331272248
0.06544485092163085,0.009909753836750712,0.0027879953384399416,0.0003984810767351795,squared_error,200,4,2,42,best,"{'criterion': 'squared_error', 'max_depth': 200, 'min_samples_leaf': 4, 'min_samples_split': 2, 'random_state': 42, 'splitter': 'best'}",-0.36808875617463954,-0.3655961546388942,-0.4179945837902842,-0.4303739023577279,-0.4075266721524583,-0.4517632764402222,-0.556865226230867,-0.4702791519699569,-0.3392215473143613,-0.43207803520185883,-0.42397873062712704,0.05890967871268572,179,-0.08247718688365219,-0.08600638508320156,-0.07728504328490902,-0.08503967427462543,-0.09078470327387854,-0.0691469384914805,-0.07724490442887323,-0.07382362435069444,-0.07844815340946419,-0.07159579915982274,-0.07918524126406018,0.0064901453110756
0.010440993309020995,0.00048666264165398424,0.002768540382385254,0.0004249497264274171,squared_error,200,4,2,42,random,"{'criterion': 'squared_error', 'max_depth': 200, 'min_samples_leaf': 4, 'min_samples_split': 2, 'random_state': 42, 'splitter': 'random'}",-0.40744815738649476,-0.3697590585051204,-0.3503080829568402,-0.3881054948156502,-0.29587036134703093,-0.26042916491387474,-0.3798476829566257,-0.3929219516093632,-0.34173003004910524,-0.3998700891467442,-0.35862900736868497,0.04543103094772715,66,-0.14413945885807714,-0.1336360049791262,-0.14128427974103555,-0.14183271266675324,-0.13140146522018034,-0.14270048155538587,-0.13637677662918352,-0.13934714094635364,-0.13811349136259596,-0.13132111481660327,-0.13801529267752946,0.004437527095939136
0.05992891788482666,0.004934022564542053,0.0027913331985473635,0.0004001796873679076,squared_error,200,4,5,42,best,"{'criterion': 'squared_error', 'max_depth': 200, 'min_samples_leaf': 4, 'min_samples_split': 5, 'random_state': 42, 'splitter': 'best'}",-0.36808875617463954,-0.3655961546388942,-0.4179945837902842,-0.4303739023577279,-0.4075266721524583,-0.4517632764402222,-0.556865226230867,-0.4702791519699569,-0.3392215473143613,-0.43207803520185883,-0.42397873062712704,0.05890967871268572,179,-0.08247718688365219,-0.08600638508320156,-0.07728504328490902,-0.08503967427462543,-0.09078470327387854,-0.0691469384914805,-0.07724490442887323,-0.07382362435069444,-0.07844815340946419,-0.07159579915982274,-0.07918524126406018,0.0064901453110756
0.011828732490539551,0.0020783218670245244,0.002687525749206543,0.00045581060805296227,squared_error,200,4,5,42,random,"{'criterion': 'squared_error', 'max_depth': 200, 'min_samples_leaf': 4, 'min_samples_split': 5, 'random_state': 42, 'splitter': 'random'}",-0.40744815738649476,-0.3697590585051204,-0.3503080829568402,-0.3881054948156502,-0.29587036134703093,-0.26042916491387474,-0.3798476829566257,-0.3929219516093632,-0.34173003004910524,-0.3998700891467442,-0.35862900736868497,0.04543103094772715,66,-0.14413945885807714,-0.1336360049791262,-0.14128427974103555,-0.14183271266675324,-0.13140146522018034,-0.14270048155538587,-0.13637677662918352,-0.13934714094635364,-0.13811349136259596,-0.13132111481660327,-0.13801529267752946,0.004437527095939136
0.06105449199676514,0.009758381531766317,0.0028011322021484373,0.00034892069585408303,squared_error,200,4,10,42,best,"{'criterion': 'squared_error', 'max_depth': 200, 'min_samples_leaf': 4, 'min_samples_split': 10, 'random_state': 42, 'splitter': 'best'}",-0.34690609473897654,-0.3622140636845443,-0.4295892741220357,-0.40757697430828654,-0.4085380396233582,-0.44518931258761624,-0.5414586944482201,-0.46289679233811953,-0.32586151135280317,-0.4498420268202513,-0.4180072784024212,0.05999944886232583,158,-0.09162556272843894,-0.09836577374197619,-0.08827785643183828,-0.09368219198819722,-0.09685162459179424,-0.08092800738641834,-0.08338939774794756,-0.08526524003195507,-0.0930245408052182,-0.08302297345950865,-0.08944331689132927,0.0058244703622328765
0.01056516170501709,0.0015338403614860588,0.00351409912109375,0.002142753839700766,squared_error,200,4,10,42,random,"{'criterion': 'squared_error', 'max_depth': 200, 'min_samples_leaf': 4, 'min_samples_split': 10, 'random_state': 42, 'splitter': 'random'}",-0.29312630419882224,-0.26064388706553693,-0.33220443593331955,-0.360629358031512,-0.3102193763438095,-0.2905096563948067,-0.388180043522665,-0.41370891331015225,-0.32283761723910465,-0.48997687652620636,-0.3462036468565935,0.06517218419857894,38,-0.15216984059524177,-0.15032158682567048,-0.13984595346361983,-0.14780033150823194,-0.14779536274832053,-0.1549446758573903,-0.14487706224299016,-0.14285419761127618,-0.14378192713683421,-0.14903818475308353,-0.14734291227426588,0.004340050961650865
0.5416292667388916,0.07042927436933775,0.002887392044067383,0.00029870680042057036,absolute_error,,1,2,42,best,"{'criterion': 'absolute_error', 'max_depth': None, 'min_samples_leaf': 1, 'min_samples_split': 2, 'random_state': 42, 'splitter': 'best'}",-0.4335077671685582,-0.5637332111556564,-0.6469826305994671,-0.5051506081009657,-0.4176860790349643,-0.43934758587415124,-0.548669520137626,-0.4825196340288241,-0.4648417481227192,-0.669221541891231,-0.5171660326114164,0.08376601349035646,315,-0.005161466923875931,-0.00358248584937297,-0.0032434871055061518,-0.004956220983977051,-0.005583454028844183,-0.005149927801075996,-0.004750582956616219,-0.00412020183485649,-0.00467665833737397,-0.005722934608433084,-0.004694742042993204,0.0007757050201868969
0.27247660160064696,0.0683021424612994,0.002787876129150391,0.0003981829224914164,absolute_error,,1,2,42,random,"{'criterion': 'absolute_error', 'max_depth': None, 'min_samples_leaf': 1, 'min_samples_split': 2, 'random_state': 42, 'splitter': 'random'}",-0.43954484518277065,-0.5076519458948261,-0.4656100764292384,-0.466481426005797,-0.5458110257692107,-0.44804003214916305,-0.5612312336474637,-0.5427297984079537,-0.33367807402904526,-0.6107221613501751,-0.4921500618865643,0.07463195859798698,285,-0.005161466923875931,-0.00358248584937297,-0.0032434871055061518,-0.004956220983977051,-0.005583454028844183,-0.005149927801075996,-0.004750582956616219,-0.00412020183485649,-0.00467665833737397,-0.005722934608433084,-0.004694742042993204,0.0007757050201868969
0.5269691944122314,0.07402562730722069,0.0025886058807373046,0.0004876724747129802,absolute_error,,1,5,42,best,"{'criterion': 'absolute_error', 'max_depth': None, 'min_samples_leaf': 1, 'min_samples_split': 5, 'random_state': 42, 'splitter': 'best'}",-0.35887368429500816,-0.5538318585637502,-0.5930959079719703,-0.4893689923740833,-0.4021702255173926,-0.5448912131380091,-0.5861385166310439,-0.4706125811266059,-0.4506507987550631,-0.6327705593364927,-0.5082404337709419,0.08417127788956458,292,-0.02597271640727028,-0.037449235242816334,-0.02427737086530012,-0.034487377372605446,-0.027811524905464464,-0.0286784825929914,-0.019102579380428048,-0.031858377057726456,-0.03455532794156651,-0.031094461470612417,-0.029528745323678145,0.005225575380260807
0.2200939655303955,0.04941273148570643,0.0029868364334106447,3.2075939290699265e-07,absolute_error,,1,5,42,random,"{'criterion': 'absolute_error', 'max_depth': None, 'min_samples_leaf': 1, 'min_samples_split': 5, 'random_state': 42, 'splitter': 'random'}",-0.4789916591396523,-0.5775427890229259,-0.5073502633221243,-0.49425021272124997,-0.4276512943701677,-0.4226544355180914,-0.5280983851393276,-0.5366693797657075,-0.5123735823246952,-0.6308191483167189,-0.511640114964066,0.05983643329367304,300,-0.04654092639353505,-0.05128197851547009,-0.05509792927888387,-0.06209084167498596,-0.048288985492004326,-0.04622230875862844,-0.06246835679251128,-0.05478447951425678,-0.04589327274808179,-0.049234392448191014,-0.05219034716165486,0.005922928653292218
0.5327160596847534,0.08847771828462374,0.0028872251510620116,0.0002985722148772595,absolute_error,,1,10,42,best,"{'criterion': 'absolute_error', 'max_depth': None, 'min_samples_leaf': 1, 'min_samples_split': 10, 'random_state': 42, 'splitter': 'best'}",-0.36477313098314906,-0.4938982878029279,-0.4844796844656764,-0.37641492355289136,-0.326198771340982,-0.44446253495481597,-0.5282611212275681,-0.49921985603686914,-0.40917510151073533,-0.6392665024731836,-0.4566149914348799,0.08760707518800862,237,-0.06274521399292043,-0.07225814207500418,-0.0764040237984889,-0.10218132175146855,-0.08021040829959541,-0.07447125529047255,-0.06444128516902359,-0.0715678875557162,-0.07659568025443445,-0.07348346595773855,-0.07543586841448628,0.010257354134963132
0.2211864709854126,0.06901633934314197,0.002692508697509766,0.00045930005820744786,absolute_error,,1,10,42,random,"{'criterion': 'absolute_error', 'max_depth': None, 'min_samples_leaf': 1, 'min_samples_split': 10, 'random_state': 42, 'splitter': 'random'}",-0.34489559271201314,-0.5004316098633775,-0.42375337669075425,-0.4688504988516715,-0.41726042454790685,-0.38691387310818937,-0.40106831084246797,-0.46432050771089783,-0.46656236830119885,-0.4645759979207329,-0.43386325605492104,0.04490931229311439,200,-0.12479513450727801,-0.11099583821826325,-0.12014334205980273,-0.1106258682464744,-0.11106332742121634,-0.13071493394016728,-0.1053038936028628,-0.11629319628895461,-0.12414188799817506,-0.11210339312295423,-0.11661808154061488,0.007625555141919874
0.4813133955001831,0.059472042031012064,0.0029868602752685545,2.0784849851325387e-07,absolute_error,,2,2,42,best,"{'criterion': 'absolute_error', 'max_depth': None, 'min_samples_leaf': 2, 'min_samples_split': 2, 'random_state': 42, 'splitter': 'best'}",-0.38796463542564497,-0.4580789573324566,-0.5622548421057723,-0.3674935753025176,-0.3991538371358477,-0.44795370958341657,-0.495038788290629,-0.5060429293053528,-0.3940807838942053,-0.5409267558553202,-0.45589888142311635,0.06490578040522699,232,-0.058733882531275844,-0.05996535878314258,-0.05488477277347686,-0.059238651020658215,-0.054378204770986906,-0.05481403980277452,-0.05771404510087876,-0.05468724270239725,-0.06886667064108984,-0.05446356036340847,-0.05777464284900893,0.004243195347689596
0.17419416904449464,0.03283622824411705,0.003284907341003418,0.0004554639664274128,absolute_error,,2,2,42,random,"{'criterion': 'absolute_error', 'max_depth': None, 'min_samples_leaf': 2, 'min_samples_split': 2, 'random_state': 42, 'splitter': 'random'}",-0.44184620743272374,-0.4185710538337895,-0.4896425233276686,-0.3745006747676658,-0.4390324659417899,-0.5118915248088182,-0.43117554178973144,-0.46742901445712187,-0.5217843352086845,-0.5024356571031676,-0.4598308998671161,0.04457683498211558,246,-0.08243439943672014,-0.0875152297987705,-0.09606068482908635,-0.09554538511754214,-0.08681770941751867,-0.09701514199852028,-0.09019809142086721,-0.08994925749713334,-0.08094714622565832,-0.09406458625950033,-0.09005476320013173,0.005373282330181519
0.4708000659942627,0.07155902559848647,0.0032856941223144533,0.0004559875069086867,absolute_error,,2,5,42,best,"{'criterion': 'absolute_error', 'max_depth': None, 'min_samples_leaf': 2, 'min_samples_split': 5, 'random_state': 42, 'splitter': 'best'}",-0.36328557728674565,-0.4284598274848564,-0.5162755786926077,-0.449236540562465,-0.3516403992279571,-0.45157405202318307,-0.42267006283969644,-0.6061866594277698,-0.4722025511337654,-0.536614662051993,-0.45981459107310396,0.07363863325180164,242,-0.0638435330714202,-0.0679750426226688,-0.06401014148166768,-0.07600971315063207,-0.059855727484043754,-0.061363205616370244,-0.06058925308290971,-0.06533029020696576,-0.07855629377978779,-0.0581752019836452,-0.06557084024801113,0.006470918591082976
0.18568146228790283,0.045326261996913836,0.0031375646591186523,0.00032036806609242805,absolute_error,,2,5,42,random,"{'criterion': 'absolute_error', 'max_depth': None, 'min_samples_leaf': 2, 'min_samples_split': 5, 'random_state': 42, 'splitter': 'random'}",-0.3951313121310403,-0.39710344983468554,-0.44750701215788913,-0.4432509778082538,-0.3473552118894513,-0.47792038264862186,-0.4540051904605214,-0.507130972225866,-0.4350694369286454,-0.5345099430073418,-0.44389838890923167,0.05239124702665815,221,-0.11212295915032446,-0.10954569583610704,-0.10323060141309294,-0.1078905988437383,-0.11274547451433657,-0.10781965072207671,-0.11606241910980897,-0.10110451162073261,-0.10873832356181186,-0.10569257834815927,-0.10849528131201888,0.00425047992545352
0.4836019515991211,0.07613025478484037,0.0032848119735717773,0.00045678052092859334,absolute_error,,2,10,42,best,"{'criterion': 'absolute_error', 'max_depth': None, 'min_samples_leaf': 2, 'min_samples_split': 10, 'random_state': 42, 'splitter': 'best'}",-0.37390280109948953,-0.3638616762008354,-0.5341674334973454,-0.37141433855719586,-0.30773013901910873,-0.46925041228596776,-0.4449032608946321,-0.5442122911674803,-0.3707973791601623,-0.4651004824162124,-0.42453402142984303,0.07483288107399531,194,-0.10765094486644466,-0.10947055964206023,-0.10255737138449081,-0.12294196515479923,-0.1100908711700757,-0.10543746329436075,-0.11264056144395015,-0.11243649697550889,-0.10793284323717182,-0.10615416849733927,-0.10973132456662016,0.005298691565323213
0.1543705940246582,0.03468698674962313,0.0025891780853271483,0.00048677960239459656,absolute_error,,2,10,42,random,"{'criterion': 'absolute_error', 'max_depth': None, 'min_samples_leaf': 2, 'min_samples_split': 10, 'random_state': 42, 'splitter': 'random'}",-0.44040067084707457,-0.3881077629724357,-0.4034788510877896,-0.3772863198222627,-0.3262524996032956,-0.3363120597734087,-0.458320371611012,-0.392983355718434,-0.4374983433183482,-0.38822738833783316,-0.39488676230918945,0.04065743216873265,133,-0.16509827460933563,-0.16848140107614634,-0.15691264600481836,-0.15533976388868076,-0.16259381335256204,-0.16506393986372447,-0.16329807080177627,-0.15787231937079738,-0.16293136692518265,-0.16620026471245344,-0.16237918606054774,0.004091243154393595
0.42827744483947755,0.06985536407543731,0.003086423873901367,0.00029870672430121046,absolute_error,,4,2,42,best,"{'criterion': 'absolute_error', 'max_depth': None, 'min_samples_leaf': 4, 'min_samples_split': 2, 'random_state': 42, 'splitter': 'best'}",-0.31039029562386256,-0.2662838095380137,-0.4607004807126927,-0.3679584736070789,-0.3366046722866924,-0.4002430525500747,-0.43361156571714593,-0.4988505026319148,-0.42217915814918083,-0.45135345570304786,-0.39481754665197044,0.06957142128428268,125,-0.13060141085373514,-0.12923861588613741,-0.12769123675527602,-0.1314682940937658,-0.11779586857002916,-0.13319040641597915,-0.11989141341659161,-0.122904793813839,-0.12327950490951015,-0.11701043058251577,-0.1253071975297379,0.005601273822188076
0.12944209575653076,0.023035225540545677,0.003185892105102539,0.00039808756935172515,absolute_error,,4,2,42,random,"{'criterion': 'absolute_error', 'max_depth': None, 'min_samples_leaf': 4, 'min_samples_split': 2, 'random_state': 42, 'splitter': 'random'}",-0.2548548526316629,-0.3879801919588459,-0.3357985096398843,-0.3680138804395934,-0.3783103862228638,-0.36856826470176957,-0.3685151300638537,-0.3571029149405642,-0.3023680786385142,-0.42005842400465515,-0.3541570633242207,0.044232303898573716,48,-0.18337687898927302,-0.17414169414670294,-0.18258049958501513,-0.18200410959416685,-0.18351263768217072,-0.17958818043788813,-0.1760854598102199,-0.16500093219108514,-0.19071385672978025,-0.187256081908911,-0.1804260331075213,0.006890753079544187
0.47196686267852783,0.10455630940891081,0.0026880741119384766,0.0004562161309504408,absolute_error,,4,5,42,best,"{'criterion': 'absolute_error', 'max_depth': None, 'min_samples_leaf': 4, 'min_samples_split': 5, 'random_state': 42, 'splitter': 'best'}",-0.31039029562386256,-0.2662838095380137,-0.4607004807126927,-0.3679584736070789,-0.3366046722866924,-0.4002430525500747,-0.43361156571714593,-0.4988505026319148,-0.42217915814918083,-0.45135345570304786,-0.39481754665197044,0.06957142128428268,125,-0.13060141085373514,-0.12923861588613741,-0.12769123675527602,-0.1314682940937658,-0.11779586857002916,-0.13319040641597915,-0.11989141341659161,-0.122904793813839,-0.12327950490951015,-0.11701043058251577,-0.1253071975297379,0.005601273822188076
0.1319206953048706,0.027522505432561767,0.003285646438598633,0.0004561745109734365,absolute_error,,4,5,42,random,"{'criterion': 'absolute_error', 'max_depth': None, 'min_samples_leaf': 4, 'min_samples_split': 5, 'random_state': 42, 'splitter': 'random'}",-0.2548548526316629,-0.3879801919588459,-0.3357985096398843,-0.3680138804395934,-0.3783103862228638,-0.36856826470176957,-0.3685151300638537,-0.3571029149405642,-0.3023680786385142,-0.42005842400465515,-0.3541570633242207,0.044232303898573716,48,-0.18337687898927302,-0.17414169414670294,-0.18258049958501513,-0.18200410959416685,-0.18351263768217072,-0.17958818043788813,-0.1760854598102199,-0.16500093219108514,-0.19071385672978025,-0.187256081908911,-0.1804260331075213,0.006890753079544187
0.4220177888870239,0.07716746672727008,0.003086280822753906,0.000536201845118517,absolute_error,,4,10,42,best,"{'criterion': 'absolute_error', 'max_depth': None, 'min_samples_leaf': 4, 'min_samples_split': 10, 'random_state': 42, 'splitter': 'best'}",-0.2970249217336642,-0.29095894878503115,-0.4396104337721283,-0.3576789728615792,-0.3850081307640171,-0.4019247964852399,-0.4279034291840665,-0.46728249229921703,-0.39636471927539607,-0.457909802100483,-0.3921666647260822,0.05843031622432067,121,-0.13111133285356769,-0.144867342407263,-0.13226916619209597,-0.13576768038512363,-0.13381214345195527,-0.13970156974605485,-0.12835585681710515,-0.13578569747271368,-0.12825099679722987,-0.13535564575831358,-0.13452774318814226,0.004819294018838689
0.12137267589569092,0.02745608002533424,0.002688288688659668,0.00045630466201290217,absolute_error,,4,10,42,random,"{'criterion': 'absolute_error', 'max_depth': None, 'min_samples_leaf': 4, 'min_samples_split': 10, 'random_state': 42, 'splitter': 'random'}",-0.3154572305851147,-0.33248394466804115,-0.34000970896028043,-0.34234298663302787,-0.3506938371312059,-0.36824321492806705,-0.3999610372303509,-0.3993875521963732,-0.3586366786539383,-0.3178230565119491,-0.35250392474983483,0.028238686681283556,43,-0.20787390229560215,-0.18329625721772622,-0.18484058311318222,-0.19048110838382326,-0.19456647932406337,-0.19271366086072278,-0.18384219054384943,-0.17831689492093633,-0.19736602538277592,-0.18281298525087408,-0.18961100872935557,0.008356412014620151
0.3816435098648071,0.04755123287055234,0.002688169479370117,0.0004563306690813737,absolute_error,10,1,2,42,best,"{'criterion': 'absolute_error', 'max_depth': 10, 'min_samples_leaf': 1, 'min_samples_split': 2, 'random_state': 42, 'splitter': 'best'}",-0.2804182283084875,-0.33562573114778843,-0.37741538308011163,-0.38518790384089774,-0.28922023776916583,-0.33074437879161206,-0.4445957160087751,-0.43770211717845703,-0.3542917403271537,-0.42927994483283216,-0.3664481381285281,0.055983318820382995,84,-0.14582624293722482,-0.1816098655898105,-0.17604353673740214,-0.15373389999346443,-0.1884557891237106,-0.13470973188159313,-0.1454048986123364,-0.1448986451150204,-0.17006514929977937,-0.15549818946923263,-0.15962459487595743,0.017248485437460867
0.14596359729766845,0.02449797673209316,0.0029871463775634766,0.000445102112184222,absolute_error,10,1,2,42,random,"{'criterion': 'absolute_error', 'max_depth': 10, 'min_samples_leaf': 1, 'min_samples_split': 2, 'random_state': 42, 'splitter': 'random'}",-0.283306339761598,-0.279852669644816,-0.33249961008392687,-0.3382130845688124,-0.3245438999947511,-0.3406922515136476,-0.36227976814403284,-0.38534024354453994,-0.3432027182497729,-0.41543874581658224,-0.340536933132248,0.0392188681264211,32,-0.24132276833234653,-0.20433039233827566,-0.19962147417852855,-0.21677828307986824,-0.19295025403325639,-0.21123405173819623,-0.21912932910932953,-0.23471117728867405,-0.23103827606000776,-0.18940813203339807,-0.2140524138191881,0.016898332312068175
0.36889655590057374,0.058372548444259854,0.0028879404067993163,0.0002987309530654168,absolute_error,10,1,5,42,best,"{'criterion': 'absolute_error', 'max_depth': 10, 'min_samples_leaf': 1, 'min_samples_split': 5, 'random_state': 42, 'splitter': 'best'}",-0.2868305348349906,-0.3276865541525376,-0.3774590097367602,-0.43066272924915566,-0.3043944972302598,-0.3607743244445588,-0.43473332412356264,-0.4454072945425277,-0.37516441523897276,-0.43467287667340415,-0.37777855602267296,0.05505746308263662,115,-0.15106600476291038,-0.18836250888526956,-0.1806485211880066,-0.15871737667016322,-0.19355105914313767,-0.13818447002783404,-0.1492620214359503,-0.15373897599061642,-0.17915049756632034,-0.16433294056460843,-0.1657014376234817,0.017688420718457425
0.11873335838317871,0.00965507736526378,0.0027873992919921877,0.0003981241307984629,absolute_error,10,1,5,42,random,"{'criterion': 'absolute_error', 'max_depth': 10, 'min_samples_leaf': 1, 'min_samples_split': 5, 'random_state': 42, 'splitter': 'random'}",-0.27460595626498074,-0.3676813046237692,-0.2617307493858991,-0.32399874477424745,-0.2979958254924861,-0.33686800965193764,-0.3887071044572268,-0.3748223706696025,-0.3631238215648841,-0.4061859033958827,-0.33957197902809166,0.04658040770325045,31,-0.23138770246190918,-0.20484360168578933,-0.2092430721050117,-0.22554954513559197,-0.20530618745579893,-0.22148467165225638,-0.23461504195877017,-0.23661812438987112,-0.2187851520958992,-0.21611586242839256,-0.22039489613692909,0.011085043813077884
0.3493436336517334,0.03305093489836372,0.0027779102325439452,0.0003944629331695339,absolute_error,10,1,10,42,best,"{'criterion': 'absolute_error', 'max_depth': 10, 'min_samples_leaf': 1, 'min_samples_split': 10, 'random_state': 42, 'splitter': 'best'}",-0.32526677338344817,-0.30347651138693255,-0.3339949416001982,-0.40640731864964974,-0.3135526674226072,-0.3612556699163219,-0.4558727473954527,-0.4475534682676418,-0.3224383488574169,-0.4326672195195727,-0.37024856663992417,0.05646981515791218,98,-0.15982399969164396,-0.19561542436614146,-0.19462278944181613,-0.1699521872656599,-0.2014165292620304,-0.1529924009235921,-0.16190472282737137,-0.16430714254968376,-0.1856450110920706,-0.1794664137378752,-0.17657466211578848,0.01625515736962796
0.11753606796264648,0.013614989792556511,0.0027877330780029298,0.00039829042402343413,absolute_error,10,1,10,42,random,"{'criterion': 'absolute_error', 'max_depth': 10, 'min_samples_leaf': 1, 'min_samples_split': 10, 'random_state': 42, 'splitter': 'random'}",-0.24285564466169135,-0.26885996766272746,-0.32435128978030714,-0.3155325488586865,-0.307638108823677,-0.3034187377437947,-0.3287520270528725,-0.3809929382806132,-0.2954555295935758,-0.4127941139264671,-0.3180650906384413,0.046910209213058794,20,-0.25171465675922294,-0.2185947868773721,-0.23574905809406344,-0.2464858547816785,-0.22191192000923934,-0.22912012267606335,-0.2268441526509705,-0.24880327625788876,-0.25485155352064215,-0.21655591813147196,-0.2350631299758613,0.013704540386712323
0.35266976356506347,0.04414145521908342,0.0029868364334106447,5.119063986202214e-07,absolute_error,10,2,2,42,best,"{'criterion': 'absolute_error', 'max_depth': 10, 'min_samples_leaf': 2, 'min_samples_split': 2, 'random_state': 42, 'splitter': 'best'}",-0.31479547126171875,-0.315726487347295,-0.3405841430242404,-0.3680703266950923,-0.3210323481827004,-0.3746256053926836,-0.4325503977892868,-0.461099234036599,-0.32147538211008064,-0.437950623004187,-0.3687910018843884,0.05333885005185951,97,-0.15760767283151988,-0.19327915336996043,-0.18740028528984212,-0.1656859508476441,-0.191276495527883,-0.13700220648100767,-0.16041846859434059,-0.16917674462102508,-0.18104715140821412,-0.16099137561390256,-0.17038855045853396,0.01688958847359486
0.11156492233276367,0.012764092858375438,0.0030866146087646486,0.0002982489265274405,absolute_error,10,2,2,42,random,"{'criterion': 'absolute_error', 'max_depth': 10, 'min_samples_leaf': 2, 'min_samples_split': 2, 'random_state': 42, 'splitter': 'random'}",-0.2250917659525082,-0.2945736298064245,-0.29536930148046125,-0.37359823524553415,-0.3350757644339409,-0.4274239111945615,-0.37650160694657764,-0.3861641514987934,-0.3107386288095792,-0.39368754718955357,-0.34182245425579344,0.05764048033510241,33,-0.23893676442708187,-0.21693373448499578,-0.2246448176498975,-0.2205394611552209,-0.2053797903528678,-0.21810893614739588,-0.2230129907797044,-0.24693769703452337,-0.24991196863587256,-0.2301580479498901,-0.22745642086174503,0.013356056129143036
0.3461997747421265,0.03541273358113042,0.003385186195373535,0.00048764332260680277,absolute_error,10,2,5,42,best,"{'criterion': 'absolute_error', 'max_depth': 10, 'min_samples_leaf': 2, 'min_samples_split': 5, 'random_state': 42, 'splitter': 'best'}",-0.2678751263034214,-0.30993562600395713,-0.3612119898057368,-0.32574421255088715,-0.3087793430591765,-0.3572011433058243,-0.42379302417918974,-0.5310901631365877,-0.33401972639415467,-0.4523419090011147,-0.367199226374005,0.07538226523083014,86,-0.1657397042377101,-0.195520047543348,-0.18837025546848432,-0.16968192399541981,-0.19441422577470377,-0.14158961933227274,-0.162315446352225,-0.17048473357340047,-0.18473566187262294,-0.1621425354151592,-0.17349941535653463,0.016204636029037763
0.10887408256530762,0.01433540258120722,0.002489137649536133,0.0004977704190764684,absolute_error,10,2,5,42,random,"{'criterion': 'absolute_error', 'max_depth': 10, 'min_samples_leaf': 2, 'min_samples_split': 5, 'random_state': 42, 'splitter': 'random'}",-0.22938956778478678,-0.3076776506284913,-0.2800261364805278,-0.29862994941493515,-0.24998669645758606,-0.3685417105233228,-0.3403444256715902,-0.37337644695781613,-0.3187358264553182,-0.36872512359287035,-0.31354335339672446,0.04785042693272259,19,-0.2393849017073831,-0.2097403048812237,-0.2304976737921231,-0.23038316593638408,-0.21902158431699106,-0.2113072098674775,-0.21770929788865873,-0.24785603519376784,-0.24198722509442683,-0.2370355718986269,-0.2284922970577063,0.012685553368153267
0.3896575927734375,0.044251414467387326,0.0024890899658203125,0.0004977226851200698,absolute_error,10,2,10,42,best,"{'criterion': 'absolute_error', 'max_depth': 10, 'min_samples_leaf': 2, 'min_samples_split': 10, 'random_state': 42, 'splitter': 'best'}",-0.25741794059288914,-0.2805935838859177,-0.32889271908913914,-0.37403536661257064,-0.3078438928068669,-0.3256719344353915,-0.42083892616912183,-0.5181804586859982,-0.3182258524523205,-0.43985656273606305,-0.3571557237466278,0.07658686001245688,57,-0.1800887518646698,-0.20424441746028127,-0.19942975159582377,-0.18447345819256458,-0.20660299907275517,-0.1670337959630789,-0.18185051222100573,-0.18905664647255863,-0.19403422207504398,-0.18082078826681888,-0.1887635343184601,0.011731384073847892
0.10534331798553467,0.020298830980656084,0.0025886058807373046,0.00048786715041607,absolute_error,10,2,10,42,random,"{'criterion': 'absolute_error', 'max_depth': 10, 'min_samples_leaf': 2, 'min_samples_split': 10, 'random_state': 42, 'splitter': 'random'}",-0.23157333203842814,-0.25596230347127397,-0.2745099516213693,-0.3369338325614399,-0.26698845736990345,-0.32860150253346565,-0.3856325715958381,-0.36876638983180215,-0.29445819438456855,-0.451711089152698,-0.31951376245607876,0.06468696674753072,21,-0.2482287897123919,-0.2352443508411492,-0.23894517981615482,-0.22226351549038093,-0.22112432626471937,-0.22081057340803084,-0.22944617367649256,-0.25321103553251334,-0.22117248291844732,-0.21695578115704375,-0.2307402208817324,0.01201890551413749
0.3364910364151001,0.042621639288228645,0.0030861377716064455,0.0005363170775481509,absolute_error,10,4,2,42,best,"{'criterion': 'absolute_error', 'max_depth': 10, 'min_samples_leaf': 4, 'min_samples_split': 2, 'random_state': 42, 'splitter': 'best'}",-0.26749278281963795,-0.2666584636276731,-0.3742746342097922,-0.3876724457186601,-0.3122354793873209,-0.37218083965048393,-0.3879930498665129,-0.5017021523253686,-0.32708626871627,-0.43277871060529755,-0.3630074826927018,0.06915366590283974,76,-0.17654409013268582,-0.1970048451511598,-0.20152652495190992,-0.1826854511064173,-0.20838677395990923,-0.16907308241078042,-0.18416658342227843,-0.1856743575951678,-0.18646554699722923,-0.1814286605419724,-0.18729559162695103,0.011216345252382747
0.09418821334838867,0.01065044288262584,0.002986311912536621,1.353957258653706e-06,absolute_error,10,4,2,42,random,"{'criterion': 'absolute_error', 'max_depth': 10, 'min_samples_leaf': 4, 'min_samples_split': 2, 'random_state': 42, 'splitter': 'random'}",-0.28218515434710656,-0.3005715728967479,-0.30737295747202703,-0.3237494131638286,-0.3328625242509432,-0.28557842691067264,-0.31288019791035526,-0.4105899353437272,-0.2807068055187602,-0.36261443359096973,-0.31991114214051375,0.03866304430666192,22,-0.233964520122405,-0.22960707703479372,-0.21740089259682321,-0.2355368551017598,-0.21915292244546825,-0.2294569158883284,-0.22859268313989675,-0.2355631685583171,-0.251764107339926,-0.23976508981068034,-0.23208042320383987,0.009390959680752998
0.3412743091583252,0.04134846492098107,0.0030357837677001953,0.00015424023735136855,absolute_error,10,4,5,42,best,"{'criterion': 'absolute_error', 'max_depth': 10, 'min_samples_leaf': 4, 'min_samples_split': 5, 'random_state': 42, 'splitter': 'best'}",-0.26749278281963795,-0.2666584636276731,-0.3742746342097922,-0.3876724457186601,-0.3122354793873209,-0.37218083965048393,-0.3879930498665129,-0.5017021523253686,-0.32708626871627,-0.43277871060529755,-0.3630074826927018,0.06915366590283974,76,-0.17654409013268582,-0.1970048451511598,-0.20152652495190992,-0.1826854511064173,-0.20838677395990923,-0.16907308241078042,-0.18416658342227843,-0.1856743575951678,-0.18646554699722923,-0.1814286605419724,-0.18729559162695103,0.011216345252382747
0.10514619350433349,0.012198226657996313,0.003882884979248047,0.0033748385173552682,absolute_error,10,4,5,42,random,"{'criterion': 'absolute_error', 'max_depth': 10, 'min_samples_leaf': 4, 'min_samples_split': 5, 'random_state': 42, 'splitter': 'random'}",-0.28218515434710656,-0.3005715728967479,-0.30737295747202703,-0.3237494131638286,-0.3328625242509432,-0.28557842691067264,-0.31288019791035526,-0.4105899353437272,-0.2807068055187602,-0.36261443359096973,-0.31991114214051375,0.03866304430666192,22,-0.233964520122405,-0.22960707703479372,-0.21740089259682321,-0.2355368551017598,-0.21915292244546825,-0.2294569158883284,-0.22859268313989675,-0.2355631685583171,-0.251764107339926,-0.23976508981068034,-0.23208042320383987,0.009390959680752998
0.33072619438171386,0.03395971990788506,0.0026885509490966798,0.0004566358690341385,absolute_error,10,4,10,42,best,"{'criterion': 'absolute_error', 'max_depth': 10, 'min_samples_leaf': 4, 'min_samples_split': 10, 'random_state': 42, 'splitter': 'best'}",-0.27655251566033684,-0.27229343480493456,-0.37479258617412814,-0.3578125808113507,-0.31935890094973013,-0.37232348994953984,-0.3960951572997708,-0.5010596371011161,-0.3000628492664392,-0.4258730288541172,-0.35962241808714634,0.06768609225902195,74,-0.17782627419682628,-0.20306483539088524,-0.20460942696490314,-0.18716405442856915,-0.21052554184684438,-0.1692524811298407,-0.18892646776431282,-0.19388753677769505,-0.19044101286407442,-0.18352617914100627,-0.19092238105049572,0.012008277433168317
0.09026284217834472,0.011637496533840726,0.002887248992919922,0.0002987385176698945,absolute_error,10,4,10,42,random,"{'criterion': 'absolute_error', 'max_depth': 10, 'min_samples_leaf': 4, 'min_samples_split': 10, 'random_state': 42, 'splitter': 'random'}",-0.21478542501413855,-0.3458812162648804,-0.2503061737739001,-0.3282360976808423,-0.2952439304580665,-0.3478246214489131,-0.33598697040667774,-0.40993114392131935,-0.29354868604437817,-0.3892745652763748,-0.3211018830289491,0.056463943551334855,24,-0.24785759324625786,-0.22536391416126914,-0.24454699588664913,-0.23780345104045597,-0.2296100997679044,-0.21873075549679993,-0.2403528519680407,-0.22884395438433106,-0.2499409072267543,-0.22409197606072723,-0.23471424992391898,0.010290115400532504
0.4812164306640625,0.047159125816180765,0.0029869794845581053,0.0006297712299737086,absolute_error,20,1,2,42,best,"{'criterion': 'absolute_error', 'max_depth': 20, 'min_samples_leaf': 1, 'min_samples_split': 2, 'random_state': 42, 'splitter': 'best'}",-0.3313673436893708,-0.46082303623811727,-0.4842464544093644,-0.4039541532508953,-0.3410252931014389,-0.46002828951476044,-0.5292793696851871,-0.4553530055699909,-0.3745395076697309,-0.6183429619965659,-0.4458959415125422,0.0834499952999,225,-0.01567627078505072,-0.0635805739127009,-0.07452960284606075,-0.06628779207103243,-0.05087301476300476,-0.04042850797391629,-0.03942675469709871,-0.05651358565797213,-0.0643739276086654,-0.02542489914836067,-0.04971149294638628,0.018126921701333006
0.18689236640930176,0.02762491562220812,0.0030865192413330076,0.0005360248937736273,absolute_error,20,1,2,42,random,"{'criterion': 'absolute_error', 'max_depth': 20, 'min_samples_leaf': 1, 'min_samples_split': 2, 'random_state': 42, 'splitter': 'random'}",-0.3543312235832563,-0.32284354953342437,-0.40513163039453914,-0.33261955926268844,-0.39014719537611386,-0.3560569717159502,-0.3724694124592144,-0.523067799269328,-0.39290785423333624,-0.4656417982355928,-0.39152169940634435,0.058461290416089856,120,-0.15192490566708117,-0.10735966698473973,-0.06154955867407049,-0.16086018477504707,-0.0677390674487327,-0.09905782469934628,-0.16767465113314675,-0.12867451160676086,-0.09799530502719739,-0.16721413506133692,-0.12100498110774593,0.038060697552116815
0.4745407342910767,0.05246076261916641,0.0027886390686035155,0.0003987517656095002,absolute_error,20,1,5,42,best,"{'criterion': 'absolute_error', 'max_depth': 20, 'min_samples_leaf': 1, 'min_samples_split': 5, 'random_state': 42, 'splitter': 'best'}",-0.3335407729800322,-0.47622510468282814,-0.5218478707204977,-0.48760622515607766,-0.31857433660594386,-0.4447557351860384,-0.5468322370359904,-0.4344730750705274,-0.42691178178989314,-0.6194521074597401,-0.4610219246687569,0.08704991758701805,250,-0.036500298129613674,-0.0851298533324171,-0.08492800249772159,-0.08506757765663131,-0.06483827568674744,-0.05315084843100445,-0.04882123886548034,-0.07697002591436448,-0.08701492468611806,-0.04186554607966011,-0.06642865912797585,0.01887376098297547
0.17613630294799804,0.021679704245079034,0.0029868841171264648,0.0004452620060649218,absolute_error,20,1,5,42,random,"{'criterion': 'absolute_error', 'max_depth': 20, 'min_samples_leaf': 1, 'min_samples_split': 5, 'random_state': 42, 'splitter': 'random'}",-0.3556266895846197,-0.40106163916353377,-0.47686434622270046,-0.34235997322420625,-0.38133069716332973,-0.35897049152514104,-0.4320465643196012,-0.48094443617848515,-0.371599027896309,-0.4627417949883695,-0.40635456602662956,0.05015068154059218,140,-0.1488184374419031,-0.12174402542490834,-0.0927483016274701,-0.1411770039064887,-0.14146576813212253,-0.13651357682598905,-0.1317940278551054,-0.16384771885866967,-0.17035033334033972,-0.15198410887173772,-0.14004433022847346,0.020881214111937513
0.46020662784576416,0.05326629649708845,0.002887320518493652,0.00053629483275967,absolute_error,20,1,10,42,best,"{'criterion': 'absolute_error', 'max_depth': 20, 'min_samples_leaf': 1, 'min_samples_split': 10, 'random_state': 42, 'splitter': 'best'}",-0.33607866565176353,-0.40268372658091034,-0.4944777096719642,-0.4144589143753786,-0.36104282367508117,-0.47696229760147674,-0.5239076523425982,-0.49781253360095745,-0.3212450817825703,-0.6222868030903677,-0.4450956208373068,0.08992613739361033,224,-0.07224573712858601,-0.11631532651196301,-0.1178998114563747,-0.1300296492551484,-0.10840154728059474,-0.08813647466282257,-0.09258828643638849,-0.10806737353496665,-0.11235584825606654,-0.0835928831295437,-0.10296329376524546,0.017099902589957815
0.18211095333099364,0.03771694126461462,0.003185868263244629,0.0016537504133570674,absolute_error,20,1,10,42,random,"{'criterion': 'absolute_error', 'max_depth': 20, 'min_samples_leaf': 1, 'min_samples_split': 10, 'random_state': 42, 'splitter': 'random'}",-0.2880214547843199,-0.36221094752414446,-0.36750383964235894,-0.33395259119721654,-0.3397706982709198,-0.46445065055542545,-0.36870178936975223,-0.41799005147673396,-0.34946964445205403,-0.4362629559880009,-0.3728334623260926,0.04995823648277316,105,-0.20906742848487844,-0.1411892234216244,-0.16615138038206698,-0.1844511635382909,-0.15593399937523136,-0.16242171689409368,-0.17932330536385663,-0.2226838804961329,-0.21848784333171303,-0.1459615279038827,-0.1785671469191771,0.028094002704884942
0.45368356704711915,0.049696346525980144,0.0031823635101318358,0.0004002468369351345,absolute_error,20,2,2,42,best,"{'criterion': 'absolute_error', 'max_depth': 20, 'min_samples_leaf': 2, 'min_samples_split': 2, 'random_state': 42, 'splitter': 'best'}",-0.3827513126834854,-0.46995833641636425,-0.5759449640183827,-0.4026958609484859,-0.2817672153103854,-0.4484337492775216,-0.4811006681501921,-0.5154488413340211,-0.3601677383392794,-0.5064305036054862,-0.44246991900836036,0.08201419256643597,219,-0.0609402672276642,-0.09222793502538529,-0.10452311958704531,-0.08887364347634741,-0.08108054598715082,-0.05791091292670239,-0.062197831226194336,-0.0804782828347645,-0.10314152127222868,-0.08605163253063128,-0.08174256920941142,0.015940353994280763
0.15851645469665526,0.02438867449679418,0.003086376190185547,0.00029856374932578996,absolute_error,20,2,2,42,random,"{'criterion': 'absolute_error', 'max_depth': 20, 'min_samples_leaf': 2, 'min_samples_split': 2, 'random_state': 42, 'splitter': 'random'}",-0.311047832765091,-0.39820133131394664,-0.3562016869655384,-0.36659076529134516,-0.3634806063285804,-0.37596355102771334,-0.3822355682553655,-0.4409605595302337,-0.43307840510695494,-0.4542719749667912,-0.38820322815515607,0.04183651731502031,117,-0.14259846193831466,-0.10131894272178235,-0.13625863534319146,-0.1897943821250795,-0.14216543403522458,-0.1611769181141209,-0.13889827152522063,-0.18467793302815344,-0.16652155641209906,-0.16078358641037566,-0.15241941216535623,0.024576145754085194
0.4460655927658081,0.05697404103423118,0.0026941537857055665,0.00046057238600170355,absolute_error,20,2,5,42,best,"{'criterion': 'absolute_error', 'max_depth': 20, 'min_samples_leaf': 2, 'min_samples_split': 5, 'random_state': 42, 'splitter': 'best'}",-0.35705935556576945,-0.4130177612971856,-0.5523187682947541,-0.4461982396089446,-0.34289462704840556,-0.44188123207370733,-0.4246240649326845,-0.6195757986975069,-0.4567905838176325,-0.5119654475493477,-0.45663258788859384,0.08054347551757607,240,-0.06581786366292144,-0.09996276538109154,-0.11064881876828475,-0.10519192351338824,-0.09905329829195525,-0.06779550362162808,-0.09136574028633464,-0.08985248940925072,-0.10868423300669029,-0.08929757347037288,-0.0927670209411918,0.014802430411584683
0.18215761184692383,0.05030950419591634,0.002787876129150391,0.0003980637025079124,absolute_error,20,2,5,42,random,"{'criterion': 'absolute_error', 'max_depth': 20, 'min_samples_leaf': 2, 'min_samples_split': 5, 'random_state': 42, 'splitter': 'random'}",-0.34650378646882435,-0.35841281399053443,-0.35683652634997615,-0.4681948515147969,-0.3771565455359455,-0.4044350475091708,-0.44323521631851437,-0.45286572517354895,-0.3857148627557777,-0.43941182003439205,-0.40327671956514805,0.04237984404517993,139,-0.17110548032000322,-0.1378043374574765,-0.1345068347526911,-0.17870281208288066,-0.14770976587390097,-0.14834104028016148,-0.20309599576412635,-0.2019030164247241,-0.19045533360650224,-0.19039816608070148,-0.1704022782643168,0.02507047373158238
0.48200221061706544,0.06350958226012181,0.003086543083190918,0.0005361975161323332,absolute_error,20,2,10,42,best,"{'criterion': 'absolute_error', 'max_depth': 20, 'min_samples_leaf': 2, 'min_samples_split': 10, 'random_state': 42, 'splitter': 'best'}",-0.36338717184030167,-0.3699860539388101,-0.5216956504607136,-0.374068329928201,-0.29679089776057993,-0.47025926919833977,-0.403529018536616,-0.5342710413204237,-0.35799777791987825,-0.46040541773582644,-0.415239062863969,0.07378616400249206,151,-0.10824229836049216,-0.1318017687441665,-0.13481029618130363,-0.1395409225218376,-0.12759385115642044,-0.11007883276039099,-0.11743370916265967,-0.12991001971483354,-0.13227971629452775,-0.12976400700343316,-0.12614554219000657,0.010040212500016675
0.1493053913116455,0.032976378716229646,0.002887463569641113,0.0002985717769933817,absolute_error,20,2,10,42,random,"{'criterion': 'absolute_error', 'max_depth': 20, 'min_samples_leaf': 2, 'min_samples_split': 10, 'random_state': 42, 'splitter': 'random'}",-0.24092793483586694,-0.34895933473832025,-0.4003007443991999,-0.4559780462165644,-0.3092124165716118,-0.35517390285125316,-0.41491337697082126,-0.43101940516665777,-0.32777133469235376,-0.43656719348404655,-0.3720823689926696,0.0642178157928827,99,-0.21438556544291085,-0.18244261911749804,-0.1867451968591513,-0.18115781695519403,-0.18143784558442272,-0.18971776208393876,-0.1981256731571071,-0.1990893684507377,-0.20001141724976684,-0.1724397999340229,-0.19055530648347502,0.011696523118535068
0.41032047271728517,0.05900870464843266,0.0030864715576171876,0.0005361664510400295,absolute_error,20,4,2,42,best,"{'criterion': 'absolute_error', 'max_depth': 20, 'min_samples_leaf': 4, 'min_samples_split': 2, 'random_state': 42, 'splitter': 'best'}",-0.31039029562386256,-0.28441774384354107,-0.4639504861551171,-0.36577904427365127,-0.3469708668055782,-0.4002430525500747,-0.4110699334286487,-0.502883599561984,-0.37836578122519193,-0.4302917174348795,-0.3894362520902529,0.0635919192522759,118,-0.13060141085373514,-0.1407729616902194,-0.14921649888773647,-0.1427971801623655,-0.14258749280977615,-0.13319040641597915,-0.12748988824149002,-0.12763449950867284,-0.145627413481389,-0.1217615821671863,-0.13616793342185501,0.008727161759107437
0.1207721471786499,0.019012676478384453,0.002987194061279297,0.0004452620871308273,absolute_error,20,4,2,42,random,"{'criterion': 'absolute_error', 'max_depth': 20, 'min_samples_leaf': 4, 'min_samples_split': 2, 'random_state': 42, 'splitter': 'random'}",-0.2599370465621481,-0.3213106069996065,-0.28217261600581106,-0.3339567722678107,-0.3209580956501716,-0.35808508509977766,-0.37064492714329417,-0.34285489358449145,-0.36219924088275646,-0.36360872434839075,-0.33157280085442586,0.03480922948445908,25,-0.1912270691211728,-0.20388707534686007,-0.19774022742223168,-0.21896580111412584,-0.1934875508210936,-0.1911463475730004,-0.19126154459557526,-0.19619334012876918,-0.20223716216841012,-0.23192842355861112,-0.20180745418498497,0.012885233765805774
0.4303784132003784,0.06764652601950719,0.002938508987426758,0.0005667632082807128,absolute_error,20,4,5,42,best,"{'criterion': 'absolute_error', 'max_depth': 20, 'min_samples_leaf': 4, 'min_samples_split': 5, 'random_state': 42, 'splitter': 'best'}",-0.31039029562386256,-0.28441774384354107,-0.4639504861551171,-0.36577904427365127,-0.3469708668055782,-0.4002430525500747,-0.4110699334286487,-0.502883599561984,-0.37836578122519193,-0.4302917174348795,-0.3894362520902529,0.0635919192522759,118,-0.13060141085373514,-0.1407729616902194,-0.14921649888773647,-0.1427971801623655,-0.14258749280977615,-0.13319040641597915,-0.12748988824149002,-0.12763449950867284,-0.145627413481389,-0.1217615821671863,-0.13616793342185501,0.008727161759107437
0.1482553005218506,0.03400401477916537,0.00328366756439209,0.0019435577144799071,absolute_error,20,4,5,42,random,"{'criterion': 'absolute_error', 'max_depth': 20, 'min_samples_leaf': 4, 'min_samples_split': 5, 'random_state': 42, 'splitter': 'random'}",-0.2599370465621481,-0.3213106069996065,-0.28217261600581106,-0.3339567722678107,-0.3209580956501716,-0.35808508509977766,-0.37064492714329417,-0.34285489358449145,-0.36219924088275646,-0.36360872434839075,-0.33157280085442586,0.03480922948445908,25,-0.1912270691211728,-0.20388707534686007,-0.19774022742223168,-0.21896580111412584,-0.1934875508210936,-0.1911463475730004,-0.19126154459557526,-0.19619334012876918,-0.20223716216841012,-0.23192842355861112,-0.20180745418498497,0.012885233765805774
0.46718826293945315,0.06713166871431718,0.0028873682022094727,0.0002987783069426969,absolute_error,20,4,10,42,best,"{'criterion': 'absolute_error', 'max_depth': 20, 'min_samples_leaf': 4, 'min_samples_split': 10, 'random_state': 42, 'splitter': 'best'}",-0.2970249217336642,-0.31068695306913774,-0.445013209303843,-0.34189250393165854,-0.37291254002561586,-0.4019247964852399,-0.4121205000051516,-0.4786377415843514,-0.3410312608860269,-0.42756880397504415,-0.38288132309997336,0.05688449139762349,116,-0.13111133285356769,-0.15373838115351712,-0.15892237148025576,-0.15161301740281774,-0.15716904134035947,-0.13970156974605485,-0.1362092517100011,-0.14365263504402512,-0.14908514285079075,-0.13523836379888898,-0.14564411073802785,0.009326840473710955
0.1316805362701416,0.02885664582990506,0.0028873682022094727,0.000298619555855803,absolute_error,20,4,10,42,random,"{'criterion': 'absolute_error', 'max_depth': 20, 'min_samples_leaf': 4, 'min_samples_split': 10, 'random_state': 42, 'splitter': 'random'}",-0.27347024304212203,-0.2883059172865376,-0.3208390989019661,-0.34633306032327343,-0.38274806243095544,-0.41742242277635067,-0.3860324406893371,-0.4055905716547274,-0.3041614251612742,-0.40651287745551873,-0.3531416119722063,0.05072456827808693,47,-0.219505760458957,-0.20256888689285044,-0.19377423919404418,-0.20938321493644096,-0.21103795703601103,-0.19169491387548343,-0.2104240547622798,-0.1991228868148928,-0.22141663723667826,-0.18572914981173466,-0.20446577010193728,0.011300523779841682
0.558307147026062,0.10122515017828215,0.0032369375228881838,0.0005082713610376513,absolute_error,50,1,2,42,best,"{'criterion': 'absolute_error', 'max_depth': 50, 'min_samples_leaf': 1, 'min_samples_split': 2, 'random_state': 42, 'splitter': 'best'}",-0.4335077671685582,-0.5637332111556564,-0.6092643260103011,-0.4802579110898941,-0.4176860790349643,-0.43934758587415124,-0.548669520137626,-0.4646125257108649,-0.4648417481227192,-0.669221541891231,-0.5091142216195966,0.07995512319599372,299,-0.005161466923875931,-0.00358248584937297,-0.003251433454958766,-0.0055767608324400544,-0.005583454028844183,-0.005149927801075996,-0.004750582956616219,-0.0042972093360269005,-0.00467665833737397,-0.005722934608433084,-0.004775291412901807,0.0008041654848922365
0.26313104629516604,0.06725213973310498,0.0028873682022094727,0.0002986989419457838,absolute_error,50,1,2,42,random,"{'criterion': 'absolute_error', 'max_depth': 50, 'min_samples_leaf': 1, 'min_samples_split': 2, 'random_state': 42, 'splitter': 'random'}",-0.5331665592070493,-0.5173646264622691,-0.4656100764292384,-0.4750247137171151,-0.5458110257692107,-0.47048520922036513,-0.5396739962785767,-0.4987021355008425,-0.4232033791620591,-0.5588742480477166,-0.5027915969794443,0.041278849279069565,290,-0.030177222826884214,-0.004497038219139551,-0.0032434871055061518,-0.022264324707666438,-0.005583454028844183,-0.006389337750027046,-0.016057767539666458,-0.031491557177441086,-0.018223354391549994,-0.04513280040770869,-0.01830603441544338,0.013329022915810736
0.5250324487686158,0.07556106705729572,0.0030855894088745116,0.0005362482299174979,absolute_error,50,1,5,42,best,"{'criterion': 'absolute_error', 'max_depth': 50, 'min_samples_leaf': 1, 'min_samples_split': 5, 'random_state': 42, 'splitter': 'best'}",-0.35887368429500816,-0.5538318585637502,-0.5479565962203138,-0.49376853797441006,-0.4021702255173926,-0.5448912131380091,-0.5861385166310439,-0.4980156307176425,-0.4506507987550631,-0.6327705593364927,-0.5069067621149126,0.07984307812389943,291,-0.02597271640727028,-0.037449235242816334,-0.023444094834496776,-0.03571638284509113,-0.027811524905464464,-0.0286784825929914,-0.019102579380428048,-0.029900988973838482,-0.03455532794156651,-0.031094461470612417,-0.029372579459457582,0.005391463143417933
0.24647622108459472,0.07839029337287273,0.002887392044067383,0.0002987067813907322,absolute_error,50,1,5,42,random,"{'criterion': 'absolute_error', 'max_depth': 50, 'min_samples_leaf': 1, 'min_samples_split': 5, 'random_state': 42, 'splitter': 'random'}",-0.4789916591396523,-0.5775427890229259,-0.5073502633221243,-0.49425021272124997,-0.4276512943701677,-0.6230077180429991,-0.5502482602558467,-0.5275787376108801,-0.4956867127286755,-0.6063251792522731,-0.5288632826466795,0.05760623803887308,324,-0.04654092639353505,-0.05128197851547009,-0.05509792927888387,-0.06209084167498596,-0.048288985492004326,-0.04826912100038934,-0.07348951806007648,-0.061701624392308536,-0.057029437558256076,-0.05345901393397975,-0.055724937629988945,0.00783596605691088
0.5413066148757935,0.0698091434958762,0.002887248992919922,0.0002986591611323449,absolute_error,50,1,10,42,best,"{'criterion': 'absolute_error', 'max_depth': 50, 'min_samples_leaf': 1, 'min_samples_split': 10, 'random_state': 42, 'splitter': 'best'}",-0.36477313098314906,-0.4938982878029279,-0.4844796844656764,-0.37149101824647085,-0.326198771340982,-0.44446253495481597,-0.5282611212275681,-0.5011312148609999,-0.40917510151073533,-0.6392665024731836,-0.4563137367866508,0.08816441928001281,236,-0.06274521399292043,-0.07225814207500418,-0.0764040237984889,-0.10224804266654089,-0.08021040829959541,-0.07447125529047255,-0.06444128516902359,-0.07283229314850051,-0.07659568025443445,-0.07348346595773855,-0.07556898106527195,0.010233995753791119
0.211761474609375,0.060422364999347264,0.002984309196472168,0.00044491134408399414,absolute_error,50,1,10,42,random,"{'criterion': 'absolute_error', 'max_depth': 50, 'min_samples_leaf': 1, 'min_samples_split': 10, 'random_state': 42, 'splitter': 'random'}",-0.34489559271201314,-0.5004316098633775,-0.42375337669075425,-0.503325625322763,-0.41726042454790685,-0.38691387310818937,-0.40106831084246797,-0.6111498863296951,-0.426256445963664,-0.4645759979207329,-0.4479631143301564,0.0716050651645465,226,-0.12479513450727801,-0.11099583821826325,-0.12014334205980273,-0.11696568437524517,-0.11106332742121634,-0.13071493394016728,-0.1053038936028628,-0.1157063226800308,-0.1523178263540616,-0.11210339312295423,-0.12001096962818822,0.012842032915283717
0.47489378452301023,0.06517431867022788,0.002787923812866211,0.000597310225625638,absolute_error,50,2,2,42,best,"{'criterion': 'absolute_error', 'max_depth': 50, 'min_samples_leaf': 2, 'min_samples_split': 2, 'random_state': 42, 'splitter': 'best'}",-0.38796463542564497,-0.4580789573324566,-0.5622548421057723,-0.3674935753025176,-0.3991538371358477,-0.44795370958341657,-0.495038788290629,-0.5060429293053528,-0.3940807838942053,-0.5409267558553202,-0.45589888142311635,0.06490578040522699,232,-0.058733882531275844,-0.05996535878314258,-0.05488477277347686,-0.059238651020658215,-0.054378204770986906,-0.05481403980277452,-0.05771404510087876,-0.05468724270239725,-0.06886667064108984,-0.05446356036340847,-0.05777464284900893,0.004243195347689596
0.18046295642852783,0.04031768350238468,0.0029383182525634767,0.00035039389566419505,absolute_error,50,2,2,42,random,"{'criterion': 'absolute_error', 'max_depth': 50, 'min_samples_leaf': 2, 'min_samples_split': 2, 'random_state': 42, 'splitter': 'random'}",-0.44184620743272374,-0.4185710538337895,-0.4896425233276686,-0.3745006747676658,-0.4390324659417899,-0.5118915248088182,-0.43117554178973144,-0.5331498278118246,-0.5217843352086845,-0.5024356571031676,-0.4664029812025864,0.04975635988400454,257,-0.08243439943672014,-0.0875152297987705,-0.09606068482908635,-0.09554538511754214,-0.08681770941751867,-0.09701514199852028,-0.09019809142086721,-0.09559405577761744,-0.08094714622565832,-0.09406458625950033,-0.09061924302818013,0.005623236488369459
0.4749410152435303,0.06988967524967626,0.0028873443603515624,0.0002986911384536708,absolute_error,50,2,5,42,best,"{'criterion': 'absolute_error', 'max_depth': 50, 'min_samples_leaf': 2, 'min_samples_split': 5, 'random_state': 42, 'splitter': 'best'}",-0.36328557728674565,-0.4284598274848564,-0.5162755786926077,-0.449236540562465,-0.3516403992279571,-0.45157405202318307,-0.42267006283969644,-0.6061866594277698,-0.4722025511337654,-0.536614662051993,-0.45981459107310396,0.07363863325180164,242,-0.0638435330714202,-0.0679750426226688,-0.06401014148166768,-0.07600971315063207,-0.059855727484043754,-0.061363205616370244,-0.06058925308290971,-0.06533029020696576,-0.07855629377978779,-0.0581752019836452,-0.06557084024801113,0.006470918591082976
0.18557157516479492,0.04511954078985437,0.0030863285064697266,0.00029873853669771107,absolute_error,50,2,5,42,random,"{'criterion': 'absolute_error', 'max_depth': 50, 'min_samples_leaf': 2, 'min_samples_split': 5, 'random_state': 42, 'splitter': 'random'}",-0.3951313121310403,-0.39710344983468554,-0.44750701215788913,-0.4432509778082538,-0.3473552118894513,-0.47792038264862186,-0.46869027466696456,-0.4819226467877415,-0.4350694369286454,-0.5345099430073418,-0.4428460647860635,0.05039576226789787,220,-0.11212295915032446,-0.10954569583610704,-0.10323060141309294,-0.1078905988437383,-0.11274547451433657,-0.10781965072207671,-0.11615862255657666,-0.10626724354738812,-0.10873832356181186,-0.10569257834815927,-0.1090211748493612,0.0036014726997636902
0.4874478101730347,0.08860443672459448,0.003683781623840332,0.0028177852180966867,absolute_error,50,2,10,42,best,"{'criterion': 'absolute_error', 'max_depth': 50, 'min_samples_leaf': 2, 'min_samples_split': 10, 'random_state': 42, 'splitter': 'best'}",-0.37390280109948953,-0.3638616762008354,-0.5341674334973454,-0.37141433855719586,-0.30773013901910873,-0.46925041228596776,-0.4449032608946321,-0.5442122911674803,-0.3707973791601623,-0.4651004824162124,-0.42453402142984303,0.07483288107399531,194,-0.10765094486644466,-0.10947055964206023,-0.10255737138449081,-0.12294196515479923,-0.1100908711700757,-0.10543746329436075,-0.11264056144395015,-0.11243649697550889,-0.10793284323717182,-0.10615416849733927,-0.10973132456662016,0.005298691565323213
0.17608230113983153,0.0453625457677923,0.004281544685363769,0.0045847955973106,absolute_error,50,2,10,42,random,"{'criterion': 'absolute_error', 'max_depth': 50, 'min_samples_leaf': 2, 'min_samples_split': 10, 'random_state': 42, 'splitter': 'random'}",-0.44040067084707457,-0.3881077629724357,-0.4034788510877896,-0.3772863198222627,-0.3262524996032956,-0.3363120597734087,-0.458320371611012,-0.392983355718434,-0.4374983433183482,-0.38822738833783316,-0.39488676230918945,0.04065743216873265,133,-0.16509827460933563,-0.16848140107614634,-0.15691264600481836,-0.15533976388868076,-0.16259381335256204,-0.16506393986372447,-0.16329807080177627,-0.15787231937079738,-0.16293136692518265,-0.16620026471245344,-0.16237918606054774,0.004091243154393595
0.4644336223602295,0.060692789253711445,0.0028813362121582033,0.0002984599499367228,absolute_error,50,4,2,42,best,"{'criterion': 'absolute_error', 'max_depth': 50, 'min_samples_leaf': 4, 'min_samples_split': 2, 'random_state': 42, 'splitter': 'best'}",-0.31039029562386256,-0.2662838095380137,-0.4607004807126927,-0.3679584736070789,-0.3366046722866924,-0.4002430525500747,-0.43361156571714593,-0.4988505026319148,-0.42217915814918083,-0.45135345570304786,-0.39481754665197044,0.06957142128428268,125,-0.13060141085373514,-0.12923861588613741,-0.12769123675527602,-0.1314682940937658,-0.11779586857002916,-0.13319040641597915,-0.11989141341659161,-0.122904793813839,-0.12327950490951015,-0.11701043058251577,-0.1253071975297379,0.005601273822188076
0.1252368211746216,0.02349910939016642,0.003384995460510254,0.0004877989947902828,absolute_error,50,4,2,42,random,"{'criterion': 'absolute_error', 'max_depth': 50, 'min_samples_leaf': 4, 'min_samples_split': 2, 'random_state': 42, 'splitter': 'random'}",-0.2548548526316629,-0.3879801919588459,-0.3357985096398843,-0.3680138804395934,-0.3783103862228638,-0.36856826470176957,-0.3685151300638537,-0.3571029149405642,-0.3023680786385142,-0.42005842400465515,-0.3541570633242207,0.044232303898573716,48,-0.18337687898927302,-0.17414169414670294,-0.18258049958501513,-0.18200410959416685,-0.18351263768217072,-0.17958818043788813,-0.1760854598102199,-0.16500093219108514,-0.19071385672978025,-0.187256081908911,-0.1804260331075213,0.006890753079544187
0.4072027444839478,0.06823387833806972,0.0025885343551635743,0.00048785791367060544,absolute_error,50,4,5,42,best,"{'criterion': 'absolute_error', 'max_depth': 50, 'min_samples_leaf': 4, 'min_samples_split': 5, 'random_state': 42, 'splitter': 'best'}",-0.31039029562386256,-0.2662838095380137,-0.4607004807126927,-0.3679584736070789,-0.3366046722866924,-0.4002430525500747,-0.43361156571714593,-0.4988505026319148,-0.42217915814918083,-0.45135345570304786,-0.39481754665197044,0.06957142128428268,125,-0.13060141085373514,-0.12923861588613741,-0.12769123675527602,-0.1314682940937658,-0.11779586857002916,-0.13319040641597915,-0.11989141341659161,-0.122904793813839,-0.12327950490951015,-0.11701043058251577,-0.1253071975297379,0.005601273822188076
0.13391928672790526,0.02956602295286953,0.0029875993728637694,0.000444356351135785,absolute_error,50,4,5,42,random,"{'criterion': 'absolute_error', 'max_depth': 50, 'min_samples_leaf': 4, 'min_samples_split': 5, 'random_state': 42, 'splitter': 'random'}",-0.2548548526316629,-0.3879801919588459,-0.3357985096398843,-0.3680138804395934,-0.3783103862228638,-0.36856826470176957,-0.3685151300638537,-0.3571029149405642,-0.3023680786385142,-0.42005842400465515,-0.3541570633242207,0.044232303898573716,48,-0.18337687898927302,-0.17414169414670294,-0.18258049958501513,-0.18200410959416685,-0.18351263768217072,-0.17958818043788813,-0.1760854598102199,-0.16500093219108514,-0.19071385672978025,-0.187256081908911,-0.1804260331075213,0.006890753079544187
0.4384088277816772,0.07264041326948743,0.002987098693847656,0.0004451555525192351,absolute_error,50,4,10,42,best,"{'criterion': 'absolute_error', 'max_depth': 50, 'min_samples_leaf': 4, 'min_samples_split': 10, 'random_state': 42, 'splitter': 'best'}",-0.2970249217336642,-0.29095894878503115,-0.4396104337721283,-0.3576789728615792,-0.3850081307640171,-0.4019247964852399,-0.4279034291840665,-0.46728249229921703,-0.39636471927539607,-0.457909802100483,-0.3921666647260822,0.05843031622432067,121,-0.13111133285356769,-0.144867342407263,-0.13226916619209597,-0.13576768038512363,-0.13381214345195527,-0.13970156974605485,-0.12835585681710515,-0.13578569747271368,-0.12825099679722987,-0.13535564575831358,-0.13452774318814226,0.004819294018838689
0.12067537307739258,0.02694116996501937,0.0027878284454345703,0.0003981592269714219,absolute_error,50,4,10,42,random,"{'criterion': 'absolute_error', 'max_depth': 50, 'min_samples_leaf': 4, 'min_samples_split': 10, 'random_state': 42, 'splitter': 'random'}",-0.3154572305851147,-0.33248394466804115,-0.34000970896028043,-0.34234298663302787,-0.3506938371312059,-0.36824321492806705,-0.3999610372303509,-0.3993875521963732,-0.3586366786539383,-0.3178230565119491,-0.35250392474983483,0.028238686681283556,43,-0.20787390229560215,-0.18329625721772622,-0.18484058311318222,-0.19048110838382326,-0.19456647932406337,-0.19271366086072278,-0.18384219054384943,-0.17831689492093633,-0.19736602538277592,-0.18281298525087408,-0.18961100872935557,0.008356412014620151
0.5536722183227539,0.07610465824445867,0.0034848928451538088,0.0018492797346809893,absolute_error,100,1,2,42,best,"{'criterion': 'absolute_error', 'max_depth': 100, 'min_samples_leaf': 1, 'min_samples_split': 2, 'random_state': 42, 'splitter': 'best'}",-0.4335077671685582,-0.5637332111556564,-0.6469826305994671,-0.5051506081009657,-0.4176860790349643,-0.43934758587415124,-0.548669520137626,-0.4825196340288241,-0.4648417481227192,-0.669221541891231,-0.5171660326114164,0.08376601349035646,315,-0.005161466923875931,-0.00358248584937297,-0.0032434871055061518,-0.004956220983977051,-0.005583454028844183,-0.005149927801075996,-0.004750582956616219,-0.00412020183485649,-0.00467665833737397,-0.005722934608433084,-0.004694742042993204,0.0007757050201868969
0.27189998626708983,0.07050009796375963,0.0027876377105712892,0.0005976121537159252,absolute_error,100,1,2,42,random,"{'criterion': 'absolute_error', 'max_depth': 100, 'min_samples_leaf': 1, 'min_samples_split': 2, 'random_state': 42, 'splitter': 'random'}",-0.43954484518277065,-0.5076519458948261,-0.4656100764292384,-0.466481426005797,-0.5458110257692107,-0.44804003214916305,-0.5612312336474637,-0.5427297984079537,-0.33367807402904526,-0.6107221613501751,-0.4921500618865643,0.07463195859798698,285,-0.005161466923875931,-0.00358248584937297,-0.0032434871055061518,-0.004956220983977051,-0.005583454028844183,-0.005149927801075996,-0.004750582956616219,-0.00412020183485649,-0.00467665833737397,-0.005722934608433084,-0.004694742042993204,0.0007757050201868969
0.521276330947876,0.0721195630995685,0.0029859304428100585,2.0102235315543498e-06,absolute_error,100,1,5,42,best,"{'criterion': 'absolute_error', 'max_depth': 100, 'min_samples_leaf': 1, 'min_samples_split': 5, 'random_state': 42, 'splitter': 'best'}",-0.35887368429500816,-0.5538318585637502,-0.5930959079719703,-0.4893689923740833,-0.4021702255173926,-0.5448912131380091,-0.5861385166310439,-0.4706125811266059,-0.4506507987550631,-0.6327705593364927,-0.5082404337709419,0.08417127788956458,292,-0.02597271640727028,-0.037449235242816334,-0.02427737086530012,-0.034487377372605446,-0.027811524905464464,-0.0286784825929914,-0.019102579380428048,-0.031858377057726456,-0.03455532794156651,-0.031094461470612417,-0.029528745323678145,0.005225575380260807
0.219095778465271,0.04839434844649451,0.0029869318008422852,0.00044526196776606365,absolute_error,100,1,5,42,random,"{'criterion': 'absolute_error', 'max_depth': 100, 'min_samples_leaf': 1, 'min_samples_split': 5, 'random_state': 42, 'splitter': 'random'}",-0.4789916591396523,-0.5775427890229259,-0.5073502633221243,-0.49425021272124997,-0.4276512943701677,-0.4226544355180914,-0.5280983851393276,-0.5366693797657075,-0.5123735823246952,-0.6308191483167189,-0.511640114964066,0.05983643329367304,300,-0.04654092639353505,-0.05128197851547009,-0.05509792927888387,-0.06209084167498596,-0.048288985492004326,-0.04622230875862844,-0.06246835679251128,-0.05478447951425678,-0.04589327274808179,-0.049234392448191014,-0.05219034716165486,0.005922928653292218
0.5294078350067138,0.069210618106796,0.00318605899810791,0.0005973739817843772,absolute_error,100,1,10,42,best,"{'criterion': 'absolute_error', 'max_depth': 100, 'min_samples_leaf': 1, 'min_samples_split': 10, 'random_state': 42, 'splitter': 'best'}",-0.36477313098314906,-0.4938982878029279,-0.4844796844656764,-0.37641492355289136,-0.326198771340982,-0.44446253495481597,-0.5282611212275681,-0.49921985603686914,-0.40917510151073533,-0.6392665024731836,-0.4566149914348799,0.08760707518800862,237,-0.06274521399292043,-0.07225814207500418,-0.0764040237984889,-0.10218132175146855,-0.08021040829959541,-0.07447125529047255,-0.06444128516902359,-0.0715678875557162,-0.07659568025443445,-0.07348346595773855,-0.07543586841448628,0.010257354134963132
0.22039566040039063,0.06127624748754,0.003086376190185547,0.00029872268230077655,absolute_error,100,1,10,42,random,"{'criterion': 'absolute_error', 'max_depth': 100, 'min_samples_leaf': 1, 'min_samples_split': 10, 'random_state': 42, 'splitter': 'random'}",-0.34489559271201314,-0.5004316098633775,-0.42375337669075425,-0.4688504988516715,-0.41726042454790685,-0.38691387310818937,-0.40106831084246797,-0.46432050771089783,-0.46656236830119885,-0.4645759979207329,-0.43386325605492104,0.04490931229311439,200,-0.12479513450727801,-0.11099583821826325,-0.12014334205980273,-0.1106258682464744,-0.11106332742121634,-0.13071493394016728,-0.1053038936028628,-0.11629319628895461,-0.12414188799817506,-0.11210339312295423,-0.11661808154061488,0.007625555141919874
0.5093512535095215,0.108312781274809,0.003061795234680176,0.0005260010279341555,absolute_error,100,2,2,42,best,"{'criterion': 'absolute_error', 'max_depth': 100, 'min_samples_leaf': 2, 'min_samples_split': 2, 'random_state': 42, 'splitter': 'best'}",-0.38796463542564497,-0.4580789573324566,-0.5622548421057723,-0.3674935753025176,-0.3991538371358477,-0.44795370958341657,-0.495038788290629,-0.5060429293053528,-0.3940807838942053,-0.5409267558553202,-0.45589888142311635,0.06490578040522699,232,-0.058733882531275844,-0.05996535878314258,-0.05488477277347686,-0.059238651020658215,-0.054378204770986906,-0.05481403980277452,-0.05771404510087876,-0.05468724270239725,-0.06886667064108984,-0.05446356036340847,-0.05777464284900893,0.004243195347689596
0.19257748126983643,0.03704627945424443,0.003041982650756836,0.00027100625739310516,absolute_error,100,2,2,42,random,"{'criterion': 'absolute_error', 'max_depth': 100, 'min_samples_leaf': 2, 'min_samples_split': 2, 'random_state': 42, 'splitter': 'random'}",-0.44184620743272374,-0.4185710538337895,-0.4896425233276686,-0.3745006747676658,-0.4390324659417899,-0.5118915248088182,-0.43117554178973144,-0.46742901445712187,-0.5217843352086845,-0.5024356571031676,-0.4598308998671161,0.04457683498211558,246,-0.08243439943672014,-0.0875152297987705,-0.09606068482908635,-0.09554538511754214,-0.08681770941751867,-0.09701514199852028,-0.09019809142086721,-0.08994925749713334,-0.08094714622565832,-0.09406458625950033,-0.09005476320013173,0.005373282330181519
0.49101192951202394,0.08754810471098456,0.0029869556427001955,0.0006296956481278891,absolute_error,100,2,5,42,best,"{'criterion': 'absolute_error', 'max_depth': 100, 'min_samples_leaf': 2, 'min_samples_split': 5, 'random_state': 42, 'splitter': 'best'}",-0.36328557728674565,-0.4284598274848564,-0.5162755786926077,-0.449236540562465,-0.3516403992279571,-0.45157405202318307,-0.42267006283969644,-0.6061866594277698,-0.4722025511337654,-0.536614662051993,-0.45981459107310396,0.07363863325180164,242,-0.0638435330714202,-0.0679750426226688,-0.06401014148166768,-0.07600971315063207,-0.059855727484043754,-0.061363205616370244,-0.06058925308290971,-0.06533029020696576,-0.07855629377978779,-0.0581752019836452,-0.06557084024801113,0.006470918591082976
0.1886608600616455,0.043372392109082496,0.0027667522430419923,0.00038980108057613187,absolute_error,100,2,5,42,random,"{'criterion': 'absolute_error', 'max_depth': 100, 'min_samples_leaf': 2, 'min_samples_split': 5, 'random_state': 42, 'splitter': 'random'}",-0.3951313121310403,-0.39710344983468554,-0.44750701215788913,-0.4432509778082538,-0.3473552118894513,-0.47792038264862186,-0.4540051904605214,-0.507130972225866,-0.4350694369286454,-0.5345099430073418,-0.44389838890923167,0.05239124702665815,221,-0.11212295915032446,-0.10954569583610704,-0.10323060141309294,-0.1078905988437383,-0.11274547451433657,-0.10781965072207671,-0.11606241910980897,-0.10110451162073261,-0.10873832356181186,-0.10569257834815927,-0.10849528131201888,0.00425047992545352
0.47772314548492434,0.08277329966462779,0.00278775691986084,0.0007450275800192519,absolute_error,100,2,10,42,best,"{'criterion': 'absolute_error', 'max_depth': 100, 'min_samples_leaf': 2, 'min_samples_split': 10, 'random_state': 42, 'splitter': 'best'}",-0.37390280109948953,-0.3638616762008354,-0.5341674334973454,-0.37141433855719586,-0.30773013901910873,-0.46925041228596776,-0.4449032608946321,-0.5442122911674803,-0.3707973791601623,-0.4651004824162124,-0.42453402142984303,0.07483288107399531,194,-0.10765094486644466,-0.10947055964206023,-0.10255737138449081,-0.12294196515479923,-0.1100908711700757,-0.10543746329436075,-0.11264056144395015,-0.11243649697550889,-0.10793284323717182,-0.10615416849733927,-0.10973132456662016,0.005298691565323213
0.15524961948394775,0.036189237999369184,0.002887058258056641,0.00029859584727908226,absolute_error,100,2,10,42,random,"{'criterion': 'absolute_error', 'max_depth': 100, 'min_samples_leaf': 2, 'min_samples_split': 10, 'random_state': 42, 'splitter': 'random'}",-0.44040067084707457,-0.3881077629724357,-0.4034788510877896,-0.3772863198222627,-0.3262524996032956,-0.3363120597734087,-0.458320371611012,-0.392983355718434,-0.4374983433183482,-0.38822738833783316,-0.39488676230918945,0.04065743216873265,133,-0.16509827460933563,-0.16848140107614634,-0.15691264600481836,-0.15533976388868076,-0.16259381335256204,-0.16506393986372447,-0.16329807080177627,-0.15787231937079738,-0.16293136692518265,-0.16620026471245344,-0.16237918606054774,0.004091243154393595
0.4267419815063477,0.08126825343276886,0.00358433723449707,0.0018466014122772846,absolute_error,100,4,2,42,best,"{'criterion': 'absolute_error', 'max_depth': 100, 'min_samples_leaf': 4, 'min_samples_split': 2, 'random_state': 42, 'splitter': 'best'}",-0.31039029562386256,-0.2662838095380137,-0.4607004807126927,-0.3679584736070789,-0.3366046722866924,-0.4002430525500747,-0.43361156571714593,-0.4988505026319148,-0.42217915814918083,-0.45135345570304786,-0.39481754665197044,0.06957142128428268,125,-0.13060141085373514,-0.12923861588613741,-0.12769123675527602,-0.1314682940937658,-0.11779586857002916,-0.13319040641597915,-0.11989141341659161,-0.122904793813839,-0.12327950490951015,-0.11701043058251577,-0.1253071975297379,0.005601273822188076
0.13212602138519286,0.022049465871821234,0.0028873443603515624,0.0005361221547931593,absolute_error,100,4,2,42,random,"{'criterion': 'absolute_error', 'max_depth': 100, 'min_samples_leaf': 4, 'min_samples_split': 2, 'random_state': 42, 'splitter': 'random'}",-0.2548548526316629,-0.3879801919588459,-0.3357985096398843,-0.3680138804395934,-0.3783103862228638,-0.36856826470176957,-0.3685151300638537,-0.3571029149405642,-0.3023680786385142,-0.42005842400465515,-0.3541570633242207,0.044232303898573716,48,-0.18337687898927302,-0.17414169414670294,-0.18258049958501513,-0.18200410959416685,-0.18351263768217072,-0.17958818043788813,-0.1760854598102199,-0.16500093219108514,-0.19071385672978025,-0.187256081908911,-0.1804260331075213,0.006890753079544187
0.43381328582763673,0.07341118581552311,0.0027874469757080077,0.00039791065452746897,absolute_error,100,4,5,42,best,"{'criterion': 'absolute_error', 'max_depth': 100, 'min_samples_leaf': 4, 'min_samples_split': 5, 'random_state': 42, 'splitter': 'best'}",-0.31039029562386256,-0.2662838095380137,-0.4607004807126927,-0.3679584736070789,-0.3366046722866924,-0.4002430525500747,-0.43361156571714593,-0.4988505026319148,-0.42217915814918083,-0.45135345570304786,-0.39481754665197044,0.06957142128428268,125,-0.13060141085373514,-0.12923861588613741,-0.12769123675527602,-0.1314682940937658,-0.11779586857002916,-0.13319040641597915,-0.11989141341659161,-0.122904793813839,-0.12327950490951015,-0.11701043058251577,-0.1253071975297379,0.005601273822188076
0.133611798286438,0.03378842374571013,0.0033850669860839844,0.0022353948102778794,absolute_error,100,4,5,42,random,"{'criterion': 'absolute_error', 'max_depth': 100, 'min_samples_leaf': 4, 'min_samples_split': 5, 'random_state': 42, 'splitter': 'random'}",-0.2548548526316629,-0.3879801919588459,-0.3357985096398843,-0.3680138804395934,-0.3783103862228638,-0.36856826470176957,-0.3685151300638537,-0.3571029149405642,-0.3023680786385142,-0.42005842400465515,-0.3541570633242207,0.044232303898573716,48,-0.18337687898927302,-0.17414169414670294,-0.18258049958501513,-0.18200410959416685,-0.18351263768217072,-0.17958818043788813,-0.1760854598102199,-0.16500093219108514,-0.19071385672978025,-0.187256081908911,-0.1804260331075213,0.006890753079544187
0.41338908672332764,0.06968482783846278,0.0025709390640258787,0.00047620607636335744,absolute_error,100,4,10,42,best,"{'criterion': 'absolute_error', 'max_depth': 100, 'min_samples_leaf': 4, 'min_samples_split': 10, 'random_state': 42, 'splitter': 'best'}",-0.2970249217336642,-0.29095894878503115,-0.4396104337721283,-0.3576789728615792,-0.3850081307640171,-0.4019247964852399,-0.4279034291840665,-0.46728249229921703,-0.39636471927539607,-0.457909802100483,-0.3921666647260822,0.05843031622432067,121,-0.13111133285356769,-0.144867342407263,-0.13226916619209597,-0.13576768038512363,-0.13381214345195527,-0.13970156974605485,-0.12835585681710515,-0.13578569747271368,-0.12825099679722987,-0.13535564575831358,-0.13452774318814226,0.004819294018838689
0.1215770959854126,0.025444368355462113,0.0028872013092041014,0.00029864328348763047,absolute_error,100,4,10,42,random,"{'criterion': 'absolute_error', 'max_depth': 100, 'min_samples_leaf': 4, 'min_samples_split': 10, 'random_state': 42, 'splitter': 'random'}",-0.3154572305851147,-0.33248394466804115,-0.34000970896028043,-0.34234298663302787,-0.3506938371312059,-0.36824321492806705,-0.3999610372303509,-0.3993875521963732,-0.3586366786539383,-0.3178230565119491,-0.35250392474983483,0.028238686681283556,43,-0.20787390229560215,-0.18329625721772622,-0.18484058311318222,-0.19048110838382326,-0.19456647932406337,-0.19271366086072278,-0.18384219054384943,-0.17831689492093633,-0.19736602538277592,-0.18281298525087408,-0.18961100872935557,0.008356412014620151
0.57474684715271,0.09440762748958362,0.0030865192413330076,0.00029867512547954855,absolute_error,200,1,2,42,best,"{'criterion': 'absolute_error', 'max_depth': 200, 'min_samples_leaf': 1, 'min_samples_split': 2, 'random_state': 42, 'splitter': 'best'}",-0.4335077671685582,-0.5637332111556564,-0.6469826305994671,-0.5051506081009657,-0.4176860790349643,-0.43934758587415124,-0.548669520137626,-0.4825196340288241,-0.4648417481227192,-0.669221541891231,-0.5171660326114164,0.08376601349035646,315,-0.005161466923875931,-0.00358248584937297,-0.0032434871055061518,-0.004956220983977051,-0.005583454028844183,-0.005149927801075996,-0.004750582956616219,-0.00412020183485649,-0.00467665833737397,-0.005722934608433084,-0.004694742042993204,0.0007757050201868969
0.2699970006942749,0.06896386559514522,0.002838468551635742,0.0006324994635492683,absolute_error,200,1,2,42,random,"{'criterion': 'absolute_error', 'max_depth': 200, 'min_samples_leaf': 1, 'min_samples_split': 2, 'random_state': 42, 'splitter': 'random'}",-0.43954484518277065,-0.5076519458948261,-0.4656100764292384,-0.466481426005797,-0.5458110257692107,-0.44804003214916305,-0.5612312336474637,-0.5427297984079537,-0.33367807402904526,-0.6107221613501751,-0.4921500618865643,0.07463195859798698,285,-0.005161466923875931,-0.00358248584937297,-0.0032434871055061518,-0.004956220983977051,-0.005583454028844183,-0.005149927801075996,-0.004750582956616219,-0.00412020183485649,-0.00467665833737397,-0.005722934608433084,-0.004694742042993204,0.0007757050201868969
0.5413854598999024,0.08481013294666347,0.0029860734939575195,0.0007712196521421008,absolute_error,200,1,5,42,best,"{'criterion': 'absolute_error', 'max_depth': 200, 'min_samples_leaf': 1, 'min_samples_split': 5, 'random_state': 42, 'splitter': 'best'}",-0.35887368429500816,-0.5538318585637502,-0.5930959079719703,-0.4893689923740833,-0.4021702255173926,-0.5448912131380091,-0.5861385166310439,-0.4706125811266059,-0.4506507987550631,-0.6327705593364927,-0.5082404337709419,0.08417127788956458,292,-0.02597271640727028,-0.037449235242816334,-0.02427737086530012,-0.034487377372605446,-0.027811524905464464,-0.0286784825929914,-0.019102579380428048,-0.031858377057726456,-0.03455532794156651,-0.031094461470612417,-0.029528745323678145,0.005225575380260807
0.2196208953857422,0.04967263201512175,0.002765917778015137,0.0003925168918130373,absolute_error,200,1,5,42,random,"{'criterion': 'absolute_error', 'max_depth': 200, 'min_samples_leaf': 1, 'min_samples_split': 5, 'random_state': 42, 'splitter': 'random'}",-0.4789916591396523,-0.5775427890229259,-0.5073502633221243,-0.49425021272124997,-0.4276512943701677,-0.4226544355180914,-0.5280983851393276,-0.5366693797657075,-0.5123735823246952,-0.6308191483167189,-0.511640114964066,0.05983643329367304,300,-0.04654092639353505,-0.05128197851547009,-0.05509792927888387,-0.06209084167498596,-0.048288985492004326,-0.04622230875862844,-0.06246835679251128,-0.05478447951425678,-0.04589327274808179,-0.049234392448191014,-0.05219034716165486,0.005922928653292218
0.5217191696166992,0.0653249838303077,0.0031374692916870117,0.0003202945974368735,absolute_error,200,1,10,42,best,"{'criterion': 'absolute_error', 'max_depth': 200, 'min_samples_leaf': 1, 'min_samples_split': 10, 'random_state': 42, 'splitter': 'best'}",-0.36477313098314906,-0.4938982878029279,-0.4844796844656764,-0.37641492355289136,-0.326198771340982,-0.44446253495481597,-0.5282611212275681,-0.49921985603686914,-0.40917510151073533,-0.6392665024731836,-0.4566149914348799,0.08760707518800862,237,-0.06274521399292043,-0.07225814207500418,-0.0764040237984889,-0.10218132175146855,-0.08021040829959541,-0.07447125529047255,-0.06444128516902359,-0.0715678875557162,-0.07659568025443445,-0.07348346595773855,-0.07543586841448628,0.010257354134963132
0.21656246185302735,0.05985147294514646,0.0030864715576171876,0.0002986909100835589,absolute_error,200,1,10,42,random,"{'criterion': 'absolute_error', 'max_depth': 200, 'min_samples_leaf': 1, 'min_samples_split': 10, 'random_state': 42, 'splitter': 'random'}",-0.34489559271201314,-0.5004316098633775,-0.42375337669075425,-0.4688504988516715,-0.41726042454790685,-0.38691387310818937,-0.40106831084246797,-0.46432050771089783,-0.46656236830119885,-0.4645759979207329,-0.43386325605492104,0.04490931229311439,200,-0.12479513450727801,-0.11099583821826325,-0.12014334205980273,-0.1106258682464744,-0.11106332742121634,-0.13071493394016728,-0.1053038936028628,-0.11629319628895461,-0.12414188799817506,-0.11210339312295423,-0.11661808154061488,0.007625555141919874
0.5065226793289185,0.08900407809807807,0.0029206275939941406,0.0003251688728217784,absolute_error,200,2,2,42,best,"{'criterion': 'absolute_error', 'max_depth': 200, 'min_samples_leaf': 2, 'min_samples_split': 2, 'random_state': 42, 'splitter': 'best'}",-0.38796463542564497,-0.4580789573324566,-0.5622548421057723,-0.3674935753025176,-0.3991538371358477,-0.44795370958341657,-0.495038788290629,-0.5060429293053528,-0.3940807838942053,-0.5409267558553202,-0.45589888142311635,0.06490578040522699,232,-0.058733882531275844,-0.05996535878314258,-0.05488477277347686,-0.059238651020658215,-0.054378204770986906,-0.05481403980277452,-0.05771404510087876,-0.05468724270239725,-0.06886667064108984,-0.05446356036340847,-0.05777464284900893,0.004243195347689596
0.18042912483215331,0.038802749950039635,0.0029868364334106447,1.8621086301581038e-07,absolute_error,200,2,2,42,random,"{'criterion': 'absolute_error', 'max_depth': 200, 'min_samples_leaf': 2, 'min_samples_split': 2, 'random_state': 42, 'splitter': 'random'}",-0.44184620743272374,-0.4185710538337895,-0.4896425233276686,-0.3745006747676658,-0.4390324659417899,-0.5118915248088182,-0.43117554178973144,-0.46742901445712187,-0.5217843352086845,-0.5024356571031676,-0.4598308998671161,0.04457683498211558,246,-0.08243439943672014,-0.0875152297987705,-0.09606068482908635,-0.09554538511754214,-0.08681770941751867,-0.09701514199852028,-0.09019809142086721,-0.08994925749713334,-0.08094714622565832,-0.09406458625950033,-0.09005476320013173,0.005373282330181519
0.48504202365875243,0.06210364331538326,0.002687954902648926,0.000456919854125879,absolute_error,200,2,5,42,best,"{'criterion': 'absolute_error', 'max_depth': 200, 'min_samples_leaf': 2, 'min_samples_split': 5, 'random_state': 42, 'splitter': 'best'}",-0.36328557728674565,-0.4284598274848564,-0.5162755786926077,-0.449236540562465,-0.3516403992279571,-0.45157405202318307,-0.42267006283969644,-0.6061866594277698,-0.4722025511337654,-0.536614662051993,-0.45981459107310396,0.07363863325180164,242,-0.0638435330714202,-0.0679750426226688,-0.06401014148166768,-0.07600971315063207,-0.059855727484043754,-0.061363205616370244,-0.06058925308290971,-0.06533029020696576,-0.07855629377978779,-0.0581752019836452,-0.06557084024801113,0.006470918591082976
0.1853957176208496,0.04571747608548072,0.0028850555419921873,0.0005317769762317588,absolute_error,200,2,5,42,random,"{'criterion': 'absolute_error', 'max_depth': 200, 'min_samples_leaf': 2, 'min_samples_split': 5, 'random_state': 42, 'splitter': 'random'}",-0.3951313121310403,-0.39710344983468554,-0.44750701215788913,-0.4432509778082538,-0.3473552118894513,-0.47792038264862186,-0.4540051904605214,-0.507130972225866,-0.4350694369286454,-0.5345099430073418,-0.44389838890923167,0.05239124702665815,221,-0.11212295915032446,-0.10954569583610704,-0.10323060141309294,-0.1078905988437383,-0.11274547451433657,-0.10781965072207671,-0.11606241910980897,-0.10110451162073261,-0.10873832356181186,-0.10569257834815927,-0.10849528131201888,0.00425047992545352
0.4706889152526855,0.08295686940731789,0.0031858444213867187,0.0003982902384893182,absolute_error,200,2,10,42,best,"{'criterion': 'absolute_error', 'max_depth': 200, 'min_samples_leaf': 2, 'min_samples_split': 10, 'random_state': 42, 'splitter': 'best'}",-0.37390280109948953,-0.3638616762008354,-0.5341674334973454,-0.37141433855719586,-0.30773013901910873,-0.46925041228596776,-0.4449032608946321,-0.5442122911674803,-0.3707973791601623,-0.4651004824162124,-0.42453402142984303,0.07483288107399531,194,-0.10765094486644466,-0.10947055964206023,-0.10255737138449081,-0.12294196515479923,-0.1100908711700757,-0.10543746329436075,-0.11264056144395015,-0.11243649697550889,-0.10793284323717182,-0.10615416849733927,-0.10973132456662016,0.005298691565323213
0.16042463779449462,0.035903839579103036,0.002887272834777832,0.0005361088827002856,absolute_error,200,2,10,42,random,"{'criterion': 'absolute_error', 'max_depth': 200, 'min_samples_leaf': 2, 'min_samples_split': 10, 'random_state': 42, 'splitter': 'random'}",-0.44040067084707457,-0.3881077629724357,-0.4034788510877896,-0.3772863198222627,-0.3262524996032956,-0.3363120597734087,-0.458320371611012,-0.392983355718434,-0.4374983433183482,-0.38822738833783316,-0.39488676230918945,0.04065743216873265,133,-0.16509827460933563,-0.16848140107614634,-0.15691264600481836,-0.15533976388868076,-0.16259381335256204,-0.16506393986372447,-0.16329807080177627,-0.15787231937079738,-0.16293136692518265,-0.16620026471245344,-0.16237918606054774,0.004091243154393595
0.41911118030548095,0.06259225981436907,0.0029869794845581053,0.0006293940179754496,absolute_error,200,4,2,42,best,"{'criterion': 'absolute_error', 'max_depth': 200, 'min_samples_leaf': 4, 'min_samples_split': 2, 'random_state': 42, 'splitter': 'best'}",-0.31039029562386256,-0.2662838095380137,-0.4607004807126927,-0.3679584736070789,-0.3366046722866924,-0.4002430525500747,-0.43361156571714593,-0.4988505026319148,-0.42217915814918083,-0.45135345570304786,-0.39481754665197044,0.06957142128428268,125,-0.13060141085373514,-0.12923861588613741,-0.12769123675527602,-0.1314682940937658,-0.11779586857002916,-0.13319040641597915,-0.11989141341659161,-0.122904793813839,-0.12327950490951015,-0.11701043058251577,-0.1253071975297379,0.005601273822188076
0.14526236057281494,0.035107721769634836,0.002887463569641113,0.0002988906909841909,absolute_error,200,4,2,42,random,"{'criterion': 'absolute_error', 'max_depth': 200, 'min_samples_leaf': 4, 'min_samples_split': 2, 'random_state': 42, 'splitter': 'random'}",-0.2548548526316629,-0.3879801919588459,-0.3357985096398843,-0.3680138804395934,-0.3783103862228638,-0.36856826470176957,-0.3685151300638537,-0.3571029149405642,-0.3023680786385142,-0.42005842400465515,-0.3541570633242207,0.044232303898573716,48,-0.18337687898927302,-0.17414169414670294,-0.18258049958501513,-0.18200410959416685,-0.18351263768217072,-0.17958818043788813,-0.1760854598102199,-0.16500093219108514,-0.19071385672978025,-0.187256081908911,-0.1804260331075213,0.006890753079544187
0.4321507215499878,0.058645506884272426,0.0030498743057250977,0.0007496599856402215,absolute_error,200,4,5,42,best,"{'criterion': 'absolute_error', 'max_depth': 200, 'min_samples_leaf': 4, 'min_samples_split': 5, 'random_state': 42, 'splitter': 'best'}",-0.31039029562386256,-0.2662838095380137,-0.4607004807126927,-0.3679584736070789,-0.3366046722866924,-0.4002430525500747,-0.43361156571714593,-0.4988505026319148,-0.42217915814918083,-0.45135345570304786,-0.39481754665197044,0.06957142128428268,125,-0.13060141085373514,-0.12923861588613741,-0.12769123675527602,-0.1314682940937658,-0.11779586857002916,-0.13319040641597915,-0.11989141341659161,-0.122904793813839,-0.12327950490951015,-0.11701043058251577,-0.1253071975297379,0.005601273822188076
0.14396295547485352,0.03960453770590888,0.002688002586364746,0.00045616946490680454,absolute_error,200,4,5,42,random,"{'criterion': 'absolute_error', 'max_depth': 200, 'min_samples_leaf': 4, 'min_samples_split': 5, 'random_state': 42, 'splitter': 'random'}",-0.2548548526316629,-0.3879801919588459,-0.3357985096398843,-0.3680138804395934,-0.3783103862228638,-0.36856826470176957,-0.3685151300638537,-0.3571029149405642,-0.3023680786385142,-0.42005842400465515,-0.3541570633242207,0.044232303898573716,48,-0.18337687898927302,-0.17414169414670294,-0.18258049958501513,-0.18200410959416685,-0.18351263768217072,-0.17958818043788813,-0.1760854598102199,-0.16500093219108514,-0.19071385672978025,-0.187256081908911,-0.1804260331075213,0.006890753079544187
0.42619431018829346,0.06553869794043192,0.003114795684814453,0.0005391855664695555,absolute_error,200,4,10,42,best,"{'criterion': 'absolute_error', 'max_depth': 200, 'min_samples_leaf': 4, 'min_samples_split': 10, 'random_state': 42, 'splitter': 'best'}",-0.2970249217336642,-0.29095894878503115,-0.4396104337721283,-0.3576789728615792,-0.3850081307640171,-0.4019247964852399,-0.4279034291840665,-0.46728249229921703,-0.39636471927539607,-0.457909802100483,-0.3921666647260822,0.05843031622432067,121,-0.13111133285356769,-0.144867342407263,-0.13226916619209597,-0.13576768038512363,-0.13381214345195527,-0.13970156974605485,-0.12835585681710515,-0.13578569747271368,-0.12825099679722987,-0.13535564575831358,-0.13452774318814226,0.004819294018838689
0.12840096950531005,0.025682916367417964,0.004580020904541016,0.004479619096194634,absolute_error,200,4,10,42,random,"{'criterion': 'absolute_error', 'max_depth': 200, 'min_samples_leaf': 4, 'min_samples_split': 10, 'random_state': 42, 'splitter': 'random'}",-0.3154572305851147,-0.33248394466804115,-0.34000970896028043,-0.34234298663302787,-0.3506938371312059,-0.36824321492806705,-0.3999610372303509,-0.3993875521963732,-0.3586366786539383,-0.3178230565119491,-0.35250392474983483,0.028238686681283556,43,-0.20787390229560215,-0.18329625721772622,-0.18484058311318222,-0.19048110838382326,-0.19456647932406337,-0.19271366086072278,-0.18384219054384943,-0.17831689492093633,-0.19736602538277592,-0.18281298525087408,-0.18961100872935557,0.008356412014620151
0.09311630725860595,0.013045779598541397,0.003037762641906738,0.0003456156223643489,friedman_mse,,1,2,42,best,"{'criterion': 'friedman_mse', 'max_depth': None, 'min_samples_leaf': 1, 'min_samples_split': 2, 'random_state': 42, 'splitter': 'best'}",-0.42947587440760154,-0.3882018421502551,-0.6438911023472021,-0.5869310890903289,-0.4593204213028283,-0.4727551008783594,-0.5584476340192225,-0.5805012206989125,-0.3940223931100227,-0.6436809283436331,-0.5157227606348366,0.09350467335587642,311,-0.00436120863121915,-0.0031404477416414577,-0.0032239247054214513,-0.004518150578157597,-0.004798790434360046,-0.0047721452160660255,-0.003954292365871495,-0.0033404941649332353,-0.0042993539581678095,-0.00491849764827409,-0.004132730544411235,0.0006456363465294491
0.023795700073242186,0.0016929178987602285,0.0028870344161987306,0.00029898559540170817,friedman_mse,,1,2,42,random,"{'criterion': 'friedman_mse', 'max_depth': None, 'min_samples_leaf': 1, 'min_samples_split': 2, 'random_state': 42, 'splitter': 'random'}",-0.4563991226293495,-0.379529859343191,-0.5700107522097629,-0.42644066513643253,-0.4049985647179234,-0.5402119150996391,-0.5686175930144788,-0.5450224903699726,-0.5854039222321624,-0.6590702425224163,-0.5135705127275328,0.08652157293510995,303,-0.00436120863121915,-0.0031404477416414577,-0.0032239247054214513,-0.004518150578157597,-0.004798790434360046,-0.0047721452160660255,-0.003954292365871495,-0.0033404941649332353,-0.0042993539581678095,-0.00491849764827409,-0.004132730544411235,0.0006456363465294491
0.08726258277893066,0.01575843937917043,0.003078937530517578,0.0003020761327283672,friedman_mse,,1,5,42,best,"{'criterion': 'friedman_mse', 'max_depth': None, 'min_samples_leaf': 1, 'min_samples_split': 5, 'random_state': 42, 'splitter': 'best'}",-0.45716434295390196,-0.36979446126050886,-0.5891401887023417,-0.6232220676054365,-0.39666504953626697,-0.4784739796127438,-0.6086831310346091,-0.5560325694025652,-0.4019657213523185,-0.6571784743815117,-0.5138319985842206,0.10020665203307912,307,-0.021612614629400787,-0.030540247761923395,-0.025988666678024297,-0.02177497611125956,-0.02273922780058547,-0.018639112612701205,-0.01993345574332337,-0.018001264161482112,-0.026683083674139005,-0.021141577666075936,-0.022705422683891512,0.0037261301922298694
0.018475985527038573,0.004024782256659608,0.0030305147171020507,0.00045369378561055547,friedman_mse,,1,5,42,random,"{'criterion': 'friedman_mse', 'max_depth': None, 'min_samples_leaf': 1, 'min_samples_split': 5, 'random_state': 42, 'splitter': 'random'}",-0.39169348282073085,-0.40962537964247986,-0.41853669612110456,-0.3751376767948909,-0.36075327761392,-0.41461160849057527,-0.4423679604029119,-0.4743670230671726,-0.47235780999014676,-0.4822046655901628,-0.4241655580534095,0.0404428122655861,189,-0.05428354873814144,-0.03938157752478002,-0.046140084946666646,-0.04597874404861848,-0.04754451135475236,-0.04628004722262694,-0.05119691283223205,-0.039174939672150653,-0.04389168065652976,-0.04792002612592163,-0.046179207312241996,0.00443062549503495
0.07603218555450439,0.0072746209909216875,0.003035736083984375,0.00041456401608249045,friedman_mse,,1,10,42,best,"{'criterion': 'friedman_mse', 'max_depth': None, 'min_samples_leaf': 1, 'min_samples_split': 10, 'random_state': 42, 'splitter': 'best'}",-0.38071657092163735,-0.3272044269357014,-0.5147717844470522,-0.5648892447904125,-0.4179577041286135,-0.4836748995446359,-0.4859109372616992,-0.5216388008248678,-0.36156894841504467,-0.5846253422249666,-0.46429586594946304,0.08352041998329661,253,-0.06225123469294157,-0.07145352230210705,-0.058468511919103724,-0.055599285791416896,-0.061363074364961405,-0.058026925164610145,-0.053340536727422526,-0.06442402581265141,-0.07111474413946593,-0.05546396376272686,-0.06115058246774076,0.005987563656749891
0.015438175201416016,0.003221375165776299,0.0026559352874755858,0.0005610667782231351,friedman_mse,,1,10,42,random,"{'criterion': 'friedman_mse', 'max_depth': None, 'min_samples_leaf': 1, 'min_samples_split': 10, 'random_state': 42, 'splitter': 'random'}",-0.3566386757698622,-0.260958064549694,-0.3709697135232522,-0.3303820237083058,-0.33321214711735947,-0.39233700835475194,-0.5173837054063987,-0.45151781463257706,-0.3190844292569338,-0.4360938064893642,-0.37685773888084995,0.07095709451507358,109,-0.10591384385058074,-0.09862829831161697,-0.10451926311307105,-0.10900725309746985,-0.09348776112213816,-0.10062348220831228,-0.09293776350841063,-0.09583633730921388,-0.10160135296703376,-0.10630378867568717,-0.10088591441635346,0.005318574602766499
0.07641632556915283,0.007149535060391414,0.0033885717391967775,0.00040416492288370505,friedman_mse,,2,2,42,best,"{'criterion': 'friedman_mse', 'max_depth': None, 'min_samples_leaf': 2, 'min_samples_split': 2, 'random_state': 42, 'splitter': 'best'}",-0.40889173968209463,-0.47403390138674356,-0.5484620044313941,-0.5794789708099652,-0.36091574683218963,-0.39226986250769397,-0.44397104132247783,-0.5247815949581482,-0.39200435642659426,-0.6425419319965519,-0.47673511503538524,0.08883283311724356,277,-0.027461506572646576,-0.03423591198947497,-0.028874001342560247,-0.027361346280963702,-0.026864987917181414,-0.025395446993990996,-0.02727514041955811,-0.02214242449866855,-0.025438868972123614,-0.022640794784715115,-0.02676904297718833,0.003215350869613177
0.016384339332580565,0.0004691946365344139,0.003137350082397461,0.00043788229108473445,friedman_mse,,2,2,42,random,"{'criterion': 'friedman_mse', 'max_depth': None, 'min_samples_leaf': 2, 'min_samples_split': 2, 'random_state': 42, 'splitter': 'random'}",-0.3888581535692062,-0.36976599765295837,-0.47581582285487617,-0.5467222699977257,-0.30962914269776753,-0.40546096925739195,-0.45118458721542715,-0.4806154345886852,-0.4409637016215016,-0.6278842921438974,-0.44969003715994377,0.0863408367878476,227,-0.05937677404897577,-0.0573245866858818,-0.05767300744273313,-0.05862015156265883,-0.05461292938625199,-0.05699028727956069,-0.05154287042914104,-0.05966717381632096,-0.06393167555271823,-0.060676712697145224,-0.05804161689013877,0.0031959537862638497
0.0760732889175415,0.0050723937391196315,0.00321345329284668,0.0004899156377268818,friedman_mse,,2,5,42,best,"{'criterion': 'friedman_mse', 'max_depth': None, 'min_samples_leaf': 2, 'min_samples_split': 5, 'random_state': 42, 'splitter': 'best'}",-0.4345811148344451,-0.4321585702426464,-0.5247289303831885,-0.5494067345081982,-0.3591940810414338,-0.4201193811000055,-0.4353079452344692,-0.5544797940885319,-0.4031626181556315,-0.6355043605168313,-0.47486435301053814,0.08167978225336604,273,-0.03331179285116055,-0.041427591842440915,-0.03369130211069793,-0.032339781940420524,-0.03428657575140625,-0.03357094925942334,-0.03595256237203807,-0.029371963963108375,-0.03362086650367199,-0.028738623279140577,-0.033631200987350854,0.00332351464137141
0.015104317665100097,0.0005964184501405568,0.002864217758178711,0.0005753750308696751,friedman_mse,,2,5,42,random,"{'criterion': 'friedman_mse', 'max_depth': None, 'min_samples_leaf': 2, 'min_samples_split': 5, 'random_state': 42, 'splitter': 'random'}",-0.3877578477368177,-0.32070025320739376,-0.3708751966468199,-0.4559210548162948,-0.3266016716441688,-0.3000365234326999,-0.5246309997837489,-0.4821081592027551,-0.3682504965912467,-0.5373380698475723,-0.4074220272909518,0.08208976632213724,141,-0.07529878779712997,-0.07339131176409758,-0.06887964977344509,-0.06853709883800155,-0.072092665715057,-0.0693330507692277,-0.06304524630620122,-0.07224526354386873,-0.07367456778468025,-0.07059886020650714,-0.07070965024982163,0.0033171122624189777
0.06973965167999267,0.00555301675538328,0.0030622959136962892,0.0005041395983525111,friedman_mse,,2,10,42,best,"{'criterion': 'friedman_mse', 'max_depth': None, 'min_samples_leaf': 2, 'min_samples_split': 10, 'random_state': 42, 'splitter': 'best'}",-0.37872694250818595,-0.42597353493150886,-0.5242923791086308,-0.48376197394839626,-0.3879848678376201,-0.3728698907535829,-0.40424338036139235,-0.4506344185297345,-0.3099177677036987,-0.6012272702432292,-0.433963242592598,0.0800788939187045,203,-0.07319195032073691,-0.08397585163349691,-0.07331146207257683,-0.0724306773297683,-0.07214122400873221,-0.06578378998353004,-0.0683249040872951,-0.07030892804312486,-0.0828884244384018,-0.05893846562433608,-0.07212956775419992,0.00700548383863231
0.011798357963562012,0.0007666345421919498,0.0031549930572509766,0.0002942973308919216,friedman_mse,,2,10,42,random,"{'criterion': 'friedman_mse', 'max_depth': None, 'min_samples_leaf': 2, 'min_samples_split': 10, 'random_state': 42, 'splitter': 'random'}",-0.3560021897305666,-0.29827016737942197,-0.36735644677339463,-0.341849617817414,-0.3029111643489034,-0.39141338432062495,-0.42273738019476315,-0.461545440223832,-0.29558223275860335,-0.42188588687451944,-0.3659553910422043,0.05507117620425669,79,-0.11363978476798527,-0.11525924429894749,-0.12290287171063041,-0.10757031731163275,-0.12987416644106559,-0.12276257304687506,-0.11800547691440688,-0.11617113137716198,-0.12459925290059884,-0.12100697517080544,-0.11917917939401097,0.006041934871361296
0.06047940254211426,0.0041229104519544995,0.00304718017578125,0.000338328779971153,friedman_mse,,4,2,42,best,"{'criterion': 'friedman_mse', 'max_depth': None, 'min_samples_leaf': 4, 'min_samples_split': 2, 'random_state': 42, 'splitter': 'best'}",-0.36808875617463954,-0.36450152487158594,-0.4331023447784608,-0.4418220965634663,-0.4075266721524583,-0.4264098405521077,-0.5369186856775611,-0.4664479782136469,-0.33676614140773187,-0.4529836273037022,-0.42345676676953603,0.055084570924779926,170,-0.08247718688365219,-0.08600638508320156,-0.07728504328490902,-0.08503967427462543,-0.09078470327387854,-0.06914693849148051,-0.07724490442887323,-0.07423854355718384,-0.07844815340946419,-0.07154461721446043,-0.07922161499017288,0.006463041217573415
0.011563539505004883,0.0011137002225727977,0.002930903434753418,0.00033358110286105247,friedman_mse,,4,2,42,random,"{'criterion': 'friedman_mse', 'max_depth': None, 'min_samples_leaf': 4, 'min_samples_split': 2, 'random_state': 42, 'splitter': 'random'}",-0.40744815738649476,-0.3691489010115234,-0.3503080829568402,-0.3881054948156502,-0.29587036134703093,-0.25460208434007975,-0.3798476829566257,-0.3929219516093632,-0.34173003004910524,-0.3998700891467442,-0.35798528356194576,0.04669135220460697,58,-0.14413945885807714,-0.1334794259254179,-0.14128427974103555,-0.14183271266675324,-0.13140146522018034,-0.1427004815553859,-0.13637677662918352,-0.13934714094635364,-0.13811349136259596,-0.13132111481660327,-0.13799963477215865,0.004453200444842557
0.055820345878601074,0.004085699103689021,0.0024262666702270508,0.0006790788564096357,friedman_mse,,4,5,42,best,"{'criterion': 'friedman_mse', 'max_depth': None, 'min_samples_leaf': 4, 'min_samples_split': 5, 'random_state': 42, 'splitter': 'best'}",-0.36808875617463954,-0.36450152487158594,-0.4331023447784608,-0.4418220965634663,-0.4075266721524583,-0.4264098405521077,-0.5369186856775611,-0.4664479782136469,-0.33676614140773187,-0.4529836273037022,-0.42345676676953603,0.055084570924779926,170,-0.08247718688365219,-0.08600638508320156,-0.07728504328490902,-0.08503967427462543,-0.09078470327387854,-0.06914693849148051,-0.07724490442887323,-0.07423854355718384,-0.07844815340946419,-0.07154461721446043,-0.07922161499017288,0.006463041217573415
0.010569190979003907,0.0016935134130026024,0.0027515172958374025,0.00039597611092300904,friedman_mse,,4,5,42,random,"{'criterion': 'friedman_mse', 'max_depth': None, 'min_samples_leaf': 4, 'min_samples_split': 5, 'random_state': 42, 'splitter': 'random'}",-0.40744815738649476,-0.3691489010115234,-0.3503080829568402,-0.3881054948156502,-0.29587036134703093,-0.25460208434007975,-0.3798476829566257,-0.3929219516093632,-0.34173003004910524,-0.3998700891467442,-0.35798528356194576,0.04669135220460697,58,-0.14413945885807714,-0.1334794259254179,-0.14128427974103555,-0.14183271266675324,-0.13140146522018034,-0.1427004815553859,-0.13637677662918352,-0.13934714094635364,-0.13811349136259596,-0.13132111481660327,-0.13799963477215865,0.004453200444842557
0.050789284706115725,0.004187930454899538,0.0024561643600463866,0.0004706568923222718,friedman_mse,,4,10,42,best,"{'criterion': 'friedman_mse', 'max_depth': None, 'min_samples_leaf': 4, 'min_samples_split': 10, 'random_state': 42, 'splitter': 'best'}",-0.34690609473897654,-0.36919377739008824,-0.4295892741220357,-0.40472445446411986,-0.4070701214509882,-0.4198358766995019,-0.5406204241081731,-0.46289679233811953,-0.32586151135280317,-0.4576958627798594,-0.41643941894446657,0.059128820090927826,153,-0.09162556272843894,-0.09836577374197619,-0.08827785643183828,-0.09368219198819719,-0.09685162459179424,-0.08092800738641834,-0.08338939774794756,-0.08526524003195507,-0.0930245408052182,-0.08302297345950865,-0.08944331689132927,0.005824470362232875
0.008810830116271973,0.0014106886316667922,0.002075338363647461,0.000253233422551432,friedman_mse,,4,10,42,random,"{'criterion': 'friedman_mse', 'max_depth': None, 'min_samples_leaf': 4, 'min_samples_split': 10, 'random_state': 42, 'splitter': 'random'}",-0.2936267801247407,-0.26064388706553693,-0.33220443593331955,-0.360629358031512,-0.3102193763438095,-0.2846825758210117,-0.388180043522665,-0.41370891331015225,-0.32283761723910465,-0.48997687652620636,-0.3456709863918058,0.06565168914808178,34,-0.15197148255376053,-0.15032158682567048,-0.13984595346361983,-0.14780033150823194,-0.14779536274832053,-0.1549446758573903,-0.14487706224299016,-0.14285419761127618,-0.14378192713683421,-0.14903818475308353,-0.14732307647011775,0.004318343602845724
0.04663801193237305,0.004071787626187788,0.0019918203353881834,0.00044510820448678454,friedman_mse,10,1,2,42,best,"{'criterion': 'friedman_mse', 'max_depth': 10, 'min_samples_leaf': 1, 'min_samples_split': 2, 'random_state': 42, 'splitter': 'best'}",-0.37186423276463537,-0.3260215644418749,-0.49489979411566004,-0.6144938777349992,-0.3083219674530577,-0.4225200135447167,-0.4114957999143672,-0.4901956584044313,-0.339971256050507,-0.45684719006696484,-0.42366313544912143,0.08927097010382655,178,-0.10907818289270658,-0.13435981173498907,-0.0843135197587027,-0.08775512093094553,-0.09544453607398261,-0.08241692794726818,-0.10818550897292326,-0.09061959325457206,-0.08648219989318257,-0.1287941159135929,-0.10074495173728656,0.01774882124307532
0.0072782039642333984,0.001141381789396128,0.002426409721374512,0.0005414175637154578,friedman_mse,10,1,2,42,random,"{'criterion': 'friedman_mse', 'max_depth': 10, 'min_samples_leaf': 1, 'min_samples_split': 2, 'random_state': 42, 'splitter': 'random'}",-0.277536068634196,-0.24518415819111425,-0.2523153381265458,-0.3470483331768246,-0.2935012442587084,-0.34434131207092544,-0.4066891203643497,-0.3286393650821954,-0.2765162155615778,-0.3230813780312423,-0.309485253349768,0.04732069590506059,16,-0.18882631719317755,-0.21018194269793894,-0.1953610672686395,-0.183513945066743,-0.17630561101689862,-0.15445410592910114,-0.1451327653150132,-0.2027839870658677,-0.2018107217259505,-0.17298230580068055,-0.18313527690800108,0.020161584942655644
0.04728872776031494,0.003940133049808833,0.0030196189880371095,0.00043142447384361183,friedman_mse,10,1,5,42,best,"{'criterion': 'friedman_mse', 'max_depth': 10, 'min_samples_leaf': 1, 'min_samples_split': 5, 'random_state': 42, 'splitter': 'best'}",-0.33552964612737063,-0.3138438314112029,-0.43127503022952446,-0.5104776387537237,-0.30649672296525765,-0.4307109301609927,-0.40713258652961976,-0.5043115838839016,-0.3778129504190842,-0.46486961732632165,-0.4082460537806999,0.07028578153297194,146,-0.11431774591313087,-0.14293636246636532,-0.0950615445487863,-0.09411402821439492,-0.10290626125984706,-0.08747681817149018,-0.11282698464122637,-0.09606306481689546,-0.09779165556282479,-0.13583354959347926,-0.10793280151884406,0.017642267908268106
0.005376410484313965,0.0009127340449220721,0.0021466493606567385,0.0003917716994829193,friedman_mse,10,1,5,42,random,"{'criterion': 'friedman_mse', 'max_depth': 10, 'min_samples_leaf': 1, 'min_samples_split': 5, 'random_state': 42, 'splitter': 'random'}",-0.25429931160147506,-0.24746622262863777,-0.3029598002337455,-0.28550519936760865,-0.3024225317901564,-0.3512328684938888,-0.3573783196261409,-0.3042143193412533,-0.27578474137919834,-0.36096849252403446,-0.3042231806986139,0.0389012868057209,13,-0.2062769614423138,-0.21013829344988771,-0.19845314992149893,-0.21861900997261288,-0.18111937921670687,-0.16400086710443335,-0.17273122770412286,-0.18453273646734333,-0.20741394248412637,-0.18903068534032907,-0.19323162531033752,0.01686317454847204
0.0467116117477417,0.004102349136928293,0.002713584899902344,0.0005960684409852324,friedman_mse,10,1,10,42,best,"{'criterion': 'friedman_mse', 'max_depth': 10, 'min_samples_leaf': 1, 'min_samples_split': 10, 'random_state': 42, 'splitter': 'best'}",-0.3125357215951327,-0.31728974705996876,-0.40435459999960943,-0.5938880428189016,-0.30984455866048627,-0.4482977141422294,-0.38806087702563086,-0.4574716269656173,-0.33673469326596006,-0.4399618997456086,-0.40084394812791446,0.0846174065831329,138,-0.13406913657712574,-0.15589908528319296,-0.11120377920051158,-0.10477674512825169,-0.11779853909084921,-0.10436304753450454,-0.12567813981271264,-0.12427699641496731,-0.1242143103593808,-0.14617057308387083,-0.12484503524853671,0.01601129676758305
0.006288552284240722,0.0014143397751156567,0.0024835348129272463,0.0006070409902183639,friedman_mse,10,1,10,42,random,"{'criterion': 'friedman_mse', 'max_depth': 10, 'min_samples_leaf': 1, 'min_samples_split': 10, 'random_state': 42, 'splitter': 'random'}",-0.24169174887239278,-0.22349220947258341,-0.2717620020433487,-0.2793132318969839,-0.27983164059940707,-0.3347019663527416,-0.33397053250950914,-0.3608696021987078,-0.31156888287133033,-0.4132842525182075,-0.3050486069335212,0.05446190632393378,14,-0.21914932808182694,-0.2202990641232727,-0.2071427435265381,-0.22201404891510834,-0.1929970407102803,-0.18230076247645208,-0.19100873384423775,-0.20330434126607766,-0.21398700164517426,-0.20327171957219733,-0.20554747841611656,0.012911417765730385
0.04677505493164062,0.0047210233210334416,0.0025409698486328126,0.000554480060819343,friedman_mse,10,2,2,42,best,"{'criterion': 'friedman_mse', 'max_depth': 10, 'min_samples_leaf': 2, 'min_samples_split': 2, 'random_state': 42, 'splitter': 'best'}",-0.31413815807937195,-0.27921186466549225,-0.418037802562818,-0.4420372622646056,-0.28861456140482905,-0.37732870746581254,-0.3577367185213399,-0.4699691343709177,-0.3552718656105394,-0.4750182173540629,-0.3777364292299789,0.06806523675444294,114,-0.11521663348420814,-0.14149431144136038,-0.0893004283216916,-0.09279192877458907,-0.10308713651630791,-0.08769505760602471,-0.11714717559014493,-0.09589797613561393,-0.09237856838991303,-0.13447752397383583,-0.10694867402336894,0.018318024903059418
0.007987189292907714,0.0007358224895938281,0.002243781089782715,0.00040414813525320236,friedman_mse,10,2,2,42,random,"{'criterion': 'friedman_mse', 'max_depth': 10, 'min_samples_leaf': 2, 'min_samples_split': 2, 'random_state': 42, 'splitter': 'random'}",-0.30692619592195736,-0.23592875570917393,-0.2857063373830128,-0.3253840570271891,-0.20426806725663524,-0.31792001433437056,-0.41195524145470325,-0.3255114202117325,-0.29612314386432037,-0.38177413478939604,-0.30914973679524915,0.05791127393508475,15,-0.198297683343862,-0.2138704598449557,-0.20847462316763735,-0.1802755382939463,-0.17647032506615265,-0.1765608627690627,-0.18120685450902652,-0.2005691973642487,-0.20443512585191817,-0.17608514071836529,-0.19162458109291752,0.014152104587426306
0.04994020462036133,0.004348459989552355,0.002555227279663086,0.00047072535147003923,friedman_mse,10,2,5,42,best,"{'criterion': 'friedman_mse', 'max_depth': 10, 'min_samples_leaf': 2, 'min_samples_split': 5, 'random_state': 42, 'splitter': 'best'}",-0.31466936856235345,-0.2776533186528795,-0.41918784567458656,-0.4280772356911111,-0.29032921275390144,-0.34825885145884805,-0.3543871544610751,-0.48874698383913695,-0.34445588335372224,-0.4727465724831088,-0.37385124269307235,0.07043263174496261,106,-0.11548062716603619,-0.14309753889557922,-0.09126426783224736,-0.09480298224503718,-0.10656584675965042,-0.09113738406864548,-0.11986825662425947,-0.09936550579751724,-0.0962776966039781,-0.1379980448675462,-0.10958581508604967,0.01804440257544961
0.007567095756530762,0.0007963718753746307,0.002588772773742676,0.0004878096502149702,friedman_mse,10,2,5,42,random,"{'criterion': 'friedman_mse', 'max_depth': 10, 'min_samples_leaf': 2, 'min_samples_split': 5, 'random_state': 42, 'splitter': 'random'}",-0.23456055331020986,-0.23569252940201635,-0.3000321229886436,-0.2827885253688586,-0.28824586203197883,-0.3774012049082445,-0.33203199139000233,-0.2795318616848561,-0.2718193595101744,-0.3642403018948988,-0.2966344312489883,0.04593016616946241,8,-0.21515405824216863,-0.2155455407630652,-0.20092153088475959,-0.20981620678384896,-0.17026454476202432,-0.1657865526354154,-0.17397144983159504,-0.1908867955476123,-0.20709644945528463,-0.19116553287073834,-0.19406086617765123,0.01777493727243166
0.04497814178466797,0.006330847708523068,0.0021497011184692383,0.0005727522459439846,friedman_mse,10,2,10,42,best,"{'criterion': 'friedman_mse', 'max_depth': 10, 'min_samples_leaf': 2, 'min_samples_split': 10, 'random_state': 42, 'splitter': 'best'}",-0.3083172705977884,-0.3003017857207682,-0.4298505994310441,-0.4449523290772127,-0.31833562602504145,-0.3636143229071756,-0.34818797296126824,-0.4237495949379409,-0.29114330443352865,-0.4339478239432852,-0.3662400630035053,0.05839832644591109,83,-0.13384980785884854,-0.16092776907664177,-0.11524560123291229,-0.10912934126633254,-0.12143035540988995,-0.10902356799215995,-0.13411050936769822,-0.12490934585649055,-0.1260771134652702,-0.14767014219808655,-0.12823735537243308,0.01573988233071881
0.007103610038757324,0.0008227730795126486,0.002873730659484863,0.0003460255511185412,friedman_mse,10,2,10,42,random,"{'criterion': 'friedman_mse', 'max_depth': 10, 'min_samples_leaf': 2, 'min_samples_split': 10, 'random_state': 42, 'splitter': 'random'}",-0.2406610673777071,-0.2461097327389215,-0.2600287777397334,-0.27005677674282125,-0.25583670232838984,-0.3076871550157065,-0.35251367848802245,-0.35430754100520984,-0.2712516166406774,-0.4127729051816229,-0.29712259532588126,0.05486114546960038,9,-0.21941114802031292,-0.21146404632225643,-0.21767588236887847,-0.2222592275634171,-0.18986061135522217,-0.16943772304271937,-0.19178356613287204,-0.2035605591456994,-0.21983081645184233,-0.204077541846467,-0.20493611222496871,0.01612268583794752
0.04311213493347168,0.004614273910308707,0.0022392988204956053,0.0005091644316932954,friedman_mse,10,4,2,42,best,"{'criterion': 'friedman_mse', 'max_depth': 10, 'min_samples_leaf': 4, 'min_samples_split': 2, 'random_state': 42, 'splitter': 'best'}",-0.28518579983644193,-0.26222593121787285,-0.3804247754092527,-0.3795640375468699,-0.37010948530018095,-0.4126852399286998,-0.4556929774799825,-0.45371614349376993,-0.2935886910167352,-0.3919217147242528,-0.3685114795954058,0.06440470383478564,95,-0.13741520971704724,-0.15468519764891775,-0.11369825630076993,-0.11439744846689255,-0.12878206127781677,-0.11317624346615415,-0.10302983820084685,-0.11679971601890254,-0.1183675039953109,-0.14634449637038807,-0.12466959714630468,0.01574171414573941
0.007010841369628906,0.000989521455041693,0.0028068065643310548,0.0003117661877105349,friedman_mse,10,4,2,42,random,"{'criterion': 'friedman_mse', 'max_depth': 10, 'min_samples_leaf': 4, 'min_samples_split': 2, 'random_state': 42, 'splitter': 'random'}",-0.24585914682930665,-0.2207616644289992,-0.25275792317108325,-0.26368542622247754,-0.22491357282918079,-0.2850573052148227,-0.3929212349553298,-0.33854597112818197,-0.2535439633610002,-0.3392566160326855,-0.2817302824173068,0.05394750300380319,1,-0.2149471518502197,-0.23096378825906358,-0.21517601008571305,-0.21653181897826973,-0.19653891447146196,-0.2148291529634694,-0.18589319056135845,-0.18797500730197794,-0.22041473959087962,-0.2066963283877024,-0.20899661024501154,0.013832872849288956
0.042905664443969725,0.00391923157137193,0.0024341583251953126,0.0006585843121247248,friedman_mse,10,4,5,42,best,"{'criterion': 'friedman_mse', 'max_depth': 10, 'min_samples_leaf': 4, 'min_samples_split': 5, 'random_state': 42, 'splitter': 'best'}",-0.28518579983644193,-0.26222593121787285,-0.3804247754092527,-0.3795640375468699,-0.37010948530018095,-0.4126852399286998,-0.4556929774799825,-0.45371614349376993,-0.2935886910167352,-0.3919217147242528,-0.3685114795954058,0.06440470383478564,95,-0.13741520971704724,-0.15468519764891775,-0.11369825630076993,-0.11439744846689255,-0.12878206127781677,-0.11317624346615415,-0.10302983820084685,-0.11679971601890254,-0.1183675039953109,-0.14634449637038807,-0.12466959714630468,0.01574171414573941
0.006101083755493164,0.0010457623048391307,0.002437782287597656,0.00056428892781286,friedman_mse,10,4,5,42,random,"{'criterion': 'friedman_mse', 'max_depth': 10, 'min_samples_leaf': 4, 'min_samples_split': 5, 'random_state': 42, 'splitter': 'random'}",-0.24585914682930665,-0.2207616644289992,-0.25275792317108325,-0.26368542622247754,-0.22491357282918079,-0.2850573052148227,-0.3929212349553298,-0.33854597112818197,-0.2535439633610002,-0.3392566160326855,-0.2817302824173068,0.05394750300380319,1,-0.2149471518502197,-0.23096378825906358,-0.21517601008571305,-0.21653181897826973,-0.19653891447146196,-0.2148291529634694,-0.18589319056135845,-0.18797500730197794,-0.22041473959087962,-0.2066963283877024,-0.20899661024501154,0.013832872849288956
0.04340705871582031,0.004184731285783161,0.002484130859375,0.0007143370911982261,friedman_mse,10,4,10,42,best,"{'criterion': 'friedman_mse', 'max_depth': 10, 'min_samples_leaf': 4, 'min_samples_split': 10, 'random_state': 42, 'splitter': 'best'}",-0.2864609134018777,-0.2605021479868176,-0.36737019379489255,-0.37192557752532346,-0.3845974508970731,-0.3903568537575824,-0.4677944934416292,-0.45216708596658883,-0.29715022934235685,-0.39615328812602446,-0.3674478234240166,0.06468988317959898,87,-0.14051650309820962,-0.1583998522693789,-0.12133240867599725,-0.11875193533774235,-0.1307241674188641,-0.12066804490823269,-0.1064277929496331,-0.12395630439545703,-0.128263307731824,-0.14966902554634332,-0.12987093423316826,0.014792902476085853
0.0057414531707763675,0.0012952155533492698,0.002190899848937988,0.00039848183278070275,friedman_mse,10,4,10,42,random,"{'criterion': 'friedman_mse', 'max_depth': 10, 'min_samples_leaf': 4, 'min_samples_split': 10, 'random_state': 42, 'splitter': 'random'}",-0.23595785545080486,-0.21390633071713427,-0.2531848103210402,-0.27204535232906346,-0.26126090636761534,-0.26879556458998866,-0.3688158731748818,-0.3324130696354334,-0.261242319549468,-0.3540462774761194,-0.28216683596115494,0.048979839358074075,5,-0.2110260950296587,-0.23311993757763153,-0.21673738683536586,-0.22604206007853625,-0.19664286423735822,-0.2169954377484805,-0.17135840753933984,-0.2077798193069656,-0.22219834874803787,-0.1969433539946387,-0.20988437110960131,0.0169791565441317
0.08788259029388427,0.00992018286464961,0.0030190229415893556,0.0002943364227452971,friedman_mse,20,1,2,42,best,"{'criterion': 'friedman_mse', 'max_depth': 20, 'min_samples_leaf': 1, 'min_samples_split': 2, 'random_state': 42, 'splitter': 'best'}",-0.4536066015139573,-0.3792338443376341,-0.6809225030216384,-0.611730130389862,-0.43689883641655186,-0.5168457412581862,-0.5425640492926374,-0.5729671232916981,-0.37932368117357335,-0.6629871507991082,-0.5237079661494847,0.10433682465579165,319,-0.007222672550190586,-0.020787941343065323,-0.0037752693336560988,-0.004518150578157597,-0.004983990670233081,-0.004790200234027978,-0.0068488203376410066,-0.0065145118028536566,-0.004513221554323106,-0.019975759382018298,-0.008393053778616672,0.00609155027023163
0.01740574836730957,0.0029327097418129183,0.002144265174865723,0.0005858522996178592,friedman_mse,20,1,2,42,random,"{'criterion': 'friedman_mse', 'max_depth': 20, 'min_samples_leaf': 1, 'min_samples_split': 2, 'random_state': 42, 'splitter': 'random'}",-0.4423474701777204,-0.4587132427885183,-0.49576699210685804,-0.36069578407631325,-0.406034764109269,-0.6195988608936096,-0.508164837922354,-0.4394057264455596,-0.4218625888663377,-0.538448007762205,-0.46910382751487445,0.07025784416851322,264,-0.0307200395240256,-0.07750095249801998,-0.03693010894375462,-0.04147385655145444,-0.06472459299672889,-0.013319627662420617,-0.041440967466411405,-0.06900264806724236,-0.05362716040045691,-0.03901384114888683,-0.046775379525940165,0.018433739909897114
0.07497973442077636,0.005243846649047195,0.002767634391784668,0.0004226877265638554,friedman_mse,20,1,5,42,best,"{'criterion': 'friedman_mse', 'max_depth': 20, 'min_samples_leaf': 1, 'min_samples_split': 5, 'random_state': 42, 'splitter': 'best'}",-0.4623559730056615,-0.33696649923544447,-0.604557536482309,-0.6232220676054365,-0.3594752901407151,-0.47344799155501016,-0.5824931412412685,-0.54871763793582,-0.3807292159045584,-0.621304822702533,-0.49932701758087567,0.10615061575316999,289,-0.02420739081505773,-0.04549171360123915,-0.026564830003442046,-0.02177497611125956,-0.023136335087646256,-0.018641324006852682,-0.02214038944711387,-0.02061608223791157,-0.02692350883146795,-0.03270262763134253,-0.026219917777333335,0.007435311071000996
0.012947607040405273,0.0020616486749875152,0.002649807929992676,0.00042351979343031344,friedman_mse,20,1,5,42,random,"{'criterion': 'friedman_mse', 'max_depth': 20, 'min_samples_leaf': 1, 'min_samples_split': 5, 'random_state': 42, 'splitter': 'random'}",-0.3688534339403173,-0.4023618364154677,-0.46174811583444675,-0.3955058795371467,-0.3821256966076611,-0.4756306802407757,-0.44181147986924946,-0.46924704919364113,-0.30694741886305804,-0.41531812735301976,-0.41195497178547835,0.049855563722281,149,-0.08639367663285309,-0.06974470742600229,-0.0725112042142067,-0.11113314036534369,-0.07964537677917512,-0.04849861419613723,-0.09115348482263687,-0.05575287079008662,-0.0948357621889137,-0.0760521368305902,-0.07857209742459455,0.017582626616858932
0.07488579750061035,0.019093861481575495,0.0026610374450683595,0.0006537321776237103,friedman_mse,20,1,10,42,best,"{'criterion': 'friedman_mse', 'max_depth': 20, 'min_samples_leaf': 1, 'min_samples_split': 10, 'random_state': 42, 'splitter': 'best'}",-0.35648253014826486,-0.3082444804440819,-0.5120581816098627,-0.5648892447904125,-0.4179577041286135,-0.4836748995446359,-0.5193618255517163,-0.5172198450955411,-0.3507613077459369,-0.577057080376956,-0.4607707099436021,0.09067133877647299,249,-0.06445267606352274,-0.0786449071967249,-0.05883227212843359,-0.055599285791416896,-0.061363074364961405,-0.058026925164610145,-0.054501527223322556,-0.06530272698153744,-0.07118256287087761,-0.06368821326209062,-0.06315941710474979,0.00700803353149654
0.010680031776428223,0.0013147260444833235,0.002441072463989258,0.0004699769441543205,friedman_mse,20,1,10,42,random,"{'criterion': 'friedman_mse', 'max_depth': 20, 'min_samples_leaf': 1, 'min_samples_split': 10, 'random_state': 42, 'splitter': 'random'}",-0.28501548601413246,-0.2859833766098731,-0.3725650322412427,-0.2626777142095836,-0.36838611537199367,-0.38538426454432745,-0.5326175493386707,-0.40649588803193937,-0.3003097090391031,-0.470724030189786,-0.3670159165590652,0.08290629036951959,85,-0.1275428293333104,-0.11850684835711173,-0.13420234798154673,-0.12584855740589482,-0.12428912802904439,-0.10966208008626757,-0.11765100708748198,-0.13970763020690227,-0.14897880372648079,-0.11517097647991148,-0.1261560208693952,0.011394465128726387
0.07438540458679199,0.00347748696900974,0.002809023857116699,0.00034695617378859727,friedman_mse,20,2,2,42,best,"{'criterion': 'friedman_mse', 'max_depth': 20, 'min_samples_leaf': 2, 'min_samples_split': 2, 'random_state': 42, 'splitter': 'best'}",-0.3959584441860918,-0.39413323370509035,-0.5374072624908763,-0.5794789708099652,-0.3419482128605469,-0.39226986250769397,-0.4221616849913568,-0.490786056421898,-0.39200435642659426,-0.6240387753603488,-0.4570186859760462,0.0900295623021658,241,-0.02928364663045484,-0.04140986622216627,-0.029124279596500744,-0.027361346280963702,-0.027089335553224878,-0.025395446993990996,-0.030539728392953595,-0.023403785034296902,-0.025438868972123614,-0.03551011159685134,-0.029455641527352694,0.005100047138472886
0.014038729667663574,0.0013016764032651065,0.0025243043899536135,0.0006866498129928251,friedman_mse,20,2,2,42,random,"{'criterion': 'friedman_mse', 'max_depth': 20, 'min_samples_leaf': 2, 'min_samples_split': 2, 'random_state': 42, 'splitter': 'random'}",-0.36584134400261265,-0.37626649025386966,-0.5426825601351204,-0.44471736236534926,-0.3160481767479274,-0.4808628431404267,-0.4288871560734044,-0.43796378043435163,-0.37501669558103956,-0.4327746719935817,-0.4201061080727683,0.06132394473014599,163,-0.07189191628373998,-0.08648797103953385,-0.06882443536732497,-0.06739279511020213,-0.09073934352252236,-0.06416443562019078,-0.0650105930076891,-0.0899536768792594,-0.09794338084812125,-0.07143559096704304,-0.07738441386456268,0.011867718246139056
0.0728679895401001,0.00521285414261183,0.0028123855590820312,0.0004798479277803158,friedman_mse,20,2,5,42,best,"{'criterion': 'friedman_mse', 'max_depth': 20, 'min_samples_leaf': 2, 'min_samples_split': 5, 'random_state': 42, 'splitter': 'best'}",-0.40160898638054215,-0.39273072161182915,-0.5298375755098769,-0.5494067345081982,-0.33783078927691146,-0.4201193811000055,-0.425772534570676,-0.578114358801839,-0.4031626181556315,-0.6493227040647427,-0.4687906403980252,0.09525998059812896,263,-0.035023509491925314,-0.04751129775186522,-0.03424211144088553,-0.032339781940420524,-0.035237144841629285,-0.03357094925942334,-0.039081352109150716,-0.03053699212105666,-0.03362086650367199,-0.04084684933679162,-0.03620108547968202,0.004738355943350242
0.011948537826538087,0.0014287194264692264,0.002279353141784668,0.0005781891517926455,friedman_mse,20,2,5,42,random,"{'criterion': 'friedman_mse', 'max_depth': 20, 'min_samples_leaf': 2, 'min_samples_split': 5, 'random_state': 42, 'splitter': 'random'}",-0.33844806221348916,-0.4328212504916435,-0.3395455631642348,-0.3424259097440381,-0.33840515450438813,-0.4275009197796773,-0.5246309997837489,-0.43697805984155524,-0.39674789589039144,-0.5358872128054657,-0.41133910282186326,0.07104648983959003,148,-0.07938097867116924,-0.09351024875020889,-0.10199283723933057,-0.10997104018402362,-0.08495425148129405,-0.08871901570365921,-0.06304524630620122,-0.12781710398363366,-0.11467871420792686,-0.06993249277430612,-0.09340019293017535,0.01935892381363423
0.06962547302246094,0.006837585282686264,0.0029013872146606444,0.0006890368217871727,friedman_mse,20,2,10,42,best,"{'criterion': 'friedman_mse', 'max_depth': 20, 'min_samples_leaf': 2, 'min_samples_split': 10, 'random_state': 42, 'splitter': 'best'}",-0.37472293806182094,-0.39950650705398694,-0.5214338269746999,-0.48376197394839626,-0.3879848678376201,-0.3728698907535829,-0.4078808916490621,-0.4594291255707049,-0.3099177677036987,-0.5816905338617994,-0.42991983234153724,0.07684402816996633,199,-0.074701109293633,-0.08649871871323449,-0.07415790933769222,-0.0724306773297683,-0.07214122400873221,-0.06578378998353004,-0.06988310595828155,-0.07069524689471526,-0.0828884244384018,-0.06743383120796095,-0.07366140371659499,0.006156303962166422
0.010550761222839355,0.0023476859316921583,0.002425384521484375,0.0006321856421116764,friedman_mse,20,2,10,42,random,"{'criterion': 'friedman_mse', 'max_depth': 20, 'min_samples_leaf': 2, 'min_samples_split': 10, 'random_state': 42, 'splitter': 'random'}",-0.31772488183353836,-0.30650110287404214,-0.3787220496003983,-0.30666719749094784,-0.3297078070040433,-0.38633770908820375,-0.45885150372082556,-0.42695650303135835,-0.36614383794716104,-0.4759999141097989,-0.3753612506700318,0.059029104798983247,108,-0.12756634805242395,-0.13762395946732442,-0.12420453409856107,-0.12066624245240772,-0.13677258826862,-0.11443654145601699,-0.12591248759328336,-0.12537995104684999,-0.13024775233877436,-0.1362609166326481,-0.127907132140691,0.007115863812507003
0.0617868185043335,0.0034134325056350465,0.0029842376708984373,0.000445321050688651,friedman_mse,20,4,2,42,best,"{'criterion': 'friedman_mse', 'max_depth': 20, 'min_samples_leaf': 4, 'min_samples_split': 2, 'random_state': 42, 'splitter': 'best'}",-0.36808875617463954,-0.36450152487158594,-0.4331023447784608,-0.4418220965634663,-0.4075266721524583,-0.4264098405521077,-0.5369186856775611,-0.4664479782136469,-0.33676614140773187,-0.4516165263918302,-0.4233200566783489,0.05501277052845281,168,-0.08247718688365219,-0.08600638508320156,-0.07728504328490902,-0.08503967427462543,-0.09078470327387854,-0.06914693849148051,-0.07724490442887323,-0.07423854355718384,-0.07844815340946419,-0.07176809094256331,-0.07924396236298317,0.006436790734751391
0.010592818260192871,0.0007689689209751533,0.0027139902114868162,0.0004227644006093576,friedman_mse,20,4,2,42,random,"{'criterion': 'friedman_mse', 'max_depth': 20, 'min_samples_leaf': 4, 'min_samples_split': 2, 'random_state': 42, 'splitter': 'random'}",-0.3539111710967138,-0.24707480245370342,-0.3228793544492451,-0.2953672568808163,-0.28804029901730277,-0.30678729977549196,-0.3798049012099739,-0.3929219516093632,-0.3173746670904509,-0.4192522962659885,-0.332341399984905,0.050505602657922644,27,-0.14920325357493786,-0.1425048713103403,-0.147009451839717,-0.14249680373116386,-0.1364486963457949,-0.15296465452431363,-0.13716414551414702,-0.13934714094635364,-0.14286487781114976,-0.13999363777592835,-0.14299975333738463,0.005037116092552225
0.06085062026977539,0.004845585163194357,0.0031202554702758787,0.0005393763180322414,friedman_mse,20,4,5,42,best,"{'criterion': 'friedman_mse', 'max_depth': 20, 'min_samples_leaf': 4, 'min_samples_split': 5, 'random_state': 42, 'splitter': 'best'}",-0.36808875617463954,-0.36450152487158594,-0.4331023447784608,-0.4418220965634663,-0.4075266721524583,-0.4264098405521077,-0.5369186856775611,-0.4664479782136469,-0.33676614140773187,-0.4516165263918302,-0.4233200566783489,0.05501277052845281,168,-0.08247718688365219,-0.08600638508320156,-0.07728504328490902,-0.08503967427462543,-0.09078470327387854,-0.06914693849148051,-0.07724490442887323,-0.07423854355718384,-0.07844815340946419,-0.07176809094256331,-0.07924396236298317,0.006436790734751391
0.010416698455810548,0.0006703787350261041,0.0025002717971801757,0.0005235309085575748,friedman_mse,20,4,5,42,random,"{'criterion': 'friedman_mse', 'max_depth': 20, 'min_samples_leaf': 4, 'min_samples_split': 5, 'random_state': 42, 'splitter': 'random'}",-0.3539111710967138,-0.24707480245370342,-0.3228793544492451,-0.2953672568808163,-0.28804029901730277,-0.30678729977549196,-0.3798049012099739,-0.3929219516093632,-0.3173746670904509,-0.4192522962659885,-0.332341399984905,0.050505602657922644,27,-0.14920325357493786,-0.1425048713103403,-0.147009451839717,-0.14249680373116386,-0.1364486963457949,-0.15296465452431363,-0.13716414551414702,-0.13934714094635364,-0.14286487781114976,-0.13999363777592835,-0.14299975333738463,0.005037116092552225
0.0601938009262085,0.004347221389414057,0.0030208110809326174,0.00048628433188172514,friedman_mse,20,4,10,42,best,"{'criterion': 'friedman_mse', 'max_depth': 20, 'min_samples_leaf': 4, 'min_samples_split': 10, 'random_state': 42, 'splitter': 'best'}",-0.34690609473897654,-0.36919377739008824,-0.4295892741220357,-0.40472445446411986,-0.4070701214509882,-0.4198358766995019,-0.5406204241081731,-0.46289679233811953,-0.32586151135280317,-0.4576958627798594,-0.41643941894446657,0.059128820090927826,153,-0.09162556272843894,-0.09836577374197619,-0.08827785643183828,-0.09368219198819719,-0.09685162459179424,-0.08092800738641834,-0.08338939774794756,-0.08526524003195507,-0.0930245408052182,-0.08302297345950865,-0.08944331689132927,0.005824470362232875
0.009656286239624024,0.00045613843775335383,0.002722620964050293,0.0004469511367007704,friedman_mse,20,4,10,42,random,"{'criterion': 'friedman_mse', 'max_depth': 20, 'min_samples_leaf': 4, 'min_samples_split': 10, 'random_state': 42, 'splitter': 'random'}",-0.3149818373925024,-0.303320140954885,-0.3917710197793102,-0.293558209374642,-0.3406782565286335,-0.34227047931380195,-0.44119213895544607,-0.38348091711485677,-0.31501789087646354,-0.41915384143535267,-0.3545424731725894,0.04870221176039422,56,-0.15003669148772544,-0.14424197923271995,-0.15064173092251187,-0.1503251418586127,-0.1467283054708326,-0.14886405007628165,-0.14559479009877851,-0.16160774198234765,-0.16565526230426258,-0.1516214161848388,-0.15153171096189116,0.0065120537797436215
0.08950519561767578,0.006021919626094078,0.0026895284652709963,0.0004547779250404318,friedman_mse,50,1,2,42,best,"{'criterion': 'friedman_mse', 'max_depth': 50, 'min_samples_leaf': 1, 'min_samples_split': 2, 'random_state': 42, 'splitter': 'best'}",-0.42947587440760154,-0.3882018421502551,-0.6438911023472021,-0.5869310890903289,-0.4593204213028283,-0.4727551008783594,-0.5584476340192225,-0.5805012206989125,-0.3940223931100227,-0.6436809283436331,-0.5157227606348366,0.09350467335587642,311,-0.00436120863121915,-0.0031404477416414577,-0.0032239247054214513,-0.004518150578157597,-0.004798790434360046,-0.0047721452160660255,-0.003954292365871495,-0.0033404941649332353,-0.0042993539581678095,-0.00491849764827409,-0.004132730544411235,0.0006456363465294491
0.02390012741088867,0.0010518997837345872,0.003061819076538086,0.0005983019382654366,friedman_mse,50,1,2,42,random,"{'criterion': 'friedman_mse', 'max_depth': 50, 'min_samples_leaf': 1, 'min_samples_split': 2, 'random_state': 42, 'splitter': 'random'}",-0.4563991226293495,-0.379529859343191,-0.5700107522097629,-0.42644066513643253,-0.4049985647179234,-0.5402119150996391,-0.5686175930144788,-0.5450224903699726,-0.5854039222321624,-0.6590702425224163,-0.5135705127275328,0.08652157293510995,303,-0.00436120863121915,-0.0031404477416414577,-0.0032239247054214513,-0.004518150578157597,-0.004798790434360046,-0.0047721452160660255,-0.003954292365871495,-0.0033404941649332353,-0.0042993539581678095,-0.00491849764827409,-0.004132730544411235,0.0006456363465294491
0.08170173168182374,0.005682399796727187,0.002664995193481445,0.0005767984638691214,friedman_mse,50,1,5,42,best,"{'criterion': 'friedman_mse', 'max_depth': 50, 'min_samples_leaf': 1, 'min_samples_split': 5, 'random_state': 42, 'splitter': 'best'}",-0.45716434295390196,-0.36979446126050886,-0.5891401887023417,-0.6232220676054365,-0.39666504953626697,-0.4784739796127438,-0.6086831310346091,-0.5560325694025652,-0.4019657213523185,-0.6571784743815117,-0.5138319985842206,0.10020665203307912,307,-0.021612614629400787,-0.030540247761923395,-0.025988666678024297,-0.02177497611125956,-0.02273922780058547,-0.018639112612701205,-0.01993345574332337,-0.018001264161482112,-0.026683083674139005,-0.021141577666075936,-0.022705422683891512,0.0037261301922298694
0.01734328269958496,0.0012902319620611254,0.002865123748779297,0.0005151954941219278,friedman_mse,50,1,5,42,random,"{'criterion': 'friedman_mse', 'max_depth': 50, 'min_samples_leaf': 1, 'min_samples_split': 5, 'random_state': 42, 'splitter': 'random'}",-0.39169348282073085,-0.40962537964247986,-0.41853669612110456,-0.3751376767948909,-0.36075327761392,-0.41461160849057527,-0.4423679604029119,-0.4743670230671726,-0.47235780999014676,-0.4822046655901628,-0.4241655580534095,0.0404428122655861,189,-0.05428354873814144,-0.03938157752478002,-0.046140084946666646,-0.04597874404861848,-0.04754451135475236,-0.04628004722262694,-0.05119691283223205,-0.039174939672150653,-0.04389168065652976,-0.04792002612592163,-0.046179207312241996,0.00443062549503495
0.07516059875488282,0.007612264292312609,0.0026676177978515623,0.00044712338905638174,friedman_mse,50,1,10,42,best,"{'criterion': 'friedman_mse', 'max_depth': 50, 'min_samples_leaf': 1, 'min_samples_split': 10, 'random_state': 42, 'splitter': 'best'}",-0.38071657092163735,-0.3272044269357014,-0.5147717844470522,-0.5648892447904125,-0.4179577041286135,-0.4836748995446359,-0.4859109372616992,-0.5216388008248678,-0.36156894841504467,-0.5846253422249666,-0.46429586594946304,0.08352041998329661,253,-0.06225123469294157,-0.07145352230210705,-0.058468511919103724,-0.055599285791416896,-0.061363074364961405,-0.058026925164610145,-0.053340536727422526,-0.06442402581265141,-0.07111474413946593,-0.05546396376272686,-0.06115058246774076,0.005987563656749891
0.012816858291625977,0.000582774797945219,0.0025360584259033203,0.00047792547721514476,friedman_mse,50,1,10,42,random,"{'criterion': 'friedman_mse', 'max_depth': 50, 'min_samples_leaf': 1, 'min_samples_split': 10, 'random_state': 42, 'splitter': 'random'}",-0.3566386757698622,-0.260958064549694,-0.3709697135232522,-0.3303820237083058,-0.33321214711735947,-0.39233700835475194,-0.5173837054063987,-0.45151781463257706,-0.3190844292569338,-0.4360938064893642,-0.37685773888084995,0.07095709451507358,109,-0.10591384385058074,-0.09862829831161697,-0.10451926311307105,-0.10900725309746985,-0.09348776112213816,-0.10062348220831228,-0.09293776350841063,-0.09583633730921388,-0.10160135296703376,-0.10630378867568717,-0.10088591441635346,0.005318574602766499
0.07719027996063232,0.006478374587405775,0.002680540084838867,0.00048114793822148506,friedman_mse,50,2,2,42,best,"{'criterion': 'friedman_mse', 'max_depth': 50, 'min_samples_leaf': 2, 'min_samples_split': 2, 'random_state': 42, 'splitter': 'best'}",-0.40889173968209463,-0.47403390138674356,-0.5484620044313941,-0.5794789708099652,-0.36091574683218963,-0.39226986250769397,-0.44397104132247783,-0.5247815949581482,-0.39200435642659426,-0.6425419319965519,-0.47673511503538524,0.08883283311724356,277,-0.027461506572646576,-0.03423591198947497,-0.028874001342560247,-0.027361346280963702,-0.026864987917181414,-0.025395446993990996,-0.02727514041955811,-0.02214242449866855,-0.025438868972123614,-0.022640794784715115,-0.02676904297718833,0.003215350869613177
0.01983942985534668,0.008313296767581657,0.004506993293762207,0.005604982563768706,friedman_mse,50,2,2,42,random,"{'criterion': 'friedman_mse', 'max_depth': 50, 'min_samples_leaf': 2, 'min_samples_split': 2, 'random_state': 42, 'splitter': 'random'}",-0.3888581535692062,-0.36976599765295837,-0.47581582285487617,-0.5467222699977257,-0.30962914269776753,-0.40546096925739195,-0.45118458721542715,-0.4806154345886852,-0.4409637016215016,-0.6278842921438974,-0.44969003715994377,0.0863408367878476,227,-0.05937677404897577,-0.0573245866858818,-0.05767300744273313,-0.05862015156265883,-0.05461292938625199,-0.05699028727956069,-0.05154287042914104,-0.05966717381632096,-0.06393167555271823,-0.060676712697145224,-0.05804161689013877,0.0031959537862638497
0.07846338748931884,0.007879081672414068,0.002853798866271973,0.0005394475867610948,friedman_mse,50,2,5,42,best,"{'criterion': 'friedman_mse', 'max_depth': 50, 'min_samples_leaf': 2, 'min_samples_split': 5, 'random_state': 42, 'splitter': 'best'}",-0.4345811148344451,-0.4321585702426464,-0.5247289303831885,-0.5494067345081982,-0.3591940810414338,-0.4201193811000055,-0.4353079452344692,-0.5544797940885319,-0.4031626181556315,-0.6355043605168313,-0.47486435301053814,0.08167978225336604,273,-0.03331179285116055,-0.041427591842440915,-0.03369130211069793,-0.032339781940420524,-0.03428657575140625,-0.03357094925942334,-0.03595256237203807,-0.029371963963108375,-0.03362086650367199,-0.028738623279140577,-0.033631200987350854,0.00332351464137141
0.015511059761047363,0.0016754798071394893,0.0028872966766357424,0.0005359806918827077,friedman_mse,50,2,5,42,random,"{'criterion': 'friedman_mse', 'max_depth': 50, 'min_samples_leaf': 2, 'min_samples_split': 5, 'random_state': 42, 'splitter': 'random'}",-0.3877578477368177,-0.32070025320739376,-0.3708751966468199,-0.4559210548162948,-0.3266016716441688,-0.3000365234326999,-0.5246309997837489,-0.4821081592027551,-0.3682504965912467,-0.5373380698475723,-0.4074220272909518,0.08208976632213724,141,-0.07529878779712997,-0.07339131176409758,-0.06887964977344509,-0.06853709883800155,-0.072092665715057,-0.0693330507692277,-0.06304524630620122,-0.07224526354386873,-0.07367456778468025,-0.07059886020650714,-0.07070965024982163,0.0033171122624189777
0.07059204578399658,0.00762399399936495,0.0029983758926391602,0.00044632617029088906,friedman_mse,50,2,10,42,best,"{'criterion': 'friedman_mse', 'max_depth': 50, 'min_samples_leaf': 2, 'min_samples_split': 10, 'random_state': 42, 'splitter': 'best'}",-0.37872694250818595,-0.42597353493150886,-0.5242923791086308,-0.48376197394839626,-0.3879848678376201,-0.3728698907535829,-0.40424338036139235,-0.4506344185297345,-0.3099177677036987,-0.6012272702432292,-0.433963242592598,0.0800788939187045,203,-0.07319195032073691,-0.08397585163349691,-0.07331146207257683,-0.0724306773297683,-0.07214122400873221,-0.06578378998353004,-0.0683249040872951,-0.07030892804312486,-0.0828884244384018,-0.05893846562433608,-0.07212956775419992,0.00700548383863231
0.011206746101379395,0.0005000445029430959,0.0027866125106811523,0.00039767920898331114,friedman_mse,50,2,10,42,random,"{'criterion': 'friedman_mse', 'max_depth': 50, 'min_samples_leaf': 2, 'min_samples_split': 10, 'random_state': 42, 'splitter': 'random'}",-0.3560021897305666,-0.29827016737942197,-0.36735644677339463,-0.341849617817414,-0.3029111643489034,-0.39141338432062495,-0.42273738019476315,-0.461545440223832,-0.29558223275860335,-0.42188588687451944,-0.3659553910422043,0.05507117620425669,79,-0.11363978476798527,-0.11525924429894749,-0.12290287171063041,-0.10757031731163275,-0.12987416644106559,-0.12276257304687506,-0.11800547691440688,-0.11617113137716198,-0.12459925290059884,-0.12100697517080544,-0.11917917939401097,0.006041934871361296
0.0655815839767456,0.007966021366876137,0.0035433053970336916,0.0009027260896254117,friedman_mse,50,4,2,42,best,"{'criterion': 'friedman_mse', 'max_depth': 50, 'min_samples_leaf': 4, 'min_samples_split': 2, 'random_state': 42, 'splitter': 'best'}",-0.36808875617463954,-0.36450152487158594,-0.4331023447784608,-0.4418220965634663,-0.4075266721524583,-0.4264098405521077,-0.5369186856775611,-0.4664479782136469,-0.33676614140773187,-0.4529836273037022,-0.42345676676953603,0.055084570924779926,170,-0.08247718688365219,-0.08600638508320156,-0.07728504328490902,-0.08503967427462543,-0.09078470327387854,-0.06914693849148051,-0.07724490442887323,-0.07423854355718384,-0.07844815340946419,-0.07154461721446043,-0.07922161499017288,0.006463041217573415
0.01124420166015625,0.0005177954062387262,0.003478670120239258,0.0018771090473658231,friedman_mse,50,4,2,42,random,"{'criterion': 'friedman_mse', 'max_depth': 50, 'min_samples_leaf': 4, 'min_samples_split': 2, 'random_state': 42, 'splitter': 'random'}",-0.40744815738649476,-0.3691489010115234,-0.3503080829568402,-0.3881054948156502,-0.29587036134703093,-0.25460208434007975,-0.3798476829566257,-0.3929219516093632,-0.34173003004910524,-0.3998700891467442,-0.35798528356194576,0.04669135220460697,58,-0.14413945885807714,-0.1334794259254179,-0.14128427974103555,-0.14183271266675324,-0.13140146522018034,-0.1427004815553859,-0.13637677662918352,-0.13934714094635364,-0.13811349136259596,-0.13132111481660327,-0.13799963477215865,0.004453200444842557
0.07079222202301025,0.01775195442609112,0.003321266174316406,0.00045383979732667126,friedman_mse,50,4,5,42,best,"{'criterion': 'friedman_mse', 'max_depth': 50, 'min_samples_leaf': 4, 'min_samples_split': 5, 'random_state': 42, 'splitter': 'best'}",-0.36808875617463954,-0.36450152487158594,-0.4331023447784608,-0.4418220965634663,-0.4075266721524583,-0.4264098405521077,-0.5369186856775611,-0.4664479782136469,-0.33676614140773187,-0.4529836273037022,-0.42345676676953603,0.055084570924779926,170,-0.08247718688365219,-0.08600638508320156,-0.07728504328490902,-0.08503967427462543,-0.09078470327387854,-0.06914693849148051,-0.07724490442887323,-0.07423854355718384,-0.07844815340946419,-0.07154461721446043,-0.07922161499017288,0.006463041217573415
0.011477041244506835,0.002578317998866969,0.002688169479370117,0.00045622678142594625,friedman_mse,50,4,5,42,random,"{'criterion': 'friedman_mse', 'max_depth': 50, 'min_samples_leaf': 4, 'min_samples_split': 5, 'random_state': 42, 'splitter': 'random'}",-0.40744815738649476,-0.3691489010115234,-0.3503080829568402,-0.3881054948156502,-0.29587036134703093,-0.25460208434007975,-0.3798476829566257,-0.3929219516093632,-0.34173003004910524,-0.3998700891467442,-0.35798528356194576,0.04669135220460697,58,-0.14413945885807714,-0.1334794259254179,-0.14128427974103555,-0.14183271266675324,-0.13140146522018034,-0.1427004815553859,-0.13637677662918352,-0.13934714094635364,-0.13811349136259596,-0.13132111481660327,-0.13799963477215865,0.004453200444842557
0.059013652801513675,0.00464724768291253,0.0028877973556518553,0.00029853233815689046,friedman_mse,50,4,10,42,best,"{'criterion': 'friedman_mse', 'max_depth': 50, 'min_samples_leaf': 4, 'min_samples_split': 10, 'random_state': 42, 'splitter': 'best'}",-0.34690609473897654,-0.36919377739008824,-0.4295892741220357,-0.40472445446411986,-0.4070701214509882,-0.4198358766995019,-0.5406204241081731,-0.46289679233811953,-0.32586151135280317,-0.4576958627798594,-0.41643941894446657,0.059128820090927826,153,-0.09162556272843894,-0.09836577374197619,-0.08827785643183828,-0.09368219198819719,-0.09685162459179424,-0.08092800738641834,-0.08338939774794756,-0.08526524003195507,-0.0930245408052182,-0.08302297345950865,-0.08944331689132927,0.005824470362232875
0.017731785774230957,0.013009733969541406,0.0026876449584960936,0.00045603936253495913,friedman_mse,50,4,10,42,random,"{'criterion': 'friedman_mse', 'max_depth': 50, 'min_samples_leaf': 4, 'min_samples_split': 10, 'random_state': 42, 'splitter': 'random'}",-0.2936267801247407,-0.26064388706553693,-0.33220443593331955,-0.360629358031512,-0.3102193763438095,-0.2846825758210117,-0.388180043522665,-0.41370891331015225,-0.32283761723910465,-0.48997687652620636,-0.3456709863918058,0.06565168914808178,34,-0.15197148255376053,-0.15032158682567048,-0.13984595346361983,-0.14780033150823194,-0.14779536274832053,-0.1549446758573903,-0.14487706224299016,-0.14285419761127618,-0.14378192713683421,-0.14903818475308353,-0.14732307647011775,0.004318343602845724
0.08386869430541992,0.010327145812843304,0.0023880243301391602,0.000488379662834234,friedman_mse,100,1,2,42,best,"{'criterion': 'friedman_mse', 'max_depth': 100, 'min_samples_leaf': 1, 'min_samples_split': 2, 'random_state': 42, 'splitter': 'best'}",-0.42947587440760154,-0.3882018421502551,-0.6438911023472021,-0.5869310890903289,-0.4593204213028283,-0.4727551008783594,-0.5584476340192225,-0.5805012206989125,-0.3940223931100227,-0.6436809283436331,-0.5157227606348366,0.09350467335587642,311,-0.00436120863121915,-0.0031404477416414577,-0.0032239247054214513,-0.004518150578157597,-0.004798790434360046,-0.0047721452160660255,-0.003954292365871495,-0.0033404941649332353,-0.0042993539581678095,-0.00491849764827409,-0.004132730544411235,0.0006456363465294491
0.024381518363952637,0.0010559176888450667,0.003087425231933594,0.0002983785456584678,friedman_mse,100,1,2,42,random,"{'criterion': 'friedman_mse', 'max_depth': 100, 'min_samples_leaf': 1, 'min_samples_split': 2, 'random_state': 42, 'splitter': 'random'}",-0.4563991226293495,-0.379529859343191,-0.5700107522097629,-0.42644066513643253,-0.4049985647179234,-0.5402119150996391,-0.5686175930144788,-0.5450224903699726,-0.5854039222321624,-0.6590702425224163,-0.5135705127275328,0.08652157293510995,303,-0.00436120863121915,-0.0031404477416414577,-0.0032239247054214513,-0.004518150578157597,-0.004798790434360046,-0.0047721452160660255,-0.003954292365871495,-0.0033404941649332353,-0.0042993539581678095,-0.00491849764827409,-0.004132730544411235,0.0006456363465294491
0.0815314531326294,0.005071833151147287,0.0031390666961669924,0.00032230445754174357,friedman_mse,100,1,5,42,best,"{'criterion': 'friedman_mse', 'max_depth': 100, 'min_samples_leaf': 1, 'min_samples_split': 5, 'random_state': 42, 'splitter': 'best'}",-0.45716434295390196,-0.36979446126050886,-0.5891401887023417,-0.6232220676054365,-0.39666504953626697,-0.4784739796127438,-0.6086831310346091,-0.5560325694025652,-0.4019657213523185,-0.6571784743815117,-0.5138319985842206,0.10020665203307912,307,-0.021612614629400787,-0.030540247761923395,-0.025988666678024297,-0.02177497611125956,-0.02273922780058547,-0.018639112612701205,-0.01993345574332337,-0.018001264161482112,-0.026683083674139005,-0.021141577666075936,-0.022705422683891512,0.0037261301922298694
0.015657901763916016,0.0023466335294931424,0.002488565444946289,0.0004971066687449052,friedman_mse,100,1,5,42,random,"{'criterion': 'friedman_mse', 'max_depth': 100, 'min_samples_leaf': 1, 'min_samples_split': 5, 'random_state': 42, 'splitter': 'random'}",-0.39169348282073085,-0.40962537964247986,-0.41853669612110456,-0.3751376767948909,-0.36075327761392,-0.41461160849057527,-0.4423679604029119,-0.4743670230671726,-0.47235780999014676,-0.4822046655901628,-0.4241655580534095,0.0404428122655861,189,-0.05428354873814144,-0.03938157752478002,-0.046140084946666646,-0.04597874404861848,-0.04754451135475236,-0.04628004722262694,-0.05119691283223205,-0.039174939672150653,-0.04389168065652976,-0.04792002612592163,-0.046179207312241996,0.00443062549503495
0.07237915992736817,0.008622440441180464,0.002919459342956543,0.0006791474857014516,friedman_mse,100,1,10,42,best,"{'criterion': 'friedman_mse', 'max_depth': 100, 'min_samples_leaf': 1, 'min_samples_split': 10, 'random_state': 42, 'splitter': 'best'}",-0.38071657092163735,-0.3272044269357014,-0.5147717844470522,-0.5648892447904125,-0.4179577041286135,-0.4836748995446359,-0.4859109372616992,-0.5216388008248678,-0.36156894841504467,-0.5846253422249666,-0.46429586594946304,0.08352041998329661,253,-0.06225123469294157,-0.07145352230210705,-0.058468511919103724,-0.055599285791416896,-0.061363074364961405,-0.058026925164610145,-0.053340536727422526,-0.06442402581265141,-0.07111474413946593,-0.05546396376272686,-0.06115058246774076,0.005987563656749891
0.014379644393920898,0.0016500627390258818,0.0027873039245605467,0.0003987325004780073,friedman_mse,100,1,10,42,random,"{'criterion': 'friedman_mse', 'max_depth': 100, 'min_samples_leaf': 1, 'min_samples_split': 10, 'random_state': 42, 'splitter': 'random'}",-0.3566386757698622,-0.260958064549694,-0.3709697135232522,-0.3303820237083058,-0.33321214711735947,-0.39233700835475194,-0.5173837054063987,-0.45151781463257706,-0.3190844292569338,-0.4360938064893642,-0.37685773888084995,0.07095709451507358,109,-0.10591384385058074,-0.09862829831161697,-0.10451926311307105,-0.10900725309746985,-0.09348776112213816,-0.10062348220831228,-0.09293776350841063,-0.09583633730921388,-0.10160135296703376,-0.10630378867568717,-0.10088591441635346,0.005318574602766499
0.08757271766662597,0.023078963221603122,0.0024889707565307617,0.0006679515206975372,friedman_mse,100,2,2,42,best,"{'criterion': 'friedman_mse', 'max_depth': 100, 'min_samples_leaf': 2, 'min_samples_split': 2, 'random_state': 42, 'splitter': 'best'}",-0.40889173968209463,-0.47403390138674356,-0.5484620044313941,-0.5794789708099652,-0.36091574683218963,-0.39226986250769397,-0.44397104132247783,-0.5247815949581482,-0.39200435642659426,-0.6425419319965519,-0.47673511503538524,0.08883283311724356,277,-0.027461506572646576,-0.03423591198947497,-0.028874001342560247,-0.027361346280963702,-0.026864987917181414,-0.025395446993990996,-0.02727514041955811,-0.02214242449866855,-0.025438868972123614,-0.022640794784715115,-0.02676904297718833,0.003215350869613177
0.015148234367370606,0.0029014537449321845,0.002424144744873047,0.0005368631742499365,friedman_mse,100,2,2,42,random,"{'criterion': 'friedman_mse', 'max_depth': 100, 'min_samples_leaf': 2, 'min_samples_split': 2, 'random_state': 42, 'splitter': 'random'}",-0.3888581535692062,-0.36976599765295837,-0.47581582285487617,-0.5467222699977257,-0.30962914269776753,-0.40546096925739195,-0.45118458721542715,-0.4806154345886852,-0.4409637016215016,-0.6278842921438974,-0.44969003715994377,0.0863408367878476,227,-0.05937677404897577,-0.0573245866858818,-0.05767300744273313,-0.05862015156265883,-0.05461292938625199,-0.05699028727956069,-0.05154287042914104,-0.05966717381632096,-0.06393167555271823,-0.060676712697145224,-0.05804161689013877,0.0031959537862638497
0.07818889617919922,0.014275283595237213,0.002968454360961914,0.0008543936758327356,friedman_mse,100,2,5,42,best,"{'criterion': 'friedman_mse', 'max_depth': 100, 'min_samples_leaf': 2, 'min_samples_split': 5, 'random_state': 42, 'splitter': 'best'}",-0.4345811148344451,-0.4321585702426464,-0.5247289303831885,-0.5494067345081982,-0.3591940810414338,-0.4201193811000055,-0.4353079452344692,-0.5544797940885319,-0.4031626181556315,-0.6355043605168313,-0.47486435301053814,0.08167978225336604,273,-0.03331179285116055,-0.041427591842440915,-0.03369130211069793,-0.032339781940420524,-0.03428657575140625,-0.03357094925942334,-0.03595256237203807,-0.029371963963108375,-0.03362086650367199,-0.028738623279140577,-0.033631200987350854,0.00332351464137141
0.014784288406372071,0.000545477364320322,0.0027213335037231446,0.0004132963815348054,friedman_mse,100,2,5,42,random,"{'criterion': 'friedman_mse', 'max_depth': 100, 'min_samples_leaf': 2, 'min_samples_split': 5, 'random_state': 42, 'splitter': 'random'}",-0.3877578477368177,-0.32070025320739376,-0.3708751966468199,-0.4559210548162948,-0.3266016716441688,-0.3000365234326999,-0.5246309997837489,-0.4821081592027551,-0.3682504965912467,-0.5373380698475723,-0.4074220272909518,0.08208976632213724,141,-0.07529878779712997,-0.07339131176409758,-0.06887964977344509,-0.06853709883800155,-0.072092665715057,-0.0693330507692277,-0.06304524630620122,-0.07224526354386873,-0.07367456778468025,-0.07059886020650714,-0.07070965024982163,0.0033171122624189777
0.07072634696960449,0.006996633052045839,0.0029870033264160155,9.059906005859376e-07,friedman_mse,100,2,10,42,best,"{'criterion': 'friedman_mse', 'max_depth': 100, 'min_samples_leaf': 2, 'min_samples_split': 10, 'random_state': 42, 'splitter': 'best'}",-0.37872694250818595,-0.42597353493150886,-0.5242923791086308,-0.48376197394839626,-0.3879848678376201,-0.3728698907535829,-0.40424338036139235,-0.4506344185297345,-0.3099177677036987,-0.6012272702432292,-0.433963242592598,0.0800788939187045,203,-0.07319195032073691,-0.08397585163349691,-0.07331146207257683,-0.0724306773297683,-0.07214122400873221,-0.06578378998353004,-0.0683249040872951,-0.07030892804312486,-0.0828884244384018,-0.05893846562433608,-0.07212956775419992,0.00700548383863231
0.01304929256439209,0.006000335512740875,0.003982329368591308,0.0027079494774126943,friedman_mse,100,2,10,42,random,"{'criterion': 'friedman_mse', 'max_depth': 100, 'min_samples_leaf': 2, 'min_samples_split': 10, 'random_state': 42, 'splitter': 'random'}",-0.3560021897305666,-0.29827016737942197,-0.36735644677339463,-0.341849617817414,-0.3029111643489034,-0.39141338432062495,-0.42273738019476315,-0.461545440223832,-0.29558223275860335,-0.42188588687451944,-0.3659553910422043,0.05507117620425669,79,-0.11363978476798527,-0.11525924429894749,-0.12290287171063041,-0.10757031731163275,-0.12987416644106559,-0.12276257304687506,-0.11800547691440688,-0.11617113137716198,-0.12459925290059884,-0.12100697517080544,-0.11917917939401097,0.006041934871361296
0.06463792324066162,0.007864810284925057,0.003086757659912109,0.000697108860508104,friedman_mse,100,4,2,42,best,"{'criterion': 'friedman_mse', 'max_depth': 100, 'min_samples_leaf': 4, 'min_samples_split': 2, 'random_state': 42, 'splitter': 'best'}",-0.36808875617463954,-0.36450152487158594,-0.4331023447784608,-0.4418220965634663,-0.4075266721524583,-0.4264098405521077,-0.5369186856775611,-0.4664479782136469,-0.33676614140773187,-0.4529836273037022,-0.42345676676953603,0.055084570924779926,170,-0.08247718688365219,-0.08600638508320156,-0.07728504328490902,-0.08503967427462543,-0.09078470327387854,-0.06914693849148051,-0.07724490442887323,-0.07423854355718384,-0.07844815340946419,-0.07154461721446043,-0.07922161499017288,0.006463041217573415
0.010948729515075684,0.00044551009566712633,0.0023895740509033204,0.00048791620040102896,friedman_mse,100,4,2,42,random,"{'criterion': 'friedman_mse', 'max_depth': 100, 'min_samples_leaf': 4, 'min_samples_split': 2, 'random_state': 42, 'splitter': 'random'}",-0.40744815738649476,-0.3691489010115234,-0.3503080829568402,-0.3881054948156502,-0.29587036134703093,-0.25460208434007975,-0.3798476829566257,-0.3929219516093632,-0.34173003004910524,-0.3998700891467442,-0.35798528356194576,0.04669135220460697,58,-0.14413945885807714,-0.1334794259254179,-0.14128427974103555,-0.14183271266675324,-0.13140146522018034,-0.1427004815553859,-0.13637677662918352,-0.13934714094635364,-0.13811349136259596,-0.13132111481660327,-0.13799963477215865,0.004453200444842557
0.06110584735870361,0.0036230054869546926,0.0029377460479736326,0.00013192115150108418,friedman_mse,100,4,5,42,best,"{'criterion': 'friedman_mse', 'max_depth': 100, 'min_samples_leaf': 4, 'min_samples_split': 5, 'random_state': 42, 'splitter': 'best'}",-0.36808875617463954,-0.36450152487158594,-0.4331023447784608,-0.4418220965634663,-0.4075266721524583,-0.4264098405521077,-0.5369186856775611,-0.4664479782136469,-0.33676614140773187,-0.4529836273037022,-0.42345676676953603,0.055084570924779926,170,-0.08247718688365219,-0.08600638508320156,-0.07728504328490902,-0.08503967427462543,-0.09078470327387854,-0.06914693849148051,-0.07724490442887323,-0.07423854355718384,-0.07844815340946419,-0.07154461721446043,-0.07922161499017288,0.006463041217573415
0.010706686973571777,0.00047020723884394326,0.002589106559753418,0.0004866275669318408,friedman_mse,100,4,5,42,random,"{'criterion': 'friedman_mse', 'max_depth': 100, 'min_samples_leaf': 4, 'min_samples_split': 5, 'random_state': 42, 'splitter': 'random'}",-0.40744815738649476,-0.3691489010115234,-0.3503080829568402,-0.3881054948156502,-0.29587036134703093,-0.25460208434007975,-0.3798476829566257,-0.3929219516093632,-0.34173003004910524,-0.3998700891467442,-0.35798528356194576,0.04669135220460697,58,-0.14413945885807714,-0.1334794259254179,-0.14128427974103555,-0.14183271266675324,-0.13140146522018034,-0.1427004815553859,-0.13637677662918352,-0.13934714094635364,-0.13811349136259596,-0.13132111481660327,-0.13799963477215865,0.004453200444842557
0.0593369722366333,0.008879119981828358,0.0027085304260253905,0.0007148087312709491,friedman_mse,100,4,10,42,best,"{'criterion': 'friedman_mse', 'max_depth': 100, 'min_samples_leaf': 4, 'min_samples_split': 10, 'random_state': 42, 'splitter': 'best'}",-0.34690609473897654,-0.36919377739008824,-0.4295892741220357,-0.40472445446411986,-0.4070701214509882,-0.4198358766995019,-0.5406204241081731,-0.46289679233811953,-0.32586151135280317,-0.4576958627798594,-0.41643941894446657,0.059128820090927826,153,-0.09162556272843894,-0.09836577374197619,-0.08827785643183828,-0.09368219198819719,-0.09685162459179424,-0.08092800738641834,-0.08338939774794756,-0.08526524003195507,-0.0930245408052182,-0.08302297345950865,-0.08944331689132927,0.005824470362232875
0.01119856834411621,0.0009780128182665779,0.002487635612487793,0.0004998982387252587,friedman_mse,100,4,10,42,random,"{'criterion': 'friedman_mse', 'max_depth': 100, 'min_samples_leaf': 4, 'min_samples_split': 10, 'random_state': 42, 'splitter': 'random'}",-0.2936267801247407,-0.26064388706553693,-0.33220443593331955,-0.360629358031512,-0.3102193763438095,-0.2846825758210117,-0.388180043522665,-0.41370891331015225,-0.32283761723910465,-0.48997687652620636,-0.3456709863918058,0.06565168914808178,34,-0.15197148255376053,-0.15032158682567048,-0.13984595346361983,-0.14780033150823194,-0.14779536274832053,-0.1549446758573903,-0.14487706224299016,-0.14285419761127618,-0.14378192713683421,-0.14903818475308353,-0.14732307647011775,0.004318343602845724
0.08747000694274902,0.019232967356458137,0.002517223358154297,0.0007546449783179929,friedman_mse,200,1,2,42,best,"{'criterion': 'friedman_mse', 'max_depth': 200, 'min_samples_leaf': 1, 'min_samples_split': 2, 'random_state': 42, 'splitter': 'best'}",-0.42947587440760154,-0.3882018421502551,-0.6438911023472021,-0.5869310890903289,-0.4593204213028283,-0.4727551008783594,-0.5584476340192225,-0.5805012206989125,-0.3940223931100227,-0.6436809283436331,-0.5157227606348366,0.09350467335587642,311,-0.00436120863121915,-0.0031404477416414577,-0.0032239247054214513,-0.004518150578157597,-0.004798790434360046,-0.0047721452160660255,-0.003954292365871495,-0.0033404941649332353,-0.0042993539581678095,-0.00491849764827409,-0.004132730544411235,0.0006456363465294491
0.022501063346862794,0.003408379889980606,0.0027874231338500975,0.0012430144772499101,friedman_mse,200,1,2,42,random,"{'criterion': 'friedman_mse', 'max_depth': 200, 'min_samples_leaf': 1, 'min_samples_split': 2, 'random_state': 42, 'splitter': 'random'}",-0.4563991226293495,-0.379529859343191,-0.5700107522097629,-0.42644066513643253,-0.4049985647179234,-0.5402119150996391,-0.5686175930144788,-0.5450224903699726,-0.5854039222321624,-0.6590702425224163,-0.5135705127275328,0.08652157293510995,303,-0.00436120863121915,-0.0031404477416414577,-0.0032239247054214513,-0.004518150578157597,-0.004798790434360046,-0.0047721452160660255,-0.003954292365871495,-0.0033404941649332353,-0.0042993539581678095,-0.00491849764827409,-0.004132730544411235,0.0006456363465294491
0.07901661396026612,0.01711577855924271,0.0025406360626220705,0.0005592888847885496,friedman_mse,200,1,5,42,best,"{'criterion': 'friedman_mse', 'max_depth': 200, 'min_samples_leaf': 1, 'min_samples_split': 5, 'random_state': 42, 'splitter': 'best'}",-0.45716434295390196,-0.36979446126050886,-0.5891401887023417,-0.6232220676054365,-0.39666504953626697,-0.4784739796127438,-0.6086831310346091,-0.5560325694025652,-0.4019657213523185,-0.6571784743815117,-0.5138319985842206,0.10020665203307912,307,-0.021612614629400787,-0.030540247761923395,-0.025988666678024297,-0.02177497611125956,-0.02273922780058547,-0.018639112612701205,-0.01993345574332337,-0.018001264161482112,-0.026683083674139005,-0.021141577666075936,-0.022705422683891512,0.0037261301922298694
0.018902587890625,0.006306754086947769,0.003400087356567383,0.002791728124221794,friedman_mse,200,1,5,42,random,"{'criterion': 'friedman_mse', 'max_depth': 200, 'min_samples_leaf': 1, 'min_samples_split': 5, 'random_state': 42, 'splitter': 'random'}",-0.39169348282073085,-0.40962537964247986,-0.41853669612110456,-0.3751376767948909,-0.36075327761392,-0.41461160849057527,-0.4423679604029119,-0.4743670230671726,-0.47235780999014676,-0.4822046655901628,-0.4241655580534095,0.0404428122655861,189,-0.05428354873814144,-0.03938157752478002,-0.046140084946666646,-0.04597874404861848,-0.04754451135475236,-0.04628004722262694,-0.05119691283223205,-0.039174939672150653,-0.04389168065652976,-0.04792002612592163,-0.046179207312241996,0.00443062549503495
0.07195961475372314,0.014530428394297691,0.002389955520629883,0.0006599928996612258,friedman_mse,200,1,10,42,best,"{'criterion': 'friedman_mse', 'max_depth': 200, 'min_samples_leaf': 1, 'min_samples_split': 10, 'random_state': 42, 'splitter': 'best'}",-0.38071657092163735,-0.3272044269357014,-0.5147717844470522,-0.5648892447904125,-0.4179577041286135,-0.4836748995446359,-0.4859109372616992,-0.5216388008248678,-0.36156894841504467,-0.5846253422249666,-0.46429586594946304,0.08352041998329661,253,-0.06225123469294157,-0.07145352230210705,-0.058468511919103724,-0.055599285791416896,-0.061363074364961405,-0.058026925164610145,-0.053340536727422526,-0.06442402581265141,-0.07111474413946593,-0.05546396376272686,-0.06115058246774076,0.005987563656749891
0.01275184154510498,0.0027866495472259794,0.00298764705657959,0.0007718328564563658,friedman_mse,200,1,10,42,random,"{'criterion': 'friedman_mse', 'max_depth': 200, 'min_samples_leaf': 1, 'min_samples_split': 10, 'random_state': 42, 'splitter': 'random'}",-0.3566386757698622,-0.260958064549694,-0.3709697135232522,-0.3303820237083058,-0.33321214711735947,-0.39233700835475194,-0.5173837054063987,-0.45151781463257706,-0.3190844292569338,-0.4360938064893642,-0.37685773888084995,0.07095709451507358,109,-0.10591384385058074,-0.09862829831161697,-0.10451926311307105,-0.10900725309746985,-0.09348776112213816,-0.10062348220831228,-0.09293776350841063,-0.09583633730921388,-0.10160135296703376,-0.10630378867568717,-0.10088591441635346,0.005318574602766499
0.07168149948120117,0.013947277091967284,0.002442336082458496,0.0004656601413331236,friedman_mse,200,2,2,42,best,"{'criterion': 'friedman_mse', 'max_depth': 200, 'min_samples_leaf': 2, 'min_samples_split': 2, 'random_state': 42, 'splitter': 'best'}",-0.40889173968209463,-0.47403390138674356,-0.5484620044313941,-0.5794789708099652,-0.36091574683218963,-0.39226986250769397,-0.44397104132247783,-0.5247815949581482,-0.39200435642659426,-0.6425419319965519,-0.47673511503538524,0.08883283311724356,277,-0.027461506572646576,-0.03423591198947497,-0.028874001342560247,-0.027361346280963702,-0.026864987917181414,-0.025395446993990996,-0.02727514041955811,-0.02214242449866855,-0.025438868972123614,-0.022640794784715115,-0.02676904297718833,0.003215350869613177
0.01560659408569336,0.0004302940945512016,0.0025589466094970703,0.0004725937982363631,friedman_mse,200,2,2,42,random,"{'criterion': 'friedman_mse', 'max_depth': 200, 'min_samples_leaf': 2, 'min_samples_split': 2, 'random_state': 42, 'splitter': 'random'}",-0.3888581535692062,-0.36976599765295837,-0.47581582285487617,-0.5467222699977257,-0.30962914269776753,-0.40546096925739195,-0.45118458721542715,-0.4806154345886852,-0.4409637016215016,-0.6278842921438974,-0.44969003715994377,0.0863408367878476,227,-0.05937677404897577,-0.0573245866858818,-0.05767300744273313,-0.05862015156265883,-0.05461292938625199,-0.05699028727956069,-0.05154287042914104,-0.05966717381632096,-0.06393167555271823,-0.060676712697145224,-0.05804161689013877,0.0031959537862638497
0.06787810325622559,0.008023449693965422,0.0023756027221679688,0.0005236853859611608,friedman_mse,200,2,5,42,best,"{'criterion': 'friedman_mse', 'max_depth': 200, 'min_samples_leaf': 2, 'min_samples_split': 5, 'random_state': 42, 'splitter': 'best'}",-0.4345811148344451,-0.4321585702426464,-0.5247289303831885,-0.5494067345081982,-0.3591940810414338,-0.4201193811000055,-0.4353079452344692,-0.5544797940885319,-0.4031626181556315,-0.6355043605168313,-0.47486435301053814,0.08167978225336604,273,-0.03331179285116055,-0.041427591842440915,-0.03369130211069793,-0.032339781940420524,-0.03428657575140625,-0.03357094925942334,-0.03595256237203807,-0.029371963963108375,-0.03362086650367199,-0.028738623279140577,-0.033631200987350854,0.00332351464137141
0.013828706741333009,0.0024561210188789365,0.003088855743408203,0.0006965781353464924,friedman_mse,200,2,5,42,random,"{'criterion': 'friedman_mse', 'max_depth': 200, 'min_samples_leaf': 2, 'min_samples_split': 5, 'random_state': 42, 'splitter': 'random'}",-0.3877578477368177,-0.32070025320739376,-0.3708751966468199,-0.4559210548162948,-0.3266016716441688,-0.3000365234326999,-0.5246309997837489,-0.4821081592027551,-0.3682504965912467,-0.5373380698475723,-0.4074220272909518,0.08208976632213724,141,-0.07529878779712997,-0.07339131176409758,-0.06887964977344509,-0.06853709883800155,-0.072092665715057,-0.0693330507692277,-0.06304524630620122,-0.07224526354386873,-0.07367456778468025,-0.07059886020650714,-0.07070965024982163,0.0033171122624189777
0.07264599800109864,0.010029866977595702,0.003583526611328125,0.0011949884496450383,friedman_mse,200,2,10,42,best,"{'criterion': 'friedman_mse', 'max_depth': 200, 'min_samples_leaf': 2, 'min_samples_split': 10, 'random_state': 42, 'splitter': 'best'}",-0.37872694250818595,-0.42597353493150886,-0.5242923791086308,-0.48376197394839626,-0.3879848678376201,-0.3728698907535829,-0.40424338036139235,-0.4506344185297345,-0.3099177677036987,-0.6012272702432292,-0.433963242592598,0.0800788939187045,203,-0.07319195032073691,-0.08397585163349691,-0.07331146207257683,-0.0724306773297683,-0.07214122400873221,-0.06578378998353004,-0.0683249040872951,-0.07030892804312486,-0.0828884244384018,-0.05893846562433608,-0.07212956775419992,0.00700548383863231
0.012032461166381837,0.0014917216875076455,0.002985692024230957,2.043874470724849e-06,friedman_mse,200,2,10,42,random,"{'criterion': 'friedman_mse', 'max_depth': 200, 'min_samples_leaf': 2, 'min_samples_split': 10, 'random_state': 42, 'splitter': 'random'}",-0.3560021897305666,-0.29827016737942197,-0.36735644677339463,-0.341849617817414,-0.3029111643489034,-0.39141338432062495,-0.42273738019476315,-0.461545440223832,-0.29558223275860335,-0.42188588687451944,-0.3659553910422043,0.05507117620425669,79,-0.11363978476798527,-0.11525924429894749,-0.12290287171063041,-0.10757031731163275,-0.12987416644106559,-0.12276257304687506,-0.11800547691440688,-0.11617113137716198,-0.12459925290059884,-0.12100697517080544,-0.11917917939401097,0.006041934871361296
0.06858394145965577,0.012634463597196404,0.0028365373611450194,0.00044685188428035056,friedman_mse,200,4,2,42,best,"{'criterion': 'friedman_mse', 'max_depth': 200, 'min_samples_leaf': 4, 'min_samples_split': 2, 'random_state': 42, 'splitter': 'best'}",-0.36808875617463954,-0.36450152487158594,-0.4331023447784608,-0.4418220965634663,-0.4075266721524583,-0.4264098405521077,-0.5369186856775611,-0.4664479782136469,-0.33676614140773187,-0.4529836273037022,-0.42345676676953603,0.055084570924779926,170,-0.08247718688365219,-0.08600638508320156,-0.07728504328490902,-0.08503967427462543,-0.09078470327387854,-0.06914693849148051,-0.07724490442887323,-0.07423854355718384,-0.07844815340946419,-0.07154461721446043,-0.07922161499017288,0.006463041217573415
0.011505532264709472,0.001699477420685219,0.002742099761962891,0.0005981156367443852,friedman_mse,200,4,2,42,random,"{'criterion': 'friedman_mse', 'max_depth': 200, 'min_samples_leaf': 4, 'min_samples_split': 2, 'random_state': 42, 'splitter': 'random'}",-0.40744815738649476,-0.3691489010115234,-0.3503080829568402,-0.3881054948156502,-0.29587036134703093,-0.25460208434007975,-0.3798476829566257,-0.3929219516093632,-0.34173003004910524,-0.3998700891467442,-0.35798528356194576,0.04669135220460697,58,-0.14413945885807714,-0.1334794259254179,-0.14128427974103555,-0.14183271266675324,-0.13140146522018034,-0.1427004815553859,-0.13637677662918352,-0.13934714094635364,-0.13811349136259596,-0.13132111481660327,-0.13799963477215865,0.004453200444842557
0.06769132614135742,0.006331833761723839,0.0034136295318603514,0.002022119732989663,friedman_mse,200,4,5,42,best,"{'criterion': 'friedman_mse', 'max_depth': 200, 'min_samples_leaf': 4, 'min_samples_split': 5, 'random_state': 42, 'splitter': 'best'}",-0.36808875617463954,-0.36450152487158594,-0.4331023447784608,-0.4418220965634663,-0.4075266721524583,-0.4264098405521077,-0.5369186856775611,-0.4664479782136469,-0.33676614140773187,-0.4529836273037022,-0.42345676676953603,0.055084570924779926,170,-0.08247718688365219,-0.08600638508320156,-0.07728504328490902,-0.08503967427462543,-0.09078470327387854,-0.06914693849148051,-0.07724490442887323,-0.07423854355718384,-0.07844815340946419,-0.07154461721446043,-0.07922161499017288,0.006463041217573415
0.011402010917663574,0.00046884261885920907,0.0026861906051635744,0.0004544159302983078,friedman_mse,200,4,5,42,random,"{'criterion': 'friedman_mse', 'max_depth': 200, 'min_samples_leaf': 4, 'min_samples_split': 5, 'random_state': 42, 'splitter': 'random'}",-0.40744815738649476,-0.3691489010115234,-0.3503080829568402,-0.3881054948156502,-0.29587036134703093,-0.25460208434007975,-0.3798476829566257,-0.3929219516093632,-0.34173003004910524,-0.3998700891467442,-0.35798528356194576,0.04669135220460697,58,-0.14413945885807714,-0.1334794259254179,-0.14128427974103555,-0.14183271266675324,-0.13140146522018034,-0.1427004815553859,-0.13637677662918352,-0.13934714094635364,-0.13811349136259596,-0.13132111481660327,-0.13799963477215865,0.004453200444842557
0.06211988925933838,0.005186583629315112,0.002189898490905762,0.0005962029485284575,friedman_mse,200,4,10,42,best,"{'criterion': 'friedman_mse', 'max_depth': 200, 'min_samples_leaf': 4, 'min_samples_split': 10, 'random_state': 42, 'splitter': 'best'}",-0.34690609473897654,-0.36919377739008824,-0.4295892741220357,-0.40472445446411986,-0.4070701214509882,-0.4198358766995019,-0.5406204241081731,-0.46289679233811953,-0.32586151135280317,-0.4576958627798594,-0.41643941894446657,0.059128820090927826,153,-0.09162556272843894,-0.09836577374197619,-0.08827785643183828,-0.09368219198819719,-0.09685162459179424,-0.08092800738641834,-0.08338939774794756,-0.08526524003195507,-0.0930245408052182,-0.08302297345950865,-0.08944331689132927,0.005824470362232875
0.010301733016967773,0.000478238659223216,0.003032493591308594,0.0010677349411953505,friedman_mse,200,4,10,42,random,"{'criterion': 'friedman_mse', 'max_depth': 200, 'min_samples_leaf': 4, 'min_samples_split': 10, 'random_state': 42, 'splitter': 'random'}",-0.2936267801247407,-0.26064388706553693,-0.33220443593331955,-0.360629358031512,-0.3102193763438095,-0.2846825758210117,-0.388180043522665,-0.41370891331015225,-0.32283761723910465,-0.48997687652620636,-0.3456709863918058,0.06565168914808178,34,-0.15197148255376053,-0.15032158682567048,-0.13984595346361983,-0.14780033150823194,-0.14779536274832053,-0.1549446758573903,-0.14487706224299016,-0.14285419761127618,-0.14378192713683421,-0.14903818475308353,-0.14732307647011775,0.004318343602845724
