trial_id,inner_fold,n_inner_train,n_validation,n_inner_train_edcs,n_validation_edcs,hidden_size1,hidden_size2,hidden_size3,lr,weight_decay,batch_size,dropout,pr_auc,roc_auc,precision,recall,specificity,balanced_accuracy,mcc,f1_score,accuracy,threshold,tp,tn,fp,fn
1,1,638,77,58,7,60,20,40,0.0009557046059741099,0.0004984605939377536,300,0.5,0.9821428571428571,0.9989795918367347,1.0,0.8571428571428571,1.0,0.9285714285714286,0.9192771195538434,0.923076923076923,0.987012987012987,0.5,6,70,0,1
1,2,638,77,58,7,60,20,40,0.0009557046059741099,0.0004984605939377536,300,0.5,0.8260204081632654,0.9887755102040816,0.8,0.5714285714285714,0.9857142857142858,0.7785714285714286,0.65,0.6666666666666666,0.948051948051948,0.5,4,69,1,3
1,3,638,77,58,7,60,20,40,0.0009557046059741099,0.0004984605939377536,300,0.5,0.982142857142857,0.9979591836734694,1.0,0.5714285714285714,1.0,0.7857142857142857,0.7402332101976052,0.7272727272727273,0.961038961038961,0.5,4,70,0,3
1,4,638,77,58,7,60,20,40,0.0009557046059741099,0.0004984605939377536,300,0.5,0.9325396825396826,0.9918367346938776,0.7142857142857143,0.7142857142857143,0.9714285714285714,0.8428571428571429,0.6857142857142857,0.7142857142857143,0.948051948051948,0.5,5,68,2,2
1,5,638,77,58,7,60,20,40,0.0009557046059741099,0.0004984605939377536,300,0.5,0.7478458049886622,0.983673469387755,0.8,0.5714285714285714,0.9857142857142858,0.7785714285714286,0.65,0.6666666666666666,0.948051948051948,0.5,4,69,1,3
1,6,649,66,59,6,60,20,40,0.0009557046059741099,0.0004984605939377536,300,0.5,1.0,1.0,1.0,0.5,1.0,0.75,0.6900655593423543,0.6666666666666666,0.9545454545454546,0.5,3,60,0,3
1,7,649,66,59,6,60,20,40,0.0009557046059741099,0.0004984605939377536,300,0.5,0.7690476190476191,0.9694444444444446,0.8,0.6666666666666666,0.9833333333333333,0.825,0.7061788191316446,0.7272727272727272,0.9545454545454546,0.5,4,59,1,2
1,8,649,66,59,6,60,20,40,0.0009557046059741099,0.0004984605939377536,300,0.5,0.8400383141762452,0.9333333333333333,1.0,0.5,1.0,0.75,0.6900655593423543,0.6666666666666666,0.9545454545454546,0.5,3,60,0,3
1,9,649,66,59,6,60,20,40,0.0009557046059741099,0.0004984605939377536,300,0.5,1.0,1.0,1.0,1.0,1.0,1.0,1.0,1.0,1.0,0.5,6,60,0,0
1,10,649,66,59,6,60,20,40,0.0009557046059741099,0.0004984605939377536,300,0.5,0.8555555555555555,0.9777777777777779,0.8333333333333334,0.8333333333333334,0.9833333333333333,0.9083333333333333,0.8166666666666667,0.8333333333333334,0.9696969696969697,0.5,5,59,1,1
2,1,638,77,58,7,40,60,60,0.0005688039537212766,0.0004920019732944499,200,0.5,0.9821428571428571,0.9979591836734694,1.0,0.5714285714285714,1.0,0.7857142857142857,0.7402332101976052,0.7272727272727273,0.961038961038961,0.5,4,70,0,3
2,2,638,77,58,7,40,60,60,0.0005688039537212766,0.0004920019732944499,200,0.5,0.8260204081632654,0.9887755102040816,0.8,0.5714285714285714,0.9857142857142858,0.7785714285714286,0.65,0.6666666666666666,0.948051948051948,0.5,4,69,1,3
2,3,638,77,58,7,40,60,60,0.0005688039537212766,0.0004920019732944499,200,0.5,0.982142857142857,0.9979591836734694,1.0,0.7142857142857143,1.0,0.8571428571428572,0.8333333333333334,0.8333333333333333,0.974025974025974,0.5,5,70,0,2
2,4,638,77,58,7,40,60,60,0.0005688039537212766,0.0004920019732944499,200,0.5,0.9325396825396826,0.9918367346938776,0.8333333333333334,0.7142857142857143,0.9857142857142858,0.8500000000000001,0.7507429809689721,0.7692307692307692,0.961038961038961,0.5,5,69,1,2
2,5,638,77,58,7,40,60,60,0.0005688039537212766,0.0004920019732944499,200,0.5,0.7478458049886622,0.9846938775510204,0.8333333333333334,0.7142857142857143,0.9857142857142858,0.8500000000000001,0.7507429809689721,0.7692307692307692,0.961038961038961,0.5,5,69,1,2
2,6,649,66,59,6,40,60,60,0.0005688039537212766,0.0004920019732944499,200,0.5,1.0,1.0,1.0,0.5,1.0,0.75,0.6900655593423543,0.6666666666666666,0.9545454545454546,0.5,3,60,0,3
2,7,649,66,59,6,40,60,60,0.0005688039537212766,0.0004920019732944499,200,0.5,0.7477564102564103,0.9638888888888889,0.8,0.6666666666666666,0.9833333333333333,0.825,0.7061788191316446,0.7272727272727272,0.9545454545454546,0.5,4,59,1,2
2,8,649,66,59,6,40,60,60,0.0005688039537212766,0.0004920019732944499,200,0.5,0.8400383141762453,0.9333333333333333,1.0,0.5,1.0,0.75,0.6900655593423543,0.6666666666666666,0.9545454545454546,0.5,3,60,0,3
2,9,649,66,59,6,40,60,60,0.0005688039537212766,0.0004920019732944499,200,0.5,1.0,1.0,1.0,1.0,1.0,1.0,1.0,1.0,1.0,0.5,6,60,0,0
2,10,649,66,59,6,40,60,60,0.0005688039537212766,0.0004920019732944499,200,0.5,0.9242424242424242,0.9861111111111112,0.8333333333333334,0.8333333333333334,0.9833333333333333,0.9083333333333333,0.8166666666666667,0.8333333333333334,0.9696969696969697,0.5,5,59,1,1
3,1,638,77,58,7,100,80,30,0.0008486165516584464,0.0005084493783737062,20,0.5,0.9821428571428571,0.9979591836734694,1.0,0.42857142857142855,1.0,0.7142857142857143,0.6367145399670133,0.6,0.948051948051948,0.5,3,70,0,4
3,2,638,77,58,7,100,80,30,0.0008486165516584464,0.0005084493783737062,20,0.5,0.8260204081632654,0.9887755102040816,0.8,0.5714285714285714,0.9857142857142858,0.7785714285714286,0.65,0.6666666666666666,0.948051948051948,0.5,4,69,1,3
3,3,638,77,58,7,100,80,30,0.0008486165516584464,0.0005084493783737062,20,0.5,0.982142857142857,0.9979591836734695,0.875,1.0,0.9857142857142858,0.9928571428571429,0.9287087810503355,0.9333333333333333,0.987012987012987,0.5,7,69,1,0
3,4,638,77,58,7,100,80,30,0.0008486165516584464,0.0005084493783737062,20,0.5,0.9325396825396826,0.9918367346938775,0.7777777777777778,1.0,0.9714285714285714,0.9857142857142858,0.8692269873603531,0.8750000000000001,0.974025974025974,0.5,7,68,2,0
3,5,638,77,58,7,100,80,30,0.0008486165516584464,0.0005084493783737062,20,0.5,0.747845804988662,0.9846938775510204,0.75,0.8571428571428571,0.9714285714285714,0.9142857142857143,0.78065375798434,0.7999999999999999,0.961038961038961,0.5,6,68,2,1
3,6,649,66,59,6,100,80,30,0.0008486165516584464,0.0005084493783737062,20,0.5,1.0,1.0,1.0,0.5,1.0,0.75,0.6900655593423543,0.6666666666666666,0.9545454545454546,0.5,3,60,0,3
3,7,649,66,59,6,100,80,30,0.0008486165516584464,0.0005084493783737062,20,0.5,0.7690476190476191,0.9694444444444446,0.8,0.6666666666666666,0.9833333333333333,0.825,0.7061788191316446,0.7272727272727272,0.9545454545454546,0.5,4,59,1,2
3,8,649,66,59,6,100,80,30,0.0008486165516584464,0.0005084493783737062,20,0.5,0.8400383141762452,0.9333333333333333,1.0,0.5,1.0,0.75,0.6900655593423543,0.6666666666666666,0.9545454545454546,0.5,3,60,0,3
3,9,649,66,59,6,100,80,30,0.0008486165516584464,0.0005084493783737062,20,0.5,1.0,1.0,0.75,1.0,0.9666666666666667,0.9833333333333334,0.85146931829632,0.8571428571428571,0.9696969696969697,0.5,6,58,2,0
3,10,649,66,59,6,100,80,30,0.0008486165516584464,0.0005084493783737062,20,0.5,0.8222222222222222,0.9777777777777777,0.7142857142857143,0.8333333333333334,0.9666666666666667,0.9,0.7469064529073725,0.7692307692307692,0.9545454545454546,0.5,5,58,2,1
4,1,638,77,58,7,10,100,100,0.0008734814747888442,0.0005022389370808115,200,0.5,0.9821428571428571,0.9979591836734694,1.0,0.42857142857142855,1.0,0.7142857142857143,0.6367145399670133,0.6,0.948051948051948,0.5,3,70,0,4
4,2,638,77,58,7,10,100,100,0.0008734814747888442,0.0005022389370808115,200,0.5,0.8260204081632654,0.9887755102040816,0.8,0.5714285714285714,0.9857142857142858,0.7785714285714286,0.65,0.6666666666666666,0.948051948051948,0.5,4,69,1,3
4,3,638,77,58,7,10,100,100,0.0008734814747888442,0.0005022389370808115,200,0.5,0.982142857142857,0.9979591836734694,1.0,0.5714285714285714,1.0,0.7857142857142857,0.7402332101976052,0.7272727272727273,0.961038961038961,0.5,4,70,0,3
4,4,638,77,58,7,10,100,100,0.0008734814747888442,0.0005022389370808115,200,0.5,0.9325396825396826,0.9918367346938776,0.7777777777777778,1.0,0.9714285714285714,0.9857142857142858,0.8692269873603531,0.8750000000000001,0.974025974025974,0.5,7,68,2,0
4,5,638,77,58,7,10,100,100,0.0008734814747888442,0.0005022389370808115,200,0.5,0.7407029478458049,0.9846938775510204,0.8333333333333334,0.7142857142857143,0.9857142857142858,0.8500000000000001,0.7507429809689721,0.7692307692307692,0.961038961038961,0.5,5,69,1,2
4,6,649,66,59,6,10,100,100,0.0008734814747888442,0.0005022389370808115,200,0.5,1.0,1.0,1.0,0.5,1.0,0.75,0.6900655593423543,0.6666666666666666,0.9545454545454546,0.5,3,60,0,3
4,7,649,66,59,6,10,100,100,0.0008734814747888442,0.0005022389370808115,200,0.5,0.7690476190476191,0.9694444444444446,0.8,0.6666666666666666,0.9833333333333333,0.825,0.7061788191316446,0.7272727272727272,0.9545454545454546,0.5,4,59,1,2
4,8,649,66,59,6,10,100,100,0.0008734814747888442,0.0005022389370808115,200,0.5,0.8400383141762452,0.9333333333333333,1.0,0.5,1.0,0.75,0.6900655593423543,0.6666666666666666,0.9545454545454546,0.5,3,60,0,3
4,9,649,66,59,6,10,100,100,0.0008734814747888442,0.0005022389370808115,200,0.5,1.0,1.0,1.0,1.0,1.0,1.0,1.0,1.0,1.0,0.5,6,60,0,0
4,10,649,66,59,6,10,100,100,0.0008734814747888442,0.0005022389370808115,200,0.5,0.8631313131313131,0.9819444444444445,0.8333333333333334,0.8333333333333334,0.9833333333333333,0.9083333333333333,0.8166666666666667,0.8333333333333334,0.9696969696969697,0.5,5,59,1,1
5,1,638,77,58,7,30,60,30,0.0005142074913913346,0.0004790644158444441,200,0.5,0.9821428571428571,0.9979591836734694,1.0,0.42857142857142855,1.0,0.7142857142857143,0.6367145399670133,0.6,0.948051948051948,0.5,3,70,0,4
5,2,638,77,58,7,30,60,30,0.0005142074913913346,0.0004790644158444441,200,0.5,0.8260204081632654,0.9887755102040817,0.8,0.5714285714285714,0.9857142857142858,0.7785714285714286,0.65,0.6666666666666666,0.948051948051948,0.5,4,69,1,3
5,3,638,77,58,7,30,60,30,0.0005142074913913346,0.0004790644158444441,200,0.5,0.982142857142857,0.9979591836734694,1.0,0.5714285714285714,1.0,0.7857142857142857,0.7402332101976052,0.7272727272727273,0.961038961038961,0.5,4,70,0,3
5,4,638,77,58,7,30,60,30,0.0005142074913913346,0.0004790644158444441,200,0.5,0.9325396825396826,0.9918367346938776,0.8333333333333334,0.7142857142857143,0.9857142857142858,0.8500000000000001,0.7507429809689721,0.7692307692307692,0.961038961038961,0.5,5,69,1,2
5,5,638,77,58,7,30,60,30,0.0005142074913913346,0.0004790644158444441,200,0.5,0.7367346938775511,0.9826530612244897,0.8333333333333334,0.7142857142857143,0.9857142857142858,0.8500000000000001,0.7507429809689721,0.7692307692307692,0.961038961038961,0.5,5,69,1,2
5,6,649,66,59,6,30,60,30,0.0005142074913913346,0.0004790644158444441,200,0.5,1.0,1.0,1.0,0.5,1.0,0.75,0.6900655593423543,0.6666666666666666,0.9545454545454546,0.5,3,60,0,3
5,7,649,66,59,6,30,60,30,0.0005142074913913346,0.0004790644158444441,200,0.5,0.7361823361823362,0.9611111111111111,0.8,0.6666666666666666,0.9833333333333333,0.825,0.7061788191316446,0.7272727272727272,0.9545454545454546,0.5,4,59,1,2
5,8,649,66,59,6,30,60,30,0.0005142074913913346,0.0004790644158444441,200,0.5,0.8400383141762452,0.9333333333333335,1.0,0.5,1.0,0.75,0.6900655593423543,0.6666666666666666,0.9545454545454546,0.5,3,60,0,3
5,9,649,66,59,6,30,60,30,0.0005142074913913346,0.0004790644158444441,200,0.5,1.0,1.0,1.0,0.8333333333333334,1.0,0.9166666666666667,0.9053574604251854,0.9090909090909091,0.9848484848484849,0.5,5,60,0,1
5,10,649,66,59,6,30,60,30,0.0005142074913913346,0.0004790644158444441,200,0.5,0.9242424242424242,0.9861111111111112,1.0,0.5,1.0,0.75,0.6900655593423543,0.6666666666666666,0.9545454545454546,0.5,3,60,0,3
6,1,638,77,58,7,60,20,40,0.00023914258639995916,0.00048765839233460336,20,0.5,0.9821428571428571,0.9979591836734694,1.0,0.42857142857142855,1.0,0.7142857142857143,0.6367145399670133,0.6,0.948051948051948,0.5,3,70,0,4
6,2,638,77,58,7,60,20,40,0.00023914258639995916,0.00048765839233460336,20,0.5,0.8260204081632654,0.9887755102040816,0.875,1.0,0.9857142857142858,0.9928571428571429,0.9287087810503355,0.9333333333333333,0.987012987012987,0.5,7,69,1,0
6,3,638,77,58,7,60,20,40,0.00023914258639995916,0.00048765839233460336,20,0.5,0.982142857142857,0.9979591836734695,1.0,0.5714285714285714,1.0,0.7857142857142857,0.7402332101976052,0.7272727272727273,0.961038961038961,0.5,4,70,0,3
6,4,638,77,58,7,60,20,40,0.00023914258639995916,0.00048765839233460336,20,0.5,0.9325396825396826,0.9918367346938776,0.7777777777777778,1.0,0.9714285714285714,0.9857142857142858,0.8692269873603531,0.8750000000000001,0.974025974025974,0.5,7,68,2,0
6,5,638,77,58,7,60,20,40,0.00023914258639995916,0.00048765839233460336,20,0.5,0.7407029478458049,0.9846938775510204,0.8571428571428571,0.8571428571428571,0.9857142857142858,0.9214285714285715,0.8428571428571429,0.8571428571428571,0.974025974025974,0.5,6,69,1,1
6,6,649,66,59,6,60,20,40,0.00023914258639995916,0.00048765839233460336,20,0.5,1.0,1.0,1.0,0.5,1.0,0.75,0.6900655593423543,0.6666666666666666,0.9545454545454546,0.5,3,60,0,3
6,7,649,66,59,6,60,20,40,0.00023914258639995916,0.00048765839233460336,20,0.5,0.7690476190476191,0.9694444444444446,0.8,0.6666666666666666,0.9833333333333333,0.825,0.7061788191316446,0.7272727272727272,0.9545454545454546,0.5,4,59,1,2
6,8,649,66,59,6,60,20,40,0.00023914258639995916,0.00048765839233460336,20,0.5,0.8400383141762452,0.9333333333333333,1.0,0.5,1.0,0.75,0.6900655593423543,0.6666666666666666,0.9545454545454546,0.5,3,60,0,3
6,9,649,66,59,6,60,20,40,0.00023914258639995916,0.00048765839233460336,20,0.5,1.0,0.9999999999999999,1.0,1.0,1.0,1.0,1.0,1.0,1.0,0.5,6,60,0,0
6,10,649,66,59,6,60,20,40,0.00023914258639995916,0.00048765839233460336,20,0.5,0.8611111111111112,0.9777777777777779,1.0,0.5,1.0,0.75,0.6900655593423543,0.6666666666666666,0.9545454545454546,0.5,3,60,0,3
7,1,638,77,58,7,50,10,100,0.0006538987297053277,0.000491614289210684,20,0.5,0.9821428571428571,0.9979591836734694,1.0,0.42857142857142855,1.0,0.7142857142857143,0.6367145399670133,0.6,0.948051948051948,0.5,3,70,0,4
7,2,638,77,58,7,50,10,100,0.0006538987297053277,0.000491614289210684,20,0.5,0.8260204081632654,0.9887755102040817,0.8,0.5714285714285714,0.9857142857142858,0.7785714285714286,0.65,0.6666666666666666,0.948051948051948,0.5,4,69,1,3
7,3,638,77,58,7,50,10,100,0.0006538987297053277,0.000491614289210684,20,0.5,0.9821428571428572,0.9979591836734694,1.0,0.42857142857142855,1.0,0.7142857142857143,0.6367145399670133,0.6,0.948051948051948,0.5,3,70,0,4
7,4,638,77,58,7,50,10,100,0.0006538987297053277,0.000491614289210684,20,0.5,0.9325396825396826,0.9918367346938776,0.7142857142857143,0.7142857142857143,0.9714285714285714,0.8428571428571429,0.6857142857142857,0.7142857142857143,0.948051948051948,0.5,5,68,2,2
7,5,638,77,58,7,50,10,100,0.0006538987297053277,0.000491614289210684,20,0.5,0.7478458049886622,0.9846938775510203,0.8333333333333334,0.7142857142857143,0.9857142857142858,0.8500000000000001,0.7507429809689721,0.7692307692307692,0.961038961038961,0.5,5,69,1,2
7,6,649,66,59,6,50,10,100,0.0006538987297053277,0.000491614289210684,20,0.5,1.0,1.0,1.0,0.5,1.0,0.75,0.6900655593423543,0.6666666666666666,0.9545454545454546,0.5,3,60,0,3
7,7,649,66,59,6,50,10,100,0.0006538987297053277,0.000491614289210684,20,0.5,0.7690476190476191,0.9694444444444446,0.7142857142857143,0.8333333333333334,0.9666666666666667,0.9,0.7469064529073725,0.7692307692307692,0.9545454545454546,0.5,5,58,2,1
7,8,649,66,59,6,50,10,100,0.0006538987297053277,0.000491614289210684,20,0.5,0.8400383141762452,0.9333333333333333,1.0,0.5,1.0,0.75,0.6900655593423543,0.6666666666666666,0.9545454545454546,0.5,3,60,0,3
7,9,649,66,59,6,50,10,100,0.0006538987297053277,0.000491614289210684,20,0.5,1.0,1.0,0.8571428571428571,1.0,0.9833333333333333,0.9916666666666667,0.9180725150319787,0.923076923076923,0.9848484848484849,0.5,6,59,1,0
7,10,649,66,59,6,50,10,100,0.0006538987297053277,0.000491614289210684,20,0.5,0.8222222222222222,0.9777777777777777,0.8,0.6666666666666666,0.9833333333333333,0.825,0.7061788191316446,0.7272727272727272,0.9545454545454546,0.5,4,59,1,2
8,1,638,77,58,7,100,30,20,0.0009168144741320229,0.000488675498202033,20,0.5,0.9999999999999999,1.0,0.7,1.0,0.9571428571428572,0.9785714285714286,0.818535277187245,0.8235294117647058,0.961038961038961,0.5,7,67,3,0
8,2,638,77,58,7,100,30,20,0.0009168144741320229,0.000488675498202033,20,0.5,0.8260204081632654,0.9887755102040817,0.7777777777777778,1.0,0.9714285714285714,0.9857142857142858,0.8692269873603531,0.8750000000000001,0.974025974025974,0.5,7,68,2,0
8,3,638,77,58,7,100,30,20,0.0009168144741320229,0.000488675498202033,20,0.5,0.982142857142857,0.9979591836734694,1.0,0.7142857142857143,1.0,0.8571428571428572,0.8333333333333334,0.8333333333333333,0.974025974025974,0.5,5,70,0,2
8,4,638,77,58,7,100,30,20,0.0009168144741320229,0.000488675498202033,20,0.5,0.9325396825396826,0.9918367346938775,0.7777777777777778,1.0,0.9714285714285714,0.9857142857142858,0.8692269873603531,0.8750000000000001,0.974025974025974,0.5,7,68,2,0
8,5,638,77,58,7,100,30,20,0.0009168144741320229,0.000488675498202033,20,0.5,0.7478458049886622,0.9846938775510204,0.8333333333333334,0.7142857142857143,0.9857142857142858,0.8500000000000001,0.7507429809689721,0.7692307692307692,0.961038961038961,0.5,5,69,1,2
8,6,649,66,59,6,100,30,20,0.0009168144741320229,0.000488675498202033,20,0.5,1.0,1.0,1.0,0.5,1.0,0.75,0.6900655593423543,0.6666666666666666,0.9545454545454546,0.5,3,60,0,3
8,7,649,66,59,6,100,30,20,0.0009168144741320229,0.000488675498202033,20,0.5,0.7690476190476191,0.9694444444444444,0.8,0.6666666666666666,0.9833333333333333,0.825,0.7061788191316446,0.7272727272727272,0.9545454545454546,0.5,4,59,1,2
8,8,649,66,59,6,100,30,20,0.0009168144741320229,0.000488675498202033,20,0.5,0.8400383141762452,0.9333333333333333,1.0,0.5,1.0,0.75,0.6900655593423543,0.6666666666666666,0.9545454545454546,0.5,3,60,0,3
8,9,649,66,59,6,100,30,20,0.0009168144741320229,0.000488675498202033,20,0.5,1.0,1.0,0.75,1.0,0.9666666666666667,0.9833333333333334,0.85146931829632,0.8571428571428571,0.9696969696969697,0.5,6,58,2,0
8,10,649,66,59,6,100,30,20,0.0009168144741320229,0.000488675498202033,20,0.5,0.8555555555555555,0.9791666666666667,0.8333333333333334,0.8333333333333334,0.9833333333333333,0.9083333333333333,0.8166666666666667,0.8333333333333334,0.9696969696969697,0.5,5,59,1,1
9,1,638,77,58,7,80,80,80,0.00011452907035201367,0.0005118515746366037,20,0.5,0.9821428571428571,0.9979591836734694,1.0,0.42857142857142855,1.0,0.7142857142857143,0.6367145399670133,0.6,0.948051948051948,0.5,3,70,0,4
9,2,638,77,58,7,80,80,80,0.00011452907035201367,0.0005118515746366037,20,0.5,0.8260204081632654,0.9887755102040816,0.8,0.5714285714285714,0.9857142857142858,0.7785714285714286,0.65,0.6666666666666666,0.948051948051948,0.5,4,69,1,3
9,3,638,77,58,7,80,80,80,0.00011452907035201367,0.0005118515746366037,20,0.5,0.982142857142857,0.9979591836734694,1.0,0.8571428571428571,1.0,0.9285714285714286,0.9192771195538434,0.923076923076923,0.987012987012987,0.5,6,70,0,1
9,4,638,77,58,7,80,80,80,0.00011452907035201367,0.0005118515746366037,20,0.5,0.9325396825396826,0.9918367346938775,0.8333333333333334,0.7142857142857143,0.9857142857142858,0.8500000000000001,0.7507429809689721,0.7692307692307692,0.961038961038961,0.5,5,69,1,2
9,5,638,77,58,7,80,80,80,0.00011452907035201367,0.0005118515746366037,20,0.5,0.736734693877551,0.9826530612244898,0.8571428571428571,0.8571428571428571,0.9857142857142858,0.9214285714285715,0.8428571428571429,0.8571428571428571,0.974025974025974,0.5,6,69,1,1
9,6,649,66,59,6,80,80,80,0.00011452907035201367,0.0005118515746366037,20,0.5,1.0,1.0,1.0,1.0,1.0,1.0,1.0,1.0,1.0,0.5,6,60,0,0
9,7,649,66,59,6,80,80,80,0.00011452907035201367,0.0005118515746366037,20,0.5,0.7541666666666667,0.9666666666666666,0.8,0.6666666666666666,0.9833333333333333,0.825,0.7061788191316446,0.7272727272727272,0.9545454545454546,0.5,4,59,1,2
9,8,649,66,59,6,80,80,80,0.00011452907035201367,0.0005118515746366037,20,0.5,0.8400383141762451,0.9333333333333333,1.0,0.5,1.0,0.75,0.6900655593423543,0.6666666666666666,0.9545454545454546,0.5,3,60,0,3
9,9,649,66,59,6,80,80,80,0.00011452907035201367,0.0005118515746366037,20,0.5,1.0,1.0,0.8571428571428571,1.0,0.9833333333333333,0.9916666666666667,0.9180725150319787,0.923076923076923,0.9848484848484849,0.5,6,59,1,0
9,10,649,66,59,6,80,80,80,0.00011452907035201367,0.0005118515746366037,20,0.5,0.8964646464646464,0.9847222222222222,1.0,0.5,1.0,0.75,0.6900655593423543,0.6666666666666666,0.9545454545454546,0.5,3,60,0,3
10,1,638,77,58,7,40,100,30,0.00048424306559691427,0.0004947886854249381,300,0.5,0.9821428571428571,0.9979591836734694,1.0,0.42857142857142855,1.0,0.7142857142857143,0.6367145399670133,0.6,0.948051948051948,0.5,3,70,0,4
10,2,638,77,58,7,40,100,30,0.00048424306559691427,0.0004947886854249381,300,0.5,0.8260204081632654,0.9887755102040816,1.0,0.14285714285714285,1.0,0.5714285714285714,0.3627381250550058,0.25,0.922077922077922,0.5,1,70,0,6
10,3,638,77,58,7,40,100,30,0.00048424306559691427,0.0004947886854249381,300,0.5,0.982142857142857,0.9979591836734695,1.0,0.42857142857142855,1.0,0.7142857142857143,0.6367145399670133,0.6,0.948051948051948,0.5,3,70,0,4
10,4,638,77,58,7,40,100,30,0.00048424306559691427,0.0004947886854249381,300,0.5,0.9325396825396826,0.9918367346938775,1.0,0.2857142857142857,1.0,0.6428571428571428,0.5163977794943223,0.4444444444444445,0.935064935064935,0.5,2,70,0,5
10,5,638,77,58,7,40,100,30,0.00048424306559691427,0.0004947886854249381,300,0.5,0.736734693877551,0.9826530612244898,0.6666666666666666,0.2857142857142857,0.9857142857142858,0.6357142857142857,0.4032525419791084,0.4,0.922077922077922,0.5,2,69,1,5
10,6,649,66,59,6,40,100,30,0.00048424306559691427,0.0004947886854249381,300,0.5,1.0,1.0,1.0,0.5,1.0,0.75,0.6900655593423543,0.6666666666666666,0.9545454545454546,0.5,3,60,0,3
10,7,649,66,59,6,40,100,30,0.00048424306559691427,0.0004947886854249381,300,0.5,0.7195156695156696,0.961111111111111,0.8,0.6666666666666666,0.9833333333333333,0.825,0.7061788191316446,0.7272727272727272,0.9545454545454546,0.5,4,59,1,2
10,8,649,66,59,6,40,100,30,0.00048424306559691427,0.0004947886854249381,300,0.5,0.8400383141762452,0.9333333333333335,1.0,0.5,1.0,0.75,0.6900655593423543,0.6666666666666666,0.9545454545454546,0.5,3,60,0,3
10,9,649,66,59,6,40,100,30,0.00048424306559691427,0.0004947886854249381,300,0.5,1.0,1.0,1.0,0.8333333333333334,1.0,0.9166666666666667,0.9053574604251854,0.9090909090909091,0.9848484848484849,0.5,5,60,0,1
10,10,649,66,59,6,40,100,30,0.00048424306559691427,0.0004947886854249381,300,0.5,0.8631313131313131,0.9819444444444444,1.0,0.3333333333333333,1.0,0.6666666666666666,0.5590169943749475,0.5,0.9393939393939394,0.5,2,60,0,4
11,1,638,77,58,7,80,80,60,0.0006236064052569793,0.0004996203504871143,20,0.5,0.9821428571428571,0.9979591836734694,1.0,0.42857142857142855,1.0,0.7142857142857143,0.6367145399670133,0.6,0.948051948051948,0.5,3,70,0,4
11,2,638,77,58,7,80,80,60,0.0006236064052569793,0.0004996203504871143,20,0.5,0.8260204081632654,0.9877551020408163,0.875,1.0,0.9857142857142858,0.9928571428571429,0.9287087810503355,0.9333333333333333,0.987012987012987,0.5,7,69,1,0
11,3,638,77,58,7,80,80,60,0.0006236064052569793,0.0004996203504871143,20,0.5,0.982142857142857,0.9979591836734694,1.0,0.8571428571428571,1.0,0.9285714285714286,0.9192771195538434,0.923076923076923,0.987012987012987,0.5,6,70,0,1
11,4,638,77,58,7,80,80,60,0.0006236064052569793,0.0004996203504871143,20,0.5,0.9325396825396826,0.9918367346938775,0.8333333333333334,0.7142857142857143,0.9857142857142858,0.8500000000000001,0.7507429809689721,0.7692307692307692,0.961038961038961,0.5,5,69,1,2
11,5,638,77,58,7,80,80,60,0.0006236064052569793,0.0004996203504871143,20,0.5,0.7478458049886622,0.9846938775510203,0.8333333333333334,0.7142857142857143,0.9857142857142858,0.8500000000000001,0.7507429809689721,0.7692307692307692,0.961038961038961,0.5,5,69,1,2
11,6,649,66,59,6,80,80,60,0.0006236064052569793,0.0004996203504871143,20,0.5,1.0,1.0,1.0,0.5,1.0,0.75,0.6900655593423543,0.6666666666666666,0.9545454545454546,0.5,3,60,0,3
11,7,649,66,59,6,80,80,60,0.0006236064052569793,0.0004996203504871143,20,0.5,0.7690476190476191,0.9694444444444444,0.8,0.6666666666666666,0.9833333333333333,0.825,0.7061788191316446,0.7272727272727272,0.9545454545454546,0.5,4,59,1,2
11,8,649,66,59,6,80,80,60,0.0006236064052569793,0.0004996203504871143,20,0.5,0.8400383141762452,0.9333333333333333,1.0,0.5,1.0,0.75,0.6900655593423543,0.6666666666666666,0.9545454545454546,0.5,3,60,0,3
11,9,649,66,59,6,80,80,60,0.0006236064052569793,0.0004996203504871143,20,0.5,1.0,0.9999999999999999,1.0,0.8333333333333334,1.0,0.9166666666666667,0.9053574604251854,0.9090909090909091,0.9848484848484849,0.5,5,60,0,1
11,10,649,66,59,6,80,80,60,0.0006236064052569793,0.0004996203504871143,20,0.5,0.8222222222222222,0.9777777777777779,0.8333333333333334,0.8333333333333334,0.9833333333333333,0.9083333333333333,0.8166666666666667,0.8333333333333334,0.9696969696969697,0.5,5,59,1,1
12,1,638,77,58,7,20,80,20,0.0009419682934554323,0.0005005153368016104,200,0.5,0.9821428571428571,0.9979591836734694,1.0,0.42857142857142855,1.0,0.7142857142857143,0.6367145399670133,0.6,0.948051948051948,0.5,3,70,0,4
12,2,638,77,58,7,20,80,20,0.0009419682934554323,0.0005005153368016104,200,0.5,0.8260204081632654,0.9887755102040816,0.8,0.5714285714285714,0.9857142857142858,0.7785714285714286,0.65,0.6666666666666666,0.948051948051948,0.5,4,69,1,3
12,3,638,77,58,7,20,80,20,0.0009419682934554323,0.0005005153368016104,200,0.5,0.982142857142857,0.9979591836734694,1.0,0.5714285714285714,1.0,0.7857142857142857,0.7402332101976052,0.7272727272727273,0.961038961038961,0.5,4,70,0,3
12,4,638,77,58,7,20,80,20,0.0009419682934554323,0.0005005153368016104,200,0.5,0.9325396825396826,0.9918367346938776,0.7142857142857143,0.7142857142857143,0.9714285714285714,0.8428571428571429,0.6857142857142857,0.7142857142857143,0.948051948051948,0.5,5,68,2,2
12,5,638,77,58,7,20,80,20,0.0009419682934554323,0.0005005153368016104,200,0.5,0.736734693877551,0.9826530612244898,0.8333333333333334,0.7142857142857143,0.9857142857142858,0.8500000000000001,0.7507429809689721,0.7692307692307692,0.961038961038961,0.5,5,69,1,2
12,6,649,66,59,6,20,80,20,0.0009419682934554323,0.0005005153368016104,200,0.5,1.0,1.0,1.0,0.5,1.0,0.75,0.6900655593423543,0.6666666666666666,0.9545454545454546,0.5,3,60,0,3
12,7,649,66,59,6,20,80,20,0.0009419682934554323,0.0005005153368016104,200,0.5,0.7690476190476191,0.9694444444444444,0.8,0.6666666666666666,0.9833333333333333,0.825,0.7061788191316446,0.7272727272727272,0.9545454545454546,0.5,4,59,1,2
12,8,649,66,59,6,20,80,20,0.0009419682934554323,0.0005005153368016104,200,0.5,0.8400383141762452,0.9333333333333333,1.0,0.5,1.0,0.75,0.6900655593423543,0.6666666666666666,0.9545454545454546,0.5,3,60,0,3
12,9,649,66,59,6,20,80,20,0.0009419682934554323,0.0005005153368016104,200,0.5,1.0,1.0,1.0,1.0,1.0,1.0,1.0,1.0,1.0,0.5,6,60,0,0
12,10,649,66,59,6,20,80,20,0.0009419682934554323,0.0005005153368016104,200,0.5,0.9242424242424242,0.9861111111111112,1.0,0.5,1.0,0.75,0.6900655593423543,0.6666666666666666,0.9545454545454546,0.5,3,60,0,3
13,1,638,77,58,7,40,10,100,0.00024521341239469525,0.0005317037860967833,300,0.5,0.9821428571428571,0.9979591836734694,0.0,0.0,1.0,0.5,0.0,0.0,0.9090909090909091,0.5,0,70,0,7
13,2,638,77,58,7,40,10,100,0.00024521341239469525,0.0005317037860967833,300,0.5,0.8260204081632654,0.9887755102040817,0.0,0.0,1.0,0.5,0.0,0.0,0.9090909090909091,0.5,0,70,0,7
13,3,638,77,58,7,40,10,100,0.00024521341239469525,0.0005317037860967833,300,0.5,0.9999999999999998,1.0,0.0,0.0,1.0,0.5,0.0,0.0,0.9090909090909091,0.5,0,70,0,7
13,4,638,77,58,7,40,10,100,0.00024521341239469525,0.0005317037860967833,300,0.5,0.9325396825396823,0.9918367346938775,0.0,0.0,1.0,0.5,0.0,0.0,0.9090909090909091,0.5,0,70,0,7
13,5,638,77,58,7,40,10,100,0.00024521341239469525,0.0005317037860967833,300,0.5,0.7295918367346939,0.9826530612244899,0.0,0.0,1.0,0.5,0.0,0.0,0.9090909090909091,0.5,0,70,0,7
13,6,649,66,59,6,40,10,100,0.00024521341239469525,0.0005317037860967833,300,0.5,1.0,1.0,0.0,0.0,1.0,0.5,0.0,0.0,0.9090909090909091,0.5,0,60,0,6
13,7,649,66,59,6,40,10,100,0.00024521341239469525,0.0005317037860967833,300,0.5,0.7690476190476191,0.9694444444444444,0.0,0.0,1.0,0.5,0.0,0.0,0.9090909090909091,0.5,0,60,0,6
13,8,649,66,59,6,40,10,100,0.00024521341239469525,0.0005317037860967833,300,0.5,0.867816091954023,0.9361111111111111,0.0,0.0,1.0,0.5,0.0,0.0,0.9090909090909091,0.5,0,60,0,6
13,9,649,66,59,6,40,10,100,0.00024521341239469525,0.0005317037860967833,300,0.5,1.0,0.9999999999999999,0.0,0.0,1.0,0.5,0.0,0.0,0.9090909090909091,0.5,0,60,0,6
13,10,649,66,59,6,40,10,100,0.00024521341239469525,0.0005317037860967833,300,0.5,0.8964646464646465,0.9847222222222222,0.0,0.0,1.0,0.5,0.0,0.0,0.9090909090909091,0.5,0,60,0,6
14,1,638,77,58,7,20,30,10,0.00016280361045944067,0.00047501634874709916,50,0.5,0.9571428571428571,0.9938775510204081,0.0,0.0,1.0,0.5,0.0,0.0,0.9090909090909091,0.5,0,70,0,7
14,2,638,77,58,7,20,30,10,0.00016280361045944067,0.00047501634874709916,50,0.5,0.8260204081632654,0.9877551020408163,0.8,0.5714285714285714,0.9857142857142858,0.7785714285714286,0.65,0.6666666666666666,0.948051948051948,0.5,4,69,1,3
14,3,638,77,58,7,20,30,10,0.00016280361045944067,0.00047501634874709916,50,0.5,0.982142857142857,0.9979591836734693,0.0,0.0,1.0,0.5,0.0,0.0,0.9090909090909091,0.5,0,70,0,7
14,4,638,77,58,7,20,30,10,0.00016280361045944067,0.00047501634874709916,50,0.5,0.9325396825396826,0.9918367346938776,0.0,0.0,1.0,0.5,0.0,0.0,0.9090909090909091,0.5,0,70,0,7
14,5,638,77,58,7,20,30,10,0.00016280361045944067,0.00047501634874709916,50,0.5,0.7205009276437847,0.9806122448979591,0.0,0.0,1.0,0.5,0.0,0.0,0.9090909090909091,0.5,0,70,0,7
14,6,649,66,59,6,20,30,10,0.00016280361045944067,0.00047501634874709916,50,0.5,1.0,1.0,0.0,0.0,1.0,0.5,0.0,0.0,0.9090909090909091,0.5,0,60,0,6
14,7,649,66,59,6,20,30,10,0.00016280361045944067,0.00047501634874709916,50,0.5,0.7102564102564103,0.9583333333333334,0.0,0.0,1.0,0.5,0.0,0.0,0.9090909090909091,0.5,0,60,0,6
14,8,649,66,59,6,20,30,10,0.00016280361045944067,0.00047501634874709916,50,0.5,0.8400383141762452,0.9333333333333335,1.0,0.5,1.0,0.75,0.6900655593423543,0.6666666666666666,0.9545454545454546,0.5,3,60,0,3
14,9,649,66,59,6,20,30,10,0.00016280361045944067,0.00047501634874709916,50,0.5,1.0,1.0,0.0,0.0,1.0,0.5,0.0,0.0,0.9090909090909091,0.5,0,60,0,6
14,10,649,66,59,6,20,30,10,0.00016280361045944067,0.00047501634874709916,50,0.5,0.8964646464646464,0.9847222222222222,1.0,0.3333333333333333,1.0,0.6666666666666666,0.5590169943749475,0.5,0.9393939393939394,0.5,2,60,0,4
15,1,638,77,58,7,80,30,30,0.00019100063874097334,0.0004985551824863759,300,0.5,0.9571428571428571,0.9948979591836735,0.0,0.0,1.0,0.5,0.0,0.0,0.9090909090909091,0.5,0,70,0,7
15,2,638,77,58,7,80,30,30,0.00019100063874097334,0.0004985551824863759,300,0.5,0.8260204081632654,0.9887755102040816,0.0,0.0,1.0,0.5,0.0,0.0,0.9090909090909091,0.5,0,70,0,7
15,3,638,77,58,7,80,30,30,0.00019100063874097334,0.0004985551824863759,300,0.5,0.9821428571428572,0.9979591836734694,0.0,0.0,1.0,0.5,0.0,0.0,0.9090909090909091,0.5,0,70,0,7
15,4,638,77,58,7,80,30,30,0.00019100063874097334,0.0004985551824863759,300,0.5,0.9325396825396826,0.9918367346938775,0.0,0.0,1.0,0.5,0.0,0.0,0.9090909090909091,0.5,0,70,0,7
15,5,638,77,58,7,80,30,30,0.00019100063874097334,0.0004985551824863759,300,0.5,0.7276437847866419,0.9806122448979593,0.0,0.0,1.0,0.5,0.0,0.0,0.9090909090909091,0.5,0,70,0,7
15,6,649,66,59,6,80,30,30,0.00019100063874097334,0.0004985551824863759,300,0.5,1.0,1.0,0.0,0.0,1.0,0.5,0.0,0.0,0.9090909090909091,0.5,0,60,0,6
15,7,649,66,59,6,80,30,30,0.00019100063874097334,0.0004985551824863759,300,0.5,0.7139601139601139,0.9611111111111111,0.0,0.0,1.0,0.5,0.0,0.0,0.9090909090909091,0.5,0,60,0,6
15,8,649,66,59,6,80,30,30,0.00019100063874097334,0.0004985551824863759,300,0.5,0.8400383141762453,0.9333333333333333,0.0,0.0,1.0,0.5,0.0,0.0,0.9090909090909091,0.5,0,60,0,6
15,9,649,66,59,6,80,30,30,0.00019100063874097334,0.0004985551824863759,300,0.5,0.9999999999999999,1.0,0.0,0.0,1.0,0.5,0.0,0.0,0.9090909090909091,0.5,0,60,0,6
15,10,649,66,59,6,80,30,30,0.00019100063874097334,0.0004985551824863759,300,0.5,0.8631313131313131,0.9819444444444445,0.0,0.0,1.0,0.5,0.0,0.0,0.9090909090909091,0.5,0,60,0,6
16,1,638,77,58,7,100,20,50,0.0006999416145169186,0.0004952426107756578,20,0.5,1.0,1.0,1.0,0.42857142857142855,1.0,0.7142857142857143,0.6367145399670133,0.6,0.948051948051948,0.5,3,70,0,4
16,2,638,77,58,7,100,20,50,0.0006999416145169186,0.0004952426107756578,20,0.5,0.8260204081632654,0.9887755102040816,0.875,1.0,0.9857142857142858,0.9928571428571429,0.9287087810503355,0.9333333333333333,0.987012987012987,0.5,7,69,1,0
16,3,638,77,58,7,100,20,50,0.0006999416145169186,0.0004952426107756578,20,0.5,0.982142857142857,0.9979591836734694,1.0,0.5714285714285714,1.0,0.7857142857142857,0.7402332101976052,0.7272727272727273,0.961038961038961,0.5,4,70,0,3
16,4,638,77,58,7,100,20,50,0.0006999416145169186,0.0004952426107756578,20,0.5,0.09090909090909091,0.5,0.0,0.0,1.0,0.5,0.0,0.0,0.9090909090909091,0.5,0,70,0,7
16,5,638,77,58,7,100,20,50,0.0006999416145169186,0.0004952426107756578,20,0.5,0.7325396825396825,0.9826530612244898,0.7777777777777778,1.0,0.9714285714285714,0.9857142857142858,0.8692269873603531,0.8750000000000001,0.974025974025974,0.5,7,68,2,0
16,6,649,66,59,6,100,20,50,0.0006999416145169186,0.0004952426107756578,20,0.5,1.0,1.0,1.0,0.5,1.0,0.75,0.6900655593423543,0.6666666666666666,0.9545454545454546,0.5,3,60,0,3
16,7,649,66,59,6,100,20,50,0.0006999416145169186,0.0004952426107756578,20,0.5,0.7690476190476191,0.9694444444444444,0.8,0.6666666666666666,0.9833333333333333,0.825,0.7061788191316446,0.7272727272727272,0.9545454545454546,0.5,4,59,1,2
16,8,649,66,59,6,100,20,50,0.0006999416145169186,0.0004952426107756578,20,0.5,0.8400383141762452,0.9333333333333333,1.0,0.5,1.0,0.75,0.6900655593423543,0.6666666666666666,0.9545454545454546,0.5,3,60,0,3
16,9,649,66,59,6,100,20,50,0.0006999416145169186,0.0004952426107756578,20,0.5,1.0,1.0,1.0,1.0,1.0,1.0,1.0,1.0,1.0,0.5,6,60,0,0
16,10,649,66,59,6,100,20,50,0.0006999416145169186,0.0004952426107756578,20,0.5,0.8222222222222222,0.9777777777777779,0.8,0.6666666666666666,0.9833333333333333,0.825,0.7061788191316446,0.7272727272727272,0.9545454545454546,0.5,4,59,1,2
17,1,638,77,58,7,80,40,30,0.0009239139300315565,0.0004992338855621589,20,0.5,0.9821428571428571,0.9979591836734695,1.0,0.42857142857142855,1.0,0.7142857142857143,0.6367145399670133,0.6,0.948051948051948,0.5,3,70,0,4
17,2,638,77,58,7,80,40,30,0.0009239139300315565,0.0004992338855621589,20,0.5,0.8260204081632654,0.9887755102040815,0.8,0.5714285714285714,0.9857142857142858,0.7785714285714286,0.65,0.6666666666666666,0.948051948051948,0.5,4,69,1,3
17,3,638,77,58,7,80,40,30,0.0009239139300315565,0.0004992338855621589,20,0.5,0.982142857142857,0.9979591836734694,1.0,0.7142857142857143,1.0,0.8571428571428572,0.8333333333333334,0.8333333333333333,0.974025974025974,0.5,5,70,0,2
17,4,638,77,58,7,80,40,30,0.0009239139300315565,0.0004992338855621589,20,0.5,0.9325396825396826,0.9918367346938776,0.7777777777777778,1.0,0.9714285714285714,0.9857142857142858,0.8692269873603531,0.8750000000000001,0.974025974025974,0.5,7,68,2,0
17,5,638,77,58,7,80,40,30,0.0009239139300315565,0.0004992338855621589,20,0.5,0.7478458049886622,0.9846938775510204,0.8333333333333334,0.7142857142857143,0.9857142857142858,0.8500000000000001,0.7507429809689721,0.7692307692307692,0.961038961038961,0.5,5,69,1,2
17,6,649,66,59,6,80,40,30,0.0009239139300315565,0.0004992338855621589,20,0.5,1.0,1.0,1.0,0.5,1.0,0.75,0.6900655593423543,0.6666666666666666,0.9545454545454546,0.5,3,60,0,3
17,7,649,66,59,6,80,40,30,0.0009239139300315565,0.0004992338855621589,20,0.5,0.7690476190476191,0.9694444444444444,0.8,0.6666666666666666,0.9833333333333333,0.825,0.7061788191316446,0.7272727272727272,0.9545454545454546,0.5,4,59,1,2
17,8,649,66,59,6,80,40,30,0.0009239139300315565,0.0004992338855621589,20,0.5,0.8388888888888889,0.9305555555555556,0.8333333333333334,0.8333333333333334,0.9833333333333333,0.9083333333333333,0.8166666666666667,0.8333333333333334,0.9696969696969697,0.5,5,59,1,1
17,9,649,66,59,6,80,40,30,0.0009239139300315565,0.0004992338855621589,20,0.5,1.0,1.0,1.0,1.0,1.0,1.0,1.0,1.0,1.0,0.5,6,60,0,0
17,10,649,66,59,6,80,40,30,0.0009239139300315565,0.0004992338855621589,20,0.5,0.8138888888888889,0.9763888888888889,0.7142857142857143,0.8333333333333334,0.9666666666666667,0.9,0.7469064529073725,0.7692307692307692,0.9545454545454546,0.5,5,58,2,1
18,1,638,77,58,7,20,20,40,0.0009045667105603941,0.00047973629353043187,300,0.5,0.982142857142857,0.9979591836734694,0.0,0.0,1.0,0.5,0.0,0.0,0.9090909090909091,0.5,0,70,0,7
18,2,638,77,58,7,20,20,40,0.0009045667105603941,0.00047973629353043187,300,0.5,0.8260204081632654,0.9887755102040815,0.0,0.0,1.0,0.5,0.0,0.0,0.9090909090909091,0.5,0,70,0,7
18,3,638,77,58,7,20,20,40,0.0009045667105603941,0.00047973629353043187,300,0.5,0.982142857142857,0.9979591836734695,1.0,0.42857142857142855,1.0,0.7142857142857143,0.6367145399670133,0.6,0.948051948051948,0.5,3,70,0,4
18,4,638,77,58,7,20,20,40,0.0009045667105603941,0.00047973629353043187,300,0.5,0.9325396825396826,0.9918367346938776,0.8333333333333334,0.7142857142857143,0.9857142857142858,0.8500000000000001,0.7507429809689721,0.7692307692307692,0.961038961038961,0.5,5,69,1,2
18,5,638,77,58,7,20,20,40,0.0009045667105603941,0.00047973629353043187,300,0.5,0.7407029478458049,0.9846938775510204,0.8333333333333334,0.7142857142857143,0.9857142857142858,0.8500000000000001,0.7507429809689721,0.7692307692307692,0.961038961038961,0.5,5,69,1,2
18,6,649,66,59,6,20,20,40,0.0009045667105603941,0.00047973629353043187,300,0.5,1.0,1.0,1.0,0.5,1.0,0.75,0.6900655593423543,0.6666666666666666,0.9545454545454546,0.5,3,60,0,3
18,7,649,66,59,6,20,20,40,0.0009045667105603941,0.00047973629353043187,300,0.5,0.7690476190476191,0.9694444444444444,0.8,0.6666666666666666,0.9833333333333333,0.825,0.7061788191316446,0.7272727272727272,0.9545454545454546,0.5,4,59,1,2
18,8,649,66,59,6,20,20,40,0.0009045667105603941,0.00047973629353043187,300,0.5,0.8400383141762452,0.9333333333333332,1.0,0.5,1.0,0.75,0.6900655593423543,0.6666666666666666,0.9545454545454546,0.5,3,60,0,3
18,9,649,66,59,6,20,20,40,0.0009045667105603941,0.00047973629353043187,300,0.5,1.0,1.0,1.0,0.16666666666666666,1.0,0.5833333333333334,0.3922322702763681,0.2857142857142857,0.9242424242424242,0.5,1,60,0,5
18,10,649,66,59,6,20,20,40,0.0009045667105603941,0.00047973629353043187,300,0.5,0.8631313131313131,0.9819444444444444,1.0,0.5,1.0,0.75,0.6900655593423543,0.6666666666666666,0.9545454545454546,0.5,3,60,0,3
19,1,638,77,58,7,40,80,60,0.0001885645389331465,0.0005064341699422509,300,0.5,0.9571428571428572,0.9938775510204081,0.0,0.0,1.0,0.5,0.0,0.0,0.9090909090909091,0.5,0,70,0,7
19,2,638,77,58,7,40,80,60,0.0001885645389331465,0.0005064341699422509,300,0.5,0.8260204081632654,0.9887755102040816,0.0,0.0,1.0,0.5,0.0,0.0,0.9090909090909091,0.5,0,70,0,7
19,3,638,77,58,7,40,80,60,0.0001885645389331465,0.0005064341699422509,300,0.5,0.982142857142857,0.9979591836734694,0.0,0.0,1.0,0.5,0.0,0.0,0.9090909090909091,0.5,0,70,0,7
19,4,638,77,58,7,40,80,60,0.0001885645389331465,0.0005064341699422509,300,0.5,0.9325396825396823,0.9918367346938776,1.0,0.2857142857142857,1.0,0.6428571428571428,0.5163977794943223,0.4444444444444445,0.935064935064935,0.5,2,70,0,5
19,5,638,77,58,7,40,80,60,0.0001885645389331465,0.0005064341699422509,300,0.5,0.7295918367346939,0.9826530612244898,0.0,0.0,1.0,0.5,0.0,0.0,0.9090909090909091,0.5,0,70,0,7
19,6,649,66,59,6,40,80,60,0.0001885645389331465,0.0005064341699422509,300,0.5,1.0,1.0,0.0,0.0,1.0,0.5,0.0,0.0,0.9090909090909091,0.5,0,60,0,6
19,7,649,66,59,6,40,80,60,0.0001885645389331465,0.0005064341699422509,300,0.5,0.7102564102564103,0.9583333333333334,0.0,0.0,1.0,0.5,0.0,0.0,0.9090909090909091,0.5,0,60,0,6
19,8,649,66,59,6,40,80,60,0.0001885645389331465,0.0005064341699422509,300,0.5,0.8400383141762452,0.9333333333333333,0.0,0.0,1.0,0.5,0.0,0.0,0.9090909090909091,0.5,0,60,0,6
19,9,649,66,59,6,40,80,60,0.0001885645389331465,0.0005064341699422509,300,0.5,1.0,1.0,0.0,0.0,1.0,0.5,0.0,0.0,0.9090909090909091,0.5,0,60,0,6
19,10,649,66,59,6,40,80,60,0.0001885645389331465,0.0005064341699422509,300,0.5,0.829004329004329,0.9777777777777777,0.0,0.0,1.0,0.5,0.0,0.0,0.9090909090909091,0.5,0,60,0,6
20,1,638,77,58,7,40,40,50,0.0004466267711203207,0.00048561146822178084,20,0.5,0.9821428571428571,0.9979591836734694,1.0,0.42857142857142855,1.0,0.7142857142857143,0.6367145399670133,0.6,0.948051948051948,0.5,3,70,0,4
20,2,638,77,58,7,40,40,50,0.0004466267711203207,0.00048561146822178084,20,0.5,0.8260204081632654,0.9887755102040816,0.8571428571428571,0.8571428571428571,0.9857142857142858,0.9214285714285715,0.8428571428571429,0.8571428571428571,0.974025974025974,0.5,6,69,1,1
20,3,638,77,58,7,40,40,50,0.0004466267711203207,0.00048561146822178084,20,0.5,0.982142857142857,0.9979591836734694,1.0,0.5714285714285714,1.0,0.7857142857142857,0.7402332101976052,0.7272727272727273,0.961038961038961,0.5,4,70,0,3
20,4,638,77,58,7,40,40,50,0.0004466267711203207,0.00048561146822178084,20,0.5,0.9325396825396826,0.9918367346938776,0.7777777777777778,1.0,0.9714285714285714,0.9857142857142858,0.8692269873603531,0.8750000000000001,0.974025974025974,0.5,7,68,2,0
20,5,638,77,58,7,40,40,50,0.0004466267711203207,0.00048561146822178084,20,0.5,0.7478458049886622,0.9846938775510204,0.7,1.0,0.9571428571428572,0.9785714285714286,0.818535277187245,0.8235294117647058,0.961038961038961,0.5,7,67,3,0
20,6,649,66,59,6,40,40,50,0.0004466267711203207,0.00048561146822178084,20,0.5,1.0,1.0,1.0,0.6666666666666666,1.0,0.8333333333333333,0.8032193289024988,0.8,0.9696969696969697,0.5,4,60,0,2
20,7,649,66,59,6,40,40,50,0.0004466267711203207,0.00048561146822178084,20,0.5,0.7690476190476191,0.9694444444444444,0.8,0.6666666666666666,0.9833333333333333,0.825,0.7061788191316446,0.7272727272727272,0.9545454545454546,0.5,4,59,1,2
20,8,649,66,59,6,40,40,50,0.0004466267711203207,0.00048561146822178084,20,0.5,0.8400383141762452,0.9333333333333333,1.0,0.5,1.0,0.75,0.6900655593423543,0.6666666666666666,0.9545454545454546,0.5,3,60,0,3
20,9,649,66,59,6,40,40,50,0.0004466267711203207,0.00048561146822178084,20,0.5,1.0,1.0,0.75,1.0,0.9666666666666667,0.9833333333333334,0.85146931829632,0.8571428571428571,0.9696969696969697,0.5,6,58,2,0
20,10,649,66,59,6,40,40,50,0.0004466267711203207,0.00048561146822178084,20,0.5,0.8158119658119658,0.9749999999999999,0.8333333333333334,0.8333333333333334,0.9833333333333333,0.9083333333333333,0.8166666666666667,0.8333333333333334,0.9696969696969697,0.5,5,59,1,1
21,1,638,77,58,7,100,10,30,0.0006315668528191062,0.000479478306022102,50,0.5,0.9821428571428571,0.9989795918367347,1.0,0.8571428571428571,1.0,0.9285714285714286,0.9192771195538434,0.923076923076923,0.987012987012987,0.5,6,70,0,1
21,2,638,77,58,7,100,10,30,0.0006315668528191062,0.000479478306022102,50,0.5,0.8260204081632654,0.9887755102040816,0.8,0.5714285714285714,0.9857142857142858,0.7785714285714286,0.65,0.6666666666666666,0.948051948051948,0.5,4,69,1,3
21,3,638,77,58,7,100,10,30,0.0006315668528191062,0.000479478306022102,50,0.5,0.982142857142857,0.9979591836734694,1.0,0.8571428571428571,1.0,0.9285714285714286,0.9192771195538434,0.923076923076923,0.987012987012987,0.5,6,70,0,1
21,4,638,77,58,7,100,10,30,0.0006315668528191062,0.000479478306022102,50,0.5,0.9325396825396826,0.9918367346938775,0.7142857142857143,0.7142857142857143,0.9714285714285714,0.8428571428571429,0.6857142857142857,0.7142857142857143,0.948051948051948,0.5,5,68,2,2
21,5,638,77,58,7,100,10,30,0.0006315668528191062,0.000479478306022102,50,0.5,0.747845804988662,0.9846938775510204,0.8333333333333334,0.7142857142857143,0.9857142857142858,0.8500000000000001,0.7507429809689721,0.7692307692307692,0.961038961038961,0.5,5,69,1,2
21,6,649,66,59,6,100,10,30,0.0006315668528191062,0.000479478306022102,50,0.5,1.0,1.0,1.0,0.5,1.0,0.75,0.6900655593423543,0.6666666666666666,0.9545454545454546,0.5,3,60,0,3
21,7,649,66,59,6,100,10,30,0.0006315668528191062,0.000479478306022102,50,0.5,0.7468253968253968,0.9694444444444444,0.8,0.6666666666666666,0.9833333333333333,0.825,0.7061788191316446,0.7272727272727272,0.9545454545454546,0.5,4,59,1,2
21,8,649,66,59,6,100,10,30,0.0006315668528191062,0.000479478306022102,50,0.5,0.8400383141762452,0.9333333333333333,1.0,0.5,1.0,0.75,0.6900655593423543,0.6666666666666666,0.9545454545454546,0.5,3,60,0,3
21,9,649,66,59,6,100,10,30,0.0006315668528191062,0.000479478306022102,50,0.5,1.0,1.0,1.0,1.0,1.0,1.0,1.0,1.0,1.0,0.5,6,60,0,0
21,10,649,66,59,6,100,10,30,0.0006315668528191062,0.000479478306022102,50,0.5,0.8222222222222222,0.9777777777777777,0.8333333333333334,0.8333333333333334,0.9833333333333333,0.9083333333333333,0.8166666666666667,0.8333333333333334,0.9696969696969697,0.5,5,59,1,1
22,1,638,77,58,7,80,20,50,0.00027906921007912793,0.0005024966123959797,100,0.5,0.9821428571428571,0.9979591836734694,1.0,0.42857142857142855,1.0,0.7142857142857143,0.6367145399670133,0.6,0.948051948051948,0.5,3,70,0,4
22,2,638,77,58,7,80,20,50,0.00027906921007912793,0.0005024966123959797,100,0.5,0.8260204081632654,0.9887755102040816,0.0,0.0,1.0,0.5,0.0,0.0,0.9090909090909091,0.5,0,70,0,7
22,3,638,77,58,7,80,20,50,0.00027906921007912793,0.0005024966123959797,100,0.5,0.982142857142857,0.9979591836734694,1.0,0.5714285714285714,1.0,0.7857142857142857,0.7402332101976052,0.7272727272727273,0.961038961038961,0.5,4,70,0,3
22,4,638,77,58,7,80,20,50,0.00027906921007912793,0.0005024966123959797,100,0.5,0.9325396825396826,0.9918367346938776,0.8333333333333334,0.7142857142857143,0.9857142857142858,0.8500000000000001,0.7507429809689721,0.7692307692307692,0.961038961038961,0.5,5,69,1,2
22,5,638,77,58,7,80,20,50,0.00027906921007912793,0.0005024966123959797,100,0.5,0.747845804988662,0.9846938775510203,0.8333333333333334,0.7142857142857143,0.9857142857142858,0.8500000000000001,0.7507429809689721,0.7692307692307692,0.961038961038961,0.5,5,69,1,2
22,6,649,66,59,6,80,20,50,0.00027906921007912793,0.0005024966123959797,100,0.5,1.0,1.0,1.0,0.5,1.0,0.75,0.6900655593423543,0.6666666666666666,0.9545454545454546,0.5,3,60,0,3
22,7,649,66,59,6,80,20,50,0.00027906921007912793,0.0005024966123959797,100,0.5,0.7690476190476191,0.9694444444444444,0.8,0.6666666666666666,0.9833333333333333,0.825,0.7061788191316446,0.7272727272727272,0.9545454545454546,0.5,4,59,1,2
22,8,649,66,59,6,80,20,50,0.00027906921007912793,0.0005024966123959797,100,0.5,0.8400383141762452,0.9333333333333333,1.0,0.5,1.0,0.75,0.6900655593423543,0.6666666666666666,0.9545454545454546,0.5,3,60,0,3
22,9,649,66,59,6,80,20,50,0.00027906921007912793,0.0005024966123959797,100,0.5,1.0,1.0,0.8571428571428571,1.0,0.9833333333333333,0.9916666666666667,0.9180725150319787,0.923076923076923,0.9848484848484849,0.5,6,59,1,0
22,10,649,66,59,6,80,20,50,0.00027906921007912793,0.0005024966123959797,100,0.5,0.8555555555555555,0.9791666666666667,1.0,0.5,1.0,0.75,0.6900655593423543,0.6666666666666666,0.9545454545454546,0.5,3,60,0,3
23,1,638,77,58,7,80,40,80,0.0001734015431966785,0.0005070759080554819,100,0.5,0.9821428571428571,0.9979591836734694,1.0,0.42857142857142855,1.0,0.7142857142857143,0.6367145399670133,0.6,0.948051948051948,0.5,3,70,0,4
23,2,638,77,58,7,80,40,80,0.0001734015431966785,0.0005070759080554819,100,0.5,0.8260204081632654,0.9887755102040816,0.8,0.5714285714285714,0.9857142857142858,0.7785714285714286,0.65,0.6666666666666666,0.948051948051948,0.5,4,69,1,3
23,3,638,77,58,7,80,40,80,0.0001734015431966785,0.0005070759080554819,100,0.5,0.982142857142857,0.9979591836734694,1.0,0.7142857142857143,1.0,0.8571428571428572,0.8333333333333334,0.8333333333333333,0.974025974025974,0.5,5,70,0,2
23,4,638,77,58,7,80,40,80,0.0001734015431966785,0.0005070759080554819,100,0.5,0.9325396825396826,0.9918367346938776,0.0,0.0,1.0,0.5,0.0,0.0,0.9090909090909091,0.5,0,70,0,7
23,5,638,77,58,7,80,40,80,0.0001734015431966785,0.0005070759080554819,100,0.5,0.736734693877551,0.9826530612244897,0.8333333333333334,0.7142857142857143,0.9857142857142858,0.8500000000000001,0.7507429809689721,0.7692307692307692,0.961038961038961,0.5,5,69,1,2
23,6,649,66,59,6,80,40,80,0.0001734015431966785,0.0005070759080554819,100,0.5,1.0,1.0,0.0,0.0,1.0,0.5,0.0,0.0,0.9090909090909091,0.5,0,60,0,6
23,7,649,66,59,6,80,40,80,0.0001734015431966785,0.0005070759080554819,100,0.5,0.7690476190476191,0.9694444444444444,0.8,0.6666666666666666,0.9833333333333333,0.825,0.7061788191316446,0.7272727272727272,0.9545454545454546,0.5,4,59,1,2
23,8,649,66,59,6,80,40,80,0.0001734015431966785,0.0005070759080554819,100,0.5,0.8400383141762452,0.9333333333333332,1.0,0.5,1.0,0.75,0.6900655593423543,0.6666666666666666,0.9545454545454546,0.5,3,60,0,3
23,9,649,66,59,6,80,40,80,0.0001734015431966785,0.0005070759080554819,100,0.5,1.0,1.0,1.0,0.8333333333333334,1.0,0.9166666666666667,0.9053574604251854,0.9090909090909091,0.9848484848484849,0.5,5,60,0,1
23,10,649,66,59,6,80,40,80,0.0001734015431966785,0.0005070759080554819,100,0.5,0.9242424242424242,0.9861111111111112,1.0,0.3333333333333333,1.0,0.6666666666666666,0.5590169943749475,0.5,0.9393939393939394,0.5,2,60,0,4
24,1,638,77,58,7,30,80,30,0.00018472278947324666,0.0005021395676742947,300,0.5,0.9571428571428572,0.9938775510204081,0.0,0.0,1.0,0.5,0.0,0.0,0.9090909090909091,0.5,0,70,0,7
24,2,638,77,58,7,30,80,30,0.00018472278947324666,0.0005021395676742947,300,0.5,0.8121315192743763,0.9867346938775511,0.0,0.0,1.0,0.5,0.0,0.0,0.9090909090909091,0.5,0,70,0,7
24,3,638,77,58,7,30,80,30,0.00018472278947324666,0.0005021395676742947,300,0.5,0.982142857142857,0.9979591836734695,0.0,0.0,1.0,0.5,0.0,0.0,0.9090909090909091,0.5,0,70,0,7
24,4,638,77,58,7,30,80,30,0.00018472278947324666,0.0005021395676742947,300,0.5,0.9325396825396826,0.9918367346938776,0.0,0.0,1.0,0.5,0.0,0.0,0.9090909090909091,0.5,0,70,0,7
24,5,638,77,58,7,30,80,30,0.00018472278947324666,0.0005021395676742947,300,0.5,0.7761904761904763,0.9775510204081633,0.0,0.0,1.0,0.5,0.0,0.0,0.9090909090909091,0.5,0,70,0,7
24,6,649,66,59,6,30,80,30,0.00018472278947324666,0.0005021395676742947,300,0.5,1.0,1.0,0.0,0.0,1.0,0.5,0.0,0.0,0.9090909090909091,0.5,0,60,0,6
24,7,649,66,59,6,30,80,30,0.00018472278947324666,0.0005021395676742947,300,0.5,0.7102564102564103,0.9583333333333334,0.0,0.0,1.0,0.5,0.0,0.0,0.9090909090909091,0.5,0,60,0,6
24,8,649,66,59,6,30,80,30,0.00018472278947324666,0.0005021395676742947,300,0.5,0.8400383141762452,0.9333333333333333,0.0,0.0,1.0,0.5,0.0,0.0,0.9090909090909091,0.5,0,60,0,6
24,9,649,66,59,6,30,80,30,0.00018472278947324666,0.0005021395676742947,300,0.5,1.0,1.0,0.0,0.0,1.0,0.5,0.0,0.0,0.9090909090909091,0.5,0,60,0,6
24,10,649,66,59,6,30,80,30,0.00018472278947324666,0.0005021395676742947,300,0.5,0.829004329004329,0.9777777777777777,0.0,0.0,1.0,0.5,0.0,0.0,0.9090909090909091,0.5,0,60,0,6
25,1,638,77,58,7,80,60,20,0.0009261680393095023,0.000489157381592425,300,0.5,0.9821428571428571,0.9979591836734694,1.0,0.7142857142857143,1.0,0.8571428571428572,0.8333333333333334,0.8333333333333333,0.974025974025974,0.5,5,70,0,2
25,2,638,77,58,7,80,60,20,0.0009261680393095023,0.000489157381592425,300,0.5,0.8260204081632654,0.9887755102040815,0.875,1.0,0.9857142857142858,0.9928571428571429,0.9287087810503355,0.9333333333333333,0.987012987012987,0.5,7,69,1,0
25,3,638,77,58,7,80,60,20,0.0009261680393095023,0.000489157381592425,300,0.5,0.982142857142857,0.9979591836734694,1.0,0.7142857142857143,1.0,0.8571428571428572,0.8333333333333334,0.8333333333333333,0.974025974025974,0.5,5,70,0,2
25,4,638,77,58,7,80,60,20,0.0009261680393095023,0.000489157381592425,300,0.5,0.9325396825396826,0.9918367346938775,0.7777777777777778,1.0,0.9714285714285714,0.9857142857142858,0.8692269873603531,0.8750000000000001,0.974025974025974,0.5,7,68,2,0
25,5,638,77,58,7,80,60,20,0.0009261680393095023,0.000489157381592425,300,0.5,0.747845804988662,0.9846938775510204,0.8333333333333334,0.7142857142857143,0.9857142857142858,0.8500000000000001,0.7507429809689721,0.7692307692307692,0.961038961038961,0.5,5,69,1,2
25,6,649,66,59,6,80,60,20,0.0009261680393095023,0.000489157381592425,300,0.5,1.0,1.0,1.0,0.5,1.0,0.75,0.6900655593423543,0.6666666666666666,0.9545454545454546,0.5,3,60,0,3
25,7,649,66,59,6,80,60,20,0.0009261680393095023,0.000489157381592425,300,0.5,0.7690476190476191,0.9694444444444444,0.8,0.6666666666666666,0.9833333333333333,0.825,0.7061788191316446,0.7272727272727272,0.9545454545454546,0.5,4,59,1,2
25,8,649,66,59,6,80,60,20,0.0009261680393095023,0.000489157381592425,300,0.5,0.8400383141762452,0.9333333333333335,1.0,0.6666666666666666,1.0,0.8333333333333333,0.8032193289024988,0.8,0.9696969696969697,0.5,4,60,0,2
25,9,649,66,59,6,80,60,20,0.0009261680393095023,0.000489157381592425,300,0.5,1.0,1.0,0.6666666666666666,1.0,0.95,0.975,0.7958224257542215,0.8,0.9545454545454546,0.5,6,57,3,0
25,10,649,66,59,6,80,60,20,0.0009261680393095023,0.000489157381592425,300,0.5,0.9166666666666666,0.9833333333333334,0.8333333333333334,0.8333333333333334,0.9833333333333333,0.9083333333333333,0.8166666666666667,0.8333333333333334,0.9696969696969697,0.5,5,59,1,1
26,1,638,77,58,7,80,60,60,0.00012831853307107265,0.0005038857464197013,300,0.5,0.9571428571428571,0.9938775510204082,0.0,0.0,1.0,0.5,0.0,0.0,0.9090909090909091,0.5,0,70,0,7
26,2,638,77,58,7,80,60,60,0.00012831853307107265,0.0005038857464197013,300,0.5,0.8260204081632654,0.9887755102040817,0.0,0.0,1.0,0.5,0.0,0.0,0.9090909090909091,0.5,0,70,0,7
26,3,638,77,58,7,80,60,60,0.00012831853307107265,0.0005038857464197013,300,0.5,0.9821428571428572,0.9979591836734694,0.0,0.0,1.0,0.5,0.0,0.0,0.9090909090909091,0.5,0,70,0,7
26,4,638,77,58,7,80,60,60,0.00012831853307107265,0.0005038857464197013,300,0.5,0.9325396825396826,0.9918367346938776,0.0,0.0,1.0,0.5,0.0,0.0,0.9090909090909091,0.5,0,70,0,7
26,5,638,77,58,7,80,60,60,0.00012831853307107265,0.0005038857464197013,300,0.5,0.736734693877551,0.9816326530612245,0.0,0.0,1.0,0.5,0.0,0.0,0.9090909090909091,0.5,0,70,0,7
26,6,649,66,59,6,80,60,60,0.00012831853307107265,0.0005038857464197013,300,0.5,1.0,1.0,0.0,0.0,1.0,0.5,0.0,0.0,0.9090909090909091,0.5,0,60,0,6
26,7,649,66,59,6,80,60,60,0.00012831853307107265,0.0005038857464197013,300,0.5,0.7102564102564103,0.9583333333333334,0.0,0.0,1.0,0.5,0.0,0.0,0.9090909090909091,0.5,0,60,0,6
26,8,649,66,59,6,80,60,60,0.00012831853307107265,0.0005038857464197013,300,0.5,0.8400383141762452,0.9333333333333333,0.0,0.0,1.0,0.5,0.0,0.0,0.9090909090909091,0.5,0,60,0,6
26,9,649,66,59,6,80,60,60,0.00012831853307107265,0.0005038857464197013,300,0.5,1.0,1.0,0.0,0.0,1.0,0.5,0.0,0.0,0.9090909090909091,0.5,0,60,0,6
26,10,649,66,59,6,80,60,60,0.00012831853307107265,0.0005038857464197013,300,0.5,0.8631313131313131,0.9819444444444444,0.0,0.0,1.0,0.5,0.0,0.0,0.9090909090909091,0.5,0,60,0,6
27,1,638,77,58,7,30,20,60,0.00025721312906434125,0.0005083868761860715,200,0.5,0.982142857142857,0.9979591836734694,0.0,0.0,1.0,0.5,0.0,0.0,0.9090909090909091,0.5,0,70,0,7
27,2,638,77,58,7,30,20,60,0.00025721312906434125,0.0005083868761860715,200,0.5,0.8260204081632654,0.9887755102040816,0.0,0.0,1.0,0.5,0.0,0.0,0.9090909090909091,0.5,0,70,0,7
27,3,638,77,58,7,30,20,60,0.00025721312906434125,0.0005083868761860715,200,0.5,0.982142857142857,0.9979591836734694,0.0,0.0,1.0,0.5,0.0,0.0,0.9090909090909091,0.5,0,70,0,7
27,4,638,77,58,7,30,20,60,0.00025721312906434125,0.0005083868761860715,200,0.5,0.9325396825396826,0.9918367346938776,0.0,0.0,1.0,0.5,0.0,0.0,0.9090909090909091,0.5,0,70,0,7
27,5,638,77,58,7,30,20,60,0.00025721312906434125,0.0005083868761860715,200,0.5,0.7051948051948052,0.9785714285714286,0.0,0.0,1.0,0.5,0.0,0.0,0.9090909090909091,0.5,0,70,0,7
27,6,649,66,59,6,30,20,60,0.00025721312906434125,0.0005083868761860715,200,0.5,1.0,1.0,0.0,0.0,1.0,0.5,0.0,0.0,0.9090909090909091,0.5,0,60,0,6
27,7,649,66,59,6,30,20,60,0.00025721312906434125,0.0005083868761860715,200,0.5,0.7459706959706959,0.9666666666666667,0.0,0.0,1.0,0.5,0.0,0.0,0.9090909090909091,0.5,0,60,0,6
27,8,649,66,59,6,30,20,60,0.00025721312906434125,0.0005083868761860715,200,0.5,0.8400383141762452,0.9333333333333333,0.0,0.0,1.0,0.5,0.0,0.0,0.9090909090909091,0.5,0,60,0,6
27,9,649,66,59,6,30,20,60,0.00025721312906434125,0.0005083868761860715,200,0.5,1.0,0.9999999999999999,1.0,0.8333333333333334,1.0,0.9166666666666667,0.9053574604251854,0.9090909090909091,0.9848484848484849,0.5,5,60,0,1
27,10,649,66,59,6,30,20,60,0.00025721312906434125,0.0005083868761860715,200,0.5,0.8631313131313131,0.9819444444444444,1.0,0.3333333333333333,1.0,0.6666666666666666,0.5590169943749475,0.5,0.9393939393939394,0.5,2,60,0,4
28,1,638,77,58,7,100,80,100,0.0009921110260134617,0.0004788447701182832,100,0.5,0.9821428571428571,0.9979591836734694,1.0,0.42857142857142855,1.0,0.7142857142857143,0.6367145399670133,0.6,0.948051948051948,0.5,3,70,0,4
28,2,638,77,58,7,100,80,100,0.0009921110260134617,0.0004788447701182832,100,0.5,0.8736394557823128,0.9897959183673469,0.8,0.5714285714285714,0.9857142857142858,0.7785714285714286,0.65,0.6666666666666666,0.948051948051948,0.5,4,69,1,3
28,3,638,77,58,7,100,80,100,0.0009921110260134617,0.0004788447701182832,100,0.5,0.982142857142857,0.9979591836734695,1.0,0.7142857142857143,1.0,0.8571428571428572,0.8333333333333334,0.8333333333333333,0.974025974025974,0.5,5,70,0,2
28,4,638,77,58,7,100,80,100,0.0009921110260134617,0.0004788447701182832,100,0.5,0.9325396825396826,0.9918367346938776,0.8333333333333334,0.7142857142857143,0.9857142857142858,0.8500000000000001,0.7507429809689721,0.7692307692307692,0.961038961038961,0.5,5,69,1,2
28,5,638,77,58,7,100,80,100,0.0009921110260134617,0.0004788447701182832,100,0.5,0.747845804988662,0.9846938775510203,0.8333333333333334,0.7142857142857143,0.9857142857142858,0.8500000000000001,0.7507429809689721,0.7692307692307692,0.961038961038961,0.5,5,69,1,2
28,6,649,66,59,6,100,80,100,0.0009921110260134617,0.0004788447701182832,100,0.5,1.0,1.0,1.0,0.5,1.0,0.75,0.6900655593423543,0.6666666666666666,0.9545454545454546,0.5,3,60,0,3
28,7,649,66,59,6,100,80,100,0.0009921110260134617,0.0004788447701182832,100,0.5,0.7690476190476191,0.9694444444444444,0.8,0.6666666666666666,0.9833333333333333,0.825,0.7061788191316446,0.7272727272727272,0.9545454545454546,0.5,4,59,1,2
28,8,649,66,59,6,100,80,100,0.0009921110260134617,0.0004788447701182832,100,0.5,0.8400383141762452,0.9333333333333333,1.0,0.5,1.0,0.75,0.6900655593423543,0.6666666666666666,0.9545454545454546,0.5,3,60,0,3
28,9,649,66,59,6,100,80,100,0.0009921110260134617,0.0004788447701182832,100,0.5,1.0,1.0,1.0,1.0,1.0,1.0,1.0,1.0,1.0,0.5,6,60,0,0
28,10,649,66,59,6,100,80,100,0.0009921110260134617,0.0004788447701182832,100,0.5,0.8222222222222222,0.9777777777777779,0.8333333333333334,0.8333333333333334,0.9833333333333333,0.9083333333333333,0.8166666666666667,0.8333333333333334,0.9696969696969697,0.5,5,59,1,1
29,1,638,77,58,7,50,100,40,0.0008582943099286113,0.0005031819847674375,200,0.5,0.9821428571428571,0.9979591836734694,1.0,0.5714285714285714,1.0,0.7857142857142857,0.7402332101976052,0.7272727272727273,0.961038961038961,0.5,4,70,0,3
29,2,638,77,58,7,50,100,40,0.0008582943099286113,0.0005031819847674375,200,0.5,0.8260204081632654,0.9887755102040817,0.8,0.5714285714285714,0.9857142857142858,0.7785714285714286,0.65,0.6666666666666666,0.948051948051948,0.5,4,69,1,3
29,3,638,77,58,7,50,100,40,0.0008582943099286113,0.0005031819847674375,200,0.5,0.9821428571428572,0.9979591836734694,1.0,0.42857142857142855,1.0,0.7142857142857143,0.6367145399670133,0.6,0.948051948051948,0.5,3,70,0,4
29,4,638,77,58,7,50,100,40,0.0008582943099286113,0.0005031819847674375,200,0.5,0.9325396825396826,0.9918367346938776,0.7777777777777778,1.0,0.9714285714285714,0.9857142857142858,0.8692269873603531,0.8750000000000001,0.974025974025974,0.5,7,68,2,0
29,5,638,77,58,7,50,100,40,0.0008582943099286113,0.0005031819847674375,200,0.5,0.747845804988662,0.9846938775510203,0.8333333333333334,0.7142857142857143,0.9857142857142858,0.8500000000000001,0.7507429809689721,0.7692307692307692,0.961038961038961,0.5,5,69,1,2
29,6,649,66,59,6,50,100,40,0.0008582943099286113,0.0005031819847674375,200,0.5,1.0,1.0,1.0,0.8333333333333334,1.0,0.9166666666666667,0.9053574604251854,0.9090909090909091,0.9848484848484849,0.5,5,60,0,1
29,7,649,66,59,6,50,100,40,0.0008582943099286113,0.0005031819847674375,200,0.5,0.7468253968253967,0.9694444444444444,0.8,0.6666666666666666,0.9833333333333333,0.825,0.7061788191316446,0.7272727272727272,0.9545454545454546,0.5,4,59,1,2
29,8,649,66,59,6,50,100,40,0.0008582943099286113,0.0005031819847674375,200,0.5,0.8400383141762452,0.9333333333333333,1.0,0.5,1.0,0.75,0.6900655593423543,0.6666666666666666,0.9545454545454546,0.5,3,60,0,3
29,9,649,66,59,6,50,100,40,0.0008582943099286113,0.0005031819847674375,200,0.5,1.0,1.0,1.0,1.0,1.0,1.0,1.0,1.0,1.0,0.5,6,60,0,0
29,10,649,66,59,6,50,100,40,0.0008582943099286113,0.0005031819847674375,200,0.5,0.8964646464646464,0.9847222222222222,0.8333333333333334,0.8333333333333334,0.9833333333333333,0.9083333333333333,0.8166666666666667,0.8333333333333334,0.9696969696969697,0.5,5,59,1,1
30,1,638,77,58,7,20,100,80,0.00011402462807910907,0.0005029778847418198,100,0.5,0.9821428571428571,0.9979591836734694,1.0,0.42857142857142855,1.0,0.7142857142857143,0.6367145399670133,0.6,0.948051948051948,0.5,3,70,0,4
30,2,638,77,58,7,20,100,80,0.00011402462807910907,0.0005029778847418198,100,0.5,0.8260204081632654,0.9887755102040816,0.8,0.5714285714285714,0.9857142857142858,0.7785714285714286,0.65,0.6666666666666666,0.948051948051948,0.5,4,69,1,3
30,3,638,77,58,7,20,100,80,0.00011402462807910907,0.0005029778847418198,100,0.5,0.982142857142857,0.9979591836734694,0.0,0.0,1.0,0.5,0.0,0.0,0.9090909090909091,0.5,0,70,0,7
30,4,638,77,58,7,20,100,80,0.00011402462807910907,0.0005029778847418198,100,0.5,0.9325396825396826,0.9918367346938776,0.8333333333333334,0.7142857142857143,0.9857142857142858,0.8500000000000001,0.7507429809689721,0.7692307692307692,0.961038961038961,0.5,5,69,1,2
30,5,638,77,58,7,20,100,80,0.00011402462807910907,0.0005029778847418198,100,0.5,0.7123376623376624,0.9785714285714285,0.8333333333333334,0.7142857142857143,0.9857142857142858,0.8500000000000001,0.7507429809689721,0.7692307692307692,0.961038961038961,0.5,5,69,1,2
30,6,649,66,59,6,20,100,80,0.00011402462807910907,0.0005029778847418198,100,0.5,1.0,1.0,1.0,0.5,1.0,0.75,0.6900655593423543,0.6666666666666666,0.9545454545454546,0.5,3,60,0,3
30,7,649,66,59,6,20,100,80,0.00011402462807910907,0.0005029778847418198,100,0.5,0.6963675213675213,0.9583333333333335,1.0,0.16666666666666666,1.0,0.5833333333333334,0.3922322702763681,0.2857142857142857,0.9242424242424242,0.5,1,60,0,5
30,8,649,66,59,6,20,100,80,0.00011402462807910907,0.0005029778847418198,100,0.5,0.8400383141762452,0.9333333333333333,0.0,0.0,1.0,0.5,0.0,0.0,0.9090909090909091,0.5,0,60,0,6
30,9,649,66,59,6,20,100,80,0.00011402462807910907,0.0005029778847418198,100,0.5,1.0,1.0,1.0,0.16666666666666666,1.0,0.5833333333333334,0.3922322702763681,0.2857142857142857,0.9242424242424242,0.5,1,60,0,5
30,10,649,66,59,6,20,100,80,0.00011402462807910907,0.0005029778847418198,100,0.5,0.8210678210678211,0.9763888888888889,0.0,0.0,1.0,0.5,0.0,0.0,0.9090909090909091,0.5,0,60,0,6
31,1,638,77,58,7,50,30,20,0.0006988704313864339,0.0005015424186648699,300,0.5,0.982142857142857,0.9979591836734694,1.0,0.42857142857142855,1.0,0.7142857142857143,0.6367145399670133,0.6,0.948051948051948,0.5,3,70,0,4
31,2,638,77,58,7,50,30,20,0.0006988704313864339,0.0005015424186648699,300,0.5,0.8736394557823128,0.989795918367347,0.8,0.5714285714285714,0.9857142857142858,0.7785714285714286,0.65,0.6666666666666666,0.948051948051948,0.5,4,69,1,3
31,3,638,77,58,7,50,30,20,0.0006988704313864339,0.0005015424186648699,300,0.5,0.982142857142857,0.9979591836734694,1.0,0.42857142857142855,1.0,0.7142857142857143,0.6367145399670133,0.6,0.948051948051948,0.5,3,70,0,4
31,4,638,77,58,7,50,30,20,0.0006988704313864339,0.0005015424186648699,300,0.5,0.9325396825396823,0.9918367346938776,0.8333333333333334,0.7142857142857143,0.9857142857142858,0.8500000000000001,0.7507429809689721,0.7692307692307692,0.961038961038961,0.5,5,69,1,2
31,5,638,77,58,7,50,30,20,0.0006988704313864339,0.0005015424186648699,300,0.5,0.747845804988662,0.983673469387755,0.8333333333333334,0.7142857142857143,0.9857142857142858,0.8500000000000001,0.7507429809689721,0.7692307692307692,0.961038961038961,0.5,5,69,1,2
31,6,649,66,59,6,50,30,20,0.0006988704313864339,0.0005015424186648699,300,0.5,1.0,1.0,0.0,0.0,1.0,0.5,0.0,0.0,0.9090909090909091,0.5,0,60,0,6
31,7,649,66,59,6,50,30,20,0.0006988704313864339,0.0005015424186648699,300,0.5,0.7139601139601139,0.9611111111111111,1.0,0.16666666666666666,1.0,0.5833333333333334,0.3922322702763681,0.2857142857142857,0.9242424242424242,0.5,1,60,0,5
31,8,649,66,59,6,50,30,20,0.0006988704313864339,0.0005015424186648699,300,0.5,0.8400383141762452,0.9333333333333333,1.0,0.5,1.0,0.75,0.6900655593423543,0.6666666666666666,0.9545454545454546,0.5,3,60,0,3
31,9,649,66,59,6,50,30,20,0.0006988704313864339,0.0005015424186648699,300,0.5,1.0,1.0,0.8571428571428571,1.0,0.9833333333333333,0.9916666666666667,0.9180725150319787,0.923076923076923,0.9848484848484849,0.5,6,59,1,0
31,10,649,66,59,6,50,30,20,0.0006988704313864339,0.0005015424186648699,300,0.5,0.8686868686868687,0.9833333333333334,1.0,0.5,1.0,0.75,0.6900655593423543,0.6666666666666666,0.9545454545454546,0.5,3,60,0,3
32,1,638,77,58,7,60,60,60,0.0007923014863077,0.0004801188015557557,100,0.5,0.9821428571428571,0.9979591836734694,1.0,0.5714285714285714,1.0,0.7857142857142857,0.7402332101976052,0.7272727272727273,0.961038961038961,0.5,4,70,0,3
32,2,638,77,58,7,60,60,60,0.0007923014863077,0.0004801188015557557,100,0.5,0.8260204081632654,0.9887755102040817,0.8,0.5714285714285714,0.9857142857142858,0.7785714285714286,0.65,0.6666666666666666,0.948051948051948,0.5,4,69,1,3
32,3,638,77,58,7,60,60,60,0.0007923014863077,0.0004801188015557557,100,0.5,0.982142857142857,0.9979591836734694,1.0,0.7142857142857143,1.0,0.8571428571428572,0.8333333333333334,0.8333333333333333,0.974025974025974,0.5,5,70,0,2
32,4,638,77,58,7,60,60,60,0.0007923014863077,0.0004801188015557557,100,0.5,0.9325396825396826,0.9918367346938775,0.8333333333333334,0.7142857142857143,0.9857142857142858,0.8500000000000001,0.7507429809689721,0.7692307692307692,0.961038961038961,0.5,5,69,1,2
32,5,638,77,58,7,60,60,60,0.0007923014863077,0.0004801188015557557,100,0.5,0.747845804988662,0.9846938775510204,0.8333333333333334,0.7142857142857143,0.9857142857142858,0.8500000000000001,0.7507429809689721,0.7692307692307692,0.961038961038961,0.5,5,69,1,2
32,6,649,66,59,6,60,60,60,0.0007923014863077,0.0004801188015557557,100,0.5,1.0,1.0,1.0,0.5,1.0,0.75,0.6900655593423543,0.6666666666666666,0.9545454545454546,0.5,3,60,0,3
32,7,649,66,59,6,60,60,60,0.0007923014863077,0.0004801188015557557,100,0.5,0.7690476190476191,0.9694444444444446,0.8,0.6666666666666666,0.9833333333333333,0.825,0.7061788191316446,0.7272727272727272,0.9545454545454546,0.5,4,59,1,2
32,8,649,66,59,6,60,60,60,0.0007923014863077,0.0004801188015557557,100,0.5,0.8400383141762452,0.9333333333333333,1.0,0.5,1.0,0.75,0.6900655593423543,0.6666666666666666,0.9545454545454546,0.5,3,60,0,3
32,9,649,66,59,6,60,60,60,0.0007923014863077,0.0004801188015557557,100,0.5,1.0,1.0,0.8571428571428571,1.0,0.9833333333333333,0.9916666666666667,0.9180725150319787,0.923076923076923,0.9848484848484849,0.5,6,59,1,0
32,10,649,66,59,6,60,60,60,0.0007923014863077,0.0004801188015557557,100,0.5,0.8222222222222222,0.9750000000000001,0.8333333333333334,0.8333333333333334,0.9833333333333333,0.9083333333333333,0.8166666666666667,0.8333333333333334,0.9696969696969697,0.5,5,59,1,1
33,1,638,77,58,7,30,80,100,0.0009214741314822198,0.0004972743309274203,300,0.5,0.9821428571428571,0.9979591836734694,1.0,0.42857142857142855,1.0,0.7142857142857143,0.6367145399670133,0.6,0.948051948051948,0.5,3,70,0,4
33,2,638,77,58,7,30,80,100,0.0009214741314822198,0.0004972743309274203,300,0.5,0.8260204081632654,0.9887755102040815,0.8,0.5714285714285714,0.9857142857142858,0.7785714285714286,0.65,0.6666666666666666,0.948051948051948,0.5,4,69,1,3
33,3,638,77,58,7,30,80,100,0.0009214741314822198,0.0004972743309274203,300,0.5,0.982142857142857,0.9979591836734695,1.0,0.42857142857142855,1.0,0.7142857142857143,0.6367145399670133,0.6,0.948051948051948,0.5,3,70,0,4
33,4,638,77,58,7,30,80,100,0.0009214741314822198,0.0004972743309274203,300,0.5,0.9325396825396826,0.9918367346938776,0.7142857142857143,0.7142857142857143,0.9714285714285714,0.8428571428571429,0.6857142857142857,0.7142857142857143,0.948051948051948,0.5,5,68,2,2
33,5,638,77,58,7,30,80,100,0.0009214741314822198,0.0004972743309274203,300,0.5,0.7478458049886622,0.9846938775510204,0.7,1.0,0.9571428571428572,0.9785714285714286,0.818535277187245,0.8235294117647058,0.961038961038961,0.5,7,67,3,0
33,6,649,66,59,6,30,80,100,0.0009214741314822198,0.0004972743309274203,300,0.5,1.0,1.0,1.0,0.5,1.0,0.75,0.6900655593423543,0.6666666666666666,0.9545454545454546,0.5,3,60,0,3
33,7,649,66,59,6,30,80,100,0.0009214741314822198,0.0004972743309274203,300,0.5,0.7690476190476191,0.9694444444444444,0.8,0.6666666666666666,0.9833333333333333,0.825,0.7061788191316446,0.7272727272727272,0.9545454545454546,0.5,4,59,1,2
33,8,649,66,59,6,30,80,100,0.0009214741314822198,0.0004972743309274203,300,0.5,0.8400383141762452,0.9333333333333333,1.0,0.5,1.0,0.75,0.6900655593423543,0.6666666666666666,0.9545454545454546,0.5,3,60,0,3
33,9,649,66,59,6,30,80,100,0.0009214741314822198,0.0004972743309274203,300,0.5,1.0,1.0,1.0,1.0,1.0,1.0,1.0,1.0,1.0,0.5,6,60,0,0
33,10,649,66,59,6,30,80,100,0.0009214741314822198,0.0004972743309274203,300,0.5,0.8686868686868687,0.9833333333333334,0.7142857142857143,0.8333333333333334,0.9666666666666667,0.9,0.7469064529073725,0.7692307692307692,0.9545454545454546,0.5,5,58,2,1
34,1,638,77,58,7,80,60,50,0.000992686114796795,0.0005082695800564698,50,0.5,0.9821428571428571,0.9979591836734694,1.0,0.42857142857142855,1.0,0.7142857142857143,0.6367145399670133,0.6,0.948051948051948,0.5,3,70,0,4
34,2,638,77,58,7,80,60,50,0.000992686114796795,0.0005082695800564698,50,0.5,0.8260204081632654,0.9887755102040816,0.8,0.5714285714285714,0.9857142857142858,0.7785714285714286,0.65,0.6666666666666666,0.948051948051948,0.5,4,69,1,3
34,3,638,77,58,7,80,60,50,0.000992686114796795,0.0005082695800564698,50,0.5,0.9821428571428572,0.9979591836734694,1.0,0.7142857142857143,1.0,0.8571428571428572,0.8333333333333334,0.8333333333333333,0.974025974025974,0.5,5,70,0,2
34,4,638,77,58,7,80,60,50,0.000992686114796795,0.0005082695800564698,50,0.5,0.9325396825396826,0.9918367346938776,0.8333333333333334,0.7142857142857143,0.9857142857142858,0.8500000000000001,0.7507429809689721,0.7692307692307692,0.961038961038961,0.5,5,69,1,2
34,5,638,77,58,7,80,60,50,0.000992686114796795,0.0005082695800564698,50,0.5,0.7478458049886622,0.9846938775510204,0.8571428571428571,0.8571428571428571,0.9857142857142858,0.9214285714285715,0.8428571428571429,0.8571428571428571,0.974025974025974,0.5,6,69,1,1
34,6,649,66,59,6,80,60,50,0.000992686114796795,0.0005082695800564698,50,0.5,1.0,1.0,1.0,0.5,1.0,0.75,0.6900655593423543,0.6666666666666666,0.9545454545454546,0.5,3,60,0,3
34,7,649,66,59,6,80,60,50,0.000992686114796795,0.0005082695800564698,50,0.5,0.7690476190476191,0.9694444444444446,0.7142857142857143,0.8333333333333334,0.9666666666666667,0.9,0.7469064529073725,0.7692307692307692,0.9545454545454546,0.5,5,58,2,1
34,8,649,66,59,6,80,60,50,0.000992686114796795,0.0005082695800564698,50,0.5,0.8400383141762452,0.9333333333333333,1.0,0.5,1.0,0.75,0.6900655593423543,0.6666666666666666,0.9545454545454546,0.5,3,60,0,3
34,9,649,66,59,6,80,60,50,0.000992686114796795,0.0005082695800564698,50,0.5,1.0,1.0,1.0,0.8333333333333334,1.0,0.9166666666666667,0.9053574604251854,0.9090909090909091,0.9848484848484849,0.5,5,60,0,1
34,10,649,66,59,6,80,60,50,0.000992686114796795,0.0005082695800564698,50,0.5,0.8222222222222222,0.9777777777777779,0.8,0.6666666666666666,0.9833333333333333,0.825,0.7061788191316446,0.7272727272727272,0.9545454545454546,0.5,4,59,1,2
35,1,638,77,58,7,50,50,40,0.0008456521232816646,0.0004947044817551744,300,0.5,0.9821428571428571,0.9979591836734694,1.0,0.42857142857142855,1.0,0.7142857142857143,0.6367145399670133,0.6,0.948051948051948,0.5,3,70,0,4
35,2,638,77,58,7,50,50,40,0.0008456521232816646,0.0004947044817551744,300,0.5,0.8260204081632654,0.9887755102040816,0.8571428571428571,0.8571428571428571,0.9857142857142858,0.9214285714285715,0.8428571428571429,0.8571428571428571,0.974025974025974,0.5,6,69,1,1
35,3,638,77,58,7,50,50,40,0.0008456521232816646,0.0004947044817551744,300,0.5,0.982142857142857,0.9979591836734694,1.0,0.7142857142857143,1.0,0.8571428571428572,0.8333333333333334,0.8333333333333333,0.974025974025974,0.5,5,70,0,2
35,4,638,77,58,7,50,50,40,0.0008456521232816646,0.0004947044817551744,300,0.5,0.9325396825396826,0.9918367346938775,0.8333333333333334,0.7142857142857143,0.9857142857142858,0.8500000000000001,0.7507429809689721,0.7692307692307692,0.961038961038961,0.5,5,69,1,2
35,5,638,77,58,7,50,50,40,0.0008456521232816646,0.0004947044817551744,300,0.5,0.747845804988662,0.9846938775510204,0.75,0.8571428571428571,0.9714285714285714,0.9142857142857143,0.78065375798434,0.7999999999999999,0.961038961038961,0.5,6,68,2,1
35,6,649,66,59,6,50,50,40,0.0008456521232816646,0.0004947044817551744,300,0.5,1.0,1.0,1.0,0.5,1.0,0.75,0.6900655593423543,0.6666666666666666,0.9545454545454546,0.5,3,60,0,3
35,7,649,66,59,6,50,50,40,0.0008456521232816646,0.0004947044817551744,300,0.5,0.7690476190476191,0.9694444444444444,0.8,0.6666666666666666,0.9833333333333333,0.825,0.7061788191316446,0.7272727272727272,0.9545454545454546,0.5,4,59,1,2
35,8,649,66,59,6,50,50,40,0.0008456521232816646,0.0004947044817551744,300,0.5,0.8400383141762452,0.9333333333333333,1.0,0.5,1.0,0.75,0.6900655593423543,0.6666666666666666,0.9545454545454546,0.5,3,60,0,3
35,9,649,66,59,6,50,50,40,0.0008456521232816646,0.0004947044817551744,300,0.5,1.0,1.0,1.0,1.0,1.0,1.0,1.0,1.0,1.0,0.5,6,60,0,0
35,10,649,66,59,6,50,50,40,0.0008456521232816646,0.0004947044817551744,300,0.5,0.8888888888888888,0.9819444444444445,0.8333333333333334,0.8333333333333334,0.9833333333333333,0.9083333333333333,0.8166666666666667,0.8333333333333334,0.9696969696969697,0.5,5,59,1,1
36,1,638,77,58,7,30,20,100,0.0005093983497994914,0.0004999015693916831,200,0.5,0.9821428571428571,0.9979591836734695,1.0,0.5714285714285714,1.0,0.7857142857142857,0.7402332101976052,0.7272727272727273,0.961038961038961,0.5,4,70,0,3
36,2,638,77,58,7,30,20,100,0.0005093983497994914,0.0004999015693916831,200,0.5,0.8260204081632654,0.9887755102040816,0.8,0.5714285714285714,0.9857142857142858,0.7785714285714286,0.65,0.6666666666666666,0.948051948051948,0.5,4,69,1,3
36,3,638,77,58,7,30,20,100,0.0005093983497994914,0.0004999015693916831,200,0.5,0.9821428571428572,0.9979591836734694,1.0,0.42857142857142855,1.0,0.7142857142857143,0.6367145399670133,0.6,0.948051948051948,0.5,3,70,0,4
36,4,638,77,58,7,30,20,100,0.0005093983497994914,0.0004999015693916831,200,0.5,0.9325396825396826,0.9918367346938776,0.7142857142857143,0.7142857142857143,0.9714285714285714,0.8428571428571429,0.6857142857142857,0.7142857142857143,0.948051948051948,0.5,5,68,2,2
36,5,638,77,58,7,30,20,100,0.0005093983497994914,0.0004999015693916831,200,0.5,0.7478458049886622,0.9846938775510204,0.8333333333333334,0.7142857142857143,0.9857142857142858,0.8500000000000001,0.7507429809689721,0.7692307692307692,0.961038961038961,0.5,5,69,1,2
36,6,649,66,59,6,30,20,100,0.0005093983497994914,0.0004999015693916831,200,0.5,1.0,1.0,1.0,0.5,1.0,0.75,0.6900655593423543,0.6666666666666666,0.9545454545454546,0.5,3,60,0,3
36,7,649,66,59,6,30,20,100,0.0005093983497994914,0.0004999015693916831,200,0.5,0.7690476190476191,0.9694444444444444,0.8,0.6666666666666666,0.9833333333333333,0.825,0.7061788191316446,0.7272727272727272,0.9545454545454546,0.5,4,59,1,2
36,8,649,66,59,6,30,20,100,0.0005093983497994914,0.0004999015693916831,200,0.5,0.8400383141762452,0.9333333333333333,1.0,0.5,1.0,0.75,0.6900655593423543,0.6666666666666666,0.9545454545454546,0.5,3,60,0,3
36,9,649,66,59,6,30,20,100,0.0005093983497994914,0.0004999015693916831,200,0.5,1.0,1.0,1.0,0.8333333333333334,1.0,0.9166666666666667,0.9053574604251854,0.9090909090909091,0.9848484848484849,0.5,5,60,0,1
36,10,649,66,59,6,30,20,100,0.0005093983497994914,0.0004999015693916831,200,0.5,0.9166666666666667,0.9833333333333333,0.8333333333333334,0.8333333333333334,0.9833333333333333,0.9083333333333333,0.8166666666666667,0.8333333333333334,0.9696969696969697,0.5,5,59,1,1
37,1,638,77,58,7,40,100,60,0.0008653167153034539,0.0005044049783567796,20,0.5,0.9821428571428571,0.9979591836734694,1.0,0.8571428571428571,1.0,0.9285714285714286,0.9192771195538434,0.923076923076923,0.987012987012987,0.5,6,70,0,1
37,2,638,77,58,7,40,100,60,0.0008653167153034539,0.0005044049783567796,20,0.5,0.8260204081632654,0.9887755102040816,0.875,1.0,0.9857142857142858,0.9928571428571429,0.9287087810503355,0.9333333333333333,0.987012987012987,0.5,7,69,1,0
37,3,638,77,58,7,40,100,60,0.0008653167153034539,0.0005044049783567796,20,0.5,0.982142857142857,0.9979591836734695,1.0,0.42857142857142855,1.0,0.7142857142857143,0.6367145399670133,0.6,0.948051948051948,0.5,3,70,0,4
37,4,638,77,58,7,40,100,60,0.0008653167153034539,0.0005044049783567796,20,0.5,0.9325396825396826,0.9918367346938776,0.7777777777777778,1.0,0.9714285714285714,0.9857142857142858,0.8692269873603531,0.8750000000000001,0.974025974025974,0.5,7,68,2,0
37,5,638,77,58,7,40,100,60,0.0008653167153034539,0.0005044049783567796,20,0.5,0.747845804988662,0.9846938775510203,0.75,0.8571428571428571,0.9714285714285714,0.9142857142857143,0.78065375798434,0.7999999999999999,0.961038961038961,0.5,6,68,2,1
37,6,649,66,59,6,40,100,60,0.0008653167153034539,0.0005044049783567796,20,0.5,1.0,1.0,1.0,0.5,1.0,0.75,0.6900655593423543,0.6666666666666666,0.9545454545454546,0.5,3,60,0,3
37,7,649,66,59,6,40,100,60,0.0008653167153034539,0.0005044049783567796,20,0.5,0.7690476190476191,0.9694444444444444,0.8,0.6666666666666666,0.9833333333333333,0.825,0.7061788191316446,0.7272727272727272,0.9545454545454546,0.5,4,59,1,2
37,8,649,66,59,6,40,100,60,0.0008653167153034539,0.0005044049783567796,20,0.5,0.8400383141762452,0.9333333333333333,1.0,0.5,1.0,0.75,0.6900655593423543,0.6666666666666666,0.9545454545454546,0.5,3,60,0,3
37,9,649,66,59,6,40,100,60,0.0008653167153034539,0.0005044049783567796,20,0.5,1.0,1.0,1.0,1.0,1.0,1.0,1.0,1.0,1.0,0.5,6,60,0,0
37,10,649,66,59,6,40,100,60,0.0008653167153034539,0.0005044049783567796,20,0.5,0.8555555555555555,0.9791666666666667,0.8333333333333334,0.8333333333333334,0.9833333333333333,0.9083333333333333,0.8166666666666667,0.8333333333333334,0.9696969696969697,0.5,5,59,1,1
38,1,638,77,58,7,10,60,80,0.0009023926752275475,0.0005015383195800516,20,0.5,0.9821428571428571,0.9979591836734694,1.0,0.5714285714285714,1.0,0.7857142857142857,0.7402332101976052,0.7272727272727273,0.961038961038961,0.5,4,70,0,3
38,2,638,77,58,7,10,60,80,0.0009023926752275475,0.0005015383195800516,20,0.5,0.8260204081632654,0.9887755102040815,0.875,1.0,0.9857142857142858,0.9928571428571429,0.9287087810503355,0.9333333333333333,0.987012987012987,0.5,7,69,1,0
38,3,638,77,58,7,10,60,80,0.0009023926752275475,0.0005015383195800516,20,0.5,0.982142857142857,0.9979591836734694,1.0,0.7142857142857143,1.0,0.8571428571428572,0.8333333333333334,0.8333333333333333,0.974025974025974,0.5,5,70,0,2
38,4,638,77,58,7,10,60,80,0.0009023926752275475,0.0005015383195800516,20,0.5,0.9325396825396826,0.9918367346938775,0.75,0.8571428571428571,0.9714285714285714,0.9142857142857143,0.78065375798434,0.7999999999999999,0.961038961038961,0.5,6,68,2,1
38,5,638,77,58,7,10,60,80,0.0009023926752275475,0.0005015383195800516,20,0.5,0.747845804988662,0.9846938775510203,0.7777777777777778,1.0,0.9714285714285714,0.9857142857142858,0.8692269873603531,0.8750000000000001,0.974025974025974,0.5,7,68,2,0
38,6,649,66,59,6,10,60,80,0.0009023926752275475,0.0005015383195800516,20,0.5,1.0,1.0,1.0,0.5,1.0,0.75,0.6900655593423543,0.6666666666666666,0.9545454545454546,0.5,3,60,0,3
38,7,649,66,59,6,10,60,80,0.0009023926752275475,0.0005015383195800516,20,0.5,0.7690476190476191,0.9694444444444444,0.8,0.6666666666666666,0.9833333333333333,0.825,0.7061788191316446,0.7272727272727272,0.9545454545454546,0.5,4,59,1,2
38,8,649,66,59,6,10,60,80,0.0009023926752275475,0.0005015383195800516,20,0.5,0.867816091954023,0.9361111111111111,1.0,0.5,1.0,0.75,0.6900655593423543,0.6666666666666666,0.9545454545454546,0.5,3,60,0,3
38,9,649,66,59,6,10,60,80,0.0009023926752275475,0.0005015383195800516,20,0.5,1.0,1.0,1.0,1.0,1.0,1.0,1.0,1.0,1.0,0.5,6,60,0,0
38,10,649,66,59,6,10,60,80,0.0009023926752275475,0.0005015383195800516,20,0.5,0.8138888888888889,0.9763888888888889,0.8333333333333334,0.8333333333333334,0.9833333333333333,0.9083333333333333,0.8166666666666667,0.8333333333333334,0.9696969696969697,0.5,5,59,1,1
39,1,638,77,58,7,50,30,40,0.0006258287417616427,0.0004946851691579328,20,0.5,0.9821428571428571,0.9979591836734694,1.0,0.42857142857142855,1.0,0.7142857142857143,0.6367145399670133,0.6,0.948051948051948,0.5,3,70,0,4
39,2,638,77,58,7,50,30,40,0.0006258287417616427,0.0004946851691579328,20,0.5,0.8260204081632654,0.9887755102040816,0.8,0.5714285714285714,0.9857142857142858,0.7785714285714286,0.65,0.6666666666666666,0.948051948051948,0.5,4,69,1,3
39,3,638,77,58,7,50,30,40,0.0006258287417616427,0.0004946851691579328,20,0.5,0.982142857142857,0.9979591836734694,1.0,0.8571428571428571,1.0,0.9285714285714286,0.9192771195538434,0.923076923076923,0.987012987012987,0.5,6,70,0,1
39,4,638,77,58,7,50,30,40,0.0006258287417616427,0.0004946851691579328,20,0.5,0.9325396825396826,0.9918367346938776,0.7142857142857143,0.7142857142857143,0.9714285714285714,0.8428571428571429,0.6857142857142857,0.7142857142857143,0.948051948051948,0.5,5,68,2,2
39,5,638,77,58,7,50,30,40,0.0006258287417616427,0.0004946851691579328,20,0.5,0.747845804988662,0.9846938775510204,0.7777777777777778,1.0,0.9714285714285714,0.9857142857142858,0.8692269873603531,0.8750000000000001,0.974025974025974,0.5,7,68,2,0
39,6,649,66,59,6,50,30,40,0.0006258287417616427,0.0004946851691579328,20,0.5,1.0,1.0,1.0,0.5,1.0,0.75,0.6900655593423543,0.6666666666666666,0.9545454545454546,0.5,3,60,0,3
39,7,649,66,59,6,50,30,40,0.0006258287417616427,0.0004946851691579328,20,0.5,0.7690476190476191,0.9694444444444446,0.8,0.6666666666666666,0.9833333333333333,0.825,0.7061788191316446,0.7272727272727272,0.9545454545454546,0.5,4,59,1,2
39,8,649,66,59,6,50,30,40,0.0006258287417616427,0.0004946851691579328,20,0.5,0.8400383141762452,0.9333333333333333,1.0,0.6666666666666666,1.0,0.8333333333333333,0.8032193289024988,0.8,0.9696969696969697,0.5,4,60,0,2
39,9,649,66,59,6,50,30,40,0.0006258287417616427,0.0004946851691579328,20,0.5,1.0,1.0,0.75,1.0,0.9666666666666667,0.9833333333333334,0.85146931829632,0.8571428571428571,0.9696969696969697,0.5,6,58,2,0
39,10,649,66,59,6,50,30,40,0.0006258287417616427,0.0004946851691579328,20,0.5,0.8222222222222222,0.9777777777777779,0.8333333333333334,0.8333333333333334,0.9833333333333333,0.9083333333333333,0.8166666666666667,0.8333333333333334,0.9696969696969697,0.5,5,59,1,1
40,1,638,77,58,7,30,10,100,0.00029784528273141286,0.0004961398460208261,50,0.5,0.9821428571428571,0.9979591836734694,1.0,0.8571428571428571,1.0,0.9285714285714286,0.9192771195538434,0.923076923076923,0.987012987012987,0.5,6,70,0,1
40,2,638,77,58,7,30,10,100,0.00029784528273141286,0.0004961398460208261,50,0.5,0.8736394557823131,0.9897959183673469,0.8,0.5714285714285714,0.9857142857142858,0.7785714285714286,0.65,0.6666666666666666,0.948051948051948,0.5,4,69,1,3
40,3,638,77,58,7,30,10,100,0.00029784528273141286,0.0004961398460208261,50,0.5,0.982142857142857,0.9979591836734694,1.0,0.42857142857142855,1.0,0.7142857142857143,0.6367145399670133,0.6,0.948051948051948,0.5,3,70,0,4
40,4,638,77,58,7,30,10,100,0.00029784528273141286,0.0004961398460208261,50,0.5,0.9325396825396826,0.9918367346938776,0.8333333333333334,0.7142857142857143,0.9857142857142858,0.8500000000000001,0.7507429809689721,0.7692307692307692,0.961038961038961,0.5,5,69,1,2
40,5,638,77,58,7,30,10,100,0.00029784528273141286,0.0004961398460208261,50,0.5,0.747845804988662,0.9846938775510204,0.75,0.8571428571428571,0.9714285714285714,0.9142857142857143,0.78065375798434,0.7999999999999999,0.961038961038961,0.5,6,68,2,1
40,6,649,66,59,6,30,10,100,0.00029784528273141286,0.0004961398460208261,50,0.5,1.0,1.0,1.0,0.8333333333333334,1.0,0.9166666666666667,0.9053574604251854,0.9090909090909091,0.9848484848484849,0.5,5,60,0,1
40,7,649,66,59,6,30,10,100,0.00029784528273141286,0.0004961398460208261,50,0.5,0.7690476190476191,0.9694444444444444,0.8,0.6666666666666666,0.9833333333333333,0.825,0.7061788191316446,0.7272727272727272,0.9545454545454546,0.5,4,59,1,2
40,8,649,66,59,6,30,10,100,0.00029784528273141286,0.0004961398460208261,50,0.5,0.8400383141762452,0.9333333333333333,1.0,0.5,1.0,0.75,0.6900655593423543,0.6666666666666666,0.9545454545454546,0.5,3,60,0,3
40,9,649,66,59,6,30,10,100,0.00029784528273141286,0.0004961398460208261,50,0.5,1.0,1.0,1.0,1.0,1.0,1.0,1.0,1.0,1.0,0.5,6,60,0,0
40,10,649,66,59,6,30,10,100,0.00029784528273141286,0.0004961398460208261,50,0.5,0.8222222222222222,0.9777777777777777,0.8333333333333334,0.8333333333333334,0.9833333333333333,0.9083333333333333,0.8166666666666667,0.8333333333333334,0.9696969696969697,0.5,5,59,1,1
41,1,638,77,58,7,40,30,40,0.00030275527522312476,0.0004901037177094274,300,0.5,0.9571428571428572,0.9938775510204082,0.0,0.0,1.0,0.5,0.0,0.0,0.9090909090909091,0.5,0,70,0,7
41,2,638,77,58,7,40,30,40,0.00030275527522312476,0.0004901037177094274,300,0.5,0.859750566893424,0.9877551020408163,0.0,0.0,1.0,0.5,0.0,0.0,0.9090909090909091,0.5,0,70,0,7
41,3,638,77,58,7,40,30,40,0.00030275527522312476,0.0004901037177094274,300,0.5,0.9821428571428572,0.9979591836734694,0.0,0.0,1.0,0.5,0.0,0.0,0.9090909090909091,0.5,0,70,0,7
41,4,638,77,58,7,40,30,40,0.00030275527522312476,0.0004901037177094274,300,0.5,0.9325396825396826,0.9918367346938776,0.0,0.0,1.0,0.5,0.0,0.0,0.9090909090909091,0.5,0,70,0,7
41,5,638,77,58,7,40,30,40,0.00030275527522312476,0.0004901037177094274,300,0.5,0.7123376623376624,0.9785714285714285,0.0,0.0,1.0,0.5,0.0,0.0,0.9090909090909091,0.5,0,70,0,7
41,6,649,66,59,6,40,30,40,0.00030275527522312476,0.0004901037177094274,300,0.5,1.0,1.0,0.0,0.0,1.0,0.5,0.0,0.0,0.9090909090909091,0.5,0,60,0,6
41,7,649,66,59,6,40,30,40,0.00030275527522312476,0.0004901037177094274,300,0.5,0.7269230769230769,0.9583333333333333,0.8,0.6666666666666666,0.9833333333333333,0.825,0.7061788191316446,0.7272727272727272,0.9545454545454546,0.5,4,59,1,2
41,8,649,66,59,6,40,30,40,0.00030275527522312476,0.0004901037177094274,300,0.5,0.8400383141762452,0.9333333333333333,0.0,0.0,1.0,0.5,0.0,0.0,0.9090909090909091,0.5,0,60,0,6
41,9,649,66,59,6,40,30,40,0.00030275527522312476,0.0004901037177094274,300,0.5,1.0,1.0,0.0,0.0,1.0,0.5,0.0,0.0,0.9090909090909091,0.5,0,60,0,6
41,10,649,66,59,6,40,30,40,0.00030275527522312476,0.0004901037177094274,300,0.5,0.8686868686868687,0.9833333333333333,0.0,0.0,1.0,0.5,0.0,0.0,0.9090909090909091,0.5,0,60,0,6
42,1,638,77,58,7,60,30,10,0.00036775418198966176,0.0005067184868455402,100,0.5,0.9821428571428572,0.9979591836734694,1.0,0.42857142857142855,1.0,0.7142857142857143,0.6367145399670133,0.6,0.948051948051948,0.5,3,70,0,4
42,2,638,77,58,7,60,30,10,0.00036775418198966176,0.0005067184868455402,100,0.5,0.8260204081632654,0.9887755102040816,0.8,0.5714285714285714,0.9857142857142858,0.7785714285714286,0.65,0.6666666666666666,0.948051948051948,0.5,4,69,1,3
42,3,638,77,58,7,60,30,10,0.00036775418198966176,0.0005067184868455402,100,0.5,0.9821428571428572,0.9979591836734694,1.0,0.42857142857142855,1.0,0.7142857142857143,0.6367145399670133,0.6,0.948051948051948,0.5,3,70,0,4
42,4,638,77,58,7,60,30,10,0.00036775418198966176,0.0005067184868455402,100,0.5,0.9325396825396826,0.9918367346938776,0.0,0.0,1.0,0.5,0.0,0.0,0.9090909090909091,0.5,0,70,0,7
42,5,638,77,58,7,60,30,10,0.00036775418198966176,0.0005067184868455402,100,0.5,0.7478458049886622,0.9846938775510204,0.8333333333333334,0.7142857142857143,0.9857142857142858,0.8500000000000001,0.7507429809689721,0.7692307692307692,0.961038961038961,0.5,5,69,1,2
42,6,649,66,59,6,60,30,10,0.00036775418198966176,0.0005067184868455402,100,0.5,1.0,1.0,1.0,0.5,1.0,0.75,0.6900655593423543,0.6666666666666666,0.9545454545454546,0.5,3,60,0,3
42,7,649,66,59,6,60,30,10,0.00036775418198966176,0.0005067184868455402,100,0.5,0.7195156695156695,0.9611111111111111,0.8,0.6666666666666666,0.9833333333333333,0.825,0.7061788191316446,0.7272727272727272,0.9545454545454546,0.5,4,59,1,2
42,8,649,66,59,6,60,30,10,0.00036775418198966176,0.0005067184868455402,100,0.5,0.8400383141762452,0.9333333333333333,1.0,0.5,1.0,0.75,0.6900655593423543,0.6666666666666666,0.9545454545454546,0.5,3,60,0,3
42,9,649,66,59,6,60,30,10,0.00036775418198966176,0.0005067184868455402,100,0.5,1.0,1.0,0.8571428571428571,1.0,0.9833333333333333,0.9916666666666667,0.9180725150319787,0.923076923076923,0.9848484848484849,0.5,6,59,1,0
42,10,649,66,59,6,60,30,10,0.00036775418198966176,0.0005067184868455402,100,0.5,0.8888888888888888,0.9819444444444445,0.8333333333333334,0.8333333333333334,0.9833333333333333,0.9083333333333333,0.8166666666666667,0.8333333333333334,0.9696969696969697,0.5,5,59,1,1
43,1,638,77,58,7,60,30,20,0.00024650059909164953,0.0004910243990408136,20,0.5,0.9821428571428571,0.9979591836734694,1.0,0.5714285714285714,1.0,0.7857142857142857,0.7402332101976052,0.7272727272727273,0.961038961038961,0.5,4,70,0,3
43,2,638,77,58,7,60,30,20,0.00024650059909164953,0.0004910243990408136,20,0.5,0.8260204081632654,0.9887755102040817,0.8,0.5714285714285714,0.9857142857142858,0.7785714285714286,0.65,0.6666666666666666,0.948051948051948,0.5,4,69,1,3
43,3,638,77,58,7,60,30,20,0.00024650059909164953,0.0004910243990408136,20,0.5,0.9821428571428572,0.9979591836734694,1.0,0.8571428571428571,1.0,0.9285714285714286,0.9192771195538434,0.923076923076923,0.987012987012987,0.5,6,70,0,1
43,4,638,77,58,7,60,30,20,0.00024650059909164953,0.0004910243990408136,20,0.5,0.9325396825396826,0.9918367346938776,0.7777777777777778,1.0,0.9714285714285714,0.9857142857142858,0.8692269873603531,0.8750000000000001,0.974025974025974,0.5,7,68,2,0
43,5,638,77,58,7,60,30,20,0.00024650059909164953,0.0004910243990408136,20,0.5,0.7478458049886622,0.9846938775510203,0.8333333333333334,0.7142857142857143,0.9857142857142858,0.8500000000000001,0.7507429809689721,0.7692307692307692,0.961038961038961,0.5,5,69,1,2
43,6,649,66,59,6,60,30,20,0.00024650059909164953,0.0004910243990408136,20,0.5,1.0,1.0,1.0,0.5,1.0,0.75,0.6900655593423543,0.6666666666666666,0.9545454545454546,0.5,3,60,0,3
43,7,649,66,59,6,60,30,20,0.00024650059909164953,0.0004910243990408136,20,0.5,0.7690476190476191,0.9694444444444444,0.8,0.6666666666666666,0.9833333333333333,0.825,0.7061788191316446,0.7272727272727272,0.9545454545454546,0.5,4,59,1,2
43,8,649,66,59,6,60,30,20,0.00024650059909164953,0.0004910243990408136,20,0.5,0.8400383141762452,0.9333333333333333,1.0,0.5,1.0,0.75,0.6900655593423543,0.6666666666666666,0.9545454545454546,0.5,3,60,0,3
43,9,649,66,59,6,60,30,20,0.00024650059909164953,0.0004910243990408136,20,0.5,1.0,0.9999999999999999,0.8571428571428571,1.0,0.9833333333333333,0.9916666666666667,0.9180725150319787,0.923076923076923,0.9848484848484849,0.5,6,59,1,0
43,10,649,66,59,6,60,30,20,0.00024650059909164953,0.0004910243990408136,20,0.5,0.8964646464646465,0.9847222222222223,1.0,0.3333333333333333,1.0,0.6666666666666666,0.5590169943749475,0.5,0.9393939393939394,0.5,2,60,0,4
44,1,638,77,58,7,80,80,60,0.00043198794000794854,0.0004947701681298424,200,0.5,0.9821428571428571,0.9979591836734694,1.0,0.42857142857142855,1.0,0.7142857142857143,0.6367145399670133,0.6,0.948051948051948,0.5,3,70,0,4
44,2,638,77,58,7,80,80,60,0.00043198794000794854,0.0004947701681298424,200,0.5,0.8260204081632654,0.9887755102040816,0.8,0.5714285714285714,0.9857142857142858,0.7785714285714286,0.65,0.6666666666666666,0.948051948051948,0.5,4,69,1,3
44,3,638,77,58,7,80,80,60,0.00043198794000794854,0.0004947701681298424,200,0.5,0.982142857142857,0.9979591836734694,1.0,0.7142857142857143,1.0,0.8571428571428572,0.8333333333333334,0.8333333333333333,0.974025974025974,0.5,5,70,0,2
44,4,638,77,58,7,80,80,60,0.00043198794000794854,0.0004947701681298424,200,0.5,0.9325396825396826,0.9918367346938775,0.7142857142857143,0.7142857142857143,0.9714285714285714,0.8428571428571429,0.6857142857142857,0.7142857142857143,0.948051948051948,0.5,5,68,2,2
44,5,638,77,58,7,80,80,60,0.00043198794000794854,0.0004947701681298424,200,0.5,0.7367346938775511,0.9826530612244898,0.8333333333333334,0.7142857142857143,0.9857142857142858,0.8500000000000001,0.7507429809689721,0.7692307692307692,0.961038961038961,0.5,5,69,1,2
44,6,649,66,59,6,80,80,60,0.00043198794000794854,0.0004947701681298424,200,0.5,1.0,1.0,1.0,0.5,1.0,0.75,0.6900655593423543,0.6666666666666666,0.9545454545454546,0.5,3,60,0,3
44,7,649,66,59,6,80,80,60,0.00043198794000794854,0.0004947701681298424,200,0.5,0.7690476190476191,0.9694444444444444,0.8,0.6666666666666666,0.9833333333333333,0.825,0.7061788191316446,0.7272727272727272,0.9545454545454546,0.5,4,59,1,2
44,8,649,66,59,6,80,80,60,0.00043198794000794854,0.0004947701681298424,200,0.5,0.8400383141762452,0.9333333333333333,1.0,0.5,1.0,0.75,0.6900655593423543,0.6666666666666666,0.9545454545454546,0.5,3,60,0,3
44,9,649,66,59,6,80,80,60,0.00043198794000794854,0.0004947701681298424,200,0.5,1.0,1.0,1.0,0.8333333333333334,1.0,0.9166666666666667,0.9053574604251854,0.9090909090909091,0.9848484848484849,0.5,5,60,0,1
44,10,649,66,59,6,80,80,60,0.00043198794000794854,0.0004947701681298424,200,0.5,0.8611111111111112,0.9805555555555556,0.8333333333333334,0.8333333333333334,0.9833333333333333,0.9083333333333333,0.8166666666666667,0.8333333333333334,0.9696969696969697,0.5,5,59,1,1
45,1,638,77,58,7,100,30,60,0.00013906272182275239,0.0005066496522481127,20,0.5,0.9821428571428571,0.9979591836734694,1.0,0.42857142857142855,1.0,0.7142857142857143,0.6367145399670133,0.6,0.948051948051948,0.5,3,70,0,4
45,2,638,77,58,7,100,30,60,0.00013906272182275239,0.0005066496522481127,20,0.5,0.8260204081632654,0.9887755102040815,0.8,0.5714285714285714,0.9857142857142858,0.7785714285714286,0.65,0.6666666666666666,0.948051948051948,0.5,4,69,1,3
45,3,638,77,58,7,100,30,60,0.00013906272182275239,0.0005066496522481127,20,0.5,0.982142857142857,0.9979591836734695,1.0,0.42857142857142855,1.0,0.7142857142857143,0.6367145399670133,0.6,0.948051948051948,0.5,3,70,0,4
45,4,638,77,58,7,100,30,60,0.00013906272182275239,0.0005066496522481127,20,0.5,0.9325396825396826,0.9918367346938776,0.7777777777777778,1.0,0.9714285714285714,0.9857142857142858,0.8692269873603531,0.8750000000000001,0.974025974025974,0.5,7,68,2,0
45,5,638,77,58,7,100,30,60,0.00013906272182275239,0.0005066496522481127,20,0.5,0.747845804988662,0.9846938775510204,0.8333333333333334,0.7142857142857143,0.9857142857142858,0.8500000000000001,0.7507429809689721,0.7692307692307692,0.961038961038961,0.5,5,69,1,2
45,6,649,66,59,6,100,30,60,0.00013906272182275239,0.0005066496522481127,20,0.5,1.0,1.0,1.0,0.5,1.0,0.75,0.6900655593423543,0.6666666666666666,0.9545454545454546,0.5,3,60,0,3
45,7,649,66,59,6,100,30,60,0.00013906272182275239,0.0005066496522481127,20,0.5,0.7690476190476191,0.9694444444444446,0.8,0.6666666666666666,0.9833333333333333,0.825,0.7061788191316446,0.7272727272727272,0.9545454545454546,0.5,4,59,1,2
45,8,649,66,59,6,100,30,60,0.00013906272182275239,0.0005066496522481127,20,0.5,0.8400383141762452,0.9333333333333333,1.0,0.5,1.0,0.75,0.6900655593423543,0.6666666666666666,0.9545454545454546,0.5,3,60,0,3
45,9,649,66,59,6,100,30,60,0.00013906272182275239,0.0005066496522481127,20,0.5,1.0,1.0,1.0,1.0,1.0,1.0,1.0,1.0,1.0,0.5,6,60,0,0
45,10,649,66,59,6,100,30,60,0.00013906272182275239,0.0005066496522481127,20,0.5,0.8222222222222222,0.9777777777777779,0.8333333333333334,0.8333333333333334,0.9833333333333333,0.9083333333333333,0.8166666666666667,0.8333333333333334,0.9696969696969697,0.5,5,59,1,1
46,1,638,77,58,7,80,60,50,0.0001833995263777296,0.0004970773812271389,300,0.5,0.982142857142857,0.9979591836734694,0.0,0.0,1.0,0.5,0.0,0.0,0.9090909090909091,0.5,0,70,0,7
46,2,638,77,58,7,80,60,50,0.0001833995263777296,0.0004970773812271389,300,0.5,0.8736394557823128,0.9897959183673469,0.0,0.0,1.0,0.5,0.0,0.0,0.9090909090909091,0.5,0,70,0,7
46,3,638,77,58,7,80,60,50,0.0001833995263777296,0.0004970773812271389,300,0.5,0.9821428571428572,0.9979591836734694,0.0,0.0,1.0,0.5,0.0,0.0,0.9090909090909091,0.5,0,70,0,7
46,4,638,77,58,7,80,60,50,0.0001833995263777296,0.0004970773812271389,300,0.5,0.9325396825396826,0.9918367346938776,0.0,0.0,1.0,0.5,0.0,0.0,0.9090909090909091,0.5,0,70,0,7
46,5,638,77,58,7,80,60,50,0.0001833995263777296,0.0004970773812271389,300,0.5,0.7761904761904761,0.9775510204081633,0.0,0.0,1.0,0.5,0.0,0.0,0.9090909090909091,0.5,0,70,0,7
46,6,649,66,59,6,80,60,50,0.0001833995263777296,0.0004970773812271389,300,0.5,1.0,1.0,0.0,0.0,1.0,0.5,0.0,0.0,0.9090909090909091,0.5,0,60,0,6
46,7,649,66,59,6,80,60,50,0.0001833995263777296,0.0004970773812271389,300,0.5,0.7139601139601139,0.9611111111111111,0.0,0.0,1.0,0.5,0.0,0.0,0.9090909090909091,0.5,0,60,0,6
46,8,649,66,59,6,80,60,50,0.0001833995263777296,0.0004970773812271389,300,0.5,0.8400383141762452,0.9333333333333333,0.0,0.0,1.0,0.5,0.0,0.0,0.9090909090909091,0.5,0,60,0,6
46,9,649,66,59,6,80,60,50,0.0001833995263777296,0.0004970773812271389,300,0.5,1.0,0.9999999999999999,0.0,0.0,1.0,0.5,0.0,0.0,0.9090909090909091,0.5,0,60,0,6
46,10,649,66,59,6,80,60,50,0.0001833995263777296,0.0004970773812271389,300,0.5,0.9242424242424242,0.9861111111111112,0.0,0.0,1.0,0.5,0.0,0.0,0.9090909090909091,0.5,0,60,0,6
47,1,638,77,58,7,20,40,60,0.00016184738071773832,0.0005224252348370796,200,0.5,0.9571428571428571,0.9938775510204082,0.0,0.0,1.0,0.5,0.0,0.0,0.9090909090909091,0.5,0,70,0,7
47,2,638,77,58,7,20,40,60,0.00016184738071773832,0.0005224252348370796,200,0.5,0.8260204081632654,0.9887755102040816,0.0,0.0,1.0,0.5,0.0,0.0,0.9090909090909091,0.5,0,70,0,7
47,3,638,77,58,7,20,40,60,0.00016184738071773832,0.0005224252348370796,200,0.5,0.982142857142857,0.9979591836734695,0.0,0.0,1.0,0.5,0.0,0.0,0.9090909090909091,0.5,0,70,0,7
47,4,638,77,58,7,20,40,60,0.00016184738071773832,0.0005224252348370796,200,0.5,0.9325396825396826,0.9918367346938776,0.0,0.0,1.0,0.5,0.0,0.0,0.9090909090909091,0.5,0,70,0,7
47,5,638,77,58,7,20,40,60,0.00016184738071773832,0.0005224252348370796,200,0.5,0.7047619047619047,0.9765306122448979,0.0,0.0,1.0,0.5,0.0,0.0,0.9090909090909091,0.5,0,70,0,7
47,6,649,66,59,6,20,40,60,0.00016184738071773832,0.0005224252348370796,200,0.5,1.0,1.0,0.0,0.0,1.0,0.5,0.0,0.0,0.9090909090909091,0.5,0,60,0,6
47,7,649,66,59,6,20,40,60,0.00016184738071773832,0.0005224252348370796,200,0.5,0.7269230769230769,0.9583333333333335,0.0,0.0,1.0,0.5,0.0,0.0,0.9090909090909091,0.5,0,60,0,6
47,8,649,66,59,6,20,40,60,0.00016184738071773832,0.0005224252348370796,200,0.5,0.8400383141762452,0.9333333333333333,1.0,0.5,1.0,0.75,0.6900655593423543,0.6666666666666666,0.9545454545454546,0.5,3,60,0,3
47,9,649,66,59,6,20,40,60,0.00016184738071773832,0.0005224252348370796,200,0.5,1.0,1.0,0.0,0.0,1.0,0.5,0.0,0.0,0.9090909090909091,0.5,0,60,0,6
47,10,649,66,59,6,20,40,60,0.00016184738071773832,0.0005224252348370796,200,0.5,0.8432900432900432,0.9791666666666667,0.0,0.0,1.0,0.5,0.0,0.0,0.9090909090909091,0.5,0,60,0,6
48,1,638,77,58,7,50,50,80,0.00022934276433305187,0.0005027841280615251,300,0.5,0.9571428571428571,0.9938775510204082,0.0,0.0,1.0,0.5,0.0,0.0,0.9090909090909091,0.5,0,70,0,7
48,2,638,77,58,7,50,50,80,0.00022934276433305187,0.0005027841280615251,300,0.5,0.7968253968253969,0.9836734693877551,0.0,0.0,1.0,0.5,0.0,0.0,0.9090909090909091,0.5,0,70,0,7
48,3,638,77,58,7,50,50,80,0.00022934276433305187,0.0005027841280615251,300,0.5,0.982142857142857,0.9979591836734694,0.0,0.0,1.0,0.5,0.0,0.0,0.9090909090909091,0.5,0,70,0,7
48,4,638,77,58,7,50,50,80,0.00022934276433305187,0.0005027841280615251,300,0.5,0.9325396825396826,0.9918367346938776,0.0,0.0,1.0,0.5,0.0,0.0,0.9090909090909091,0.5,0,70,0,7
48,5,638,77,58,7,50,50,80,0.00022934276433305187,0.0005027841280615251,300,0.5,0.7276437847866419,0.9806122448979593,0.0,0.0,1.0,0.5,0.0,0.0,0.9090909090909091,0.5,0,70,0,7
48,6,649,66,59,6,50,50,80,0.00022934276433305187,0.0005027841280615251,300,0.5,1.0,1.0,0.0,0.0,1.0,0.5,0.0,0.0,0.9090909090909091,0.5,0,60,0,6
48,7,649,66,59,6,50,50,80,0.00022934276433305187,0.0005027841280615251,300,0.5,0.7139601139601139,0.9611111111111111,0.0,0.0,1.0,0.5,0.0,0.0,0.9090909090909091,0.5,0,60,0,6
48,8,649,66,59,6,50,50,80,0.00022934276433305187,0.0005027841280615251,300,0.5,0.8400383141762452,0.9333333333333333,0.0,0.0,1.0,0.5,0.0,0.0,0.9090909090909091,0.5,0,60,0,6
48,9,649,66,59,6,50,50,80,0.00022934276433305187,0.0005027841280615251,300,0.5,1.0,1.0,0.0,0.0,1.0,0.5,0.0,0.0,0.9090909090909091,0.5,0,60,0,6
48,10,649,66,59,6,50,50,80,0.00022934276433305187,0.0005027841280615251,300,0.5,0.9242424242424241,0.986111111111111,0.0,0.0,1.0,0.5,0.0,0.0,0.9090909090909091,0.5,0,60,0,6
49,1,638,77,58,7,30,100,40,0.0008153174237371214,0.0004924629241766376,50,0.5,0.9821428571428571,0.9979591836734695,1.0,0.7142857142857143,1.0,0.8571428571428572,0.8333333333333334,0.8333333333333333,0.974025974025974,0.5,5,70,0,2
49,2,638,77,58,7,30,100,40,0.0008153174237371214,0.0004924629241766376,50,0.5,0.8260204081632654,0.9887755102040816,0.8,0.5714285714285714,0.9857142857142858,0.7785714285714286,0.65,0.6666666666666666,0.948051948051948,0.5,4,69,1,3
49,3,638,77,58,7,30,100,40,0.0008153174237371214,0.0004924629241766376,50,0.5,0.982142857142857,0.9979591836734694,1.0,0.5714285714285714,1.0,0.7857142857142857,0.7402332101976052,0.7272727272727273,0.961038961038961,0.5,4,70,0,3
49,4,638,77,58,7,30,100,40,0.0008153174237371214,0.0004924629241766376,50,0.5,0.9325396825396826,0.9918367346938776,0.7142857142857143,0.7142857142857143,0.9714285714285714,0.8428571428571429,0.6857142857142857,0.7142857142857143,0.948051948051948,0.5,5,68,2,2
49,5,638,77,58,7,30,100,40,0.0008153174237371214,0.0004924629241766376,50,0.5,0.7478458049886622,0.9846938775510203,0.8333333333333334,0.7142857142857143,0.9857142857142858,0.8500000000000001,0.7507429809689721,0.7692307692307692,0.961038961038961,0.5,5,69,1,2
49,6,649,66,59,6,30,100,40,0.0008153174237371214,0.0004924629241766376,50,0.5,1.0,1.0,1.0,0.8333333333333334,1.0,0.9166666666666667,0.9053574604251854,0.9090909090909091,0.9848484848484849,0.5,5,60,0,1
49,7,649,66,59,6,30,100,40,0.0008153174237371214,0.0004924629241766376,50,0.5,0.7690476190476191,0.9694444444444444,0.8,0.6666666666666666,0.9833333333333333,0.825,0.7061788191316446,0.7272727272727272,0.9545454545454546,0.5,4,59,1,2
49,8,649,66,59,6,30,100,40,0.0008153174237371214,0.0004924629241766376,50,0.5,0.8400383141762452,0.9333333333333333,1.0,0.5,1.0,0.75,0.6900655593423543,0.6666666666666666,0.9545454545454546,0.5,3,60,0,3
49,9,649,66,59,6,30,100,40,0.0008153174237371214,0.0004924629241766376,50,0.5,1.0,1.0,1.0,0.8333333333333334,1.0,0.9166666666666667,0.9053574604251854,0.9090909090909091,0.9848484848484849,0.5,5,60,0,1
49,10,649,66,59,6,30,100,40,0.0008153174237371214,0.0004924629241766376,50,0.5,0.8222222222222222,0.9777777777777779,0.8333333333333334,0.8333333333333334,0.9833333333333333,0.9083333333333333,0.8166666666666667,0.8333333333333334,0.9696969696969697,0.5,5,59,1,1
50,1,638,77,58,7,40,80,20,0.0004751948805760719,0.0004999257912292843,100,0.5,0.9821428571428571,0.9979591836734694,1.0,0.5714285714285714,1.0,0.7857142857142857,0.7402332101976052,0.7272727272727273,0.961038961038961,0.5,4,70,0,3
50,2,638,77,58,7,40,80,20,0.0004751948805760719,0.0004999257912292843,100,0.5,0.8260204081632654,0.9887755102040817,0.8,0.5714285714285714,0.9857142857142858,0.7785714285714286,0.65,0.6666666666666666,0.948051948051948,0.5,4,69,1,3
50,3,638,77,58,7,40,80,20,0.0004751948805760719,0.0004999257912292843,100,0.5,0.9821428571428572,0.9979591836734694,1.0,0.42857142857142855,1.0,0.7142857142857143,0.6367145399670133,0.6,0.948051948051948,0.5,3,70,0,4
50,4,638,77,58,7,40,80,20,0.0004751948805760719,0.0004999257912292843,100,0.5,0.9325396825396826,0.9918367346938775,0.7142857142857143,0.7142857142857143,0.9714285714285714,0.8428571428571429,0.6857142857142857,0.7142857142857143,0.948051948051948,0.5,5,68,2,2
50,5,638,77,58,7,40,80,20,0.0004751948805760719,0.0004999257912292843,100,0.5,0.736734693877551,0.9826530612244898,0.8333333333333334,0.7142857142857143,0.9857142857142858,0.8500000000000001,0.7507429809689721,0.7692307692307692,0.961038961038961,0.5,5,69,1,2
50,6,649,66,59,6,40,80,20,0.0004751948805760719,0.0004999257912292843,100,0.5,1.0,1.0,1.0,0.5,1.0,0.75,0.6900655593423543,0.6666666666666666,0.9545454545454546,0.5,3,60,0,3
50,7,649,66,59,6,40,80,20,0.0004751948805760719,0.0004999257912292843,100,0.5,0.7541666666666667,0.9666666666666667,0.8,0.6666666666666666,0.9833333333333333,0.825,0.7061788191316446,0.7272727272727272,0.9545454545454546,0.5,4,59,1,2
50,8,649,66,59,6,40,80,20,0.0004751948805760719,0.0004999257912292843,100,0.5,0.8400383141762452,0.9333333333333333,1.0,0.5,1.0,0.75,0.6900655593423543,0.6666666666666666,0.9545454545454546,0.5,3,60,0,3
50,9,649,66,59,6,40,80,20,0.0004751948805760719,0.0004999257912292843,100,0.5,1.0,1.0,0.8571428571428571,1.0,0.9833333333333333,0.9916666666666667,0.9180725150319787,0.923076923076923,0.9848484848484849,0.5,6,59,1,0
50,10,649,66,59,6,40,80,20,0.0004751948805760719,0.0004999257912292843,100,0.5,0.8631313131313131,0.9819444444444444,1.0,0.5,1.0,0.75,0.6900655593423543,0.6666666666666666,0.9545454545454546,0.5,3,60,0,3
51,1,638,77,58,7,40,40,60,0.0006904019125763234,0.0004976287433920331,300,0.5,0.9821428571428571,0.9979591836734695,1.0,0.7142857142857143,1.0,0.8571428571428572,0.8333333333333334,0.8333333333333333,0.974025974025974,0.5,5,70,0,2
51,2,638,77,58,7,40,40,60,0.0006904019125763234,0.0004976287433920331,300,0.5,0.8260204081632654,0.9887755102040816,0.8,0.5714285714285714,0.9857142857142858,0.7785714285714286,0.65,0.6666666666666666,0.948051948051948,0.5,4,69,1,3
51,3,638,77,58,7,40,40,60,0.0006904019125763234,0.0004976287433920331,300,0.5,0.982142857142857,0.9979591836734694,0.875,1.0,0.9857142857142858,0.9928571428571429,0.9287087810503355,0.9333333333333333,0.987012987012987,0.5,7,69,1,0
51,4,638,77,58,7,40,40,60,0.0006904019125763234,0.0004976287433920331,300,0.5,0.9325396825396826,0.9918367346938776,0.8333333333333334,0.7142857142857143,0.9857142857142858,0.8500000000000001,0.7507429809689721,0.7692307692307692,0.961038961038961,0.5,5,69,1,2
51,5,638,77,58,7,40,40,60,0.0006904019125763234,0.0004976287433920331,300,0.5,0.7276437847866419,0.9806122448979592,0.8333333333333334,0.7142857142857143,0.9857142857142858,0.8500000000000001,0.7507429809689721,0.7692307692307692,0.961038961038961,0.5,5,69,1,2
51,6,649,66,59,6,40,40,60,0.0006904019125763234,0.0004976287433920331,300,0.5,1.0,1.0,1.0,0.5,1.0,0.75,0.6900655593423543,0.6666666666666666,0.9545454545454546,0.5,3,60,0,3
51,7,649,66,59,6,40,40,60,0.0006904019125763234,0.0004976287433920331,300,0.5,0.7690476190476191,0.9694444444444444,0.8,0.6666666666666666,0.9833333333333333,0.825,0.7061788191316446,0.7272727272727272,0.9545454545454546,0.5,4,59,1,2
51,8,649,66,59,6,40,40,60,0.0006904019125763234,0.0004976287433920331,300,0.5,0.8400383141762452,0.9333333333333333,1.0,0.5,1.0,0.75,0.6900655593423543,0.6666666666666666,0.9545454545454546,0.5,3,60,0,3
51,9,649,66,59,6,40,40,60,0.0006904019125763234,0.0004976287433920331,300,0.5,1.0,1.0,1.0,1.0,1.0,1.0,1.0,1.0,1.0,0.5,6,60,0,0
51,10,649,66,59,6,40,40,60,0.0006904019125763234,0.0004976287433920331,300,0.5,0.8631313131313131,0.9819444444444445,1.0,0.3333333333333333,1.0,0.6666666666666666,0.5590169943749475,0.5,0.9393939393939394,0.5,2,60,0,4
52,1,638,77,58,7,20,20,20,0.0002697869571413696,0.0004840710531794717,20,0.5,0.9821428571428571,0.9979591836734694,1.0,0.5714285714285714,1.0,0.7857142857142857,0.7402332101976052,0.7272727272727273,0.961038961038961,0.5,4,70,0,3
52,2,638,77,58,7,20,20,20,0.0002697869571413696,0.0004840710531794717,20,0.5,0.8260204081632654,0.9887755102040816,0.8,0.5714285714285714,0.9857142857142858,0.7785714285714286,0.65,0.6666666666666666,0.948051948051948,0.5,4,69,1,3
52,3,638,77,58,7,20,20,20,0.0002697869571413696,0.0004840710531794717,20,0.5,0.982142857142857,0.9979591836734694,1.0,0.5714285714285714,1.0,0.7857142857142857,0.7402332101976052,0.7272727272727273,0.961038961038961,0.5,4,70,0,3
52,4,638,77,58,7,20,20,20,0.0002697869571413696,0.0004840710531794717,20,0.5,0.9325396825396826,0.9918367346938776,0.7777777777777778,1.0,0.9714285714285714,0.9857142857142858,0.8692269873603531,0.8750000000000001,0.974025974025974,0.5,7,68,2,0
52,5,638,77,58,7,20,20,20,0.0002697869571413696,0.0004840710531794717,20,0.5,0.7407029478458049,0.9846938775510204,0.75,0.8571428571428571,0.9714285714285714,0.9142857142857143,0.78065375798434,0.7999999999999999,0.961038961038961,0.5,6,68,2,1
52,6,649,66,59,6,20,20,20,0.0002697869571413696,0.0004840710531794717,20,0.5,1.0,1.0,1.0,0.6666666666666666,1.0,0.8333333333333333,0.8032193289024988,0.8,0.9696969696969697,0.5,4,60,0,2
52,7,649,66,59,6,20,20,20,0.0002697869571413696,0.0004840710531794717,20,0.5,0.7690476190476191,0.9694444444444444,0.8,0.6666666666666666,0.9833333333333333,0.825,0.7061788191316446,0.7272727272727272,0.9545454545454546,0.5,4,59,1,2
52,8,649,66,59,6,20,20,20,0.0002697869571413696,0.0004840710531794717,20,0.5,0.8400383141762452,0.9333333333333333,1.0,0.5,1.0,0.75,0.6900655593423543,0.6666666666666666,0.9545454545454546,0.5,3,60,0,3
52,9,649,66,59,6,20,20,20,0.0002697869571413696,0.0004840710531794717,20,0.5,1.0,1.0,1.0,1.0,1.0,1.0,1.0,1.0,1.0,0.5,6,60,0,0
52,10,649,66,59,6,20,20,20,0.0002697869571413696,0.0004840710531794717,20,0.5,0.8686868686868687,0.9833333333333334,1.0,0.5,1.0,0.75,0.6900655593423543,0.6666666666666666,0.9545454545454546,0.5,3,60,0,3
53,1,638,77,58,7,60,40,10,0.0008554195386591387,0.0005049010751304965,100,0.5,0.9821428571428571,0.9979591836734694,1.0,0.42857142857142855,1.0,0.7142857142857143,0.6367145399670133,0.6,0.948051948051948,0.5,3,70,0,4
53,2,638,77,58,7,60,40,10,0.0008554195386591387,0.0005049010751304965,100,0.5,0.8260204081632654,0.9887755102040816,0.8,0.5714285714285714,0.9857142857142858,0.7785714285714286,0.65,0.6666666666666666,0.948051948051948,0.5,4,69,1,3
53,3,638,77,58,7,60,40,10,0.0008554195386591387,0.0005049010751304965,100,0.5,0.982142857142857,0.9979591836734694,1.0,0.42857142857142855,1.0,0.7142857142857143,0.6367145399670133,0.6,0.948051948051948,0.5,3,70,0,4
53,4,638,77,58,7,60,40,10,0.0008554195386591387,0.0005049010751304965,100,0.5,0.9325396825396826,0.9918367346938775,0.7142857142857143,0.7142857142857143,0.9714285714285714,0.8428571428571429,0.6857142857142857,0.7142857142857143,0.948051948051948,0.5,5,68,2,2
53,5,638,77,58,7,60,40,10,0.0008554195386591387,0.0005049010751304965,100,0.5,0.7478458049886622,0.9846938775510203,0.8333333333333334,0.7142857142857143,0.9857142857142858,0.8500000000000001,0.7507429809689721,0.7692307692307692,0.961038961038961,0.5,5,69,1,2
53,6,649,66,59,6,60,40,10,0.0008554195386591387,0.0005049010751304965,100,0.5,1.0,1.0,1.0,0.5,1.0,0.75,0.6900655593423543,0.6666666666666666,0.9545454545454546,0.5,3,60,0,3
53,7,649,66,59,6,60,40,10,0.0008554195386591387,0.0005049010751304965,100,0.5,0.7690476190476191,0.9694444444444444,0.8,0.6666666666666666,0.9833333333333333,0.825,0.7061788191316446,0.7272727272727272,0.9545454545454546,0.5,4,59,1,2
53,8,649,66,59,6,60,40,10,0.0008554195386591387,0.0005049010751304965,100,0.5,0.8400383141762452,0.9333333333333333,1.0,0.5,1.0,0.75,0.6900655593423543,0.6666666666666666,0.9545454545454546,0.5,3,60,0,3
53,9,649,66,59,6,60,40,10,0.0008554195386591387,0.0005049010751304965,100,0.5,1.0,1.0,1.0,1.0,1.0,1.0,1.0,1.0,1.0,0.5,6,60,0,0
53,10,649,66,59,6,60,40,10,0.0008554195386591387,0.0005049010751304965,100,0.5,0.8555555555555555,0.9791666666666667,0.8333333333333334,0.8333333333333334,0.9833333333333333,0.9083333333333333,0.8166666666666667,0.8333333333333334,0.9696969696969697,0.5,5,59,1,1
54,1,638,77,58,7,20,30,60,0.00022356311020365423,0.0004973799584019508,200,0.5,0.9821428571428571,0.9979591836734694,0.0,0.0,1.0,0.5,0.0,0.0,0.9090909090909091,0.5,0,70,0,7
54,2,638,77,58,7,20,30,60,0.00022356311020365423,0.0004973799584019508,200,0.5,0.8121315192743764,0.9857142857142858,0.0,0.0,1.0,0.5,0.0,0.0,0.9090909090909091,0.5,0,70,0,7
54,3,638,77,58,7,20,30,60,0.00022356311020365423,0.0004973799584019508,200,0.5,0.9821428571428572,0.9979591836734694,0.0,0.0,1.0,0.5,0.0,0.0,0.9090909090909091,0.5,0,70,0,7
54,4,638,77,58,7,20,30,60,0.00022356311020365423,0.0004973799584019508,200,0.5,0.9325396825396826,0.9918367346938776,0.0,0.0,1.0,0.5,0.0,0.0,0.9090909090909091,0.5,0,70,0,7
54,5,638,77,58,7,20,30,60,0.00022356311020365423,0.0004973799584019508,200,0.5,0.7047619047619047,0.976530612244898,0.0,0.0,1.0,0.5,0.0,0.0,0.9090909090909091,0.5,0,70,0,7
54,6,649,66,59,6,20,30,60,0.00022356311020365423,0.0004973799584019508,200,0.5,1.0,1.0,0.0,0.0,1.0,0.5,0.0,0.0,0.9090909090909091,0.5,0,60,0,6
54,7,649,66,59,6,20,30,60,0.00022356311020365423,0.0004973799584019508,200,0.5,0.7269230769230769,0.9583333333333334,0.0,0.0,1.0,0.5,0.0,0.0,0.9090909090909091,0.5,0,60,0,6
54,8,649,66,59,6,20,30,60,0.00022356311020365423,0.0004973799584019508,200,0.5,0.8400383141762452,0.9333333333333333,0.0,0.0,1.0,0.5,0.0,0.0,0.9090909090909091,0.5,0,60,0,6
54,9,649,66,59,6,20,30,60,0.00022356311020365423,0.0004973799584019508,200,0.5,1.0,1.0,0.0,0.0,1.0,0.5,0.0,0.0,0.9090909090909091,0.5,0,60,0,6
54,10,649,66,59,6,20,30,60,0.00022356311020365423,0.0004973799584019508,200,0.5,0.829004329004329,0.9777777777777779,0.0,0.0,1.0,0.5,0.0,0.0,0.9090909090909091,0.5,0,60,0,6
55,1,638,77,58,7,50,80,40,0.00024730807962920244,0.0004906883951307414,200,0.5,0.9821428571428571,0.9979591836734695,1.0,0.42857142857142855,1.0,0.7142857142857143,0.6367145399670133,0.6,0.948051948051948,0.5,3,70,0,4
55,2,638,77,58,7,50,80,40,0.00024730807962920244,0.0004906883951307414,200,0.5,0.8260204081632654,0.9887755102040816,1.0,0.14285714285714285,1.0,0.5714285714285714,0.3627381250550058,0.25,0.922077922077922,0.5,1,70,0,6
55,3,638,77,58,7,50,80,40,0.00024730807962920244,0.0004906883951307414,200,0.5,0.982142857142857,0.9979591836734694,1.0,0.42857142857142855,1.0,0.7142857142857143,0.6367145399670133,0.6,0.948051948051948,0.5,3,70,0,4
55,4,638,77,58,7,50,80,40,0.00024730807962920244,0.0004906883951307414,200,0.5,0.9325396825396826,0.9918367346938776,0.8333333333333334,0.7142857142857143,0.9857142857142858,0.8500000000000001,0.7507429809689721,0.7692307692307692,0.961038961038961,0.5,5,69,1,2
55,5,638,77,58,7,50,80,40,0.00024730807962920244,0.0004906883951307414,200,0.5,0.7919294990723562,0.9816326530612246,0.8333333333333334,0.7142857142857143,0.9857142857142858,0.8500000000000001,0.7507429809689721,0.7692307692307692,0.961038961038961,0.5,5,69,1,2
55,6,649,66,59,6,50,80,40,0.00024730807962920244,0.0004906883951307414,200,0.5,1.0,1.0,1.0,0.5,1.0,0.75,0.6900655593423543,0.6666666666666666,0.9545454545454546,0.5,3,60,0,3
55,7,649,66,59,6,50,80,40,0.00024730807962920244,0.0004906883951307414,200,0.5,0.7195156695156695,0.9611111111111111,0.8,0.6666666666666666,0.9833333333333333,0.825,0.7061788191316446,0.7272727272727272,0.9545454545454546,0.5,4,59,1,2
55,8,649,66,59,6,50,80,40,0.00024730807962920244,0.0004906883951307414,200,0.5,0.8400383141762452,0.9333333333333333,1.0,0.5,1.0,0.75,0.6900655593423543,0.6666666666666666,0.9545454545454546,0.5,3,60,0,3
55,9,649,66,59,6,50,80,40,0.00024730807962920244,0.0004906883951307414,200,0.5,1.0,1.0,1.0,0.8333333333333334,1.0,0.9166666666666667,0.9053574604251854,0.9090909090909091,0.9848484848484849,0.5,5,60,0,1
55,10,649,66,59,6,50,80,40,0.00024730807962920244,0.0004906883951307414,200,0.5,0.8686868686868687,0.9833333333333333,0.0,0.0,1.0,0.5,0.0,0.0,0.9090909090909091,0.5,0,60,0,6
56,1,638,77,58,7,60,40,20,0.0008256625479449572,0.0005114325530826244,100,0.5,0.9821428571428571,0.9979591836734694,1.0,0.42857142857142855,1.0,0.7142857142857143,0.6367145399670133,0.6,0.948051948051948,0.5,3,70,0,4
56,2,638,77,58,7,60,40,20,0.0008256625479449572,0.0005114325530826244,100,0.5,0.8260204081632654,0.9887755102040816,0.8,0.5714285714285714,0.9857142857142858,0.7785714285714286,0.65,0.6666666666666666,0.948051948051948,0.5,4,69,1,3
56,3,638,77,58,7,60,40,20,0.0008256625479449572,0.0005114325530826244,100,0.5,0.982142857142857,0.9979591836734694,0.8571428571428571,0.8571428571428571,0.9857142857142858,0.9214285714285715,0.8428571428571429,0.8571428571428571,0.974025974025974,0.5,6,69,1,1
56,4,638,77,58,7,60,40,20,0.0008256625479449572,0.0005114325530826244,100,0.5,0.9325396825396826,0.9918367346938775,0.7142857142857143,0.7142857142857143,0.9714285714285714,0.8428571428571429,0.6857142857142857,0.7142857142857143,0.948051948051948,0.5,5,68,2,2
56,5,638,77,58,7,60,40,20,0.0008256625479449572,0.0005114325530826244,100,0.5,0.7478458049886622,0.9846938775510203,0.8333333333333334,0.7142857142857143,0.9857142857142858,0.8500000000000001,0.7507429809689721,0.7692307692307692,0.961038961038961,0.5,5,69,1,2
56,6,649,66,59,6,60,40,20,0.0008256625479449572,0.0005114325530826244,100,0.5,1.0,1.0,1.0,0.5,1.0,0.75,0.6900655593423543,0.6666666666666666,0.9545454545454546,0.5,3,60,0,3
56,7,649,66,59,6,60,40,20,0.0008256625479449572,0.0005114325530826244,100,0.5,0.7690476190476191,0.9694444444444444,0.8,0.6666666666666666,0.9833333333333333,0.825,0.7061788191316446,0.7272727272727272,0.9545454545454546,0.5,4,59,1,2
56,8,649,66,59,6,60,40,20,0.0008256625479449572,0.0005114325530826244,100,0.5,0.8400383141762452,0.9333333333333333,1.0,0.5,1.0,0.75,0.6900655593423543,0.6666666666666666,0.9545454545454546,0.5,3,60,0,3
56,9,649,66,59,6,60,40,20,0.0008256625479449572,0.0005114325530826244,100,0.5,1.0,1.0,1.0,1.0,1.0,1.0,1.0,1.0,1.0,0.5,6,60,0,0
56,10,649,66,59,6,60,40,20,0.0008256625479449572,0.0005114325530826244,100,0.5,0.8222222222222222,0.9777777777777779,0.8333333333333334,0.8333333333333334,0.9833333333333333,0.9083333333333333,0.8166666666666667,0.8333333333333334,0.9696969696969697,0.5,5,59,1,1
57,1,638,77,58,7,50,30,80,0.00046034878674705776,0.000513884019865636,200,0.5,0.9821428571428571,0.9979591836734694,1.0,0.5714285714285714,1.0,0.7857142857142857,0.7402332101976052,0.7272727272727273,0.961038961038961,0.5,4,70,0,3
57,2,638,77,58,7,50,30,80,0.00046034878674705776,0.000513884019865636,200,0.5,0.8736394557823128,0.9897959183673468,0.8,0.5714285714285714,0.9857142857142858,0.7785714285714286,0.65,0.6666666666666666,0.948051948051948,0.5,4,69,1,3
57,3,638,77,58,7,50,30,80,0.00046034878674705776,0.000513884019865636,200,0.5,0.9821428571428572,0.9979591836734694,1.0,0.5714285714285714,1.0,0.7857142857142857,0.7402332101976052,0.7272727272727273,0.961038961038961,0.5,4,70,0,3
57,4,638,77,58,7,50,30,80,0.00046034878674705776,0.000513884019865636,200,0.5,0.9325396825396823,0.9918367346938775,0.8333333333333334,0.7142857142857143,0.9857142857142858,0.8500000000000001,0.7507429809689721,0.7692307692307692,0.961038961038961,0.5,5,69,1,2
57,5,638,77,58,7,50,30,80,0.00046034878674705776,0.000513884019865636,200,0.5,0.7478458049886622,0.9846938775510204,0.8333333333333334,0.7142857142857143,0.9857142857142858,0.8500000000000001,0.7507429809689721,0.7692307692307692,0.961038961038961,0.5,5,69,1,2
57,6,649,66,59,6,50,30,80,0.00046034878674705776,0.000513884019865636,200,0.5,1.0,1.0,1.0,0.5,1.0,0.75,0.6900655593423543,0.6666666666666666,0.9545454545454546,0.5,3,60,0,3
57,7,649,66,59,6,50,30,80,0.00046034878674705776,0.000513884019865636,200,0.5,0.7477564102564103,0.9638888888888889,0.8,0.6666666666666666,0.9833333333333333,0.825,0.7061788191316446,0.7272727272727272,0.9545454545454546,0.5,4,59,1,2
57,8,649,66,59,6,50,30,80,0.00046034878674705776,0.000513884019865636,200,0.5,0.8400383141762452,0.9333333333333333,1.0,0.5,1.0,0.75,0.6900655593423543,0.6666666666666666,0.9545454545454546,0.5,3,60,0,3
57,9,649,66,59,6,50,30,80,0.00046034878674705776,0.000513884019865636,200,0.5,1.0,1.0,1.0,0.8333333333333334,1.0,0.9166666666666667,0.9053574604251854,0.9090909090909091,0.9848484848484849,0.5,5,60,0,1
57,10,649,66,59,6,50,30,80,0.00046034878674705776,0.000513884019865636,200,0.5,0.8611111111111112,0.9805555555555556,0.0,0.0,1.0,0.5,0.0,0.0,0.9090909090909091,0.5,0,60,0,6
58,1,638,77,58,7,10,20,50,0.0006380150843341059,0.0005046981339830515,20,0.5,0.9821428571428571,0.9979591836734694,1.0,0.7142857142857143,1.0,0.8571428571428572,0.8333333333333334,0.8333333333333333,0.974025974025974,0.5,5,70,0,2
58,2,638,77,58,7,10,20,50,0.0006380150843341059,0.0005046981339830515,20,0.5,0.8260204081632654,0.9887755102040817,0.8,0.5714285714285714,0.9857142857142858,0.7785714285714286,0.65,0.6666666666666666,0.948051948051948,0.5,4,69,1,3
58,3,638,77,58,7,10,20,50,0.0006380150843341059,0.0005046981339830515,20,0.5,0.982142857142857,0.9979591836734694,1.0,0.8571428571428571,1.0,0.9285714285714286,0.9192771195538434,0.923076923076923,0.987012987012987,0.5,6,70,0,1
58,4,638,77,58,7,10,20,50,0.0006380150843341059,0.0005046981339830515,20,0.5,0.9325396825396826,0.9918367346938775,0.7142857142857143,0.7142857142857143,0.9714285714285714,0.8428571428571429,0.6857142857142857,0.7142857142857143,0.948051948051948,0.5,5,68,2,2
58,5,638,77,58,7,10,20,50,0.0006380150843341059,0.0005046981339830515,20,0.5,0.7478458049886622,0.9846938775510204,0.7777777777777778,1.0,0.9714285714285714,0.9857142857142858,0.8692269873603531,0.8750000000000001,0.974025974025974,0.5,7,68,2,0
58,6,649,66,59,6,10,20,50,0.0006380150843341059,0.0005046981339830515,20,0.5,1.0,1.0,1.0,0.5,1.0,0.75,0.6900655593423543,0.6666666666666666,0.9545454545454546,0.5,3,60,0,3
58,7,649,66,59,6,10,20,50,0.0006380150843341059,0.0005046981339830515,20,0.5,0.7690476190476191,0.9694444444444444,0.8,0.6666666666666666,0.9833333333333333,0.825,0.7061788191316446,0.7272727272727272,0.9545454545454546,0.5,4,59,1,2
58,8,649,66,59,6,10,20,50,0.0006380150843341059,0.0005046981339830515,20,0.5,0.8400383141762452,0.9333333333333333,1.0,0.5,1.0,0.75,0.6900655593423543,0.6666666666666666,0.9545454545454546,0.5,3,60,0,3
58,9,649,66,59,6,10,20,50,0.0006380150843341059,0.0005046981339830515,20,0.5,1.0,1.0,0.8571428571428571,1.0,0.9833333333333333,0.9916666666666667,0.9180725150319787,0.923076923076923,0.9848484848484849,0.5,6,59,1,0
58,10,649,66,59,6,10,20,50,0.0006380150843341059,0.0005046981339830515,20,0.5,0.8222222222222222,0.9777777777777779,0.8333333333333334,0.8333333333333334,0.9833333333333333,0.9083333333333333,0.8166666666666667,0.8333333333333334,0.9696969696969697,0.5,5,59,1,1
59,1,638,77,58,7,50,40,30,0.0009124123013863271,0.0004993316427887046,20,0.5,0.9821428571428571,0.9979591836734695,1.0,0.5714285714285714,1.0,0.7857142857142857,0.7402332101976052,0.7272727272727273,0.961038961038961,0.5,4,70,0,3
59,2,638,77,58,7,50,40,30,0.0009124123013863271,0.0004993316427887046,20,0.5,0.8260204081632654,0.9887755102040817,0.875,1.0,0.9857142857142858,0.9928571428571429,0.9287087810503355,0.9333333333333333,0.987012987012987,0.5,7,69,1,0
59,3,638,77,58,7,50,40,30,0.0009124123013863271,0.0004993316427887046,20,0.5,0.982142857142857,0.9979591836734694,0.875,1.0,0.9857142857142858,0.9928571428571429,0.9287087810503355,0.9333333333333333,0.987012987012987,0.5,7,69,1,0
59,4,638,77,58,7,50,40,30,0.0009124123013863271,0.0004993316427887046,20,0.5,0.9325396825396826,0.9918367346938776,0.7142857142857143,0.7142857142857143,0.9714285714285714,0.8428571428571429,0.6857142857142857,0.7142857142857143,0.948051948051948,0.5,5,68,2,2
59,5,638,77,58,7,50,40,30,0.0009124123013863271,0.0004993316427887046,20,0.5,0.7478458049886622,0.9846938775510204,0.8333333333333334,0.7142857142857143,0.9857142857142858,0.8500000000000001,0.7507429809689721,0.7692307692307692,0.961038961038961,0.5,5,69,1,2
59,6,649,66,59,6,50,40,30,0.0009124123013863271,0.0004993316427887046,20,0.5,1.0,1.0,1.0,0.5,1.0,0.75,0.6900655593423543,0.6666666666666666,0.9545454545454546,0.5,3,60,0,3
59,7,649,66,59,6,50,40,30,0.0009124123013863271,0.0004993316427887046,20,0.5,0.7690476190476191,0.9694444444444446,0.8,0.6666666666666666,0.9833333333333333,0.825,0.7061788191316446,0.7272727272727272,0.9545454545454546,0.5,4,59,1,2
59,8,649,66,59,6,50,40,30,0.0009124123013863271,0.0004993316427887046,20,0.5,0.8400383141762452,0.9333333333333333,1.0,0.5,1.0,0.75,0.6900655593423543,0.6666666666666666,0.9545454545454546,0.5,3,60,0,3
59,9,649,66,59,6,50,40,30,0.0009124123013863271,0.0004993316427887046,20,0.5,1.0,1.0,0.8571428571428571,1.0,0.9833333333333333,0.9916666666666667,0.9180725150319787,0.923076923076923,0.9848484848484849,0.5,6,59,1,0
59,10,649,66,59,6,50,40,30,0.0009124123013863271,0.0004993316427887046,20,0.5,0.8222222222222222,0.9777777777777779,0.8333333333333334,0.8333333333333334,0.9833333333333333,0.9083333333333333,0.8166666666666667,0.8333333333333334,0.9696969696969697,0.5,5,59,1,1
60,1,638,77,58,7,50,30,10,0.00044188412448500485,0.000515967657056066,200,0.5,0.9571428571428571,0.9938775510204082,0.0,0.0,1.0,0.5,0.0,0.0,0.9090909090909091,0.5,0,70,0,7
60,2,638,77,58,7,50,30,10,0.00044188412448500485,0.000515967657056066,200,0.5,0.8260204081632654,0.9887755102040817,0.0,0.0,1.0,0.5,0.0,0.0,0.9090909090909091,0.5,0,70,0,7
60,3,638,77,58,7,50,30,10,0.00044188412448500485,0.000515967657056066,200,0.5,0.982142857142857,0.9979591836734694,1.0,0.14285714285714285,1.0,0.5714285714285714,0.3627381250550058,0.25,0.922077922077922,0.5,1,70,0,6
60,4,638,77,58,7,50,30,10,0.00044188412448500485,0.000515967657056066,200,0.5,0.9325396825396826,0.9918367346938776,0.8333333333333334,0.7142857142857143,0.9857142857142858,0.8500000000000001,0.7507429809689721,0.7692307692307692,0.961038961038961,0.5,5,69,1,2
60,5,638,77,58,7,50,30,10,0.00044188412448500485,0.000515967657056066,200,0.5,0.7295918367346939,0.9826530612244898,0.8333333333333334,0.7142857142857143,0.9857142857142858,0.8500000000000001,0.7507429809689721,0.7692307692307692,0.961038961038961,0.5,5,69,1,2
60,6,649,66,59,6,50,30,10,0.00044188412448500485,0.000515967657056066,200,0.5,1.0,1.0,1.0,0.5,1.0,0.75,0.6900655593423543,0.6666666666666666,0.9545454545454546,0.5,3,60,0,3
60,7,649,66,59,6,50,30,10,0.00044188412448500485,0.000515967657056066,200,0.5,0.725534188034188,0.963888888888889,1.0,0.16666666666666666,1.0,0.5833333333333334,0.3922322702763681,0.2857142857142857,0.9242424242424242,0.5,1,60,0,5
60,8,649,66,59,6,50,30,10,0.00044188412448500485,0.000515967657056066,200,0.5,0.8400383141762451,0.9333333333333333,1.0,0.5,1.0,0.75,0.6900655593423543,0.6666666666666666,0.9545454545454546,0.5,3,60,0,3
60,9,649,66,59,6,50,30,10,0.00044188412448500485,0.000515967657056066,200,0.5,1.0,1.0,1.0,0.8333333333333334,1.0,0.9166666666666667,0.9053574604251854,0.9090909090909091,0.9848484848484849,0.5,5,60,0,1
60,10,649,66,59,6,50,30,10,0.00044188412448500485,0.000515967657056066,200,0.5,0.9166666666666667,0.9833333333333334,0.0,0.0,1.0,0.5,0.0,0.0,0.9090909090909091,0.5,0,60,0,6
61,1,638,77,58,7,30,30,80,0.0005932638753344341,0.0005016508488539,200,0.5,0.9821428571428571,0.9979591836734694,1.0,0.7142857142857143,1.0,0.8571428571428572,0.8333333333333334,0.8333333333333333,0.974025974025974,0.5,5,70,0,2
61,2,638,77,58,7,30,30,80,0.0005932638753344341,0.0005016508488539,200,0.5,0.8260204081632654,0.9887755102040816,0.8333333333333334,0.7142857142857143,0.9857142857142858,0.8500000000000001,0.7507429809689721,0.7692307692307692,0.961038961038961,0.5,5,69,1,2
61,3,638,77,58,7,30,30,80,0.0005932638753344341,0.0005016508488539,200,0.5,0.982142857142857,0.9979591836734694,1.0,0.7142857142857143,1.0,0.8571428571428572,0.8333333333333334,0.8333333333333333,0.974025974025974,0.5,5,70,0,2
61,4,638,77,58,7,30,30,80,0.0005932638753344341,0.0005016508488539,200,0.5,0.9325396825396823,0.9918367346938775,0.8333333333333334,0.7142857142857143,0.9857142857142858,0.8500000000000001,0.7507429809689721,0.7692307692307692,0.961038961038961,0.5,5,69,1,2
61,5,638,77,58,7,30,30,80,0.0005932638753344341,0.0005016508488539,200,0.5,0.7478458049886622,0.9846938775510204,0.8333333333333334,0.7142857142857143,0.9857142857142858,0.8500000000000001,0.7507429809689721,0.7692307692307692,0.961038961038961,0.5,5,69,1,2
61,6,649,66,59,6,30,30,80,0.0005932638753344341,0.0005016508488539,200,0.5,1.0,1.0,1.0,0.5,1.0,0.75,0.6900655593423543,0.6666666666666666,0.9545454545454546,0.5,3,60,0,3
61,7,649,66,59,6,30,30,80,0.0005932638753344341,0.0005016508488539,200,0.5,0.7690476190476191,0.9694444444444444,0.8,0.6666666666666666,0.9833333333333333,0.825,0.7061788191316446,0.7272727272727272,0.9545454545454546,0.5,4,59,1,2
61,8,649,66,59,6,30,30,80,0.0005932638753344341,0.0005016508488539,200,0.5,0.8400383141762451,0.9333333333333333,1.0,0.5,1.0,0.75,0.6900655593423543,0.6666666666666666,0.9545454545454546,0.5,3,60,0,3
61,9,649,66,59,6,30,30,80,0.0005932638753344341,0.0005016508488539,200,0.5,1.0,1.0,1.0,1.0,1.0,1.0,1.0,1.0,1.0,0.5,6,60,0,0
61,10,649,66,59,6,30,30,80,0.0005932638753344341,0.0005016508488539,200,0.5,0.9166666666666666,0.9833333333333334,0.8333333333333334,0.8333333333333334,0.9833333333333333,0.9083333333333333,0.8166666666666667,0.8333333333333334,0.9696969696969697,0.5,5,59,1,1
62,1,638,77,58,7,80,100,20,0.0009079131270858375,0.0004957269673321594,50,0.5,0.9821428571428571,0.9979591836734695,1.0,0.5714285714285714,1.0,0.7857142857142857,0.7402332101976052,0.7272727272727273,0.961038961038961,0.5,4,70,0,3
62,2,638,77,58,7,80,100,20,0.0009079131270858375,0.0004957269673321594,50,0.5,0.8260204081632654,0.9887755102040816,0.8,0.5714285714285714,0.9857142857142858,0.7785714285714286,0.65,0.6666666666666666,0.948051948051948,0.5,4,69,1,3
62,3,638,77,58,7,80,100,20,0.0009079131270858375,0.0004957269673321594,50,0.5,0.982142857142857,0.9979591836734695,1.0,0.7142857142857143,1.0,0.8571428571428572,0.8333333333333334,0.8333333333333333,0.974025974025974,0.5,5,70,0,2
62,4,638,77,58,7,80,100,20,0.0009079131270858375,0.0004957269673321594,50,0.5,0.9325396825396826,0.9918367346938776,0.7777777777777778,1.0,0.9714285714285714,0.9857142857142858,0.8692269873603531,0.8750000000000001,0.974025974025974,0.5,7,68,2,0
62,5,638,77,58,7,80,100,20,0.0009079131270858375,0.0004957269673321594,50,0.5,0.7478458049886622,0.9846938775510204,0.75,0.8571428571428571,0.9714285714285714,0.9142857142857143,0.78065375798434,0.7999999999999999,0.961038961038961,0.5,6,68,2,1
62,6,649,66,59,6,80,100,20,0.0009079131270858375,0.0004957269673321594,50,0.5,1.0,1.0,1.0,0.5,1.0,0.75,0.6900655593423543,0.6666666666666666,0.9545454545454546,0.5,3,60,0,3
62,7,649,66,59,6,80,100,20,0.0009079131270858375,0.0004957269673321594,50,0.5,0.7690476190476191,0.9694444444444446,0.8,0.6666666666666666,0.9833333333333333,0.825,0.7061788191316446,0.7272727272727272,0.9545454545454546,0.5,4,59,1,2
62,8,649,66,59,6,80,100,20,0.0009079131270858375,0.0004957269673321594,50,0.5,0.8400383141762452,0.9333333333333333,1.0,0.6666666666666666,1.0,0.8333333333333333,0.8032193289024988,0.8,0.9696969696969697,0.5,4,60,0,2
62,9,649,66,59,6,80,100,20,0.0009079131270858375,0.0004957269673321594,50,0.5,1.0,1.0,0.8571428571428571,1.0,0.9833333333333333,0.9916666666666667,0.9180725150319787,0.923076923076923,0.9848484848484849,0.5,6,59,1,0
62,10,649,66,59,6,80,100,20,0.0009079131270858375,0.0004957269673321594,50,0.5,0.8138888888888889,0.976388888888889,0.8333333333333334,0.8333333333333334,0.9833333333333333,0.9083333333333333,0.8166666666666667,0.8333333333333334,0.9696969696969697,0.5,5,59,1,1
63,1,638,77,58,7,10,60,80,0.000721873711693345,0.0004983191222210975,200,0.5,0.9821428571428571,0.9979591836734694,1.0,0.5714285714285714,1.0,0.7857142857142857,0.7402332101976052,0.7272727272727273,0.961038961038961,0.5,4,70,0,3
63,2,638,77,58,7,10,60,80,0.000721873711693345,0.0004983191222210975,200,0.5,0.8260204081632654,0.9887755102040816,0.8,0.5714285714285714,0.9857142857142858,0.7785714285714286,0.65,0.6666666666666666,0.948051948051948,0.5,4,69,1,3
63,3,638,77,58,7,10,60,80,0.000721873711693345,0.0004983191222210975,200,0.5,0.982142857142857,0.9979591836734694,1.0,0.7142857142857143,1.0,0.8571428571428572,0.8333333333333334,0.8333333333333333,0.974025974025974,0.5,5,70,0,2
63,4,638,77,58,7,10,60,80,0.000721873711693345,0.0004983191222210975,200,0.5,0.9325396825396826,0.9918367346938775,0.7777777777777778,1.0,0.9714285714285714,0.9857142857142858,0.8692269873603531,0.8750000000000001,0.974025974025974,0.5,7,68,2,0
63,5,638,77,58,7,10,60,80,0.000721873711693345,0.0004983191222210975,200,0.5,0.747845804988662,0.9846938775510204,0.8333333333333334,0.7142857142857143,0.9857142857142858,0.8500000000000001,0.7507429809689721,0.7692307692307692,0.961038961038961,0.5,5,69,1,2
63,6,649,66,59,6,10,60,80,0.000721873711693345,0.0004983191222210975,200,0.5,1.0,1.0,1.0,0.6666666666666666,1.0,0.8333333333333333,0.8032193289024988,0.8,0.9696969696969697,0.5,4,60,0,2
63,7,649,66,59,6,10,60,80,0.000721873711693345,0.0004983191222210975,200,0.5,0.7425925925925926,0.9638888888888889,0.8,0.6666666666666666,0.9833333333333333,0.825,0.7061788191316446,0.7272727272727272,0.9545454545454546,0.5,4,59,1,2
63,8,649,66,59,6,10,60,80,0.000721873711693345,0.0004983191222210975,200,0.5,0.8400383141762452,0.9333333333333333,1.0,0.6666666666666666,1.0,0.8333333333333333,0.8032193289024988,0.8,0.9696969696969697,0.5,4,60,0,2
63,9,649,66,59,6,10,60,80,0.000721873711693345,0.0004983191222210975,200,0.5,1.0,1.0,1.0,0.8333333333333334,1.0,0.9166666666666667,0.9053574604251854,0.9090909090909091,0.9848484848484849,0.5,5,60,0,1
63,10,649,66,59,6,10,60,80,0.000721873711693345,0.0004983191222210975,200,0.5,0.8555555555555555,0.9791666666666666,1.0,0.5,1.0,0.75,0.6900655593423543,0.6666666666666666,0.9545454545454546,0.5,3,60,0,3
64,1,638,77,58,7,100,20,40,0.0002708146416256993,0.0004906786666383559,200,0.5,0.9821428571428571,0.9979591836734695,1.0,0.42857142857142855,1.0,0.7142857142857143,0.6367145399670133,0.6,0.948051948051948,0.5,3,70,0,4
64,2,638,77,58,7,100,20,40,0.0002708146416256993,0.0004906786666383559,200,0.5,0.8260204081632654,0.9887755102040816,0.0,0.0,1.0,0.5,0.0,0.0,0.9090909090909091,0.5,0,70,0,7
64,3,638,77,58,7,100,20,40,0.0002708146416256993,0.0004906786666383559,200,0.5,0.982142857142857,0.9979591836734694,0.0,0.0,1.0,0.5,0.0,0.0,0.9090909090909091,0.5,0,70,0,7
64,4,638,77,58,7,100,20,40,0.0002708146416256993,0.0004906786666383559,200,0.5,0.9325396825396826,0.9918367346938776,0.8333333333333334,0.7142857142857143,0.9857142857142858,0.8500000000000001,0.7507429809689721,0.7692307692307692,0.961038961038961,0.5,5,69,1,2
64,5,638,77,58,7,100,20,40,0.0002708146416256993,0.0004906786666383559,200,0.5,0.7407029478458049,0.9846938775510203,0.0,0.0,1.0,0.5,0.0,0.0,0.9090909090909091,0.5,0,70,0,7
64,6,649,66,59,6,100,20,40,0.0002708146416256993,0.0004906786666383559,200,0.5,1.0,1.0,1.0,0.5,1.0,0.75,0.6900655593423543,0.6666666666666666,0.9545454545454546,0.5,3,60,0,3
64,7,649,66,59,6,100,20,40,0.0002708146416256993,0.0004906786666383559,200,0.5,0.7361823361823362,0.9611111111111111,0.8,0.6666666666666666,0.9833333333333333,0.825,0.7061788191316446,0.7272727272727272,0.9545454545454546,0.5,4,59,1,2
64,8,649,66,59,6,100,20,40,0.0002708146416256993,0.0004906786666383559,200,0.5,0.8400383141762451,0.9333333333333333,0.0,0.0,1.0,0.5,0.0,0.0,0.9090909090909091,0.5,0,60,0,6
64,9,649,66,59,6,100,20,40,0.0002708146416256993,0.0004906786666383559,200,0.5,1.0,1.0,1.0,0.8333333333333334,1.0,0.9166666666666667,0.9053574604251854,0.9090909090909091,0.9848484848484849,0.5,5,60,0,1
64,10,649,66,59,6,100,20,40,0.0002708146416256993,0.0004906786666383559,200,0.5,0.9242424242424242,0.986111111111111,0.0,0.0,1.0,0.5,0.0,0.0,0.9090909090909091,0.5,0,60,0,6
65,1,638,77,58,7,60,50,60,0.00044732543173213923,0.0004998730332195959,300,0.5,0.9821428571428571,0.9979591836734694,1.0,0.42857142857142855,1.0,0.7142857142857143,0.6367145399670133,0.6,0.948051948051948,0.5,3,70,0,4
65,2,638,77,58,7,60,50,60,0.00044732543173213923,0.0004998730332195959,300,0.5,0.8260204081632654,0.9887755102040816,0.8,0.5714285714285714,0.9857142857142858,0.7785714285714286,0.65,0.6666666666666666,0.948051948051948,0.5,4,69,1,3
65,3,638,77,58,7,60,50,60,0.00044732543173213923,0.0004998730332195959,300,0.5,0.982142857142857,0.9979591836734694,1.0,0.7142857142857143,1.0,0.8571428571428572,0.8333333333333334,0.8333333333333333,0.974025974025974,0.5,5,70,0,2
65,4,638,77,58,7,60,50,60,0.00044732543173213923,0.0004998730332195959,300,0.5,0.9325396825396826,0.9918367346938776,0.8333333333333334,0.7142857142857143,0.9857142857142858,0.8500000000000001,0.7507429809689721,0.7692307692307692,0.961038961038961,0.5,5,69,1,2
65,5,638,77,58,7,60,50,60,0.00044732543173213923,0.0004998730332195959,300,0.5,0.736734693877551,0.9826530612244899,0.8333333333333334,0.7142857142857143,0.9857142857142858,0.8500000000000001,0.7507429809689721,0.7692307692307692,0.961038961038961,0.5,5,69,1,2
65,6,649,66,59,6,60,50,60,0.00044732543173213923,0.0004998730332195959,300,0.5,1.0,1.0,1.0,0.5,1.0,0.75,0.6900655593423543,0.6666666666666666,0.9545454545454546,0.5,3,60,0,3
65,7,649,66,59,6,60,50,60,0.00044732543173213923,0.0004998730332195959,300,0.5,0.7477564102564103,0.9638888888888889,0.8,0.6666666666666666,0.9833333333333333,0.825,0.7061788191316446,0.7272727272727272,0.9545454545454546,0.5,4,59,1,2
65,8,649,66,59,6,60,50,60,0.00044732543173213923,0.0004998730332195959,300,0.5,0.8400383141762452,0.9333333333333332,1.0,0.5,1.0,0.75,0.6900655593423543,0.6666666666666666,0.9545454545454546,0.5,3,60,0,3
65,9,649,66,59,6,60,50,60,0.00044732543173213923,0.0004998730332195959,300,0.5,1.0,1.0,1.0,0.8333333333333334,1.0,0.9166666666666667,0.9053574604251854,0.9090909090909091,0.9848484848484849,0.5,5,60,0,1
65,10,649,66,59,6,60,50,60,0.00044732543173213923,0.0004998730332195959,300,0.5,0.8686868686868687,0.9833333333333334,1.0,0.5,1.0,0.75,0.6900655593423543,0.6666666666666666,0.9545454545454546,0.5,3,60,0,3
66,1,638,77,58,7,50,60,80,0.0008227885762177713,0.0004987571554494441,50,0.5,0.9821428571428571,0.9979591836734694,1.0,0.42857142857142855,1.0,0.7142857142857143,0.6367145399670133,0.6,0.948051948051948,0.5,3,70,0,4
66,2,638,77,58,7,50,60,80,0.0008227885762177713,0.0004987571554494441,50,0.5,0.8260204081632654,0.9887755102040816,0.875,1.0,0.9857142857142858,0.9928571428571429,0.9287087810503355,0.9333333333333333,0.987012987012987,0.5,7,69,1,0
66,3,638,77,58,7,50,60,80,0.0008227885762177713,0.0004987571554494441,50,0.5,0.982142857142857,0.9979591836734694,1.0,0.8571428571428571,1.0,0.9285714285714286,0.9192771195538434,0.923076923076923,0.987012987012987,0.5,6,70,0,1
66,4,638,77,58,7,50,60,80,0.0008227885762177713,0.0004987571554494441,50,0.5,0.9325396825396826,0.9918367346938776,0.8333333333333334,0.7142857142857143,0.9857142857142858,0.8500000000000001,0.7507429809689721,0.7692307692307692,0.961038961038961,0.5,5,69,1,2
66,5,638,77,58,7,50,60,80,0.0008227885762177713,0.0004987571554494441,50,0.5,0.7478458049886622,0.9846938775510204,0.8333333333333334,0.7142857142857143,0.9857142857142858,0.8500000000000001,0.7507429809689721,0.7692307692307692,0.961038961038961,0.5,5,69,1,2
66,6,649,66,59,6,50,60,80,0.0008227885762177713,0.0004987571554494441,50,0.5,1.0,1.0,1.0,0.5,1.0,0.75,0.6900655593423543,0.6666666666666666,0.9545454545454546,0.5,3,60,0,3
66,7,649,66,59,6,50,60,80,0.0008227885762177713,0.0004987571554494441,50,0.5,0.7690476190476191,0.9694444444444446,0.8,0.6666666666666666,0.9833333333333333,0.825,0.7061788191316446,0.7272727272727272,0.9545454545454546,0.5,4,59,1,2
66,8,649,66,59,6,50,60,80,0.0008227885762177713,0.0004987571554494441,50,0.5,0.8400383141762452,0.9333333333333333,1.0,0.5,1.0,0.75,0.6900655593423543,0.6666666666666666,0.9545454545454546,0.5,3,60,0,3
66,9,649,66,59,6,50,60,80,0.0008227885762177713,0.0004987571554494441,50,0.5,1.0,0.9999999999999999,0.75,1.0,0.9666666666666667,0.9833333333333334,0.85146931829632,0.8571428571428571,0.9696969696969697,0.5,6,58,2,0
66,10,649,66,59,6,50,60,80,0.0008227885762177713,0.0004987571554494441,50,0.5,0.8222222222222222,0.9777777777777779,0.8333333333333334,0.8333333333333334,0.9833333333333333,0.9083333333333333,0.8166666666666667,0.8333333333333334,0.9696969696969697,0.5,5,59,1,1
67,1,638,77,58,7,50,50,60,0.00020239304495815903,0.0004983179041475398,300,0.5,0.982142857142857,0.9979591836734694,0.0,0.0,1.0,0.5,0.0,0.0,0.9090909090909091,0.5,0,70,0,7
67,2,638,77,58,7,50,50,60,0.00020239304495815903,0.0004983179041475398,300,0.5,0.859750566893424,0.9877551020408163,0.0,0.0,1.0,0.5,0.0,0.0,0.9090909090909091,0.5,0,70,0,7
67,3,638,77,58,7,50,50,60,0.00020239304495815903,0.0004983179041475398,300,0.5,0.982142857142857,0.9979591836734695,0.0,0.0,1.0,0.5,0.0,0.0,0.9090909090909091,0.5,0,70,0,7
67,4,638,77,58,7,50,50,60,0.00020239304495815903,0.0004983179041475398,300,0.5,0.9325396825396826,0.9918367346938775,0.0,0.0,1.0,0.5,0.0,0.0,0.9090909090909091,0.5,0,70,0,7
67,5,638,77,58,7,50,50,60,0.00020239304495815903,0.0004983179041475398,300,0.5,0.7047619047619048,0.9765306122448979,0.0,0.0,1.0,0.5,0.0,0.0,0.9090909090909091,0.5,0,70,0,7
67,6,649,66,59,6,50,50,60,0.00020239304495815903,0.0004983179041475398,300,0.5,1.0,1.0,0.0,0.0,1.0,0.5,0.0,0.0,0.9090909090909091,0.5,0,60,0,6
67,7,649,66,59,6,50,50,60,0.00020239304495815903,0.0004983179041475398,300,0.5,0.7269230769230769,0.9583333333333334,0.0,0.0,1.0,0.5,0.0,0.0,0.9090909090909091,0.5,0,60,0,6
67,8,649,66,59,6,50,50,60,0.00020239304495815903,0.0004983179041475398,300,0.5,0.8400383141762452,0.9333333333333333,0.0,0.0,1.0,0.5,0.0,0.0,0.9090909090909091,0.5,0,60,0,6
67,9,649,66,59,6,50,50,60,0.00020239304495815903,0.0004983179041475398,300,0.5,1.0,1.0,0.0,0.0,1.0,0.5,0.0,0.0,0.9090909090909091,0.5,0,60,0,6
67,10,649,66,59,6,50,50,60,0.00020239304495815903,0.0004983179041475398,300,0.5,0.8964646464646464,0.9833333333333333,0.0,0.0,1.0,0.5,0.0,0.0,0.9090909090909091,0.5,0,60,0,6
68,1,638,77,58,7,10,60,50,0.00047962527962159776,0.0004976151179230504,100,0.5,0.9821428571428571,0.9979591836734694,1.0,0.5714285714285714,1.0,0.7857142857142857,0.7402332101976052,0.7272727272727273,0.961038961038961,0.5,4,70,0,3
68,2,638,77,58,7,10,60,50,0.00047962527962159776,0.0004976151179230504,100,0.5,0.8260204081632654,0.9887755102040817,0.8,0.5714285714285714,0.9857142857142858,0.7785714285714286,0.65,0.6666666666666666,0.948051948051948,0.5,4,69,1,3
68,3,638,77,58,7,10,60,50,0.00047962527962159776,0.0004976151179230504,100,0.5,1.0,1.0,1.0,0.7142857142857143,1.0,0.8571428571428572,0.8333333333333334,0.8333333333333333,0.974025974025974,0.5,5,70,0,2
68,4,638,77,58,7,10,60,50,0.00047962527962159776,0.0004976151179230504,100,0.5,0.9325396825396826,0.9918367346938776,0.7142857142857143,0.7142857142857143,0.9714285714285714,0.8428571428571429,0.6857142857142857,0.7142857142857143,0.948051948051948,0.5,5,68,2,2
68,5,638,77,58,7,10,60,50,0.00047962527962159776,0.0004976151179230504,100,0.5,0.747845804988662,0.9846938775510203,0.8333333333333334,0.7142857142857143,0.9857142857142858,0.8500000000000001,0.7507429809689721,0.7692307692307692,0.961038961038961,0.5,5,69,1,2
68,6,649,66,59,6,10,60,50,0.00047962527962159776,0.0004976151179230504,100,0.5,1.0,1.0,1.0,0.5,1.0,0.75,0.6900655593423543,0.6666666666666666,0.9545454545454546,0.5,3,60,0,3
68,7,649,66,59,6,10,60,50,0.00047962527962159776,0.0004976151179230504,100,0.5,0.726923076923077,0.9583333333333334,0.8,0.6666666666666666,0.9833333333333333,0.825,0.7061788191316446,0.7272727272727272,0.9545454545454546,0.5,4,59,1,2
68,8,649,66,59,6,10,60,50,0.00047962527962159776,0.0004976151179230504,100,0.5,0.8400383141762452,0.9333333333333333,1.0,0.5,1.0,0.75,0.6900655593423543,0.6666666666666666,0.9545454545454546,0.5,3,60,0,3
68,9,649,66,59,6,10,60,50,0.00047962527962159776,0.0004976151179230504,100,0.5,1.0,1.0,1.0,0.8333333333333334,1.0,0.9166666666666667,0.9053574604251854,0.9090909090909091,0.9848484848484849,0.5,5,60,0,1
68,10,649,66,59,6,10,60,50,0.00047962527962159776,0.0004976151179230504,100,0.5,0.8611111111111112,0.9805555555555556,0.8333333333333334,0.8333333333333334,0.9833333333333333,0.9083333333333333,0.8166666666666667,0.8333333333333334,0.9696969696969697,0.5,5,59,1,1
69,1,638,77,58,7,10,40,60,0.00027220998822711254,0.0004998299536490992,20,0.5,0.9821428571428571,0.9979591836734694,1.0,0.42857142857142855,1.0,0.7142857142857143,0.6367145399670133,0.6,0.948051948051948,0.5,3,70,0,4
69,2,638,77,58,7,10,40,60,0.00027220998822711254,0.0004998299536490992,20,0.5,0.8121315192743764,0.9857142857142857,0.0,0.0,1.0,0.5,0.0,0.0,0.9090909090909091,0.5,0,70,0,7
69,3,638,77,58,7,10,40,60,0.00027220998822711254,0.0004998299536490992,20,0.5,0.982142857142857,0.9979591836734694,1.0,0.7142857142857143,1.0,0.8571428571428572,0.8333333333333334,0.8333333333333333,0.974025974025974,0.5,5,70,0,2
69,4,638,77,58,7,10,40,60,0.00027220998822711254,0.0004998299536490992,20,0.5,0.9325396825396826,0.9918367346938776,0.7142857142857143,0.7142857142857143,0.9714285714285714,0.8428571428571429,0.6857142857142857,0.7142857142857143,0.948051948051948,0.5,5,68,2,2
69,5,638,77,58,7,10,40,60,0.00027220998822711254,0.0004998299536490992,20,0.5,0.747845804988662,0.9846938775510203,0.75,0.8571428571428571,0.9714285714285714,0.9142857142857143,0.78065375798434,0.7999999999999999,0.961038961038961,0.5,6,68,2,1
69,6,649,66,59,6,10,40,60,0.00027220998822711254,0.0004998299536490992,20,0.5,1.0,1.0,1.0,0.5,1.0,0.75,0.6900655593423543,0.6666666666666666,0.9545454545454546,0.5,3,60,0,3
69,7,649,66,59,6,10,40,60,0.00027220998822711254,0.0004998299536490992,20,0.5,0.7690476190476191,0.9694444444444444,0.8,0.6666666666666666,0.9833333333333333,0.825,0.7061788191316446,0.7272727272727272,0.9545454545454546,0.5,4,59,1,2
69,8,649,66,59,6,10,40,60,0.00027220998822711254,0.0004998299536490992,20,0.5,0.8400383141762452,0.9333333333333333,1.0,0.5,1.0,0.75,0.6900655593423543,0.6666666666666666,0.9545454545454546,0.5,3,60,0,3
69,9,649,66,59,6,10,40,60,0.00027220998822711254,0.0004998299536490992,20,0.5,1.0,1.0,1.0,0.8333333333333334,1.0,0.9166666666666667,0.9053574604251854,0.9090909090909091,0.9848484848484849,0.5,5,60,0,1
69,10,649,66,59,6,10,40,60,0.00027220998822711254,0.0004998299536490992,20,0.5,0.8222222222222222,0.9777777777777779,0.8333333333333334,0.8333333333333334,0.9833333333333333,0.9083333333333333,0.8166666666666667,0.8333333333333334,0.9696969696969697,0.5,5,59,1,1
70,1,638,77,58,7,80,30,40,0.0004637793208751745,0.0005107384420868677,300,0.5,0.9821428571428571,0.9979591836734694,1.0,0.42857142857142855,1.0,0.7142857142857143,0.6367145399670133,0.6,0.948051948051948,0.5,3,70,0,4
70,2,638,77,58,7,80,30,40,0.0004637793208751745,0.0005107384420868677,300,0.5,0.8260204081632654,0.9877551020408164,0.8,0.5714285714285714,0.9857142857142858,0.7785714285714286,0.65,0.6666666666666666,0.948051948051948,0.5,4,69,1,3
70,3,638,77,58,7,80,30,40,0.0004637793208751745,0.0005107384420868677,300,0.5,0.982142857142857,0.9979591836734694,0.0,0.0,1.0,0.5,0.0,0.0,0.9090909090909091,0.5,0,70,0,7
70,4,638,77,58,7,80,30,40,0.0004637793208751745,0.0005107384420868677,300,0.5,0.9325396825396823,0.9918367346938775,0.0,0.0,1.0,0.5,0.0,0.0,0.9090909090909091,0.5,0,70,0,7
70,5,638,77,58,7,80,30,40,0.0004637793208751745,0.0005107384420868677,300,0.5,0.7407029478458049,0.9846938775510203,0.6666666666666666,0.2857142857142857,0.9857142857142858,0.6357142857142857,0.4032525419791084,0.4,0.922077922077922,0.5,2,69,1,5
70,6,649,66,59,6,80,30,40,0.0004637793208751745,0.0005107384420868677,300,0.5,1.0,1.0,1.0,0.5,1.0,0.75,0.6900655593423543,0.6666666666666666,0.9545454545454546,0.5,3,60,0,3
70,7,649,66,59,6,80,30,40,0.0004637793208751745,0.0005107384420868677,300,0.5,0.7626373626373627,0.9666666666666668,0.0,0.0,1.0,0.5,0.0,0.0,0.9090909090909091,0.5,0,60,0,6
70,8,649,66,59,6,80,30,40,0.0004637793208751745,0.0005107384420868677,300,0.5,0.8400383141762451,0.9333333333333333,1.0,0.5,1.0,0.75,0.6900655593423543,0.6666666666666666,0.9545454545454546,0.5,3,60,0,3
70,9,649,66,59,6,80,30,40,0.0004637793208751745,0.0005107384420868677,300,0.5,1.0,1.0,1.0,0.8333333333333334,1.0,0.9166666666666667,0.9053574604251854,0.9090909090909091,0.9848484848484849,0.5,5,60,0,1
70,10,649,66,59,6,80,30,40,0.0004637793208751745,0.0005107384420868677,300,0.5,0.8631313131313131,0.9819444444444444,1.0,0.5,1.0,0.75,0.6900655593423543,0.6666666666666666,0.9545454545454546,0.5,3,60,0,3
71,1,638,77,58,7,30,50,50,0.0009863577851061194,0.0004969094017028326,50,0.5,0.9821428571428571,0.9979591836734694,1.0,0.42857142857142855,1.0,0.7142857142857143,0.6367145399670133,0.6,0.948051948051948,0.5,3,70,0,4
71,2,638,77,58,7,30,50,50,0.0009863577851061194,0.0004969094017028326,50,0.5,0.8260204081632654,0.9877551020408164,0.8,0.5714285714285714,0.9857142857142858,0.7785714285714286,0.65,0.6666666666666666,0.948051948051948,0.5,4,69,1,3
71,3,638,77,58,7,30,50,50,0.0009863577851061194,0.0004969094017028326,50,0.5,0.982142857142857,0.9979591836734694,1.0,0.8571428571428571,1.0,0.9285714285714286,0.9192771195538434,0.923076923076923,0.987012987012987,0.5,6,70,0,1
71,4,638,77,58,7,30,50,50,0.0009863577851061194,0.0004969094017028326,50,0.5,0.9325396825396826,0.9918367346938776,0.7777777777777778,1.0,0.9714285714285714,0.9857142857142858,0.8692269873603531,0.8750000000000001,0.974025974025974,0.5,7,68,2,0
71,5,638,77,58,7,30,50,50,0.0009863577851061194,0.0004969094017028326,50,0.5,0.7407029478458049,0.9846938775510204,0.8333333333333334,0.7142857142857143,0.9857142857142858,0.8500000000000001,0.7507429809689721,0.7692307692307692,0.961038961038961,0.5,5,69,1,2
71,6,649,66,59,6,30,50,50,0.0009863577851061194,0.0004969094017028326,50,0.5,1.0,1.0,1.0,0.5,1.0,0.75,0.6900655593423543,0.6666666666666666,0.9545454545454546,0.5,3,60,0,3
71,7,649,66,59,6,30,50,50,0.0009863577851061194,0.0004969094017028326,50,0.5,0.7690476190476191,0.9694444444444446,0.7142857142857143,0.8333333333333334,0.9666666666666667,0.9,0.7469064529073725,0.7692307692307692,0.9545454545454546,0.5,5,58,2,1
71,8,649,66,59,6,30,50,50,0.0009863577851061194,0.0004969094017028326,50,0.5,0.8400383141762452,0.9333333333333333,1.0,0.5,1.0,0.75,0.6900655593423543,0.6666666666666666,0.9545454545454546,0.5,3,60,0,3
71,9,649,66,59,6,30,50,50,0.0009863577851061194,0.0004969094017028326,50,0.5,1.0,1.0,1.0,1.0,1.0,1.0,1.0,1.0,1.0,0.5,6,60,0,0
71,10,649,66,59,6,30,50,50,0.0009863577851061194,0.0004969094017028326,50,0.5,0.8297979797979798,0.9805555555555555,0.8333333333333334,0.8333333333333334,0.9833333333333333,0.9083333333333333,0.8166666666666667,0.8333333333333334,0.9696969696969697,0.5,5,59,1,1
72,1,638,77,58,7,80,80,20,0.00034844552080346016,0.0004961091529267085,200,0.5,0.9821428571428571,0.9979591836734694,1.0,0.7142857142857143,1.0,0.8571428571428572,0.8333333333333334,0.8333333333333333,0.974025974025974,0.5,5,70,0,2
72,2,638,77,58,7,80,80,20,0.00034844552080346016,0.0004961091529267085,200,0.5,0.8260204081632654,0.9877551020408163,0.8,0.5714285714285714,0.9857142857142858,0.7785714285714286,0.65,0.6666666666666666,0.948051948051948,0.5,4,69,1,3
72,3,638,77,58,7,80,80,20,0.00034844552080346016,0.0004961091529267085,200,0.5,0.982142857142857,0.9979591836734694,1.0,0.5714285714285714,1.0,0.7857142857142857,0.7402332101976052,0.7272727272727273,0.961038961038961,0.5,4,70,0,3
72,4,638,77,58,7,80,80,20,0.00034844552080346016,0.0004961091529267085,200,0.5,0.9325396825396826,0.9918367346938775,0.8333333333333334,0.7142857142857143,0.9857142857142858,0.8500000000000001,0.7507429809689721,0.7692307692307692,0.961038961038961,0.5,5,69,1,2
72,5,638,77,58,7,80,80,20,0.00034844552080346016,0.0004961091529267085,200,0.5,0.736734693877551,0.9826530612244898,0.8333333333333334,0.7142857142857143,0.9857142857142858,0.8500000000000001,0.7507429809689721,0.7692307692307692,0.961038961038961,0.5,5,69,1,2
72,6,649,66,59,6,80,80,20,0.00034844552080346016,0.0004961091529267085,200,0.5,1.0,1.0,1.0,0.5,1.0,0.75,0.6900655593423543,0.6666666666666666,0.9545454545454546,0.5,3,60,0,3
72,7,649,66,59,6,80,80,20,0.00034844552080346016,0.0004961091529267085,200,0.5,0.7361823361823362,0.9611111111111111,0.8,0.6666666666666666,0.9833333333333333,0.825,0.7061788191316446,0.7272727272727272,0.9545454545454546,0.5,4,59,1,2
72,8,649,66,59,6,80,80,20,0.00034844552080346016,0.0004961091529267085,200,0.5,0.8400383141762453,0.9333333333333333,1.0,0.5,1.0,0.75,0.6900655593423543,0.6666666666666666,0.9545454545454546,0.5,3,60,0,3
72,9,649,66,59,6,80,80,20,0.00034844552080346016,0.0004961091529267085,200,0.5,1.0,1.0,1.0,1.0,1.0,1.0,1.0,1.0,1.0,0.5,6,60,0,0
72,10,649,66,59,6,80,80,20,0.00034844552080346016,0.0004961091529267085,200,0.5,0.8611111111111112,0.9805555555555556,0.8333333333333334,0.8333333333333334,0.9833333333333333,0.9083333333333333,0.8166666666666667,0.8333333333333334,0.9696969696969697,0.5,5,59,1,1
73,1,638,77,58,7,60,30,10,0.00012753049526936013,0.0004892328101766941,200,0.5,0.9682539682539681,0.996938775510204,0.0,0.0,1.0,0.5,0.0,0.0,0.9090909090909091,0.5,0,70,0,7
73,2,638,77,58,7,60,30,10,0.00012753049526936013,0.0004892328101766941,200,0.5,0.8260204081632654,0.9887755102040816,0.0,0.0,1.0,0.5,0.0,0.0,0.9090909090909091,0.5,0,70,0,7
73,3,638,77,58,7,60,30,10,0.00012753049526936013,0.0004892328101766941,200,0.5,0.982142857142857,0.9979591836734694,0.0,0.0,1.0,0.5,0.0,0.0,0.9090909090909091,0.5,0,70,0,7
73,4,638,77,58,7,60,30,10,0.00012753049526936013,0.0004892328101766941,200,0.5,0.9325396825396826,0.9918367346938776,0.0,0.0,1.0,0.5,0.0,0.0,0.9090909090909091,0.5,0,70,0,7
73,5,638,77,58,7,60,30,10,0.00012753049526936013,0.0004892328101766941,200,0.5,0.6976190476190476,0.9755102040816327,0.0,0.0,1.0,0.5,0.0,0.0,0.9090909090909091,0.5,0,70,0,7
73,6,649,66,59,6,60,30,10,0.00012753049526936013,0.0004892328101766941,200,0.5,1.0,1.0,0.0,0.0,1.0,0.5,0.0,0.0,0.9090909090909091,0.5,0,60,0,6
73,7,649,66,59,6,60,30,10,0.00012753049526936013,0.0004892328101766941,200,0.5,0.7047008547008548,0.9583333333333334,0.0,0.0,1.0,0.5,0.0,0.0,0.9090909090909091,0.5,0,60,0,6
73,8,649,66,59,6,60,30,10,0.00012753049526936013,0.0004892328101766941,200,0.5,0.8400383141762452,0.9333333333333333,0.0,0.0,1.0,0.5,0.0,0.0,0.9090909090909091,0.5,0,60,0,6
73,9,649,66,59,6,60,30,10,0.00012753049526936013,0.0004892328101766941,200,0.5,1.0,0.9999999999999999,0.0,0.0,1.0,0.5,0.0,0.0,0.9090909090909091,0.5,0,60,0,6
73,10,649,66,59,6,60,30,10,0.00012753049526936013,0.0004892328101766941,200,0.5,0.8964646464646464,0.9847222222222222,0.0,0.0,1.0,0.5,0.0,0.0,0.9090909090909091,0.5,0,60,0,6
74,1,638,77,58,7,40,60,10,0.0006996841683368495,0.0004961903131375341,200,0.5,0.9821428571428571,0.9979591836734694,1.0,0.5714285714285714,1.0,0.7857142857142857,0.7402332101976052,0.7272727272727273,0.961038961038961,0.5,4,70,0,3
74,2,638,77,58,7,40,60,10,0.0006996841683368495,0.0004961903131375341,200,0.5,0.7798185941043083,0.9826530612244898,0.8,0.5714285714285714,0.9857142857142858,0.7785714285714286,0.65,0.6666666666666666,0.948051948051948,0.5,4,69,1,3
74,3,638,77,58,7,40,60,10,0.0006996841683368495,0.0004961903131375341,200,0.5,0.982142857142857,0.9979591836734694,1.0,0.7142857142857143,1.0,0.8571428571428572,0.8333333333333334,0.8333333333333333,0.974025974025974,0.5,5,70,0,2
74,4,638,77,58,7,40,60,10,0.0006996841683368495,0.0004961903131375341,200,0.5,0.9325396825396826,0.9918367346938776,0.8333333333333334,0.7142857142857143,0.9857142857142858,0.8500000000000001,0.7507429809689721,0.7692307692307692,0.961038961038961,0.5,5,69,1,2
74,5,638,77,58,7,40,60,10,0.0006996841683368495,0.0004961903131375341,200,0.5,0.7367346938775511,0.9826530612244898,0.8333333333333334,0.7142857142857143,0.9857142857142858,0.8500000000000001,0.7507429809689721,0.7692307692307692,0.961038961038961,0.5,5,69,1,2
74,6,649,66,59,6,40,60,10,0.0006996841683368495,0.0004961903131375341,200,0.5,1.0,1.0,1.0,0.5,1.0,0.75,0.6900655593423543,0.6666666666666666,0.9545454545454546,0.5,3,60,0,3
74,7,649,66,59,6,40,60,10,0.0006996841683368495,0.0004961903131375341,200,0.5,0.7541666666666667,0.9666666666666668,0.8,0.6666666666666666,0.9833333333333333,0.825,0.7061788191316446,0.7272727272727272,0.9545454545454546,0.5,4,59,1,2
74,8,649,66,59,6,40,60,10,0.0006996841683368495,0.0004961903131375341,200,0.5,0.8400383141762452,0.9333333333333333,1.0,0.5,1.0,0.75,0.6900655593423543,0.6666666666666666,0.9545454545454546,0.5,3,60,0,3
74,9,649,66,59,6,40,60,10,0.0006996841683368495,0.0004961903131375341,200,0.5,1.0,1.0,1.0,1.0,1.0,1.0,1.0,1.0,1.0,0.5,6,60,0,0
74,10,649,66,59,6,40,60,10,0.0006996841683368495,0.0004961903131375341,200,0.5,0.9166666666666666,0.9833333333333334,0.8333333333333334,0.8333333333333334,0.9833333333333333,0.9083333333333333,0.8166666666666667,0.8333333333333334,0.9696969696969697,0.5,5,59,1,1
75,1,638,77,58,7,80,20,50,0.00022186973515307484,0.0004809828898584808,100,0.5,0.9821428571428571,0.9979591836734694,1.0,0.5714285714285714,1.0,0.7857142857142857,0.7402332101976052,0.7272727272727273,0.961038961038961,0.5,4,70,0,3
75,2,638,77,58,7,80,20,50,0.00022186973515307484,0.0004809828898584808,100,0.5,0.8260204081632654,0.9887755102040816,0.8,0.5714285714285714,0.9857142857142858,0.7785714285714286,0.65,0.6666666666666666,0.948051948051948,0.5,4,69,1,3
75,3,638,77,58,7,80,20,50,0.00022186973515307484,0.0004809828898584808,100,0.5,0.982142857142857,0.9979591836734693,1.0,0.14285714285714285,1.0,0.5714285714285714,0.3627381250550058,0.25,0.922077922077922,0.5,1,70,0,6
75,4,638,77,58,7,80,20,50,0.00022186973515307484,0.0004809828898584808,100,0.5,0.9325396825396826,0.9918367346938775,0.8333333333333334,0.7142857142857143,0.9857142857142858,0.8500000000000001,0.7507429809689721,0.7692307692307692,0.961038961038961,0.5,5,69,1,2
75,5,638,77,58,7,80,20,50,0.00022186973515307484,0.0004809828898584808,100,0.5,0.8192743764172337,0.9857142857142858,0.8333333333333334,0.7142857142857143,0.9857142857142858,0.8500000000000001,0.7507429809689721,0.7692307692307692,0.961038961038961,0.5,5,69,1,2
75,6,649,66,59,6,80,20,50,0.00022186973515307484,0.0004809828898584808,100,0.5,1.0,1.0,1.0,0.5,1.0,0.75,0.6900655593423543,0.6666666666666666,0.9545454545454546,0.5,3,60,0,3
75,7,649,66,59,6,80,20,50,0.00022186973515307484,0.0004809828898584808,100,0.5,0.7690476190476191,0.9694444444444443,0.0,0.0,1.0,0.5,0.0,0.0,0.9090909090909091,0.5,0,60,0,6
75,8,649,66,59,6,80,20,50,0.00022186973515307484,0.0004809828898584808,100,0.5,0.8400383141762452,0.9333333333333333,1.0,0.5,1.0,0.75,0.6900655593423543,0.6666666666666666,0.9545454545454546,0.5,3,60,0,3
75,9,649,66,59,6,80,20,50,0.00022186973515307484,0.0004809828898584808,100,0.5,1.0,1.0,1.0,0.8333333333333334,1.0,0.9166666666666667,0.9053574604251854,0.9090909090909091,0.9848484848484849,0.5,5,60,0,1
75,10,649,66,59,6,80,20,50,0.00022186973515307484,0.0004809828898584808,100,0.5,0.8631313131313131,0.9819444444444444,1.0,0.5,1.0,0.75,0.6900655593423543,0.6666666666666666,0.9545454545454546,0.5,3,60,0,3
76,1,638,77,58,7,40,30,20,0.0001746355481469191,0.0004983245949115462,200,0.5,0.9821428571428571,0.9979591836734694,0.0,0.0,1.0,0.5,0.0,0.0,0.9090909090909091,0.5,0,70,0,7
76,2,638,77,58,7,40,30,20,0.0001746355481469191,0.0004983245949115462,200,0.5,0.8121315192743764,0.9857142857142858,0.0,0.0,1.0,0.5,0.0,0.0,0.9090909090909091,0.5,0,70,0,7
76,3,638,77,58,7,40,30,20,0.0001746355481469191,0.0004983245949115462,200,0.5,0.982142857142857,0.9979591836734694,0.0,0.0,1.0,0.5,0.0,0.0,0.9090909090909091,0.5,0,70,0,7
76,4,638,77,58,7,40,30,20,0.0001746355481469191,0.0004983245949115462,200,0.5,0.9325396825396826,0.9918367346938775,0.0,0.0,1.0,0.5,0.0,0.0,0.9090909090909091,0.5,0,70,0,7
76,5,638,77,58,7,40,30,20,0.0001746355481469191,0.0004983245949115462,200,0.5,0.7047619047619048,0.976530612244898,0.0,0.0,1.0,0.5,0.0,0.0,0.9090909090909091,0.5,0,70,0,7
76,6,649,66,59,6,40,30,20,0.0001746355481469191,0.0004983245949115462,200,0.5,1.0,1.0,0.0,0.0,1.0,0.5,0.0,0.0,0.9090909090909091,0.5,0,60,0,6
76,7,649,66,59,6,40,30,20,0.0001746355481469191,0.0004983245949115462,200,0.5,0.7102564102564103,0.9583333333333334,0.0,0.0,1.0,0.5,0.0,0.0,0.9090909090909091,0.5,0,60,0,6
76,8,649,66,59,6,40,30,20,0.0001746355481469191,0.0004983245949115462,200,0.5,0.8400383141762451,0.9333333333333333,0.0,0.0,1.0,0.5,0.0,0.0,0.9090909090909091,0.5,0,60,0,6
76,9,649,66,59,6,40,30,20,0.0001746355481469191,0.0004983245949115462,200,0.5,1.0,1.0,0.0,0.0,1.0,0.5,0.0,0.0,0.9090909090909091,0.5,0,60,0,6
76,10,649,66,59,6,40,30,20,0.0001746355481469191,0.0004983245949115462,200,0.5,0.8631313131313131,0.9805555555555555,0.0,0.0,1.0,0.5,0.0,0.0,0.9090909090909091,0.5,0,60,0,6
77,1,638,77,58,7,30,10,40,0.00023645770200743258,0.0004885110709677272,20,0.5,0.9821428571428571,0.9979591836734694,1.0,0.5714285714285714,1.0,0.7857142857142857,0.7402332101976052,0.7272727272727273,0.961038961038961,0.5,4,70,0,3
77,2,638,77,58,7,30,10,40,0.00023645770200743258,0.0004885110709677272,20,0.5,0.8260204081632654,0.9887755102040816,0.8,0.5714285714285714,0.9857142857142858,0.7785714285714286,0.65,0.6666666666666666,0.948051948051948,0.5,4,69,1,3
77,3,638,77,58,7,30,10,40,0.00023645770200743258,0.0004885110709677272,20,0.5,0.982142857142857,0.9979591836734694,1.0,0.7142857142857143,1.0,0.8571428571428572,0.8333333333333334,0.8333333333333333,0.974025974025974,0.5,5,70,0,2
77,4,638,77,58,7,30,10,40,0.00023645770200743258,0.0004885110709677272,20,0.5,0.9325396825396826,0.9918367346938776,0.8333333333333334,0.7142857142857143,0.9857142857142858,0.8500000000000001,0.7507429809689721,0.7692307692307692,0.961038961038961,0.5,5,69,1,2
77,5,638,77,58,7,30,10,40,0.00023645770200743258,0.0004885110709677272,20,0.5,0.7407029478458049,0.9846938775510204,0.7777777777777778,1.0,0.9714285714285714,0.9857142857142858,0.8692269873603531,0.8750000000000001,0.974025974025974,0.5,7,68,2,0
77,6,649,66,59,6,30,10,40,0.00023645770200743258,0.0004885110709677272,20,0.5,1.0,1.0,1.0,0.6666666666666666,1.0,0.8333333333333333,0.8032193289024988,0.8,0.9696969696969697,0.5,4,60,0,2
77,7,649,66,59,6,30,10,40,0.00023645770200743258,0.0004885110709677272,20,0.5,0.7690476190476191,0.9694444444444446,0.8,0.6666666666666666,0.9833333333333333,0.825,0.7061788191316446,0.7272727272727272,0.9545454545454546,0.5,4,59,1,2
77,8,649,66,59,6,30,10,40,0.00023645770200743258,0.0004885110709677272,20,0.5,0.8400383141762452,0.9333333333333333,1.0,0.5,1.0,0.75,0.6900655593423543,0.6666666666666666,0.9545454545454546,0.5,3,60,0,3
77,9,649,66,59,6,30,10,40,0.00023645770200743258,0.0004885110709677272,20,0.5,1.0,1.0,1.0,1.0,1.0,1.0,1.0,1.0,1.0,0.5,6,60,0,0
77,10,649,66,59,6,30,10,40,0.00023645770200743258,0.0004885110709677272,20,0.5,0.8222222222222222,0.9777777777777779,0.8,0.6666666666666666,0.9833333333333333,0.825,0.7061788191316446,0.7272727272727272,0.9545454545454546,0.5,4,59,1,2
78,1,638,77,58,7,80,60,60,0.0006422696048441723,0.0004948517114034378,100,0.5,0.9821428571428571,0.9979591836734694,1.0,0.7142857142857143,1.0,0.8571428571428572,0.8333333333333334,0.8333333333333333,0.974025974025974,0.5,5,70,0,2
78,2,638,77,58,7,80,60,60,0.0006422696048441723,0.0004948517114034378,100,0.5,0.8260204081632654,0.9887755102040817,0.875,1.0,0.9857142857142858,0.9928571428571429,0.9287087810503355,0.9333333333333333,0.987012987012987,0.5,7,69,1,0
78,3,638,77,58,7,80,60,60,0.0006422696048441723,0.0004948517114034378,100,0.5,0.982142857142857,0.9979591836734694,1.0,0.8571428571428571,1.0,0.9285714285714286,0.9192771195538434,0.923076923076923,0.987012987012987,0.5,6,70,0,1
78,4,638,77,58,7,80,60,60,0.0006422696048441723,0.0004948517114034378,100,0.5,0.9325396825396826,0.9918367346938776,0.7142857142857143,0.7142857142857143,0.9714285714285714,0.8428571428571429,0.6857142857142857,0.7142857142857143,0.948051948051948,0.5,5,68,2,2
78,5,638,77,58,7,80,60,60,0.0006422696048441723,0.0004948517114034378,100,0.5,0.7478458049886622,0.9846938775510204,0.8333333333333334,0.7142857142857143,0.9857142857142858,0.8500000000000001,0.7507429809689721,0.7692307692307692,0.961038961038961,0.5,5,69,1,2
78,6,649,66,59,6,80,60,60,0.0006422696048441723,0.0004948517114034378,100,0.5,1.0,1.0,1.0,0.5,1.0,0.75,0.6900655593423543,0.6666666666666666,0.9545454545454546,0.5,3,60,0,3
78,7,649,66,59,6,80,60,60,0.0006422696048441723,0.0004948517114034378,100,0.5,0.7690476190476191,0.9694444444444446,0.8,0.6666666666666666,0.9833333333333333,0.825,0.7061788191316446,0.7272727272727272,0.9545454545454546,0.5,4,59,1,2
78,8,649,66,59,6,80,60,60,0.0006422696048441723,0.0004948517114034378,100,0.5,0.8400383141762453,0.9333333333333333,1.0,0.5,1.0,0.75,0.6900655593423543,0.6666666666666666,0.9545454545454546,0.5,3,60,0,3
78,9,649,66,59,6,80,60,60,0.0006422696048441723,0.0004948517114034378,100,0.5,1.0,0.9999999999999999,1.0,1.0,1.0,1.0,1.0,1.0,1.0,0.5,6,60,0,0
78,10,649,66,59,6,80,60,60,0.0006422696048441723,0.0004948517114034378,100,0.5,0.8222222222222222,0.9777777777777779,0.8333333333333334,0.8333333333333334,0.9833333333333333,0.9083333333333333,0.8166666666666667,0.8333333333333334,0.9696969696969697,0.5,5,59,1,1
79,1,638,77,58,7,80,50,50,0.0006681757429349579,0.0005048561756354553,100,0.5,0.9821428571428571,0.9979591836734694,1.0,0.42857142857142855,1.0,0.7142857142857143,0.6367145399670133,0.6,0.948051948051948,0.5,3,70,0,4
79,2,638,77,58,7,80,50,50,0.0006681757429349579,0.0005048561756354553,100,0.5,0.8260204081632654,0.9887755102040816,0.875,1.0,0.9857142857142858,0.9928571428571429,0.9287087810503355,0.9333333333333333,0.987012987012987,0.5,7,69,1,0
79,3,638,77,58,7,80,50,50,0.0006681757429349579,0.0005048561756354553,100,0.5,0.982142857142857,0.9979591836734694,0.8571428571428571,0.8571428571428571,0.9857142857142858,0.9214285714285715,0.8428571428571429,0.8571428571428571,0.974025974025974,0.5,6,69,1,1
79,4,638,77,58,7,80,50,50,0.0006681757429349579,0.0005048561756354553,100,0.5,0.9325396825396826,0.9918367346938776,0.7142857142857143,0.7142857142857143,0.9714285714285714,0.8428571428571429,0.6857142857142857,0.7142857142857143,0.948051948051948,0.5,5,68,2,2
79,5,638,77,58,7,80,50,50,0.0006681757429349579,0.0005048561756354553,100,0.5,0.7478458049886622,0.9846938775510203,0.6363636363636364,1.0,0.9428571428571428,0.9714285714285714,0.7745966692414834,0.7777777777777778,0.948051948051948,0.5,7,66,4,0
79,6,649,66,59,6,80,50,50,0.0006681757429349579,0.0005048561756354553,100,0.5,1.0,1.0,1.0,0.5,1.0,0.75,0.6900655593423543,0.6666666666666666,0.9545454545454546,0.5,3,60,0,3
79,7,649,66,59,6,80,50,50,0.0006681757429349579,0.0005048561756354553,100,0.5,0.7690476190476191,0.9694444444444444,0.8,0.6666666666666666,0.9833333333333333,0.825,0.7061788191316446,0.7272727272727272,0.9545454545454546,0.5,4,59,1,2
79,8,649,66,59,6,80,50,50,0.0006681757429349579,0.0005048561756354553,100,0.5,0.8400383141762451,0.9333333333333333,1.0,0.5,1.0,0.75,0.6900655593423543,0.6666666666666666,0.9545454545454546,0.5,3,60,0,3
79,9,649,66,59,6,80,50,50,0.0006681757429349579,0.0005048561756354553,100,0.5,1.0,1.0,1.0,0.8333333333333334,1.0,0.9166666666666667,0.9053574604251854,0.9090909090909091,0.9848484848484849,0.5,5,60,0,1
79,10,649,66,59,6,80,50,50,0.0006681757429349579,0.0005048561756354553,100,0.5,0.8222222222222222,0.9777777777777777,0.8333333333333334,0.8333333333333334,0.9833333333333333,0.9083333333333333,0.8166666666666667,0.8333333333333334,0.9696969696969697,0.5,5,59,1,1
80,1,638,77,58,7,30,20,60,0.0008675200225403347,0.0004917252619287565,50,0.5,0.9821428571428571,0.9979591836734694,1.0,0.5714285714285714,1.0,0.7857142857142857,0.7402332101976052,0.7272727272727273,0.961038961038961,0.5,4,70,0,3
80,2,638,77,58,7,30,20,60,0.0008675200225403347,0.0004917252619287565,50,0.5,0.8260204081632654,0.9887755102040816,0.8,0.5714285714285714,0.9857142857142858,0.7785714285714286,0.65,0.6666666666666666,0.948051948051948,0.5,4,69,1,3
80,3,638,77,58,7,30,20,60,0.0008675200225403347,0.0004917252619287565,50,0.5,0.982142857142857,0.9979591836734694,1.0,0.8571428571428571,1.0,0.9285714285714286,0.9192771195538434,0.923076923076923,0.987012987012987,0.5,6,70,0,1
80,4,638,77,58,7,30,20,60,0.0008675200225403347,0.0004917252619287565,50,0.5,0.9325396825396826,0.9918367346938776,0.7777777777777778,1.0,0.9714285714285714,0.9857142857142858,0.8692269873603531,0.8750000000000001,0.974025974025974,0.5,7,68,2,0
80,5,638,77,58,7,30,20,60,0.0008675200225403347,0.0004917252619287565,50,0.5,0.7478458049886622,0.9846938775510206,0.8333333333333334,0.7142857142857143,0.9857142857142858,0.8500000000000001,0.7507429809689721,0.7692307692307692,0.961038961038961,0.5,5,69,1,2
80,6,649,66,59,6,30,20,60,0.0008675200225403347,0.0004917252619287565,50,0.5,1.0,1.0,1.0,0.6666666666666666,1.0,0.8333333333333333,0.8032193289024988,0.8,0.9696969696969697,0.5,4,60,0,2
80,7,649,66,59,6,30,20,60,0.0008675200225403347,0.0004917252619287565,50,0.5,0.7690476190476191,0.9694444444444444,0.8,0.6666666666666666,0.9833333333333333,0.825,0.7061788191316446,0.7272727272727272,0.9545454545454546,0.5,4,59,1,2
80,8,649,66,59,6,30,20,60,0.0008675200225403347,0.0004917252619287565,50,0.5,0.8400383141762452,0.9333333333333333,1.0,0.5,1.0,0.75,0.6900655593423543,0.6666666666666666,0.9545454545454546,0.5,3,60,0,3
80,9,649,66,59,6,30,20,60,0.0008675200225403347,0.0004917252619287565,50,0.5,1.0,1.0,0.8571428571428571,1.0,0.9833333333333333,0.9916666666666667,0.9180725150319787,0.923076923076923,0.9848484848484849,0.5,6,59,1,0
80,10,649,66,59,6,30,20,60,0.0008675200225403347,0.0004917252619287565,50,0.5,0.8222222222222222,0.9777777777777779,0.8333333333333334,0.8333333333333334,0.9833333333333333,0.9083333333333333,0.8166666666666667,0.8333333333333334,0.9696969696969697,0.5,5,59,1,1
81,1,638,77,58,7,60,60,20,0.00045007500455180487,0.0005037603851271223,50,0.5,0.9821428571428571,0.9979591836734694,1.0,0.5714285714285714,1.0,0.7857142857142857,0.7402332101976052,0.7272727272727273,0.961038961038961,0.5,4,70,0,3
81,2,638,77,58,7,60,60,20,0.00045007500455180487,0.0005037603851271223,50,0.5,0.8260204081632654,0.9887755102040817,0.875,1.0,0.9857142857142858,0.9928571428571429,0.9287087810503355,0.9333333333333333,0.987012987012987,0.5,7,69,1,0
81,3,638,77,58,7,60,60,20,0.00045007500455180487,0.0005037603851271223,50,0.5,0.982142857142857,0.9979591836734694,1.0,0.7142857142857143,1.0,0.8571428571428572,0.8333333333333334,0.8333333333333333,0.974025974025974,0.5,5,70,0,2
81,4,638,77,58,7,60,60,20,0.00045007500455180487,0.0005037603851271223,50,0.5,0.9325396825396826,0.9918367346938775,0.7777777777777778,1.0,0.9714285714285714,0.9857142857142858,0.8692269873603531,0.8750000000000001,0.974025974025974,0.5,7,68,2,0
81,5,638,77,58,7,60,60,20,0.00045007500455180487,0.0005037603851271223,50,0.5,0.7478458049886622,0.9846938775510203,0.8333333333333334,0.7142857142857143,0.9857142857142858,0.8500000000000001,0.7507429809689721,0.7692307692307692,0.961038961038961,0.5,5,69,1,2
81,6,649,66,59,6,60,60,20,0.00045007500455180487,0.0005037603851271223,50,0.5,1.0,1.0,1.0,1.0,1.0,1.0,1.0,1.0,1.0,0.5,6,60,0,0
81,7,649,66,59,6,60,60,20,0.00045007500455180487,0.0005037603851271223,50,0.5,0.7690476190476191,0.9694444444444444,0.7142857142857143,0.8333333333333334,0.9666666666666667,0.9,0.7469064529073725,0.7692307692307692,0.9545454545454546,0.5,5,58,2,1
81,8,649,66,59,6,60,60,20,0.00045007500455180487,0.0005037603851271223,50,0.5,0.8400383141762452,0.9333333333333333,0.8,0.6666666666666666,0.9833333333333333,0.825,0.7061788191316446,0.7272727272727272,0.9545454545454546,0.5,4,59,1,2
81,9,649,66,59,6,60,60,20,0.00045007500455180487,0.0005037603851271223,50,0.5,1.0,1.0,0.6666666666666666,1.0,0.95,0.975,0.7958224257542215,0.8,0.9545454545454546,0.5,6,57,3,0
81,10,649,66,59,6,60,60,20,0.00045007500455180487,0.0005037603851271223,50,0.5,0.8297979797979798,0.9805555555555555,0.8333333333333334,0.8333333333333334,0.9833333333333333,0.9083333333333333,0.8166666666666667,0.8333333333333334,0.9696969696969697,0.5,5,59,1,1
82,1,638,77,58,7,10,20,80,0.00043720423464854583,0.0004935100897687044,50,0.5,0.9821428571428571,0.9979591836734694,1.0,0.5714285714285714,1.0,0.7857142857142857,0.7402332101976052,0.7272727272727273,0.961038961038961,0.5,4,70,0,3
82,2,638,77,58,7,10,20,80,0.00043720423464854583,0.0004935100897687044,50,0.5,0.8260204081632654,0.9887755102040817,0.8,0.5714285714285714,0.9857142857142858,0.7785714285714286,0.65,0.6666666666666666,0.948051948051948,0.5,4,69,1,3
82,3,638,77,58,7,10,20,80,0.00043720423464854583,0.0004935100897687044,50,0.5,0.982142857142857,0.9979591836734693,1.0,0.7142857142857143,1.0,0.8571428571428572,0.8333333333333334,0.8333333333333333,0.974025974025974,0.5,5,70,0,2
82,4,638,77,58,7,10,20,80,0.00043720423464854583,0.0004935100897687044,50,0.5,0.9325396825396826,0.9918367346938775,0.8333333333333334,0.7142857142857143,0.9857142857142858,0.8500000000000001,0.7507429809689721,0.7692307692307692,0.961038961038961,0.5,5,69,1,2
82,5,638,77,58,7,10,20,80,0.00043720423464854583,0.0004935100897687044,50,0.5,0.747845804988662,0.9846938775510204,0.8571428571428571,0.8571428571428571,0.9857142857142858,0.9214285714285715,0.8428571428571429,0.8571428571428571,0.974025974025974,0.5,6,69,1,1
82,6,649,66,59,6,10,20,80,0.00043720423464854583,0.0004935100897687044,50,0.5,1.0,1.0,1.0,0.8333333333333334,1.0,0.9166666666666667,0.9053574604251854,0.9090909090909091,0.9848484848484849,0.5,5,60,0,1
82,7,649,66,59,6,10,20,80,0.00043720423464854583,0.0004935100897687044,50,0.5,0.7690476190476191,0.9694444444444444,0.8,0.6666666666666666,0.9833333333333333,0.825,0.7061788191316446,0.7272727272727272,0.9545454545454546,0.5,4,59,1,2
82,8,649,66,59,6,10,20,80,0.00043720423464854583,0.0004935100897687044,50,0.5,0.867816091954023,0.9361111111111111,1.0,0.5,1.0,0.75,0.6900655593423543,0.6666666666666666,0.9545454545454546,0.5,3,60,0,3
82,9,649,66,59,6,10,20,80,0.00043720423464854583,0.0004935100897687044,50,0.5,1.0,1.0,0.75,1.0,0.9666666666666667,0.9833333333333334,0.85146931829632,0.8571428571428571,0.9696969696969697,0.5,6,58,2,0
82,10,649,66,59,6,10,20,80,0.00043720423464854583,0.0004935100897687044,50,0.5,0.8888888888888888,0.9805555555555556,0.8333333333333334,0.8333333333333334,0.9833333333333333,0.9083333333333333,0.8166666666666667,0.8333333333333334,0.9696969696969697,0.5,5,59,1,1
83,1,638,77,58,7,40,20,10,0.0009311151518576577,0.0004926979205492536,50,0.5,0.9821428571428571,0.9979591836734694,1.0,0.5714285714285714,1.0,0.7857142857142857,0.7402332101976052,0.7272727272727273,0.961038961038961,0.5,4,70,0,3
83,2,638,77,58,7,40,20,10,0.0009311151518576577,0.0004926979205492536,50,0.5,0.8260204081632654,0.9887755102040816,0.8,0.5714285714285714,0.9857142857142858,0.7785714285714286,0.65,0.6666666666666666,0.948051948051948,0.5,4,69,1,3
83,3,638,77,58,7,40,20,10,0.0009311151518576577,0.0004926979205492536,50,0.5,0.982142857142857,0.9979591836734694,1.0,0.5714285714285714,1.0,0.7857142857142857,0.7402332101976052,0.7272727272727273,0.961038961038961,0.5,4,70,0,3
83,4,638,77,58,7,40,20,10,0.0009311151518576577,0.0004926979205492536,50,0.5,0.9325396825396826,0.9918367346938776,0.7777777777777778,1.0,0.9714285714285714,0.9857142857142858,0.8692269873603531,0.8750000000000001,0.974025974025974,0.5,7,68,2,0
83,5,638,77,58,7,40,20,10,0.0009311151518576577,0.0004926979205492536,50,0.5,0.7478458049886622,0.9846938775510204,0.8333333333333334,0.7142857142857143,0.9857142857142858,0.8500000000000001,0.7507429809689721,0.7692307692307692,0.961038961038961,0.5,5,69,1,2
83,6,649,66,59,6,40,20,10,0.0009311151518576577,0.0004926979205492536,50,0.5,1.0,1.0,1.0,0.5,1.0,0.75,0.6900655593423543,0.6666666666666666,0.9545454545454546,0.5,3,60,0,3
83,7,649,66,59,6,40,20,10,0.0009311151518576577,0.0004926979205492536,50,0.5,0.7690476190476191,0.9694444444444444,0.8,0.6666666666666666,0.9833333333333333,0.825,0.7061788191316446,0.7272727272727272,0.9545454545454546,0.5,4,59,1,2
83,8,649,66,59,6,40,20,10,0.0009311151518576577,0.0004926979205492536,50,0.5,0.8400383141762452,0.9333333333333333,1.0,0.5,1.0,0.75,0.6900655593423543,0.6666666666666666,0.9545454545454546,0.5,3,60,0,3
83,9,649,66,59,6,40,20,10,0.0009311151518576577,0.0004926979205492536,50,0.5,1.0,1.0,0.75,1.0,0.9666666666666667,0.9833333333333334,0.85146931829632,0.8571428571428571,0.9696969696969697,0.5,6,58,2,0
83,10,649,66,59,6,40,20,10,0.0009311151518576577,0.0004926979205492536,50,0.5,0.8555555555555555,0.9791666666666667,0.8,0.6666666666666666,0.9833333333333333,0.825,0.7061788191316446,0.7272727272727272,0.9545454545454546,0.5,4,59,1,2
84,1,638,77,58,7,20,50,100,0.0005835296694668841,0.0004962394437490597,100,0.5,0.9821428571428571,0.9979591836734694,1.0,0.42857142857142855,1.0,0.7142857142857143,0.6367145399670133,0.6,0.948051948051948,0.5,3,70,0,4
84,2,638,77,58,7,20,50,100,0.0005835296694668841,0.0004962394437490597,100,0.5,0.8260204081632654,0.9887755102040815,0.8,0.5714285714285714,0.9857142857142858,0.7785714285714286,0.65,0.6666666666666666,0.948051948051948,0.5,4,69,1,3
84,3,638,77,58,7,20,50,100,0.0005835296694668841,0.0004962394437490597,100,0.5,0.982142857142857,0.9979591836734695,1.0,0.7142857142857143,1.0,0.8571428571428572,0.8333333333333334,0.8333333333333333,0.974025974025974,0.5,5,70,0,2
84,4,638,77,58,7,20,50,100,0.0005835296694668841,0.0004962394437490597,100,0.5,0.9325396825396826,0.9918367346938775,0.8333333333333334,0.7142857142857143,0.9857142857142858,0.8500000000000001,0.7507429809689721,0.7692307692307692,0.961038961038961,0.5,5,69,1,2
84,5,638,77,58,7,20,50,100,0.0005835296694668841,0.0004962394437490597,100,0.5,0.7276437847866419,0.9806122448979592,0.8333333333333334,0.7142857142857143,0.9857142857142858,0.8500000000000001,0.7507429809689721,0.7692307692307692,0.961038961038961,0.5,5,69,1,2
84,6,649,66,59,6,20,50,100,0.0005835296694668841,0.0004962394437490597,100,0.5,1.0,1.0,1.0,0.5,1.0,0.75,0.6900655593423543,0.6666666666666666,0.9545454545454546,0.5,3,60,0,3
84,7,649,66,59,6,20,50,100,0.0005835296694668841,0.0004962394437490597,100,0.5,0.7690476190476191,0.9694444444444444,0.8,0.6666666666666666,0.9833333333333333,0.825,0.7061788191316446,0.7272727272727272,0.9545454545454546,0.5,4,59,1,2
84,8,649,66,59,6,20,50,100,0.0005835296694668841,0.0004962394437490597,100,0.5,0.8400383141762452,0.9333333333333333,1.0,0.5,1.0,0.75,0.6900655593423543,0.6666666666666666,0.9545454545454546,0.5,3,60,0,3
84,9,649,66,59,6,20,50,100,0.0005835296694668841,0.0004962394437490597,100,0.5,1.0,1.0,1.0,1.0,1.0,1.0,1.0,1.0,1.0,0.5,6,60,0,0
84,10,649,66,59,6,20,50,100,0.0005835296694668841,0.0004962394437490597,100,0.5,0.8222222222222222,0.9777777777777779,0.8333333333333334,0.8333333333333334,0.9833333333333333,0.9083333333333333,0.8166666666666667,0.8333333333333334,0.9696969696969697,0.5,5,59,1,1
85,1,638,77,58,7,20,50,80,0.0006604077820026486,0.0004980525232096034,300,0.5,0.9821428571428571,0.9979591836734694,1.0,0.42857142857142855,1.0,0.7142857142857143,0.6367145399670133,0.6,0.948051948051948,0.5,3,70,0,4
85,2,638,77,58,7,20,50,80,0.0006604077820026486,0.0004980525232096034,300,0.5,0.8260204081632654,0.9887755102040816,0.8,0.5714285714285714,0.9857142857142858,0.7785714285714286,0.65,0.6666666666666666,0.948051948051948,0.5,4,69,1,3
85,3,638,77,58,7,20,50,80,0.0006604077820026486,0.0004980525232096034,300,0.5,0.982142857142857,0.9979591836734694,1.0,0.5714285714285714,1.0,0.7857142857142857,0.7402332101976052,0.7272727272727273,0.961038961038961,0.5,4,70,0,3
85,4,638,77,58,7,20,50,80,0.0006604077820026486,0.0004980525232096034,300,0.5,0.9325396825396826,0.9918367346938776,0.0,0.0,1.0,0.5,0.0,0.0,0.9090909090909091,0.5,0,70,0,7
85,5,638,77,58,7,20,50,80,0.0006604077820026486,0.0004980525232096034,300,0.5,0.7407029478458049,0.9846938775510204,0.8333333333333334,0.7142857142857143,0.9857142857142858,0.8500000000000001,0.7507429809689721,0.7692307692307692,0.961038961038961,0.5,5,69,1,2
85,6,649,66,59,6,20,50,80,0.0006604077820026486,0.0004980525232096034,300,0.5,1.0,1.0,1.0,0.5,1.0,0.75,0.6900655593423543,0.6666666666666666,0.9545454545454546,0.5,3,60,0,3
85,7,649,66,59,6,20,50,80,0.0006604077820026486,0.0004980525232096034,300,0.5,0.7690476190476191,0.9694444444444444,0.8,0.6666666666666666,0.9833333333333333,0.825,0.7061788191316446,0.7272727272727272,0.9545454545454546,0.5,4,59,1,2
85,8,649,66,59,6,20,50,80,0.0006604077820026486,0.0004980525232096034,300,0.5,0.8400383141762451,0.9333333333333333,0.0,0.0,1.0,0.5,0.0,0.0,0.9090909090909091,0.5,0,60,0,6
85,9,649,66,59,6,20,50,80,0.0006604077820026486,0.0004980525232096034,300,0.5,1.0,1.0,0.8571428571428571,1.0,0.9833333333333333,0.9916666666666667,0.9180725150319787,0.923076923076923,0.9848484848484849,0.5,6,59,1,0
85,10,649,66,59,6,20,50,80,0.0006604077820026486,0.0004980525232096034,300,0.5,0.9242424242424242,0.986111111111111,0.0,0.0,1.0,0.5,0.0,0.0,0.9090909090909091,0.5,0,60,0,6
86,1,638,77,58,7,10,30,80,0.0005505285976921684,0.0004933050687897267,20,0.5,0.9821428571428571,0.9979591836734694,1.0,0.5714285714285714,1.0,0.7857142857142857,0.7402332101976052,0.7272727272727273,0.961038961038961,0.5,4,70,0,3
86,2,638,77,58,7,10,30,80,0.0005505285976921684,0.0004933050687897267,20,0.5,0.8260204081632654,0.9887755102040816,0.8,0.5714285714285714,0.9857142857142858,0.7785714285714286,0.65,0.6666666666666666,0.948051948051948,0.5,4,69,1,3
86,3,638,77,58,7,10,30,80,0.0005505285976921684,0.0004933050687897267,20,0.5,0.982142857142857,0.9979591836734694,1.0,0.7142857142857143,1.0,0.8571428571428572,0.8333333333333334,0.8333333333333333,0.974025974025974,0.5,5,70,0,2
86,4,638,77,58,7,10,30,80,0.0005505285976921684,0.0004933050687897267,20,0.5,0.9325396825396826,0.9918367346938775,0.7777777777777778,1.0,0.9714285714285714,0.9857142857142858,0.8692269873603531,0.8750000000000001,0.974025974025974,0.5,7,68,2,0
86,5,638,77,58,7,10,30,80,0.0005505285976921684,0.0004933050687897267,20,0.5,0.747845804988662,0.9846938775510204,0.7777777777777778,1.0,0.9714285714285714,0.9857142857142858,0.8692269873603531,0.8750000000000001,0.974025974025974,0.5,7,68,2,0
86,6,649,66,59,6,10,30,80,0.0005505285976921684,0.0004933050687897267,20,0.5,1.0,1.0,1.0,0.5,1.0,0.75,0.6900655593423543,0.6666666666666666,0.9545454545454546,0.5,3,60,0,3
86,7,649,66,59,6,10,30,80,0.0005505285976921684,0.0004933050687897267,20,0.5,0.7690476190476191,0.9694444444444444,0.8,0.6666666666666666,0.9833333333333333,0.825,0.7061788191316446,0.7272727272727272,0.9545454545454546,0.5,4,59,1,2
86,8,649,66,59,6,10,30,80,0.0005505285976921684,0.0004933050687897267,20,0.5,0.8388888888888889,0.9305555555555556,1.0,0.5,1.0,0.75,0.6900655593423543,0.6666666666666666,0.9545454545454546,0.5,3,60,0,3
86,9,649,66,59,6,10,30,80,0.0005505285976921684,0.0004933050687897267,20,0.5,1.0,1.0,1.0,1.0,1.0,1.0,1.0,1.0,1.0,0.5,6,60,0,0
86,10,649,66,59,6,10,30,80,0.0005505285976921684,0.0004933050687897267,20,0.5,0.8297979797979798,0.9805555555555555,0.8333333333333334,0.8333333333333334,0.9833333333333333,0.9083333333333333,0.8166666666666667,0.8333333333333334,0.9696969696969697,0.5,5,59,1,1
87,1,638,77,58,7,60,10,40,0.0007350570684571588,0.0005000223891702862,100,0.5,0.9821428571428571,0.9979591836734694,1.0,0.5714285714285714,1.0,0.7857142857142857,0.7402332101976052,0.7272727272727273,0.961038961038961,0.5,4,70,0,3
87,2,638,77,58,7,60,10,40,0.0007350570684571588,0.0005000223891702862,100,0.5,0.8260204081632654,0.9887755102040817,0.875,1.0,0.9857142857142858,0.9928571428571429,0.9287087810503355,0.9333333333333333,0.987012987012987,0.5,7,69,1,0
87,3,638,77,58,7,60,10,40,0.0007350570684571588,0.0005000223891702862,100,0.5,0.982142857142857,0.9979591836734694,1.0,0.5714285714285714,1.0,0.7857142857142857,0.7402332101976052,0.7272727272727273,0.961038961038961,0.5,4,70,0,3
87,4,638,77,58,7,60,10,40,0.0007350570684571588,0.0005000223891702862,100,0.5,0.9325396825396826,0.9918367346938776,0.7777777777777778,1.0,0.9714285714285714,0.9857142857142858,0.8692269873603531,0.8750000000000001,0.974025974025974,0.5,7,68,2,0
87,5,638,77,58,7,60,10,40,0.0007350570684571588,0.0005000223891702862,100,0.5,0.7478458049886622,0.9846938775510204,0.8333333333333334,0.7142857142857143,0.9857142857142858,0.8500000000000001,0.7507429809689721,0.7692307692307692,0.961038961038961,0.5,5,69,1,2
87,6,649,66,59,6,60,10,40,0.0007350570684571588,0.0005000223891702862,100,0.5,1.0,1.0,1.0,0.5,1.0,0.75,0.6900655593423543,0.6666666666666666,0.9545454545454546,0.5,3,60,0,3
87,7,649,66,59,6,60,10,40,0.0007350570684571588,0.0005000223891702862,100,0.5,0.7690476190476191,0.9694444444444446,0.8,0.6666666666666666,0.9833333333333333,0.825,0.7061788191316446,0.7272727272727272,0.9545454545454546,0.5,4,59,1,2
87,8,649,66,59,6,60,10,40,0.0007350570684571588,0.0005000223891702862,100,0.5,0.8400383141762452,0.9333333333333333,1.0,0.5,1.0,0.75,0.6900655593423543,0.6666666666666666,0.9545454545454546,0.5,3,60,0,3
87,9,649,66,59,6,60,10,40,0.0007350570684571588,0.0005000223891702862,100,0.5,1.0,1.0,0.8571428571428571,1.0,0.9833333333333333,0.9916666666666667,0.9180725150319787,0.923076923076923,0.9848484848484849,0.5,6,59,1,0
87,10,649,66,59,6,60,10,40,0.0007350570684571588,0.0005000223891702862,100,0.5,0.8222222222222222,0.9777777777777777,0.8333333333333334,0.8333333333333334,0.9833333333333333,0.9083333333333333,0.8166666666666667,0.8333333333333334,0.9696969696969697,0.5,5,59,1,1
88,1,638,77,58,7,50,100,50,0.0006141762210623987,0.0004940007174691852,20,0.5,0.9821428571428571,0.9979591836734694,1.0,0.8571428571428571,1.0,0.9285714285714286,0.9192771195538434,0.923076923076923,0.987012987012987,0.5,6,70,0,1
88,2,638,77,58,7,50,100,50,0.0006141762210623987,0.0004940007174691852,20,0.5,0.8260204081632654,0.9887755102040816,0.8,0.5714285714285714,0.9857142857142858,0.7785714285714286,0.65,0.6666666666666666,0.948051948051948,0.5,4,69,1,3
88,3,638,77,58,7,50,100,50,0.0006141762210623987,0.0004940007174691852,20,0.5,0.982142857142857,0.9979591836734694,1.0,0.7142857142857143,1.0,0.8571428571428572,0.8333333333333334,0.8333333333333333,0.974025974025974,0.5,5,70,0,2
88,4,638,77,58,7,50,100,50,0.0006141762210623987,0.0004940007174691852,20,0.5,0.9325396825396826,0.9918367346938776,0.7777777777777778,1.0,0.9714285714285714,0.9857142857142858,0.8692269873603531,0.8750000000000001,0.974025974025974,0.5,7,68,2,0
88,5,638,77,58,7,50,100,50,0.0006141762210623987,0.0004940007174691852,20,0.5,0.7407029478458049,0.9846938775510204,0.8333333333333334,0.7142857142857143,0.9857142857142858,0.8500000000000001,0.7507429809689721,0.7692307692307692,0.961038961038961,0.5,5,69,1,2
88,6,649,66,59,6,50,100,50,0.0006141762210623987,0.0004940007174691852,20,0.5,1.0,1.0,1.0,0.5,1.0,0.75,0.6900655593423543,0.6666666666666666,0.9545454545454546,0.5,3,60,0,3
88,7,649,66,59,6,50,100,50,0.0006141762210623987,0.0004940007174691852,20,0.5,0.7690476190476191,0.9694444444444444,0.8,0.6666666666666666,0.9833333333333333,0.825,0.7061788191316446,0.7272727272727272,0.9545454545454546,0.5,4,59,1,2
88,8,649,66,59,6,50,100,50,0.0006141762210623987,0.0004940007174691852,20,0.5,0.8400383141762452,0.9333333333333335,1.0,0.5,1.0,0.75,0.6900655593423543,0.6666666666666666,0.9545454545454546,0.5,3,60,0,3
88,9,649,66,59,6,50,100,50,0.0006141762210623987,0.0004940007174691852,20,0.5,1.0,1.0,0.8571428571428571,1.0,0.9833333333333333,0.9916666666666667,0.9180725150319787,0.923076923076923,0.9848484848484849,0.5,6,59,1,0
88,10,649,66,59,6,50,100,50,0.0006141762210623987,0.0004940007174691852,20,0.5,0.8222222222222222,0.9777777777777777,0.7142857142857143,0.8333333333333334,0.9666666666666667,0.9,0.7469064529073725,0.7692307692307692,0.9545454545454546,0.5,5,58,2,1
89,1,638,77,58,7,60,10,20,0.0004814179710486647,0.0004997097457549745,300,0.5,0.982142857142857,0.9979591836734694,0.0,0.0,1.0,0.5,0.0,0.0,0.9090909090909091,0.5,0,70,0,7
89,2,638,77,58,7,60,10,20,0.0004814179710486647,0.0004997097457549745,300,0.5,0.8736394557823128,0.9897959183673469,0.0,0.0,1.0,0.5,0.0,0.0,0.9090909090909091,0.5,0,70,0,7
89,3,638,77,58,7,60,10,20,0.0004814179710486647,0.0004997097457549745,300,0.5,0.982142857142857,0.9979591836734694,0.0,0.0,1.0,0.5,0.0,0.0,0.9090909090909091,0.5,0,70,0,7
89,4,638,77,58,7,60,10,20,0.0004814179710486647,0.0004997097457549745,300,0.5,0.9325396825396826,0.9918367346938775,0.0,0.0,1.0,0.5,0.0,0.0,0.9090909090909091,0.5,0,70,0,7
89,5,638,77,58,7,60,10,20,0.0004814179710486647,0.0004997097457549745,300,0.5,0.8081632653061224,0.9836734693877551,0.0,0.0,1.0,0.5,0.0,0.0,0.9090909090909091,0.5,0,70,0,7
89,6,649,66,59,6,60,10,20,0.0004814179710486647,0.0004997097457549745,300,0.5,1.0,1.0,0.0,0.0,1.0,0.5,0.0,0.0,0.9090909090909091,0.5,0,60,0,6
89,7,649,66,59,6,60,10,20,0.0004814179710486647,0.0004997097457549745,300,0.5,0.7477564102564103,0.9638888888888889,0.0,0.0,1.0,0.5,0.0,0.0,0.9090909090909091,0.5,0,60,0,6
89,8,649,66,59,6,60,10,20,0.0004814179710486647,0.0004997097457549745,300,0.5,0.8400383141762451,0.9333333333333333,0.0,0.0,1.0,0.5,0.0,0.0,0.9090909090909091,0.5,0,60,0,6
89,9,649,66,59,6,60,10,20,0.0004814179710486647,0.0004997097457549745,300,0.5,1.0,1.0,0.0,0.0,1.0,0.5,0.0,0.0,0.9090909090909091,0.5,0,60,0,6
89,10,649,66,59,6,60,10,20,0.0004814179710486647,0.0004997097457549745,300,0.5,0.861111111111111,0.9777777777777779,0.0,0.0,1.0,0.5,0.0,0.0,0.9090909090909091,0.5,0,60,0,6
90,1,638,77,58,7,20,10,50,0.00032845159617507974,0.0004901279465639264,50,0.5,0.9821428571428571,0.9979591836734694,1.0,0.5714285714285714,1.0,0.7857142857142857,0.7402332101976052,0.7272727272727273,0.961038961038961,0.5,4,70,0,3
90,2,638,77,58,7,20,10,50,0.00032845159617507974,0.0004901279465639264,50,0.5,0.8260204081632654,0.9887755102040817,0.8,0.5714285714285714,0.9857142857142858,0.7785714285714286,0.65,0.6666666666666666,0.948051948051948,0.5,4,69,1,3
90,3,638,77,58,7,20,10,50,0.00032845159617507974,0.0004901279465639264,50,0.5,0.982142857142857,0.9979591836734694,0.0,0.0,1.0,0.5,0.0,0.0,0.9090909090909091,0.5,0,70,0,7
90,4,638,77,58,7,20,10,50,0.00032845159617507974,0.0004901279465639264,50,0.5,0.9325396825396826,0.9918367346938776,0.7142857142857143,0.7142857142857143,0.9714285714285714,0.8428571428571429,0.6857142857142857,0.7142857142857143,0.948051948051948,0.5,5,68,2,2
90,5,638,77,58,7,20,10,50,0.00032845159617507974,0.0004901279465639264,50,0.5,0.747845804988662,0.9846938775510203,0.8333333333333334,0.7142857142857143,0.9857142857142858,0.8500000000000001,0.7507429809689721,0.7692307692307692,0.961038961038961,0.5,5,69,1,2
90,6,649,66,59,6,20,10,50,0.00032845159617507974,0.0004901279465639264,50,0.5,1.0,1.0,1.0,0.5,1.0,0.75,0.6900655593423543,0.6666666666666666,0.9545454545454546,0.5,3,60,0,3
90,7,649,66,59,6,20,10,50,0.00032845159617507974,0.0004901279465639264,50,0.5,0.7690476190476191,0.9694444444444444,0.8,0.6666666666666666,0.9833333333333333,0.825,0.7061788191316446,0.7272727272727272,0.9545454545454546,0.5,4,59,1,2
90,8,649,66,59,6,20,10,50,0.00032845159617507974,0.0004901279465639264,50,0.5,0.8400383141762451,0.9333333333333333,1.0,0.5,1.0,0.75,0.6900655593423543,0.6666666666666666,0.9545454545454546,0.5,3,60,0,3
90,9,649,66,59,6,20,10,50,0.00032845159617507974,0.0004901279465639264,50,0.5,1.0,1.0,1.0,1.0,1.0,1.0,1.0,1.0,1.0,0.5,6,60,0,0
90,10,649,66,59,6,20,10,50,0.00032845159617507974,0.0004901279465639264,50,0.5,0.09090909090909091,0.4666666666666667,0.0,0.0,1.0,0.5,0.0,0.0,0.9090909090909091,0.5,0,60,0,6
91,1,638,77,58,7,40,50,100,0.0007162378850072205,0.0005040261196391667,50,0.5,0.9821428571428571,0.9979591836734694,1.0,0.7142857142857143,1.0,0.8571428571428572,0.8333333333333334,0.8333333333333333,0.974025974025974,0.5,5,70,0,2
91,2,638,77,58,7,40,50,100,0.0007162378850072205,0.0005040261196391667,50,0.5,0.8260204081632654,0.9887755102040816,0.875,1.0,0.9857142857142858,0.9928571428571429,0.9287087810503355,0.9333333333333333,0.987012987012987,0.5,7,69,1,0
91,3,638,77,58,7,40,50,100,0.0007162378850072205,0.0005040261196391667,50,0.5,0.982142857142857,0.9979591836734694,1.0,0.7142857142857143,1.0,0.8571428571428572,0.8333333333333334,0.8333333333333333,0.974025974025974,0.5,5,70,0,2
91,4,638,77,58,7,40,50,100,0.0007162378850072205,0.0005040261196391667,50,0.5,0.9325396825396826,0.9918367346938776,0.7777777777777778,1.0,0.9714285714285714,0.9857142857142858,0.8692269873603531,0.8750000000000001,0.974025974025974,0.5,7,68,2,0
91,5,638,77,58,7,40,50,100,0.0007162378850072205,0.0005040261196391667,50,0.5,0.7478458049886622,0.9836734693877551,0.8333333333333334,0.7142857142857143,0.9857142857142858,0.8500000000000001,0.7507429809689721,0.7692307692307692,0.961038961038961,0.5,5,69,1,2
91,6,649,66,59,6,40,50,100,0.0007162378850072205,0.0005040261196391667,50,0.5,1.0,1.0,1.0,0.5,1.0,0.75,0.6900655593423543,0.6666666666666666,0.9545454545454546,0.5,3,60,0,3
91,7,649,66,59,6,40,50,100,0.0007162378850072205,0.0005040261196391667,50,0.5,0.7690476190476191,0.9694444444444446,0.8,0.6666666666666666,0.9833333333333333,0.825,0.7061788191316446,0.7272727272727272,0.9545454545454546,0.5,4,59,1,2
91,8,649,66,59,6,40,50,100,0.0007162378850072205,0.0005040261196391667,50,0.5,0.8388888888888889,0.9305555555555556,0.8333333333333334,0.8333333333333334,0.9833333333333333,0.9083333333333333,0.8166666666666667,0.8333333333333334,0.9696969696969697,0.5,5,59,1,1
91,9,649,66,59,6,40,50,100,0.0007162378850072205,0.0005040261196391667,50,0.5,1.0,1.0,0.8571428571428571,1.0,0.9833333333333333,0.9916666666666667,0.9180725150319787,0.923076923076923,0.9848484848484849,0.5,6,59,1,0
91,10,649,66,59,6,40,50,100,0.0007162378850072205,0.0005040261196391667,50,0.5,0.8222222222222222,0.9777777777777777,0.8333333333333334,0.8333333333333334,0.9833333333333333,0.9083333333333333,0.8166666666666667,0.8333333333333334,0.9696969696969697,0.5,5,59,1,1
92,1,638,77,58,7,30,20,10,0.0002665307955631828,0.00048227553416807826,300,0.5,0.9821428571428571,0.9979591836734694,0.0,0.0,1.0,0.5,0.0,0.0,0.9090909090909091,0.5,0,70,0,7
92,2,638,77,58,7,30,20,10,0.0002665307955631828,0.00048227553416807826,300,0.5,0.8260204081632654,0.9887755102040816,0.0,0.0,1.0,0.5,0.0,0.0,0.9090909090909091,0.5,0,70,0,7
92,3,638,77,58,7,30,20,10,0.0002665307955631828,0.00048227553416807826,300,0.5,0.982142857142857,0.9979591836734694,0.0,0.0,1.0,0.5,0.0,0.0,0.9090909090909091,0.5,0,70,0,7
92,4,638,77,58,7,30,20,10,0.0002665307955631828,0.00048227553416807826,300,0.5,0.9325396825396823,0.9918367346938776,0.0,0.0,1.0,0.5,0.0,0.0,0.9090909090909091,0.5,0,70,0,7
92,5,638,77,58,7,30,20,10,0.0002665307955631828,0.00048227553416807826,300,0.5,0.7051948051948052,0.9785714285714285,0.0,0.0,1.0,0.5,0.0,0.0,0.9090909090909091,0.5,0,70,0,7
92,6,649,66,59,6,30,20,10,0.0002665307955631828,0.00048227553416807826,300,0.5,1.0,1.0,0.0,0.0,1.0,0.5,0.0,0.0,0.9090909090909091,0.5,0,60,0,6
92,7,649,66,59,6,30,20,10,0.0002665307955631828,0.00048227553416807826,300,0.5,0.7477564102564104,0.9638888888888889,0.0,0.0,1.0,0.5,0.0,0.0,0.9090909090909091,0.5,0,60,0,6
92,8,649,66,59,6,30,20,10,0.0002665307955631828,0.00048227553416807826,300,0.5,0.8067049808429119,0.9305555555555556,0.0,0.0,1.0,0.5,0.0,0.0,0.9090909090909091,0.5,0,60,0,6
92,9,649,66,59,6,30,20,10,0.0002665307955631828,0.00048227553416807826,300,0.5,1.0,1.0,0.0,0.0,1.0,0.5,0.0,0.0,0.9090909090909091,0.5,0,60,0,6
92,10,649,66,59,6,30,20,10,0.0002665307955631828,0.00048227553416807826,300,0.5,0.8631313131313131,0.9819444444444445,0.0,0.0,1.0,0.5,0.0,0.0,0.9090909090909091,0.5,0,60,0,6
93,1,638,77,58,7,100,80,60,0.0008480083006492895,0.0004973078049410902,50,0.5,0.9821428571428571,0.9979591836734694,1.0,0.5714285714285714,1.0,0.7857142857142857,0.7402332101976052,0.7272727272727273,0.961038961038961,0.5,4,70,0,3
93,2,638,77,58,7,100,80,60,0.0008480083006492895,0.0004973078049410902,50,0.5,0.8260204081632654,0.9887755102040816,0.875,1.0,0.9857142857142858,0.9928571428571429,0.9287087810503355,0.9333333333333333,0.987012987012987,0.5,7,69,1,0
93,3,638,77,58,7,100,80,60,0.0008480083006492895,0.0004973078049410902,50,0.5,0.982142857142857,0.9979591836734694,1.0,0.7142857142857143,1.0,0.8571428571428572,0.8333333333333334,0.8333333333333333,0.974025974025974,0.5,5,70,0,2
93,4,638,77,58,7,100,80,60,0.0008480083006492895,0.0004973078049410902,50,0.5,0.9325396825396826,0.9918367346938776,0.7777777777777778,1.0,0.9714285714285714,0.9857142857142858,0.8692269873603531,0.8750000000000001,0.974025974025974,0.5,7,68,2,0
93,5,638,77,58,7,100,80,60,0.0008480083006492895,0.0004973078049410902,50,0.5,0.7325396825396825,0.9826530612244899,0.8333333333333334,0.7142857142857143,0.9857142857142858,0.8500000000000001,0.7507429809689721,0.7692307692307692,0.961038961038961,0.5,5,69,1,2
93,6,649,66,59,6,100,80,60,0.0008480083006492895,0.0004973078049410902,50,0.5,1.0,1.0,1.0,0.5,1.0,0.75,0.6900655593423543,0.6666666666666666,0.9545454545454546,0.5,3,60,0,3
93,7,649,66,59,6,100,80,60,0.0008480083006492895,0.0004973078049410902,50,0.5,0.7690476190476191,0.9694444444444446,0.8,0.6666666666666666,0.9833333333333333,0.825,0.7061788191316446,0.7272727272727272,0.9545454545454546,0.5,4,59,1,2
93,8,649,66,59,6,100,80,60,0.0008480083006492895,0.0004973078049410902,50,0.5,0.8400383141762452,0.9333333333333333,1.0,0.5,1.0,0.75,0.6900655593423543,0.6666666666666666,0.9545454545454546,0.5,3,60,0,3
93,9,649,66,59,6,100,80,60,0.0008480083006492895,0.0004973078049410902,50,0.5,1.0,1.0,1.0,1.0,1.0,1.0,1.0,1.0,1.0,0.5,6,60,0,0
93,10,649,66,59,6,100,80,60,0.0008480083006492895,0.0004973078049410902,50,0.5,0.8222222222222222,0.9777777777777777,0.8333333333333334,0.8333333333333334,0.9833333333333333,0.9083333333333333,0.8166666666666667,0.8333333333333334,0.9696969696969697,0.5,5,59,1,1
94,1,638,77,58,7,40,60,60,0.0008261832719250748,0.0004944466107429151,50,0.5,0.9821428571428571,0.9979591836734694,1.0,0.5714285714285714,1.0,0.7857142857142857,0.7402332101976052,0.7272727272727273,0.961038961038961,0.5,4,70,0,3
94,2,638,77,58,7,40,60,60,0.0008261832719250748,0.0004944466107429151,50,0.5,0.8260204081632654,0.9887755102040816,0.875,1.0,0.9857142857142858,0.9928571428571429,0.9287087810503355,0.9333333333333333,0.987012987012987,0.5,7,69,1,0
94,3,638,77,58,7,40,60,60,0.0008261832719250748,0.0004944466107429151,50,0.5,0.982142857142857,0.9979591836734694,1.0,0.5714285714285714,1.0,0.7857142857142857,0.7402332101976052,0.7272727272727273,0.961038961038961,0.5,4,70,0,3
94,4,638,77,58,7,40,60,60,0.0008261832719250748,0.0004944466107429151,50,0.5,0.9325396825396826,0.9918367346938775,0.8333333333333334,0.7142857142857143,0.9857142857142858,0.8500000000000001,0.7507429809689721,0.7692307692307692,0.961038961038961,0.5,5,69,1,2
94,5,638,77,58,7,40,60,60,0.0008261832719250748,0.0004944466107429151,50,0.5,0.747845804988662,0.9846938775510204,0.75,0.8571428571428571,0.9714285714285714,0.9142857142857143,0.78065375798434,0.7999999999999999,0.961038961038961,0.5,6,68,2,1
94,6,649,66,59,6,40,60,60,0.0008261832719250748,0.0004944466107429151,50,0.5,1.0,1.0,1.0,0.5,1.0,0.75,0.6900655593423543,0.6666666666666666,0.9545454545454546,0.5,3,60,0,3
94,7,649,66,59,6,40,60,60,0.0008261832719250748,0.0004944466107429151,50,0.5,0.7690476190476191,0.9694444444444444,0.8,0.6666666666666666,0.9833333333333333,0.825,0.7061788191316446,0.7272727272727272,0.9545454545454546,0.5,4,59,1,2
94,8,649,66,59,6,40,60,60,0.0008261832719250748,0.0004944466107429151,50,0.5,0.8400383141762451,0.9333333333333333,1.0,0.5,1.0,0.75,0.6900655593423543,0.6666666666666666,0.9545454545454546,0.5,3,60,0,3
94,9,649,66,59,6,40,60,60,0.0008261832719250748,0.0004944466107429151,50,0.5,1.0,1.0,1.0,1.0,1.0,1.0,1.0,1.0,1.0,0.5,6,60,0,0
94,10,649,66,59,6,40,60,60,0.0008261832719250748,0.0004944466107429151,50,0.5,0.8222222222222222,0.9777777777777777,0.7142857142857143,0.8333333333333334,0.9666666666666667,0.9,0.7469064529073725,0.7692307692307692,0.9545454545454546,0.5,5,58,2,1
95,1,638,77,58,7,10,50,10,0.0008688258192067572,0.0005055176962600654,200,0.5,0.9682539682539683,0.9959183673469387,1.0,0.42857142857142855,1.0,0.7142857142857143,0.6367145399670133,0.6,0.948051948051948,0.5,3,70,0,4
95,2,638,77,58,7,10,50,10,0.0008688258192067572,0.0005055176962600654,200,0.5,0.8260204081632654,0.9887755102040817,0.0,0.0,1.0,0.5,0.0,0.0,0.9090909090909091,0.5,0,70,0,7
95,3,638,77,58,7,10,50,10,0.0008688258192067572,0.0005055176962600654,200,0.5,0.982142857142857,0.9979591836734694,1.0,0.5714285714285714,1.0,0.7857142857142857,0.7402332101976052,0.7272727272727273,0.961038961038961,0.5,4,70,0,3
95,4,638,77,58,7,10,50,10,0.0008688258192067572,0.0005055176962600654,200,0.5,0.9325396825396826,0.9918367346938776,0.8333333333333334,0.7142857142857143,0.9857142857142858,0.8500000000000001,0.7507429809689721,0.7692307692307692,0.961038961038961,0.5,5,69,1,2
95,5,638,77,58,7,10,50,10,0.0008688258192067572,0.0005055176962600654,200,0.5,0.7295918367346939,0.9816326530612245,0.6666666666666666,0.2857142857142857,0.9857142857142858,0.6357142857142857,0.4032525419791084,0.4,0.922077922077922,0.5,2,69,1,5
95,6,649,66,59,6,10,50,10,0.0008688258192067572,0.0005055176962600654,200,0.5,1.0,1.0,1.0,0.5,1.0,0.75,0.6900655593423543,0.6666666666666666,0.9545454545454546,0.5,3,60,0,3
95,7,649,66,59,6,10,50,10,0.0008688258192067572,0.0005055176962600654,200,0.5,0.7541666666666668,0.9666666666666667,0.8,0.6666666666666666,0.9833333333333333,0.825,0.7061788191316446,0.7272727272727272,0.9545454545454546,0.5,4,59,1,2
95,8,649,66,59,6,10,50,10,0.0008688258192067572,0.0005055176962600654,200,0.5,0.867816091954023,0.9361111111111111,1.0,0.6666666666666666,1.0,0.8333333333333333,0.8032193289024988,0.8,0.9696969696969697,0.5,4,60,0,2
95,9,649,66,59,6,10,50,10,0.0008688258192067572,0.0005055176962600654,200,0.5,1.0,1.0,1.0,0.8333333333333334,1.0,0.9166666666666667,0.9053574604251854,0.9090909090909091,0.9848484848484849,0.5,5,60,0,1
95,10,649,66,59,6,10,50,10,0.0008688258192067572,0.0005055176962600654,200,0.5,0.8686868686868687,0.9833333333333334,0.8333333333333334,0.8333333333333334,0.9833333333333333,0.9083333333333333,0.8166666666666667,0.8333333333333334,0.9696969696969697,0.5,5,59,1,1
96,1,638,77,58,7,10,80,80,0.0005017681071810099,0.0004994104734684058,200,0.5,0.9821428571428571,0.9979591836734695,1.0,0.5714285714285714,1.0,0.7857142857142857,0.7402332101976052,0.7272727272727273,0.961038961038961,0.5,4,70,0,3
96,2,638,77,58,7,10,80,80,0.0005017681071810099,0.0004994104734684058,200,0.5,0.8260204081632654,0.9887755102040816,0.8,0.5714285714285714,0.9857142857142858,0.7785714285714286,0.65,0.6666666666666666,0.948051948051948,0.5,4,69,1,3
96,3,638,77,58,7,10,80,80,0.0005017681071810099,0.0004994104734684058,200,0.5,0.982142857142857,0.9979591836734694,1.0,0.42857142857142855,1.0,0.7142857142857143,0.6367145399670133,0.6,0.948051948051948,0.5,3,70,0,4
96,4,638,77,58,7,10,80,80,0.0005017681071810099,0.0004994104734684058,200,0.5,0.9325396825396826,0.9918367346938776,0.8333333333333334,0.7142857142857143,0.9857142857142858,0.8500000000000001,0.7507429809689721,0.7692307692307692,0.961038961038961,0.5,5,69,1,2
96,5,638,77,58,7,10,80,80,0.0005017681071810099,0.0004994104734684058,200,0.5,0.7276437847866419,0.9806122448979591,0.8333333333333334,0.7142857142857143,0.9857142857142858,0.8500000000000001,0.7507429809689721,0.7692307692307692,0.961038961038961,0.5,5,69,1,2
96,6,649,66,59,6,10,80,80,0.0005017681071810099,0.0004994104734684058,200,0.5,1.0,1.0,1.0,0.5,1.0,0.75,0.6900655593423543,0.6666666666666666,0.9545454545454546,0.5,3,60,0,3
96,7,649,66,59,6,10,80,80,0.0005017681071810099,0.0004994104734684058,200,0.5,0.7361823361823362,0.961111111111111,0.8,0.6666666666666666,0.9833333333333333,0.825,0.7061788191316446,0.7272727272727272,0.9545454545454546,0.5,4,59,1,2
96,8,649,66,59,6,10,80,80,0.0005017681071810099,0.0004994104734684058,200,0.5,0.8400383141762452,0.9333333333333335,1.0,0.5,1.0,0.75,0.6900655593423543,0.6666666666666666,0.9545454545454546,0.5,3,60,0,3
96,9,649,66,59,6,10,80,80,0.0005017681071810099,0.0004994104734684058,200,0.5,1.0,1.0,1.0,0.8333333333333334,1.0,0.9166666666666667,0.9053574604251854,0.9090909090909091,0.9848484848484849,0.5,5,60,0,1
96,10,649,66,59,6,10,80,80,0.0005017681071810099,0.0004994104734684058,200,0.5,0.8686868686868687,0.9833333333333334,0.8333333333333334,0.8333333333333334,0.9833333333333333,0.9083333333333333,0.8166666666666667,0.8333333333333334,0.9696969696969697,0.5,5,59,1,1
97,1,638,77,58,7,20,60,40,0.0008858180121857242,0.0005056951291254651,100,0.5,0.9821428571428571,0.9979591836734694,1.0,0.5714285714285714,1.0,0.7857142857142857,0.7402332101976052,0.7272727272727273,0.961038961038961,0.5,4,70,0,3
97,2,638,77,58,7,20,60,40,0.0008858180121857242,0.0005056951291254651,100,0.5,0.8260204081632654,0.9887755102040816,0.8,0.5714285714285714,0.9857142857142858,0.7785714285714286,0.65,0.6666666666666666,0.948051948051948,0.5,4,69,1,3
97,3,638,77,58,7,20,60,40,0.0008858180121857242,0.0005056951291254651,100,0.5,0.982142857142857,0.9979591836734694,1.0,0.5714285714285714,1.0,0.7857142857142857,0.7402332101976052,0.7272727272727273,0.961038961038961,0.5,4,70,0,3
97,4,638,77,58,7,20,60,40,0.0008858180121857242,0.0005056951291254651,100,0.5,0.9325396825396826,0.9918367346938776,0.7142857142857143,0.7142857142857143,0.9714285714285714,0.8428571428571429,0.6857142857142857,0.7142857142857143,0.948051948051948,0.5,5,68,2,2
97,5,638,77,58,7,20,60,40,0.0008858180121857242,0.0005056951291254651,100,0.5,0.747845804988662,0.9846938775510204,0.8333333333333334,0.7142857142857143,0.9857142857142858,0.8500000000000001,0.7507429809689721,0.7692307692307692,0.961038961038961,0.5,5,69,1,2
97,6,649,66,59,6,20,60,40,0.0008858180121857242,0.0005056951291254651,100,0.5,1.0,1.0,1.0,0.5,1.0,0.75,0.6900655593423543,0.6666666666666666,0.9545454545454546,0.5,3,60,0,3
97,7,649,66,59,6,20,60,40,0.0008858180121857242,0.0005056951291254651,100,0.5,0.7690476190476191,0.9694444444444444,0.8,0.6666666666666666,0.9833333333333333,0.825,0.7061788191316446,0.7272727272727272,0.9545454545454546,0.5,4,59,1,2
97,8,649,66,59,6,20,60,40,0.0008858180121857242,0.0005056951291254651,100,0.5,0.8400383141762452,0.9333333333333333,1.0,0.5,1.0,0.75,0.6900655593423543,0.6666666666666666,0.9545454545454546,0.5,3,60,0,3
97,9,649,66,59,6,20,60,40,0.0008858180121857242,0.0005056951291254651,100,0.5,1.0,1.0,1.0,0.8333333333333334,1.0,0.9166666666666667,0.9053574604251854,0.9090909090909091,0.9848484848484849,0.5,5,60,0,1
97,10,649,66,59,6,20,60,40,0.0008858180121857242,0.0005056951291254651,100,0.5,0.8555555555555555,0.9791666666666667,0.8333333333333334,0.8333333333333334,0.9833333333333333,0.9083333333333333,0.8166666666666667,0.8333333333333334,0.9696969696969697,0.5,5,59,1,1
98,1,638,77,58,7,10,30,50,0.00052675569107276,0.0005166274483339189,50,0.5,0.9821428571428571,0.9979591836734694,1.0,0.5714285714285714,1.0,0.7857142857142857,0.7402332101976052,0.7272727272727273,0.961038961038961,0.5,4,70,0,3
98,2,638,77,58,7,10,30,50,0.00052675569107276,0.0005166274483339189,50,0.5,0.8260204081632654,0.9887755102040815,0.8333333333333334,0.7142857142857143,0.9857142857142858,0.8500000000000001,0.7507429809689721,0.7692307692307692,0.961038961038961,0.5,5,69,1,2
98,3,638,77,58,7,10,30,50,0.00052675569107276,0.0005166274483339189,50,0.5,0.982142857142857,0.9979591836734694,1.0,0.42857142857142855,1.0,0.7142857142857143,0.6367145399670133,0.6,0.948051948051948,0.5,3,70,0,4
98,4,638,77,58,7,10,30,50,0.00052675569107276,0.0005166274483339189,50,0.5,0.9325396825396826,0.9918367346938776,0.7777777777777778,1.0,0.9714285714285714,0.9857142857142858,0.8692269873603531,0.8750000000000001,0.974025974025974,0.5,7,68,2,0
98,5,638,77,58,7,10,30,50,0.00052675569107276,0.0005166274483339189,50,0.5,0.7367346938775511,0.9826530612244898,0.8333333333333334,0.7142857142857143,0.9857142857142858,0.8500000000000001,0.7507429809689721,0.7692307692307692,0.961038961038961,0.5,5,69,1,2
98,6,649,66,59,6,10,30,50,0.00052675569107276,0.0005166274483339189,50,0.5,1.0,1.0,1.0,0.5,1.0,0.75,0.6900655593423543,0.6666666666666666,0.9545454545454546,0.5,3,60,0,3
98,7,649,66,59,6,10,30,50,0.00052675569107276,0.0005166274483339189,50,0.5,0.7690476190476191,0.9694444444444444,0.8,0.6666666666666666,0.9833333333333333,0.825,0.7061788191316446,0.7272727272727272,0.9545454545454546,0.5,4,59,1,2
98,8,649,66,59,6,10,30,50,0.00052675569107276,0.0005166274483339189,50,0.5,0.8400383141762452,0.9333333333333332,1.0,0.5,1.0,0.75,0.6900655593423543,0.6666666666666666,0.9545454545454546,0.5,3,60,0,3
98,9,649,66,59,6,10,30,50,0.00052675569107276,0.0005166274483339189,50,0.5,1.0,1.0,0.8571428571428571,1.0,0.9833333333333333,0.9916666666666667,0.9180725150319787,0.923076923076923,0.9848484848484849,0.5,6,59,1,0
98,10,649,66,59,6,10,30,50,0.00052675569107276,0.0005166274483339189,50,0.5,0.8686868686868687,0.9833333333333334,0.8333333333333334,0.8333333333333334,0.9833333333333333,0.9083333333333333,0.8166666666666667,0.8333333333333334,0.9696969696969697,0.5,5,59,1,1
99,1,638,77,58,7,20,50,60,0.00046587204817894314,0.0005063858486734547,20,0.5,0.9821428571428571,0.9979591836734694,1.0,0.7142857142857143,1.0,0.8571428571428572,0.8333333333333334,0.8333333333333333,0.974025974025974,0.5,5,70,0,2
99,2,638,77,58,7,20,50,60,0.00046587204817894314,0.0005063858486734547,20,0.5,0.8260204081632654,0.9887755102040816,0.8,0.5714285714285714,0.9857142857142858,0.7785714285714286,0.65,0.6666666666666666,0.948051948051948,0.5,4,69,1,3
99,3,638,77,58,7,20,50,60,0.00046587204817894314,0.0005063858486734547,20,0.5,0.982142857142857,0.9979591836734694,1.0,0.7142857142857143,1.0,0.8571428571428572,0.8333333333333334,0.8333333333333333,0.974025974025974,0.5,5,70,0,2
99,4,638,77,58,7,20,50,60,0.00046587204817894314,0.0005063858486734547,20,0.5,0.9325396825396826,0.9918367346938776,0.7142857142857143,0.7142857142857143,0.9714285714285714,0.8428571428571429,0.6857142857142857,0.7142857142857143,0.948051948051948,0.5,5,68,2,2
99,5,638,77,58,7,20,50,60,0.00046587204817894314,0.0005063858486734547,20,0.5,0.736734693877551,0.9826530612244898,0.8333333333333334,0.7142857142857143,0.9857142857142858,0.8500000000000001,0.7507429809689721,0.7692307692307692,0.961038961038961,0.5,5,69,1,2
99,6,649,66,59,6,20,50,60,0.00046587204817894314,0.0005063858486734547,20,0.5,1.0,1.0,1.0,0.8333333333333334,1.0,0.9166666666666667,0.9053574604251854,0.9090909090909091,0.9848484848484849,0.5,5,60,0,1
99,7,649,66,59,6,20,50,60,0.00046587204817894314,0.0005063858486734547,20,0.5,0.7690476190476191,0.9694444444444446,0.8,0.6666666666666666,0.9833333333333333,0.825,0.7061788191316446,0.7272727272727272,0.9545454545454546,0.5,4,59,1,2
99,8,649,66,59,6,20,50,60,0.00046587204817894314,0.0005063858486734547,20,0.5,0.8400383141762452,0.9333333333333333,1.0,0.5,1.0,0.75,0.6900655593423543,0.6666666666666666,0.9545454545454546,0.5,3,60,0,3
99,9,649,66,59,6,20,50,60,0.00046587204817894314,0.0005063858486734547,20,0.5,1.0,1.0,1.0,0.8333333333333334,1.0,0.9166666666666667,0.9053574604251854,0.9090909090909091,0.9848484848484849,0.5,5,60,0,1
99,10,649,66,59,6,20,50,60,0.00046587204817894314,0.0005063858486734547,20,0.5,0.8222222222222222,0.9777777777777777,0.8333333333333334,0.8333333333333334,0.9833333333333333,0.9083333333333333,0.8166666666666667,0.8333333333333334,0.9696969696969697,0.5,5,59,1,1
100,1,638,77,58,7,100,10,30,0.000910073081814316,0.0004992914589830287,50,0.5,0.09886032335011927,0.5428571428571429,0.0,0.0,1.0,0.5,0.0,0.0,0.9090909090909091,0.5,0,70,0,7
100,2,638,77,58,7,100,10,30,0.000910073081814316,0.0004992914589830287,50,0.5,0.8260204081632654,0.9887755102040817,0.8,0.5714285714285714,0.9857142857142858,0.7785714285714286,0.65,0.6666666666666666,0.948051948051948,0.5,4,69,1,3
100,3,638,77,58,7,100,10,30,0.000910073081814316,0.0004992914589830287,50,0.5,0.982142857142857,0.9979591836734694,1.0,0.7142857142857143,1.0,0.8571428571428572,0.8333333333333334,0.8333333333333333,0.974025974025974,0.5,5,70,0,2
100,4,638,77,58,7,100,10,30,0.000910073081814316,0.0004992914589830287,50,0.5,0.9325396825396826,0.9918367346938776,0.7777777777777778,1.0,0.9714285714285714,0.9857142857142858,0.8692269873603531,0.8750000000000001,0.974025974025974,0.5,7,68,2,0
100,5,638,77,58,7,100,10,30,0.000910073081814316,0.0004992914589830287,50,0.5,0.747845804988662,0.9846938775510204,0.8333333333333334,0.7142857142857143,0.9857142857142858,0.8500000000000001,0.7507429809689721,0.7692307692307692,0.961038961038961,0.5,5,69,1,2
100,6,649,66,59,6,100,10,30,0.000910073081814316,0.0004992914589830287,50,0.5,1.0,1.0,1.0,0.5,1.0,0.75,0.6900655593423543,0.6666666666666666,0.9545454545454546,0.5,3,60,0,3
100,7,649,66,59,6,100,10,30,0.000910073081814316,0.0004992914589830287,50,0.5,0.7523809523809524,0.9694444444444446,0.8,0.6666666666666666,0.9833333333333333,0.825,0.7061788191316446,0.7272727272727272,0.9545454545454546,0.5,4,59,1,2
100,8,649,66,59,6,100,10,30,0.000910073081814316,0.0004992914589830287,50,0.5,0.8400383141762452,0.9333333333333333,1.0,0.5,1.0,0.75,0.6900655593423543,0.6666666666666666,0.9545454545454546,0.5,3,60,0,3
100,9,649,66,59,6,100,10,30,0.000910073081814316,0.0004992914589830287,50,0.5,1.0,1.0,1.0,1.0,1.0,1.0,1.0,1.0,1.0,0.5,6,60,0,0
100,10,649,66,59,6,100,10,30,0.000910073081814316,0.0004992914589830287,50,0.5,0.8222222222222222,0.9777777777777777,0.7142857142857143,0.8333333333333334,0.9666666666666667,0.9,0.7469064529073725,0.7692307692307692,0.9545454545454546,0.5,5,58,2,1
