mean_fit_time,std_fit_time,mean_score_time,std_score_time,param_criterion,param_max_depth,param_min_samples_leaf,param_min_samples_split,param_n_estimators,param_n_jobs,param_random_state,params,split0_test_score,split1_test_score,split2_test_score,split3_test_score,split4_test_score,split5_test_score,split6_test_score,split7_test_score,split8_test_score,split9_test_score,mean_test_score,std_test_score,rank_test_score
0.6154265403747559,0.18032623842111015,0.2221475601196289,0.15380619268144075,gini,,1,2,100,-1,42,"{'criterion': 'gini', 'max_depth': None, 'min_samples_leaf': 1, 'min_samples_split': 2, 'n_estimators': 100, 'n_jobs': -1, 'random_state': 42}",0.976,0.968,0.9920634920634921,0.9841269841269842,0.976,0.9799196787148594,0.996078431372549,0.97165991902834,0.9718875502008032,0.9803921568627452,0.9796128212369772,0.008550472215491411,251
1.4125789165496827,0.2669639583921268,0.3632483720779419,0.19456130555075377,gini,,1,2,200,-1,42,"{'criterion': 'gini', 'max_depth': None, 'min_samples_leaf': 1, 'min_samples_split': 2, 'n_estimators': 200, 'n_jobs': -1, 'random_state': 42}",0.976,0.9718875502008032,0.9920634920634921,0.9841269841269842,0.9800796812749005,0.9839999999999999,0.9921259842519685,0.97165991902834,0.9718875502008032,0.9803921568627452,0.9804223318010037,0.007356333744069138,113
2.750851607322693,0.5689062992982233,1.019243025779724,0.46863999143875257,gini,,1,2,300,-1,42,"{'criterion': 'gini', 'max_depth': None, 'min_samples_leaf': 1, 'min_samples_split': 2, 'n_estimators': 300, 'n_jobs': -1, 'random_state': 42}",0.976,0.9718875502008032,0.9920634920634921,0.9841269841269842,0.9800796812749005,0.9839999999999999,0.9921259842519685,0.9674796747967479,0.9718875502008032,0.9803921568627452,0.9800043073778445,0.007938145312911567,166
5.505662035942078,0.7622019396049844,1.6395886898040772,0.9940620041290616,gini,,1,2,500,-1,42,"{'criterion': 'gini', 'max_depth': None, 'min_samples_leaf': 1, 'min_samples_split': 2, 'n_estimators': 500, 'n_jobs': -1, 'random_state': 42}",0.9800796812749005,0.9718875502008032,0.9920634920634921,0.9841269841269842,0.9800796812749005,0.9839999999999999,0.996078431372549,0.9674796747967479,0.9718875502008032,0.9803921568627452,0.9808075202173926,0.008479997741965563,75
1.1565283298492433,0.16643519028300513,0.6347459077835083,0.40772424520661765,gini,,1,5,100,-1,42,"{'criterion': 'gini', 'max_depth': None, 'min_samples_leaf': 1, 'min_samples_split': 5, 'n_estimators': 100, 'n_jobs': -1, 'random_state': 42}",0.976,0.9718875502008032,0.9920634920634921,0.9800796812749005,0.976,0.9799196787148594,0.996078431372549,0.9674796747967479,0.97165991902834,0.984251968503937,0.979542039595563,0.008626505034913015,272
2.120580053329468,0.5580256737883253,0.9435186147689819,0.48384832337240935,gini,,1,5,200,-1,42,"{'criterion': 'gini', 'max_depth': None, 'min_samples_leaf': 1, 'min_samples_split': 5, 'n_estimators': 200, 'n_jobs': -1, 'random_state': 42}",0.9800796812749005,0.968,0.9920634920634921,0.9800796812749005,0.9800796812749005,0.9839999999999999,0.996078431372549,0.97165991902834,0.97165991902834,0.984251968503937,0.9807952773821359,0.00845536113791248,79
3.747662663459778,0.6215778441335,0.7347836256027221,0.2869708081261319,gini,,1,5,300,-1,42,"{'criterion': 'gini', 'max_depth': None, 'min_samples_leaf': 1, 'min_samples_split': 5, 'n_estimators': 300, 'n_jobs': -1, 'random_state': 42}",0.9800796812749005,0.968,0.9920634920634921,0.9800796812749005,0.9800796812749005,0.9839999999999999,0.996078431372549,0.9674796747967479,0.97165991902834,0.984251968503937,0.9803772529589768,0.008983509200203195,143
5.806639361381531,0.49795318067306493,1.1228085279464721,0.16125983822235168,gini,,1,5,500,-1,42,"{'criterion': 'gini', 'max_depth': None, 'min_samples_leaf': 1, 'min_samples_split': 5, 'n_estimators': 500, 'n_jobs': -1, 'random_state': 42}",0.9800796812749005,0.9718875502008032,0.9920634920634921,0.9800796812749005,0.9800796812749005,0.9839999999999999,0.996078431372549,0.9674796747967479,0.9758064516129031,0.984251968503937,0.9811806612375135,0.008150820223019405,63
1.864132046699524,0.4566405387822649,0.8221246004104614,0.9677195694308063,gini,,1,10,100,-1,42,"{'criterion': 'gini', 'max_depth': None, 'min_samples_leaf': 1, 'min_samples_split': 10, 'n_estimators': 100, 'n_jobs': -1, 'random_state': 42}",0.976,0.9638554216867471,0.9920634920634921,0.9800796812749005,0.976190476190476,0.9799196787148594,0.9921259842519685,0.976,0.97165991902834,0.9803921568627452,0.978828681007353,0.008097721110416881,300
2.9021763801574707,1.3443791980211548,0.607968783378601,0.2670631523722828,gini,,1,10,200,-1,42,"{'criterion': 'gini', 'max_depth': None, 'min_samples_leaf': 1, 'min_samples_split': 10, 'n_estimators': 200, 'n_jobs': -1, 'random_state': 42}",0.9841269841269842,0.9718875502008032,0.9920634920634921,0.9800796812749005,0.9800796812749005,0.9799196787148594,0.996078431372549,0.976,0.97165991902834,0.9803921568627452,0.9812287574919575,0.007466719986011178,22
2.994047689437866,0.5587865992708798,0.7167573928833008,0.26155540799355087,gini,,1,10,300,-1,42,"{'criterion': 'gini', 'max_depth': None, 'min_samples_leaf': 1, 'min_samples_split': 10, 'n_estimators': 300, 'n_jobs': -1, 'random_state': 42}",0.9800796812749005,0.9718875502008032,0.9920634920634921,0.9800796812749005,0.9800796812749005,0.9839999999999999,0.996078431372549,0.976,0.97165991902834,0.9803921568627452,0.981232059335263,0.007459260826594387,19
5.746194529533386,0.9206073968940055,1.6441375494003296,0.7759951001488121,gini,,1,10,500,-1,42,"{'criterion': 'gini', 'max_depth': None, 'min_samples_leaf': 1, 'min_samples_split': 10, 'n_estimators': 500, 'n_jobs': -1, 'random_state': 42}",0.9841269841269842,0.9718875502008032,0.9920634920634921,0.9800796812749005,0.9800796812749005,0.9799196787148594,0.996078431372549,0.976,0.97165991902834,0.9803921568627452,0.9812287574919575,0.007466719986011178,22
1.4091144323348999,0.23779901072702753,0.6072463035583496,0.16513665298109234,gini,,2,2,100,-1,42,"{'criterion': 'gini', 'max_depth': None, 'min_samples_leaf': 2, 'min_samples_split': 2, 'n_estimators': 100, 'n_jobs': -1, 'random_state': 42}",0.9800796812749005,0.968,0.9880478087649402,0.9800796812749005,0.976190476190476,0.9839999999999999,0.996078431372549,0.97165991902834,0.97165991902834,0.984251968503937,0.9800047885438383,0.00809321480791118,162
1.759583830833435,0.33523363577530685,1.1331605672836305,0.30772126639588937,gini,,2,2,200,-1,42,"{'criterion': 'gini', 'max_depth': None, 'min_samples_leaf': 2, 'min_samples_split': 2, 'n_estimators': 200, 'n_jobs': -1, 'random_state': 42}",0.9800796812749005,0.9718875502008032,0.9920634920634921,0.9800796812749005,0.976190476190476,0.9839999999999999,0.996078431372549,0.97165991902834,0.97165991902834,0.984251968503937,0.9807951118937739,0.008070018066452007,82
3.7516357421875,0.6683755170009092,1.3967507123947143,0.7195202738208346,gini,,2,2,300,-1,42,"{'criterion': 'gini', 'max_depth': None, 'min_samples_leaf': 2, 'min_samples_split': 2, 'n_estimators': 300, 'n_jobs': -1, 'random_state': 42}",0.9841269841269842,0.9718875502008032,0.9920634920634921,0.9800796812749005,0.976190476190476,0.9839999999999999,0.996078431372549,0.97165991902834,0.97165991902834,0.984251968503937,0.9811998421789822,0.008125290034817134,54
4.6621828317642215,0.35660680351544016,0.9937012672424317,0.24070428100800975,gini,,2,2,500,-1,42,"{'criterion': 'gini', 'max_depth': None, 'min_samples_leaf': 2, 'min_samples_split': 2, 'n_estimators': 500, 'n_jobs': -1, 'random_state': 42}",0.9841269841269842,0.9718875502008032,0.9880478087649402,0.9800796812749005,0.9800796812749005,0.9839999999999999,0.996078431372549,0.97165991902834,0.97165991902834,0.984251968503937,0.9811871943575694,0.007518234847479415,60
2.9382259368896486,0.46883230400512943,0.5724592447280884,0.32235047140357037,gini,,2,5,100,-1,42,"{'criterion': 'gini', 'max_depth': None, 'min_samples_leaf': 2, 'min_samples_split': 5, 'n_estimators': 100, 'n_jobs': -1, 'random_state': 42}",0.9800796812749005,0.968,0.9880478087649402,0.9800796812749005,0.9800796812749005,0.9839999999999999,0.996078431372549,0.9677419354838711,0.97165991902834,0.984251968503937,0.9800019106978338,0.008492340811471008,175
1.9918785333633422,0.638666159419023,0.9519464492797851,0.3104847002614204,gini,,2,5,200,-1,42,"{'criterion': 'gini', 'max_depth': None, 'min_samples_leaf': 2, 'min_samples_split': 5, 'n_estimators': 200, 'n_jobs': -1, 'random_state': 42}",0.9800796812749005,0.9638554216867471,0.9920634920634921,0.9800796812749005,0.976190476190476,0.9839999999999999,0.996078431372549,0.97165991902834,0.97165991902834,0.984251968503937,0.9799918990423683,0.009232599071106393,200
2.627649736404419,0.6427119060592913,0.9438552856445312,0.33471184327330283,gini,,2,5,300,-1,42,"{'criterion': 'gini', 'max_depth': None, 'min_samples_leaf': 2, 'min_samples_split': 5, 'n_estimators': 300, 'n_jobs': -1, 'random_state': 42}",0.9800796812749005,0.9638554216867471,0.9920634920634921,0.9800796812749005,0.976190476190476,0.9839999999999999,0.996078431372549,0.97165991902834,0.97165991902834,0.984251968503937,0.9799918990423683,0.009232599071106393,200
4.368948316574096,0.6775797913298022,0.903476357460022,0.3737178158030643,gini,,2,5,500,-1,42,"{'criterion': 'gini', 'max_depth': None, 'min_samples_leaf': 2, 'min_samples_split': 5, 'n_estimators': 500, 'n_jobs': -1, 'random_state': 42}",0.9841269841269842,0.968,0.9880478087649402,0.9800796812749005,0.976190476190476,0.9839999999999999,0.996078431372549,0.9677419354838711,0.97165991902834,0.984251968503937,0.9800177204745998,0.008675985202648699,148
1.5447587490081787,0.05268959312045206,1.6005377531051637,0.38674027749666867,gini,,2,10,100,-1,42,"{'criterion': 'gini', 'max_depth': None, 'min_samples_leaf': 2, 'min_samples_split': 10, 'n_estimators': 100, 'n_jobs': -1, 'random_state': 42}",0.9800796812749005,0.9638554216867471,0.9880478087649402,0.9881422924901185,0.976190476190476,0.9839999999999999,0.9921875,0.9758064516129031,0.97165991902834,0.984251968503937,0.9804221519552362,0.008211001467235812,118
1.9646503448486328,0.42874877514426163,0.6857550382614136,0.3001592762493134,gini,,2,10,200,-1,42,"{'criterion': 'gini', 'max_depth': None, 'min_samples_leaf': 2, 'min_samples_split': 10, 'n_estimators': 200, 'n_jobs': -1, 'random_state': 42}",0.9841269841269842,0.96,0.9880478087649402,0.9841269841269842,0.976190476190476,0.9839999999999999,0.996078431372549,0.9758064516129031,0.97165991902834,0.984251968503937,0.9804289023727113,0.009440562013656669,98
3.2559483528137205,0.6009064371727088,0.8579593420028686,0.4127816252486215,gini,,2,10,300,-1,42,"{'criterion': 'gini', 'max_depth': None, 'min_samples_leaf': 2, 'min_samples_split': 10, 'n_estimators': 300, 'n_jobs': -1, 'random_state': 42}",0.9841269841269842,0.9558232931726907,0.9880478087649402,0.9841269841269842,0.976190476190476,0.9839999999999999,0.9921875,0.97165991902834,0.97165991902834,0.984251968503937,0.9792074852942692,0.01006630192574696,277
4.590278911590576,0.4357903879552744,0.9046142578125,0.16839703198097725,gini,,2,10,500,-1,42,"{'criterion': 'gini', 'max_depth': None, 'min_samples_leaf': 2, 'min_samples_split': 10, 'n_estimators': 500, 'n_jobs': -1, 'random_state': 42}",0.9841269841269842,0.968,0.9880478087649402,0.9841269841269842,0.9723320158102767,0.9839999999999999,0.996078431372549,0.9718875502008032,0.97165991902834,0.984251968503937,0.9804511661934814,0.008529699162319986,93
1.4422943592071533,0.2625186774427005,1.2433221578598022,0.5710659202384325,gini,,4,2,100,-1,42,"{'criterion': 'gini', 'max_depth': None, 'min_samples_leaf': 4, 'min_samples_split': 2, 'n_estimators': 100, 'n_jobs': -1, 'random_state': 42}",0.976,0.9554655870445343,0.9839999999999999,0.9841269841269842,0.9723320158102767,0.9799196787148594,0.9921875,0.9677419354838711,0.9674796747967479,0.9763779527559056,0.9755631328733179,0.009907517461318406,488
2.792231798171997,0.7330459340829844,0.6404072284698487,0.18979068539147692,gini,,4,2,200,-1,42,"{'criterion': 'gini', 'max_depth': None, 'min_samples_leaf': 4, 'min_samples_split': 2, 'n_estimators': 200, 'n_jobs': -1, 'random_state': 42}",0.9800796812749005,0.9512195121951219,0.9839999999999999,0.9841269841269842,0.9763779527559056,0.9758064516129031,0.9921875,0.9677419354838711,0.97165991902834,0.9802371541501976,0.9763437090628223,0.010615007113297511,468
3.1210895776748657,0.5166419562483084,1.1485174417495727,0.4202385750975112,gini,,4,2,300,-1,42,"{'criterion': 'gini', 'max_depth': None, 'min_samples_leaf': 4, 'min_samples_split': 2, 'n_estimators': 300, 'n_jobs': -1, 'random_state': 42}",0.9800796812749005,0.9512195121951219,0.9839999999999999,0.9841269841269842,0.9723320158102767,0.9839999999999999,0.9921875,0.9635627530364372,0.9674796747967479,0.9763779527559056,0.9755366073996374,0.011513166746319655,498
4.550653290748596,0.8342092436929763,1.1351797580718994,0.28030636242889934,gini,,4,2,500,-1,42,"{'criterion': 'gini', 'max_depth': None, 'min_samples_leaf': 4, 'min_samples_split': 2, 'n_estimators': 500, 'n_jobs': -1, 'random_state': 42}",0.9841269841269842,0.9516129032258065,0.9839999999999999,0.9841269841269842,0.9723320158102767,0.9839999999999999,0.996078431372549,0.9635627530364372,0.9674796747967479,0.984251968503937,0.9771571714999722,0.012463584253580167,430
1.17560932636261,0.12903494093365764,0.5240147829055786,0.25946286039972144,gini,,4,5,100,-1,42,"{'criterion': 'gini', 'max_depth': None, 'min_samples_leaf': 4, 'min_samples_split': 5, 'n_estimators': 100, 'n_jobs': -1, 'random_state': 42}",0.976,0.9554655870445343,0.9839999999999999,0.9841269841269842,0.9723320158102767,0.9799196787148594,0.9921875,0.9677419354838711,0.9674796747967479,0.9763779527559056,0.9755631328733179,0.009907517461318406,488
2.0066476345062254,0.6343809273350053,0.9646568536758423,0.2844265673703166,gini,,4,5,200,-1,42,"{'criterion': 'gini', 'max_depth': None, 'min_samples_leaf': 4, 'min_samples_split': 5, 'n_estimators': 200, 'n_jobs': -1, 'random_state': 42}",0.9800796812749005,0.9512195121951219,0.9839999999999999,0.9841269841269842,0.9763779527559056,0.9758064516129031,0.9921875,0.9677419354838711,0.97165991902834,0.9802371541501976,0.9763437090628223,0.010615007113297511,468
3.5213690996170044,0.6150326574822805,0.8694641590118408,0.6203013933891213,gini,,4,5,300,-1,42,"{'criterion': 'gini', 'max_depth': None, 'min_samples_leaf': 4, 'min_samples_split': 5, 'n_estimators': 300, 'n_jobs': -1, 'random_state': 42}",0.9800796812749005,0.9512195121951219,0.9839999999999999,0.9841269841269842,0.9723320158102767,0.9839999999999999,0.9921875,0.9635627530364372,0.9674796747967479,0.9763779527559056,0.9755366073996374,0.011513166746319655,498
4.689114761352539,0.8000478158993234,0.9871875762939453,0.4760616230159255,gini,,4,5,500,-1,42,"{'criterion': 'gini', 'max_depth': None, 'min_samples_leaf': 4, 'min_samples_split': 5, 'n_estimators': 500, 'n_jobs': -1, 'random_state': 42}",0.9841269841269842,0.9516129032258065,0.9839999999999999,0.9841269841269842,0.9723320158102767,0.9839999999999999,0.996078431372549,0.9635627530364372,0.9674796747967479,0.984251968503937,0.9771571714999722,0.012463584253580167,430
1.363170576095581,0.2924713595838919,0.8516537427902222,0.35227197662461524,gini,,4,10,100,-1,42,"{'criterion': 'gini', 'max_depth': None, 'min_samples_leaf': 4, 'min_samples_split': 10, 'n_estimators': 100, 'n_jobs': -1, 'random_state': 42}",0.976,0.9638554216867471,0.9839999999999999,0.9841269841269842,0.976190476190476,0.9839999999999999,0.9921875,0.9718875502008032,0.9674796747967479,0.9803921568627452,0.9780119763864503,0.00819712649571073,328
2.6074751138687136,0.41443454957610343,0.5258616447448731,0.170766341242769,gini,,4,10,200,-1,42,"{'criterion': 'gini', 'max_depth': None, 'min_samples_leaf': 4, 'min_samples_split': 10, 'n_estimators': 200, 'n_jobs': -1, 'random_state': 42}",0.9800796812749005,0.9596774193548386,0.9839999999999999,0.9841269841269842,0.9723320158102767,0.9799196787148594,0.9921875,0.9677419354838711,0.9674796747967479,0.984251968503937,0.9771796858066415,0.009481252153615454,427
3.210583734512329,0.7816300674620741,1.138876247406006,0.5176553150402812,gini,,4,10,300,-1,42,"{'criterion': 'gini', 'max_depth': None, 'min_samples_leaf': 4, 'min_samples_split': 10, 'n_estimators': 300, 'n_jobs': -1, 'random_state': 42}",0.9841269841269842,0.9554655870445343,0.9839999999999999,0.9841269841269842,0.9723320158102767,0.9839999999999999,0.9921875,0.9635627530364372,0.9674796747967479,0.9803921568627452,0.9767673655804708,0.010945002137322891,448
4.439664459228515,0.7222868245937275,0.8373321771621705,0.213565896760878,gini,,4,10,500,-1,42,"{'criterion': 'gini', 'max_depth': None, 'min_samples_leaf': 4, 'min_samples_split': 10, 'n_estimators': 500, 'n_jobs': -1, 'random_state': 42}",0.9841269841269842,0.9596774193548386,0.9839999999999999,0.9841269841269842,0.9723320158102767,0.9839999999999999,0.996078431372549,0.9677419354838711,0.9674796747967479,0.984251968503937,0.9783815413576187,0.010465605850822575,318
1.7402990341186524,0.6865793498026593,1.074201774597168,0.5579841702614914,gini,10,1,2,100,-1,42,"{'criterion': 'gini', 'max_depth': 10, 'min_samples_leaf': 1, 'min_samples_split': 2, 'n_estimators': 100, 'n_jobs': -1, 'random_state': 42}",0.9841269841269842,0.9638554216867471,0.9880478087649402,0.9841269841269842,0.9763779527559056,0.9839999999999999,0.9883268482490272,0.9677419354838711,0.9635627530364372,0.9803921568627452,0.9780558845093641,0.00916916260526429,327
2.5217987298965454,0.33825141517459806,0.6630872964859009,0.26725344614156943,gini,10,1,2,200,-1,42,"{'criterion': 'gini', 'max_depth': 10, 'min_samples_leaf': 1, 'min_samples_split': 2, 'n_estimators': 200, 'n_jobs': -1, 'random_state': 42}",0.9800796812749005,0.968,0.9920634920634921,0.9800796812749005,0.9723320158102767,0.9880478087649402,0.9883268482490272,0.97165991902834,0.9674796747967479,0.9803921568627452,0.978846127812537,0.00834024711117318,298
2.5983941316604615,0.6208300877942435,0.9207211971282959,0.2537412131382458,gini,10,1,2,300,-1,42,"{'criterion': 'gini', 'max_depth': 10, 'min_samples_leaf': 1, 'min_samples_split': 2, 'n_estimators': 300, 'n_jobs': -1, 'random_state': 42}",0.9841269841269842,0.9596774193548386,0.9880478087649402,0.9841269841269842,0.9763779527559056,0.9839999999999999,0.9883268482490272,0.97165991902834,0.9674796747967479,0.9803921568627452,0.9784215748066514,0.009010267220619634,315
4.265598011016846,0.7442889962243467,0.9314169645309448,0.29304021861592117,gini,10,1,2,500,-1,42,"{'criterion': 'gini', 'max_depth': 10, 'min_samples_leaf': 1, 'min_samples_split': 2, 'n_estimators': 500, 'n_jobs': -1, 'random_state': 42}",0.9841269841269842,0.9554655870445343,0.9880478087649402,0.9841269841269842,0.9725490196078432,0.9839999999999999,0.9883268482490272,0.97165991902834,0.9674796747967479,0.9803921568627452,0.9776174982608146,0.010056481924428541,379
1.084303855895996,0.2865719454386272,1.1283852815628053,0.43559057704481063,gini,10,1,5,100,-1,42,"{'criterion': 'gini', 'max_depth': 10, 'min_samples_leaf': 1, 'min_samples_split': 5, 'n_estimators': 100, 'n_jobs': -1, 'random_state': 42}",0.9800796812749005,0.968,0.9880478087649402,0.9841269841269842,0.9725490196078432,0.9758064516129031,0.9883268482490272,0.9674796747967479,0.9674796747967479,0.9725490196078432,0.9764445162837937,0.007815781997223048,460
2.207025671005249,0.4564629566910826,0.9098029851913452,0.23861085106648575,gini,10,1,5,200,-1,42,"{'criterion': 'gini', 'max_depth': 10, 'min_samples_leaf': 1, 'min_samples_split': 5, 'n_estimators': 200, 'n_jobs': -1, 'random_state': 42}",0.9800796812749005,0.9638554216867471,0.9920634920634921,0.9841269841269842,0.9763779527559056,0.9839999999999999,0.9883268482490272,0.97165991902834,0.9674796747967479,0.9803921568627452,0.978836213084489,0.008570848882907137,299
3.1947874307632445,0.6230847728892035,0.8509423017501831,0.19704320998153554,gini,10,1,5,300,-1,42,"{'criterion': 'gini', 'max_depth': 10, 'min_samples_leaf': 1, 'min_samples_split': 5, 'n_estimators': 300, 'n_jobs': -1, 'random_state': 42}",0.9841269841269842,0.9596774193548386,0.9920634920634921,0.9841269841269842,0.9727626459143969,0.9880478087649402,0.9883268482490272,0.97165991902834,0.9674796747967479,0.9803921568627452,0.9788663933288497,0.009963436568869307,296
4.212469220161438,0.8912729719898225,0.887065076828003,0.16973981609793903,gini,10,1,5,500,-1,42,"{'criterion': 'gini', 'max_depth': 10, 'min_samples_leaf': 1, 'min_samples_split': 5, 'n_estimators': 500, 'n_jobs': -1, 'random_state': 42}",0.9841269841269842,0.9554655870445343,0.9880478087649402,0.9841269841269842,0.9687500000000001,0.9880478087649402,0.9883268482490272,0.9758064516129031,0.9674796747967479,0.9803921568627452,0.9780570304349807,0.010479416203222867,326
1.538433575630188,0.30121395296510967,0.931594729423523,0.18243920963191357,gini,10,1,10,100,-1,42,"{'criterion': 'gini', 'max_depth': 10, 'min_samples_leaf': 1, 'min_samples_split': 10, 'n_estimators': 100, 'n_jobs': -1, 'random_state': 42}",0.9841269841269842,0.9554655870445343,0.9839999999999999,0.9881422924901185,0.9725490196078432,0.9800796812749005,0.9883268482490272,0.9677419354838711,0.9635627530364372,0.9803921568627452,0.9764387258176462,0.010582516175887803,461
2.1342020511627195,0.39854937333472107,0.8539279937744141,0.3657446621446909,gini,10,1,10,200,-1,42,"{'criterion': 'gini', 'max_depth': 10, 'min_samples_leaf': 1, 'min_samples_split': 10, 'n_estimators': 200, 'n_jobs': -1, 'random_state': 42}",0.9881422924901185,0.9596774193548386,0.9920634920634921,0.9841269841269842,0.9725490196078432,0.9841269841269842,0.9883268482490272,0.97165991902834,0.9674796747967479,0.9803921568627452,0.9788544790707121,0.009985472733900592,297
3.106111431121826,0.5676899722014905,1.0863541603088378,0.5578892753067497,gini,10,1,10,300,-1,42,"{'criterion': 'gini', 'max_depth': 10, 'min_samples_leaf': 1, 'min_samples_split': 10, 'n_estimators': 300, 'n_jobs': -1, 'random_state': 42}",0.9841269841269842,0.9554655870445343,0.9880478087649402,0.9881422924901185,0.9687500000000001,0.9799196787148594,0.9883268482490272,0.97165991902834,0.9674796747967479,0.9803921568627452,0.9772310950078298,0.010467759337575253,423
4.378753280639648,0.43392224724685347,0.8062408447265625,0.1721828673304159,gini,10,1,10,500,-1,42,"{'criterion': 'gini', 'max_depth': 10, 'min_samples_leaf': 1, 'min_samples_split': 10, 'n_estimators': 500, 'n_jobs': -1, 'random_state': 42}",0.9841269841269842,0.9596774193548386,0.9839999999999999,0.9841269841269842,0.9687500000000001,0.9839999999999999,0.9883268482490272,0.9718875502008032,0.9674796747967479,0.9803921568627452,0.9772767617718129,0.009074877901549174,412
1.4581085443496704,0.2791725462478813,1.2690812826156617,0.6671049641350242,gini,10,2,2,100,-1,42,"{'criterion': 'gini', 'max_depth': 10, 'min_samples_leaf': 2, 'min_samples_split': 2, 'n_estimators': 100, 'n_jobs': -1, 'random_state': 42}",0.9841269841269842,0.9638554216867471,0.9839999999999999,0.9841269841269842,0.9647058823529412,0.9758064516129031,0.9921875,0.9718875502008032,0.963265306122449,0.9725490196078432,0.9756511099837656,0.009607252103487281,482
2.1516561031341555,0.6698105505441004,0.5797619581222534,0.16682530734424925,gini,10,2,2,200,-1,42,"{'criterion': 'gini', 'max_depth': 10, 'min_samples_leaf': 2, 'min_samples_split': 2, 'n_estimators': 200, 'n_jobs': -1, 'random_state': 42}",0.9841269841269842,0.9638554216867471,0.9920634920634921,0.9841269841269842,0.968503937007874,0.9758064516129031,0.9843749999999999,0.9758064516129031,0.963265306122449,0.9763779527559056,0.9768307981116242,0.009052302637656209,440
3.0801990032196045,0.45431811136305017,0.8583350419998169,0.390578069429181,gini,10,2,2,300,-1,42,"{'criterion': 'gini', 'max_depth': 10, 'min_samples_leaf': 2, 'min_samples_split': 2, 'n_estimators': 300, 'n_jobs': -1, 'random_state': 42}",0.9841269841269842,0.9554655870445343,0.9839999999999999,0.9841269841269842,0.9647058823529412,0.9758064516129031,0.9843749999999999,0.97165991902834,0.9674796747967479,0.9803921568627452,0.9752138639952179,0.009591851880457717,509
4.169246411323547,0.6662862915834058,0.8065147876739502,0.14714578567477574,gini,10,2,2,500,-1,42,"{'criterion': 'gini', 'max_depth': 10, 'min_samples_leaf': 2, 'min_samples_split': 2, 'n_estimators': 500, 'n_jobs': -1, 'random_state': 42}",0.9841269841269842,0.9554655870445343,0.9839999999999999,0.9841269841269842,0.9647058823529412,0.9799196787148594,0.9883268482490272,0.9758064516129031,0.9674796747967479,0.9803921568627452,0.9764350247887726,0.010013301147073252,462
1.1166440010070802,0.28151578496048535,1.210107421875,0.4915595016974912,gini,10,2,5,100,-1,42,"{'criterion': 'gini', 'max_depth': 10, 'min_samples_leaf': 2, 'min_samples_split': 5, 'n_estimators': 100, 'n_jobs': -1, 'random_state': 42}",0.9841269841269842,0.9596774193548386,0.9839999999999999,0.9841269841269842,0.9647058823529412,0.9799196787148594,0.9883268482490272,0.9718875502008032,0.9674796747967479,0.9763779527559056,0.976062897467909,0.009203292973807044,474
2.115873193740845,0.5497819398464208,0.8414289236068726,0.31500215400618087,gini,10,2,5,200,-1,42,"{'criterion': 'gini', 'max_depth': 10, 'min_samples_leaf': 2, 'min_samples_split': 5, 'n_estimators': 200, 'n_jobs': -1, 'random_state': 42}",0.9841269841269842,0.9596774193548386,0.9920634920634921,0.9841269841269842,0.968503937007874,0.9839999999999999,0.9883268482490272,0.9677419354838711,0.9674796747967479,0.9803921568627452,0.9776439432072564,0.010304161424737451,375
2.9806535959243776,0.6438040704395301,0.8265190124511719,0.24262043594911772,gini,10,2,5,300,-1,42,"{'criterion': 'gini', 'max_depth': 10, 'min_samples_leaf': 2, 'min_samples_split': 5, 'n_estimators': 300, 'n_jobs': -1, 'random_state': 42}",0.9841269841269842,0.9554655870445343,0.9839999999999999,0.9841269841269842,0.9647058823529412,0.9758064516129031,0.9883268482490272,0.9677419354838711,0.9674796747967479,0.9803921568627452,0.9752172504656738,0.010253093407738946,508
4.543284177780151,0.7226219721280561,0.9527246952056885,0.36398361392018136,gini,10,2,5,500,-1,42,"{'criterion': 'gini', 'max_depth': 10, 'min_samples_leaf': 2, 'min_samples_split': 5, 'n_estimators': 500, 'n_jobs': -1, 'random_state': 42}",0.9841269841269842,0.9554655870445343,0.9839999999999999,0.9841269841269842,0.9647058823529412,0.9799196787148594,0.9883268482490272,0.9758064516129031,0.9674796747967479,0.9803921568627452,0.9764350247887726,0.010013301147073252,462
1.231684112548828,0.26623776195979365,0.7592974185943604,0.13387329825891303,gini,10,2,10,100,-1,42,"{'criterion': 'gini', 'max_depth': 10, 'min_samples_leaf': 2, 'min_samples_split': 10, 'n_estimators': 100, 'n_jobs': -1, 'random_state': 42}",0.9718875502008032,0.9638554216867471,0.9839999999999999,0.9881422924901185,0.9723320158102767,0.9839999999999999,0.9883268482490272,0.9677419354838711,0.9674796747967479,0.9803921568627452,0.9768157895580336,0.008710172647212841,441
2.1335113763809206,0.5884129524471199,0.9538511514663697,0.2868862553252114,gini,10,2,10,200,-1,42,"{'criterion': 'gini', 'max_depth': 10, 'min_samples_leaf': 2, 'min_samples_split': 10, 'n_estimators': 200, 'n_jobs': -1, 'random_state': 42}",0.9841269841269842,0.9596774193548386,0.9839999999999999,0.9881422924901185,0.968503937007874,0.9839999999999999,0.9883268482490272,0.9677419354838711,0.9674796747967479,0.9803921568627452,0.9772391248372208,0.0098019397793325,420
3.2724525213241575,0.4422889094964028,0.7284772872924805,0.2787862179112098,gini,10,2,10,300,-1,42,"{'criterion': 'gini', 'max_depth': 10, 'min_samples_leaf': 2, 'min_samples_split': 10, 'n_estimators': 300, 'n_jobs': -1, 'random_state': 42}",0.9841269841269842,0.9554655870445343,0.9839999999999999,0.9881422924901185,0.9647058823529412,0.9799196787148594,0.9883268482490272,0.9677419354838711,0.9674796747967479,0.9803921568627452,0.9760301040121828,0.01074286258993613,481
4.638643646240235,0.6564393816314247,0.9108305931091308,0.1626894313435306,gini,10,2,10,500,-1,42,"{'criterion': 'gini', 'max_depth': 10, 'min_samples_leaf': 2, 'min_samples_split': 10, 'n_estimators': 500, 'n_jobs': -1, 'random_state': 42}",0.9841269841269842,0.9596774193548386,0.9839999999999999,0.9881422924901185,0.9687500000000001,0.9799196787148594,0.9883268482490272,0.9718875502008032,0.9674796747967479,0.9803921568627452,0.9772702604796125,0.00925446354891679,413
1.545322585105896,0.23332458833101363,0.7409087896347046,0.18912740789385354,gini,10,4,2,100,-1,42,"{'criterion': 'gini', 'max_depth': 10, 'min_samples_leaf': 4, 'min_samples_split': 2, 'n_estimators': 100, 'n_jobs': -1, 'random_state': 42}",0.9721115537848605,0.9554655870445343,0.9839999999999999,0.9881422924901185,0.968503937007874,0.976,0.9883268482490272,0.9677419354838711,0.963265306122449,0.9803921568627452,0.974394961704548,0.01039354205630327,528
1.9562376260757446,0.5586638557791805,0.7696991205215454,0.22493177850565507,gini,10,4,2,200,-1,42,"{'criterion': 'gini', 'max_depth': 10, 'min_samples_leaf': 4, 'min_samples_split': 2, 'n_estimators': 200, 'n_jobs': -1, 'random_state': 42}",0.9802371541501976,0.9554655870445343,0.9839999999999999,0.9841269841269842,0.9647058823529412,0.9800796812749005,0.9883268482490272,0.9638554216867471,0.963265306122449,0.9803921568627452,0.9744455021870525,0.010819450818629166,522
2.9518013477325438,0.47228719684319465,0.751660943031311,0.183540201327785,gini,10,4,2,300,-1,42,"{'criterion': 'gini', 'max_depth': 10, 'min_samples_leaf': 4, 'min_samples_split': 2, 'n_estimators': 300, 'n_jobs': -1, 'random_state': 42}",0.9802371541501976,0.9516129032258065,0.9839999999999999,0.9841269841269842,0.968503937007874,0.976,0.9883268482490272,0.968,0.963265306122449,0.9803921568627452,0.9744465289745083,0.010826840403804829,520
4.602381443977356,0.791282874807427,0.8948656558990479,0.20613447543700983,gini,10,4,2,500,-1,42,"{'criterion': 'gini', 'max_depth': 10, 'min_samples_leaf': 4, 'min_samples_split': 2, 'n_estimators': 500, 'n_jobs': -1, 'random_state': 42}",0.9802371541501976,0.9516129032258065,0.9839999999999999,0.9881422924901185,0.9647058823529412,0.976,0.9883268482490272,0.968,0.963265306122449,0.9765625,0.974085288659054,0.011373016977370672,530
1.6307722806930542,0.3843207258025144,0.675452446937561,0.2117006734890408,gini,10,4,5,100,-1,42,"{'criterion': 'gini', 'max_depth': 10, 'min_samples_leaf': 4, 'min_samples_split': 5, 'n_estimators': 100, 'n_jobs': -1, 'random_state': 42}",0.9721115537848605,0.9554655870445343,0.9839999999999999,0.9881422924901185,0.968503937007874,0.976,0.9883268482490272,0.9677419354838711,0.963265306122449,0.9803921568627452,0.974394961704548,0.01039354205630327,528
2.0407628774642945,0.4295414034651845,0.7525005578994751,0.17219166117970017,gini,10,4,5,200,-1,42,"{'criterion': 'gini', 'max_depth': 10, 'min_samples_leaf': 4, 'min_samples_split': 5, 'n_estimators': 200, 'n_jobs': -1, 'random_state': 42}",0.9802371541501976,0.9554655870445343,0.9839999999999999,0.9841269841269842,0.9647058823529412,0.9800796812749005,0.9883268482490272,0.9638554216867471,0.963265306122449,0.9803921568627452,0.9744455021870525,0.010819450818629166,522
2.8906137466430666,0.6108507751946695,0.6196004152297974,0.229841934786241,gini,10,4,5,300,-1,42,"{'criterion': 'gini', 'max_depth': 10, 'min_samples_leaf': 4, 'min_samples_split': 5, 'n_estimators': 300, 'n_jobs': -1, 'random_state': 42}",0.9802371541501976,0.9516129032258065,0.9839999999999999,0.9841269841269842,0.968503937007874,0.976,0.9883268482490272,0.968,0.963265306122449,0.9803921568627452,0.9744465289745083,0.010826840403804829,520
4.590173363685608,0.342947972634615,0.813705325126648,0.19481283673224978,gini,10,4,5,500,-1,42,"{'criterion': 'gini', 'max_depth': 10, 'min_samples_leaf': 4, 'min_samples_split': 5, 'n_estimators': 500, 'n_jobs': -1, 'random_state': 42}",0.9802371541501976,0.9516129032258065,0.9839999999999999,0.9881422924901185,0.9647058823529412,0.976,0.9883268482490272,0.968,0.963265306122449,0.9765625,0.974085288659054,0.011373016977370672,530
1.174136233329773,0.1849933199424008,0.6765923023223877,0.2322025339734402,gini,10,4,10,100,-1,42,"{'criterion': 'gini', 'max_depth': 10, 'min_samples_leaf': 4, 'min_samples_split': 10, 'n_estimators': 100, 'n_jobs': -1, 'random_state': 42}",0.9718875502008032,0.9554655870445343,0.9800796812749005,0.9841269841269842,0.9606299212598425,0.9718875502008032,0.9921875,0.9677419354838711,0.963265306122449,0.9803921568627452,0.9727664172576933,0.010869918469161114,540
2.473619842529297,0.7349323879339691,0.6858442544937133,0.22638305969721695,gini,10,4,10,200,-1,42,"{'criterion': 'gini', 'max_depth': 10, 'min_samples_leaf': 4, 'min_samples_split': 10, 'n_estimators': 200, 'n_jobs': -1, 'random_state': 42}",0.9841269841269842,0.9554655870445343,0.9839999999999999,0.9881422924901185,0.9647058823529412,0.9799196787148594,0.9921875,0.9638554216867471,0.963265306122449,0.9803921568627452,0.9756060809401379,0.011964547272906587,485
3.0501172304153443,0.45821826672636384,0.7155069351196289,0.13201326826389895,gini,10,4,10,300,-1,42,"{'criterion': 'gini', 'max_depth': 10, 'min_samples_leaf': 4, 'min_samples_split': 10, 'n_estimators': 300, 'n_jobs': -1, 'random_state': 42}",0.9802371541501976,0.9554655870445343,0.9839999999999999,0.9881422924901185,0.9606299212598425,0.976,0.9883268482490272,0.9677419354838711,0.963265306122449,0.9765625,0.9740371544800042,0.011096838308593605,533
5.065392732620239,0.6199318135846514,1.436420488357544,0.2984873543125097,gini,10,4,10,500,-1,42,"{'criterion': 'gini', 'max_depth': 10, 'min_samples_leaf': 4, 'min_samples_split': 10, 'n_estimators': 500, 'n_jobs': -1, 'random_state': 42}",0.976190476190476,0.9554655870445343,0.9839999999999999,0.9881422924901185,0.9647058823529412,0.976,0.9883268482490272,0.968,0.963265306122449,0.9765625,0.9740658892449545,0.010496299038125698,532
1.2411546468734742,0.22435162071909084,0.6297501564025879,0.36928764309250817,gini,20,1,2,100,-1,42,"{'criterion': 'gini', 'max_depth': 20, 'min_samples_leaf': 1, 'min_samples_split': 2, 'n_estimators': 100, 'n_jobs': -1, 'random_state': 42}",0.976,0.9718875502008032,0.9920634920634921,0.9800796812749005,0.976190476190476,0.9839999999999999,0.996078431372549,0.9674796747967479,0.9718875502008032,0.9803921568627452,0.9796059012962516,0.008588046883516692,262
2.2994635343551635,0.7880947302921023,0.8376252889633179,0.4332363340878673,gini,20,1,2,200,-1,42,"{'criterion': 'gini', 'max_depth': 20, 'min_samples_leaf': 1, 'min_samples_split': 2, 'n_estimators': 200, 'n_jobs': -1, 'random_state': 42}",0.9800796812749005,0.9718875502008032,0.9920634920634921,0.9841269841269842,0.9800796812749005,0.9839999999999999,0.996078431372549,0.9758064516129031,0.9718875502008032,0.9803921568627452,0.9816401978990081,0.0074803029313859695,1
3.2616488695144654,0.3997853658170648,0.7879461526870728,0.1573721144815988,gini,20,1,2,300,-1,42,"{'criterion': 'gini', 'max_depth': 20, 'min_samples_leaf': 1, 'min_samples_split': 2, 'n_estimators': 300, 'n_jobs': -1, 'random_state': 42}",0.9800796812749005,0.9718875502008032,0.9920634920634921,0.9841269841269842,0.9800796812749005,0.9839999999999999,0.996078431372549,0.97165991902834,0.9718875502008032,0.9803921568627452,0.9812255446405518,0.007895589381491359,30
5.479205656051636,0.8240004003777778,1.4067410469055175,0.3139200191306637,gini,20,1,2,500,-1,42,"{'criterion': 'gini', 'max_depth': 20, 'min_samples_leaf': 1, 'min_samples_split': 2, 'n_estimators': 500, 'n_jobs': -1, 'random_state': 42}",0.9841269841269842,0.9718875502008032,0.9920634920634921,0.9841269841269842,0.9800796812749005,0.9839999999999999,0.996078431372549,0.97165991902834,0.9718875502008032,0.9803921568627452,0.9816302749257602,0.00793013618429236,10
1.7958194971084596,0.27017846846614924,0.5696360826492309,0.4053836372913994,gini,20,1,5,100,-1,42,"{'criterion': 'gini', 'max_depth': 20, 'min_samples_leaf': 1, 'min_samples_split': 5, 'n_estimators': 100, 'n_jobs': -1, 'random_state': 42}",0.9800796812749005,0.9718875502008032,0.9920634920634921,0.9800796812749005,0.976,0.9839999999999999,0.996078431372549,0.9758064516129031,0.97165991902834,0.984251968503937,0.9811907175331825,0.007700079795250757,59
2.3931681394577025,0.5932545137302949,0.8251121997833252,0.3056295693200582,gini,20,1,5,200,-1,42,"{'criterion': 'gini', 'max_depth': 20, 'min_samples_leaf': 1, 'min_samples_split': 5, 'n_estimators': 200, 'n_jobs': -1, 'random_state': 42}",0.9800796812749005,0.968,0.9920634920634921,0.9800796812749005,0.976,0.9839999999999999,0.996078431372549,0.9674796747967479,0.97165991902834,0.9803921568627452,0.9795833036673676,0.008971005611728174,271
3.862588310241699,0.530022999148606,1.0603949785232545,0.5796401766329432,gini,20,1,5,300,-1,42,"{'criterion': 'gini', 'max_depth': 20, 'min_samples_leaf': 1, 'min_samples_split': 5, 'n_estimators': 300, 'n_jobs': -1, 'random_state': 42}",0.9800796812749005,0.968,0.9920634920634921,0.9800796812749005,0.976,0.9839999999999999,0.996078431372549,0.9674796747967479,0.97165991902834,0.984251968503937,0.9799692848314867,0.009079877698133296,218
5.530774879455566,0.8572443231666664,1.0658843755722045,0.3717784538400109,gini,20,1,5,500,-1,42,"{'criterion': 'gini', 'max_depth': 20, 'min_samples_leaf': 1, 'min_samples_split': 5, 'n_estimators': 500, 'n_jobs': -1, 'random_state': 42}",0.9841269841269842,0.9718875502008032,0.9920634920634921,0.9800796812749005,0.9800796812749005,0.9839999999999999,0.996078431372549,0.9674796747967479,0.97165991902834,0.984251968503937,0.9811707382642654,0.008564979762037189,66
2.0490551948547364,0.5071931831665907,1.4155657052993775,0.5259726709009528,gini,20,1,10,100,-1,42,"{'criterion': 'gini', 'max_depth': 20, 'min_samples_leaf': 1, 'min_samples_split': 10, 'n_estimators': 100, 'n_jobs': -1, 'random_state': 42}",0.9800796812749005,0.9677419354838711,0.9920634920634921,0.9800796812749005,0.9800796812749005,0.9839999999999999,0.988235294117647,0.976,0.97165991902834,0.9803921568627452,0.9800331841380796,0.006821486851977481,147
2.1156360387802122,0.5118398926150686,1.0670288324356079,0.40843305641228567,gini,20,1,10,200,-1,42,"{'criterion': 'gini', 'max_depth': 20, 'min_samples_leaf': 1, 'min_samples_split': 10, 'n_estimators': 200, 'n_jobs': -1, 'random_state': 42}",0.9841269841269842,0.9677419354838711,0.9920634920634921,0.9800796812749005,0.9800796812749005,0.9839999999999999,0.9921259842519685,0.976,0.97165991902834,0.984251968503937,0.9812129646008394,0.007515287966974015,39
3.4901183366775514,0.7798862371475158,0.8986789464950562,0.9081783892118435,gini,20,1,10,300,-1,42,"{'criterion': 'gini', 'max_depth': 20, 'min_samples_leaf': 1, 'min_samples_split': 10, 'n_estimators': 300, 'n_jobs': -1, 'random_state': 42}",0.9841269841269842,0.97165991902834,0.9920634920634921,0.9800796812749005,0.9800796812749005,0.9799196787148594,0.996078431372549,0.976,0.97165991902834,0.9803921568627452,0.981205994374711,0.0074954546745771905,52
4.489888739585877,0.437182348198434,1.0784996509552003,0.37018559742707025,gini,20,1,10,500,-1,42,"{'criterion': 'gini', 'max_depth': 20, 'min_samples_leaf': 1, 'min_samples_split': 10, 'n_estimators': 500, 'n_jobs': -1, 'random_state': 42}",0.9841269841269842,0.97165991902834,0.9920634920634921,0.9800796812749005,0.9800796812749005,0.9799196787148594,0.996078431372549,0.976,0.97165991902834,0.9803921568627452,0.981205994374711,0.0074954546745771905,52
1.975958800315857,0.17683792700019502,1.1968634843826294,1.088233512946885,gini,20,2,2,100,-1,42,"{'criterion': 'gini', 'max_depth': 20, 'min_samples_leaf': 2, 'min_samples_split': 2, 'n_estimators': 100, 'n_jobs': -1, 'random_state': 42}",0.976,0.968,0.9880478087649402,0.9800796812749005,0.976190476190476,0.9839999999999999,0.996078431372549,0.97165991902834,0.97165991902834,0.9803921568627452,0.9792108392522291,0.008042648465861117,276
2.4586859226226805,1.1151649256956808,1.1483316659927367,0.7207001081723438,gini,20,2,2,200,-1,42,"{'criterion': 'gini', 'max_depth': 20, 'min_samples_leaf': 2, 'min_samples_split': 2, 'n_estimators': 200, 'n_jobs': -1, 'random_state': 42}",0.9800796812749005,0.9718875502008032,0.9920634920634921,0.9800796812749005,0.9800796812749005,0.9799196787148594,0.996078431372549,0.97165991902834,0.97165991902834,0.984251968503937,0.9807760002737023,0.007880688484365133,92
2.6358641386032104,0.5136072492783234,0.8260773420333862,0.2933679879132816,gini,20,2,2,300,-1,42,"{'criterion': 'gini', 'max_depth': 20, 'min_samples_leaf': 2, 'min_samples_split': 2, 'n_estimators': 300, 'n_jobs': -1, 'random_state': 42}",0.9800796812749005,0.9718875502008032,0.9880478087649402,0.9800796812749005,0.9800796812749005,0.9839999999999999,0.996078431372549,0.97165991902834,0.97165991902834,0.984251968503937,0.9807824640723611,0.007457779210467532,91
5.095868563652038,1.0886889191051488,0.9599012613296509,0.4805157806942409,gini,20,2,2,500,-1,42,"{'criterion': 'gini', 'max_depth': 20, 'min_samples_leaf': 2, 'min_samples_split': 2, 'n_estimators': 500, 'n_jobs': -1, 'random_state': 42}",0.9841269841269842,0.9718875502008032,0.9880478087649402,0.9800796812749005,0.9800796812749005,0.9839999999999999,0.996078431372549,0.9677419354838711,0.97165991902834,0.984251968503937,0.9807953960031226,0.00808523038444104,78
1.2034154415130616,0.21668792092877195,1.058915901184082,0.35664128789885396,gini,20,2,5,100,-1,42,"{'criterion': 'gini', 'max_depth': 20, 'min_samples_leaf': 2, 'min_samples_split': 5, 'n_estimators': 100, 'n_jobs': -1, 'random_state': 42}",0.9800796812749005,0.968,0.9880478087649402,0.9841269841269842,0.9800796812749005,0.9839999999999999,0.9921875,0.97165991902834,0.97165991902834,0.984251968503937,0.9804093462002342,0.007388264834399666,124
2.117323160171509,0.6040234639456409,1.1464237213134765,0.5185993017625601,gini,20,2,5,200,-1,42,"{'criterion': 'gini', 'max_depth': 20, 'min_samples_leaf': 2, 'min_samples_split': 5, 'n_estimators': 200, 'n_jobs': -1, 'random_state': 42}",0.9800796812749005,0.968,0.9920634920634921,0.9800796812749005,0.976190476190476,0.9839999999999999,0.9921259842519685,0.97165991902834,0.97165991902834,0.984251968503937,0.9800111121616354,0.007901167048583355,161
3.3025534629821776,0.43787867109729756,0.8315836668014527,0.44307998529300285,gini,20,2,5,300,-1,42,"{'criterion': 'gini', 'max_depth': 20, 'min_samples_leaf': 2, 'min_samples_split': 5, 'n_estimators': 300, 'n_jobs': -1, 'random_state': 42}",0.9800796812749005,0.968,0.9880478087649402,0.9800796812749005,0.976190476190476,0.9839999999999999,0.996078431372549,0.97165991902834,0.97165991902834,0.984251968503937,0.9800047885438383,0.00809321480791118,162
4.7412251949310305,0.6513278546175206,1.123243260383606,0.38650683026706184,gini,20,2,5,500,-1,42,"{'criterion': 'gini', 'max_depth': 20, 'min_samples_leaf': 2, 'min_samples_split': 5, 'n_estimators': 500, 'n_jobs': -1, 'random_state': 42}",0.9841269841269842,0.9641434262948209,0.9880478087649402,0.9800796812749005,0.976190476190476,0.9839999999999999,0.996078431372549,0.9677419354838711,0.97165991902834,0.984251968503937,0.9796320631040819,0.009267186663664393,241
1.5511523008346557,0.8088447065962847,0.8227825880050659,0.4753081664028474,gini,20,2,10,100,-1,42,"{'criterion': 'gini', 'max_depth': 20, 'min_samples_leaf': 2, 'min_samples_split': 10, 'n_estimators': 100, 'n_jobs': -1, 'random_state': 42}",0.9800796812749005,0.9638554216867471,0.9880478087649402,0.9841269841269842,0.976190476190476,0.9839999999999999,0.9921875,0.97165991902834,0.97165991902834,0.9803921568627452,0.9792199866963474,0.008091255097443281,275
2.4520788908004763,0.8603246684867802,0.5905647277832031,0.25234573183645653,gini,20,2,10,200,-1,42,"{'criterion': 'gini', 'max_depth': 20, 'min_samples_leaf': 2, 'min_samples_split': 10, 'n_estimators': 200, 'n_jobs': -1, 'random_state': 42}",0.9841269841269842,0.9638554216867471,0.9880478087649402,0.9800796812749005,0.976190476190476,0.9839999999999999,0.996078431372549,0.9758064516129031,0.97165991902834,0.984251968503937,0.9804097142561776,0.008573358654033665,123
3.544284152984619,0.6427723581481108,0.9403640031814575,0.2977231852170002,gini,20,2,10,300,-1,42,"{'criterion': 'gini', 'max_depth': 20, 'min_samples_leaf': 2, 'min_samples_split': 10, 'n_estimators': 300, 'n_jobs': -1, 'random_state': 42}",0.9841269841269842,0.9638554216867471,0.9880478087649402,0.9841269841269842,0.9723320158102767,0.9839999999999999,0.9921875,0.97165991902834,0.97165991902834,0.984251968503937,0.9796248521076549,0.00859416980607936,244
4.637013983726502,0.7647831652920329,1.1554541349411012,0.4187288309905932,gini,20,2,10,500,-1,42,"{'criterion': 'gini', 'max_depth': 20, 'min_samples_leaf': 2, 'min_samples_split': 10, 'n_estimators': 500, 'n_jobs': -1, 'random_state': 42}",0.9841269841269842,0.968,0.9880478087649402,0.9841269841269842,0.9723320158102767,0.9839999999999999,0.996078431372549,0.9677419354838711,0.97165991902834,0.984251968503937,0.9800366047217881,0.009022350537519288,146
1.440629005432129,0.34057528637605017,0.7579447507858277,0.38459651494025376,gini,20,4,2,100,-1,42,"{'criterion': 'gini', 'max_depth': 20, 'min_samples_leaf': 4, 'min_samples_split': 2, 'n_estimators': 100, 'n_jobs': -1, 'random_state': 42}",0.976,0.9554655870445343,0.9839999999999999,0.9841269841269842,0.9723320158102767,0.9799196787148594,0.9921875,0.9677419354838711,0.9674796747967479,0.9763779527559056,0.9755631328733179,0.009907517461318406,488
1.8911986827850342,0.36703805517522115,1.1335135221481323,0.14003786437709048,gini,20,4,2,200,-1,42,"{'criterion': 'gini', 'max_depth': 20, 'min_samples_leaf': 4, 'min_samples_split': 2, 'n_estimators': 200, 'n_jobs': -1, 'random_state': 42}",0.9800796812749005,0.9512195121951219,0.9839999999999999,0.9841269841269842,0.9723320158102767,0.9758064516129031,0.9921875,0.9677419354838711,0.97165991902834,0.9763779527559056,0.9755531952288303,0.010589945264449447,496
3.2704552888870237,0.6678671168980906,0.7012326002120972,0.22884194769233138,gini,20,4,2,300,-1,42,"{'criterion': 'gini', 'max_depth': 20, 'min_samples_leaf': 4, 'min_samples_split': 2, 'n_estimators': 300, 'n_jobs': -1, 'random_state': 42}",0.9800796812749005,0.9554655870445343,0.9839999999999999,0.9841269841269842,0.9763779527559056,0.9839999999999999,0.9921875,0.9635627530364372,0.9674796747967479,0.9763779527559056,0.9763658085791415,0.010585922411335262,466
4.678984212875366,0.9955177839009303,1.020256018638611,0.46463746238990944,gini,20,4,2,500,-1,42,"{'criterion': 'gini', 'max_depth': 20, 'min_samples_leaf': 4, 'min_samples_split': 2, 'n_estimators': 500, 'n_jobs': -1, 'random_state': 42}",0.9841269841269842,0.9516129032258065,0.9839999999999999,0.9841269841269842,0.9723320158102767,0.9839999999999999,0.996078431372549,0.9635627530364372,0.9674796747967479,0.984251968503937,0.9771571714999722,0.012463584253580167,430
1.618256115913391,0.3582985922882168,0.6484156608581543,0.21573167056156528,gini,20,4,5,100,-1,42,"{'criterion': 'gini', 'max_depth': 20, 'min_samples_leaf': 4, 'min_samples_split': 5, 'n_estimators': 100, 'n_jobs': -1, 'random_state': 42}",0.976,0.9554655870445343,0.9839999999999999,0.9841269841269842,0.9723320158102767,0.9799196787148594,0.9921875,0.9677419354838711,0.9674796747967479,0.9763779527559056,0.9755631328733179,0.009907517461318406,488
2.3249293327331544,0.5835208879829329,1.1698195695877076,0.5112157665993246,gini,20,4,5,200,-1,42,"{'criterion': 'gini', 'max_depth': 20, 'min_samples_leaf': 4, 'min_samples_split': 5, 'n_estimators': 200, 'n_jobs': -1, 'random_state': 42}",0.9800796812749005,0.9512195121951219,0.9839999999999999,0.9841269841269842,0.9723320158102767,0.9758064516129031,0.9921875,0.9677419354838711,0.97165991902834,0.9763779527559056,0.9755531952288303,0.010589945264449447,496
2.8481448888778687,0.7017988041626237,1.7388540744781493,0.7090037081476808,gini,20,4,5,300,-1,42,"{'criterion': 'gini', 'max_depth': 20, 'min_samples_leaf': 4, 'min_samples_split': 5, 'n_estimators': 300, 'n_jobs': -1, 'random_state': 42}",0.9800796812749005,0.9554655870445343,0.9839999999999999,0.9841269841269842,0.9763779527559056,0.9839999999999999,0.9921875,0.9635627530364372,0.9674796747967479,0.9763779527559056,0.9763658085791415,0.010585922411335262,466
4.598437643051147,0.31227142968477245,0.9192719459533691,0.15943087909254858,gini,20,4,5,500,-1,42,"{'criterion': 'gini', 'max_depth': 20, 'min_samples_leaf': 4, 'min_samples_split': 5, 'n_estimators': 500, 'n_jobs': -1, 'random_state': 42}",0.9841269841269842,0.9516129032258065,0.9839999999999999,0.9841269841269842,0.9723320158102767,0.9839999999999999,0.996078431372549,0.9635627530364372,0.9674796747967479,0.984251968503937,0.9771571714999722,0.012463584253580167,430
1.9219056367874146,0.5905529274036418,0.7585982084274292,0.6321812715263228,gini,20,4,10,100,-1,42,"{'criterion': 'gini', 'max_depth': 20, 'min_samples_leaf': 4, 'min_samples_split': 10, 'n_estimators': 100, 'n_jobs': -1, 'random_state': 42}",0.976,0.9638554216867471,0.9839999999999999,0.9841269841269842,0.9723320158102767,0.9839999999999999,0.9921875,0.9718875502008032,0.9674796747967479,0.9803921568627452,0.9776261303484304,0.00836291902028965,378
1.9139822721481323,0.6469228220681911,0.5669557332992554,0.2376341269655395,gini,20,4,10,200,-1,42,"{'criterion': 'gini', 'max_depth': 20, 'min_samples_leaf': 4, 'min_samples_split': 10, 'n_estimators': 200, 'n_jobs': -1, 'random_state': 42}",0.9800796812749005,0.9596774193548386,0.9839999999999999,0.9841269841269842,0.968503937007874,0.9839999999999999,0.9921875,0.9677419354838711,0.9674796747967479,0.984251968503937,0.9772049100549154,0.009948431528447436,426
2.903872513771057,0.387496701049645,1.0704574108123779,0.4203552105820376,gini,20,4,10,300,-1,42,"{'criterion': 'gini', 'max_depth': 20, 'min_samples_leaf': 4, 'min_samples_split': 10, 'n_estimators': 300, 'n_jobs': -1, 'random_state': 42}",0.9841269841269842,0.9554655870445343,0.9839999999999999,0.9841269841269842,0.9723320158102767,0.9839999999999999,0.9921875,0.9635627530364372,0.9674796747967479,0.9803921568627452,0.9767673655804708,0.010945002137322891,448
4.357856297492981,0.4395446258880128,1.2337727069854736,0.3575020424072249,gini,20,4,10,500,-1,42,"{'criterion': 'gini', 'max_depth': 20, 'min_samples_leaf': 4, 'min_samples_split': 10, 'n_estimators': 500, 'n_jobs': -1, 'random_state': 42}",0.9841269841269842,0.9596774193548386,0.9839999999999999,0.9841269841269842,0.9723320158102767,0.9839999999999999,0.996078431372549,0.9677419354838711,0.9674796747967479,0.984251968503937,0.9783815413576187,0.010465605850822575,318
1.3645389080047607,0.3412755561705611,1.2171211242675781,0.5928138458767143,gini,50,1,2,100,-1,42,"{'criterion': 'gini', 'max_depth': 50, 'min_samples_leaf': 1, 'min_samples_split': 2, 'n_estimators': 100, 'n_jobs': -1, 'random_state': 42}",0.976,0.968,0.9920634920634921,0.9841269841269842,0.976,0.9799196787148594,0.996078431372549,0.97165991902834,0.9718875502008032,0.9803921568627452,0.9796128212369772,0.008550472215491411,251
2.487325835227966,0.6640238671698792,0.9233803272247314,0.5335683869427714,gini,50,1,2,200,-1,42,"{'criterion': 'gini', 'max_depth': 50, 'min_samples_leaf': 1, 'min_samples_split': 2, 'n_estimators': 200, 'n_jobs': -1, 'random_state': 42}",0.976,0.9718875502008032,0.9920634920634921,0.9841269841269842,0.9800796812749005,0.9839999999999999,0.9921259842519685,0.97165991902834,0.9718875502008032,0.9803921568627452,0.9804223318010037,0.007356333744069138,113
3.2159058332443236,0.699241971439723,1.1259747982025146,0.21148060104499816,gini,50,1,2,300,-1,42,"{'criterion': 'gini', 'max_depth': 50, 'min_samples_leaf': 1, 'min_samples_split': 2, 'n_estimators': 300, 'n_jobs': -1, 'random_state': 42}",0.976,0.9718875502008032,0.9920634920634921,0.9841269841269842,0.9800796812749005,0.9839999999999999,0.9921259842519685,0.9674796747967479,0.9718875502008032,0.9803921568627452,0.9800043073778445,0.007938145312911567,166
4.987998962402344,0.7613901987963771,1.2768126487731934,0.4234219117055893,gini,50,1,2,500,-1,42,"{'criterion': 'gini', 'max_depth': 50, 'min_samples_leaf': 1, 'min_samples_split': 2, 'n_estimators': 500, 'n_jobs': -1, 'random_state': 42}",0.9800796812749005,0.9718875502008032,0.9920634920634921,0.9841269841269842,0.9800796812749005,0.9839999999999999,0.996078431372549,0.9674796747967479,0.9718875502008032,0.9803921568627452,0.9808075202173926,0.008479997741965563,75
1.6431370735168458,0.6959988290594937,1.3358358860015869,0.3631805977262599,gini,50,1,5,100,-1,42,"{'criterion': 'gini', 'max_depth': 50, 'min_samples_leaf': 1, 'min_samples_split': 5, 'n_estimators': 100, 'n_jobs': -1, 'random_state': 42}",0.976,0.9718875502008032,0.9920634920634921,0.9800796812749005,0.976,0.9799196787148594,0.996078431372549,0.9674796747967479,0.97165991902834,0.984251968503937,0.979542039595563,0.008626505034913015,272
2.99497537612915,0.49110873529790244,0.8917141437530518,0.3927066964746109,gini,50,1,5,200,-1,42,"{'criterion': 'gini', 'max_depth': 50, 'min_samples_leaf': 1, 'min_samples_split': 5, 'n_estimators': 200, 'n_jobs': -1, 'random_state': 42}",0.9800796812749005,0.968,0.9920634920634921,0.9800796812749005,0.9800796812749005,0.9839999999999999,0.996078431372549,0.97165991902834,0.97165991902834,0.984251968503937,0.9807952773821359,0.00845536113791248,79
3.437953805923462,0.5063951241494893,1.159664559364319,0.20395636611171644,gini,50,1,5,300,-1,42,"{'criterion': 'gini', 'max_depth': 50, 'min_samples_leaf': 1, 'min_samples_split': 5, 'n_estimators': 300, 'n_jobs': -1, 'random_state': 42}",0.9800796812749005,0.968,0.9920634920634921,0.9800796812749005,0.9800796812749005,0.9839999999999999,0.996078431372549,0.9674796747967479,0.97165991902834,0.984251968503937,0.9803772529589768,0.008983509200203195,143
4.898857665061951,0.8127828625639045,1.0082133531570434,0.2895733783671686,gini,50,1,5,500,-1,42,"{'criterion': 'gini', 'max_depth': 50, 'min_samples_leaf': 1, 'min_samples_split': 5, 'n_estimators': 500, 'n_jobs': -1, 'random_state': 42}",0.9800796812749005,0.9718875502008032,0.9920634920634921,0.9800796812749005,0.9800796812749005,0.9839999999999999,0.996078431372549,0.9674796747967479,0.9758064516129031,0.984251968503937,0.9811806612375135,0.008150820223019405,63
1.3822557926177979,0.23424504694006457,1.1347094774246216,0.30461990663250393,gini,50,1,10,100,-1,42,"{'criterion': 'gini', 'max_depth': 50, 'min_samples_leaf': 1, 'min_samples_split': 10, 'n_estimators': 100, 'n_jobs': -1, 'random_state': 42}",0.976,0.9638554216867471,0.9920634920634921,0.9800796812749005,0.976190476190476,0.9799196787148594,0.9921259842519685,0.976,0.97165991902834,0.9803921568627452,0.978828681007353,0.008097721110416881,300
2.1830836296081544,0.41291236261662384,1.064113402366638,0.2726617037138359,gini,50,1,10,200,-1,42,"{'criterion': 'gini', 'max_depth': 50, 'min_samples_leaf': 1, 'min_samples_split': 10, 'n_estimators': 200, 'n_jobs': -1, 'random_state': 42}",0.9841269841269842,0.9718875502008032,0.9920634920634921,0.9800796812749005,0.9800796812749005,0.9799196787148594,0.996078431372549,0.976,0.97165991902834,0.9803921568627452,0.9812287574919575,0.007466719986011178,22
3.511671710014343,0.49145105491486113,0.7119968652725219,0.1766260426983767,gini,50,1,10,300,-1,42,"{'criterion': 'gini', 'max_depth': 50, 'min_samples_leaf': 1, 'min_samples_split': 10, 'n_estimators': 300, 'n_jobs': -1, 'random_state': 42}",0.9800796812749005,0.9718875502008032,0.9920634920634921,0.9800796812749005,0.9800796812749005,0.9839999999999999,0.996078431372549,0.976,0.97165991902834,0.9803921568627452,0.981232059335263,0.007459260826594387,19
5.009330821037293,0.5612954587508032,1.1745277881622314,0.3505317551336922,gini,50,1,10,500,-1,42,"{'criterion': 'gini', 'max_depth': 50, 'min_samples_leaf': 1, 'min_samples_split': 10, 'n_estimators': 500, 'n_jobs': -1, 'random_state': 42}",0.9841269841269842,0.9718875502008032,0.9920634920634921,0.9800796812749005,0.9800796812749005,0.9799196787148594,0.996078431372549,0.976,0.97165991902834,0.9803921568627452,0.9812287574919575,0.007466719986011178,22
1.391722846031189,0.3925531332751145,0.7367212057113648,0.1496201484547188,gini,50,2,2,100,-1,42,"{'criterion': 'gini', 'max_depth': 50, 'min_samples_leaf': 2, 'min_samples_split': 2, 'n_estimators': 100, 'n_jobs': -1, 'random_state': 42}",0.9800796812749005,0.968,0.9880478087649402,0.9800796812749005,0.976190476190476,0.9839999999999999,0.996078431372549,0.97165991902834,0.97165991902834,0.984251968503937,0.9800047885438383,0.00809321480791118,162
2.4225751638412474,0.4849167646739258,1.0960562229156494,0.400456896747438,gini,50,2,2,200,-1,42,"{'criterion': 'gini', 'max_depth': 50, 'min_samples_leaf': 2, 'min_samples_split': 2, 'n_estimators': 200, 'n_jobs': -1, 'random_state': 42}",0.9800796812749005,0.9718875502008032,0.9920634920634921,0.9800796812749005,0.976190476190476,0.9839999999999999,0.996078431372549,0.97165991902834,0.97165991902834,0.984251968503937,0.9807951118937739,0.008070018066452007,82
3.487932801246643,0.6065126364762613,0.9197199583053589,0.24136582052577724,gini,50,2,2,300,-1,42,"{'criterion': 'gini', 'max_depth': 50, 'min_samples_leaf': 2, 'min_samples_split': 2, 'n_estimators': 300, 'n_jobs': -1, 'random_state': 42}",0.9841269841269842,0.9718875502008032,0.9920634920634921,0.9800796812749005,0.976190476190476,0.9839999999999999,0.996078431372549,0.97165991902834,0.97165991902834,0.984251968503937,0.9811998421789822,0.008125290034817134,54
5.586232709884643,0.7423275003546229,1.0045515775680542,0.2638212048649833,gini,50,2,2,500,-1,42,"{'criterion': 'gini', 'max_depth': 50, 'min_samples_leaf': 2, 'min_samples_split': 2, 'n_estimators': 500, 'n_jobs': -1, 'random_state': 42}",0.9841269841269842,0.9718875502008032,0.9880478087649402,0.9800796812749005,0.9800796812749005,0.9839999999999999,0.996078431372549,0.97165991902834,0.97165991902834,0.984251968503937,0.9811871943575694,0.007518234847479415,60
1.3629825115203857,0.3413911242300398,0.5900649547576904,0.145001474128356,gini,50,2,5,100,-1,42,"{'criterion': 'gini', 'max_depth': 50, 'min_samples_leaf': 2, 'min_samples_split': 5, 'n_estimators': 100, 'n_jobs': -1, 'random_state': 42}",0.9800796812749005,0.968,0.9880478087649402,0.9800796812749005,0.9800796812749005,0.9839999999999999,0.996078431372549,0.9677419354838711,0.97165991902834,0.984251968503937,0.9800019106978338,0.008492340811471008,175
2.347252607345581,0.4518371846992282,0.9037446975708008,0.305431072066892,gini,50,2,5,200,-1,42,"{'criterion': 'gini', 'max_depth': 50, 'min_samples_leaf': 2, 'min_samples_split': 5, 'n_estimators': 200, 'n_jobs': -1, 'random_state': 42}",0.9800796812749005,0.9638554216867471,0.9920634920634921,0.9800796812749005,0.976190476190476,0.9839999999999999,0.996078431372549,0.97165991902834,0.97165991902834,0.984251968503937,0.9799918990423683,0.009232599071106393,200
3.518496036529541,0.6168237629276666,0.8689642190933228,0.28011665310835676,gini,50,2,5,300,-1,42,"{'criterion': 'gini', 'max_depth': 50, 'min_samples_leaf': 2, 'min_samples_split': 5, 'n_estimators': 300, 'n_jobs': -1, 'random_state': 42}",0.9800796812749005,0.9638554216867471,0.9920634920634921,0.9800796812749005,0.976190476190476,0.9839999999999999,0.996078431372549,0.97165991902834,0.97165991902834,0.984251968503937,0.9799918990423683,0.009232599071106393,200
4.926259994506836,0.8833395015151714,0.9993365049362183,0.28860379252955237,gini,50,2,5,500,-1,42,"{'criterion': 'gini', 'max_depth': 50, 'min_samples_leaf': 2, 'min_samples_split': 5, 'n_estimators': 500, 'n_jobs': -1, 'random_state': 42}",0.9841269841269842,0.968,0.9880478087649402,0.9800796812749005,0.976190476190476,0.9839999999999999,0.996078431372549,0.9677419354838711,0.97165991902834,0.984251968503937,0.9800177204745998,0.008675985202648699,148
1.6418872594833374,0.4338953774871049,0.7691893815994263,0.37751539711038906,gini,50,2,10,100,-1,42,"{'criterion': 'gini', 'max_depth': 50, 'min_samples_leaf': 2, 'min_samples_split': 10, 'n_estimators': 100, 'n_jobs': -1, 'random_state': 42}",0.9800796812749005,0.9638554216867471,0.9880478087649402,0.9881422924901185,0.976190476190476,0.9839999999999999,0.9921875,0.9758064516129031,0.97165991902834,0.984251968503937,0.9804221519552362,0.008211001467235812,118
2.417869806289673,0.5625609022079917,0.7796694755554199,0.3373343129521167,gini,50,2,10,200,-1,42,"{'criterion': 'gini', 'max_depth': 50, 'min_samples_leaf': 2, 'min_samples_split': 10, 'n_estimators': 200, 'n_jobs': -1, 'random_state': 42}",0.9841269841269842,0.96,0.9880478087649402,0.9841269841269842,0.976190476190476,0.9839999999999999,0.996078431372549,0.9758064516129031,0.97165991902834,0.984251968503937,0.9804289023727113,0.009440562013656669,98
3.535362434387207,0.5151391837433552,0.7883044719696045,0.22230489514356283,gini,50,2,10,300,-1,42,"{'criterion': 'gini', 'max_depth': 50, 'min_samples_leaf': 2, 'min_samples_split': 10, 'n_estimators': 300, 'n_jobs': -1, 'random_state': 42}",0.9841269841269842,0.9558232931726907,0.9880478087649402,0.9841269841269842,0.976190476190476,0.9839999999999999,0.9921875,0.97165991902834,0.97165991902834,0.984251968503937,0.9792074852942692,0.01006630192574696,277
5.195832061767578,0.5341561164360481,1.2118372917175293,0.5512767604127081,gini,50,2,10,500,-1,42,"{'criterion': 'gini', 'max_depth': 50, 'min_samples_leaf': 2, 'min_samples_split': 10, 'n_estimators': 500, 'n_jobs': -1, 'random_state': 42}",0.9841269841269842,0.968,0.9880478087649402,0.9841269841269842,0.9723320158102767,0.9839999999999999,0.996078431372549,0.9718875502008032,0.97165991902834,0.984251968503937,0.9804511661934814,0.008529699162319986,93
1.2470911502838136,0.5344021890565,0.5645983934402465,0.4187334434882301,gini,50,4,2,100,-1,42,"{'criterion': 'gini', 'max_depth': 50, 'min_samples_leaf': 4, 'min_samples_split': 2, 'n_estimators': 100, 'n_jobs': -1, 'random_state': 42}",0.976,0.9554655870445343,0.9839999999999999,0.9841269841269842,0.9723320158102767,0.9799196787148594,0.9921875,0.9677419354838711,0.9674796747967479,0.9763779527559056,0.9755631328733179,0.009907517461318406,488
2.651802134513855,0.6062486698124125,1.0546350955963135,0.2903246802548881,gini,50,4,2,200,-1,42,"{'criterion': 'gini', 'max_depth': 50, 'min_samples_leaf': 4, 'min_samples_split': 2, 'n_estimators': 200, 'n_jobs': -1, 'random_state': 42}",0.9800796812749005,0.9512195121951219,0.9839999999999999,0.9841269841269842,0.9763779527559056,0.9758064516129031,0.9921875,0.9677419354838711,0.97165991902834,0.9802371541501976,0.9763437090628223,0.010615007113297511,468
3.8129610061645507,0.44373310794806997,1.192280650138855,0.43274910195592975,gini,50,4,2,300,-1,42,"{'criterion': 'gini', 'max_depth': 50, 'min_samples_leaf': 4, 'min_samples_split': 2, 'n_estimators': 300, 'n_jobs': -1, 'random_state': 42}",0.9800796812749005,0.9512195121951219,0.9839999999999999,0.9841269841269842,0.9723320158102767,0.9839999999999999,0.9921875,0.9635627530364372,0.9674796747967479,0.9763779527559056,0.9755366073996374,0.011513166746319655,498
4.567322087287903,0.6107848409802409,0.9764680862426758,0.27661457484655816,gini,50,4,2,500,-1,42,"{'criterion': 'gini', 'max_depth': 50, 'min_samples_leaf': 4, 'min_samples_split': 2, 'n_estimators': 500, 'n_jobs': -1, 'random_state': 42}",0.9841269841269842,0.9516129032258065,0.9839999999999999,0.9841269841269842,0.9723320158102767,0.9839999999999999,0.996078431372549,0.9635627530364372,0.9674796747967479,0.984251968503937,0.9771571714999722,0.012463584253580167,430
2.1355637073516847,0.9534850295173749,0.35170879364013674,0.09822970434188932,gini,50,4,5,100,-1,42,"{'criterion': 'gini', 'max_depth': 50, 'min_samples_leaf': 4, 'min_samples_split': 5, 'n_estimators': 100, 'n_jobs': -1, 'random_state': 42}",0.976,0.9554655870445343,0.9839999999999999,0.9841269841269842,0.9723320158102767,0.9799196787148594,0.9921875,0.9677419354838711,0.9674796747967479,0.9763779527559056,0.9755631328733179,0.009907517461318406,488
1.8954437255859375,0.28189695328225545,0.7544421911239624,0.28633521910982374,gini,50,4,5,200,-1,42,"{'criterion': 'gini', 'max_depth': 50, 'min_samples_leaf': 4, 'min_samples_split': 5, 'n_estimators': 200, 'n_jobs': -1, 'random_state': 42}",0.9800796812749005,0.9512195121951219,0.9839999999999999,0.9841269841269842,0.9763779527559056,0.9758064516129031,0.9921875,0.9677419354838711,0.97165991902834,0.9802371541501976,0.9763437090628223,0.010615007113297511,468
3.0357588052749636,0.2124520594912748,0.7799711942672729,0.2817553721590397,gini,50,4,5,300,-1,42,"{'criterion': 'gini', 'max_depth': 50, 'min_samples_leaf': 4, 'min_samples_split': 5, 'n_estimators': 300, 'n_jobs': -1, 'random_state': 42}",0.9800796812749005,0.9512195121951219,0.9839999999999999,0.9841269841269842,0.9723320158102767,0.9839999999999999,0.9921875,0.9635627530364372,0.9674796747967479,0.9763779527559056,0.9755366073996374,0.011513166746319655,498
3.9387827157974242,0.7875823914785641,1.1835257530212402,0.2637479562984969,gini,50,4,5,500,-1,42,"{'criterion': 'gini', 'max_depth': 50, 'min_samples_leaf': 4, 'min_samples_split': 5, 'n_estimators': 500, 'n_jobs': -1, 'random_state': 42}",0.9841269841269842,0.9516129032258065,0.9839999999999999,0.9841269841269842,0.9723320158102767,0.9839999999999999,0.996078431372549,0.9635627530364372,0.9674796747967479,0.984251968503937,0.9771571714999722,0.012463584253580167,430
1.4078808307647706,0.3964733485003451,1.181222128868103,0.3281765989812169,gini,50,4,10,100,-1,42,"{'criterion': 'gini', 'max_depth': 50, 'min_samples_leaf': 4, 'min_samples_split': 10, 'n_estimators': 100, 'n_jobs': -1, 'random_state': 42}",0.976,0.9638554216867471,0.9839999999999999,0.9841269841269842,0.976190476190476,0.9839999999999999,0.9921875,0.9718875502008032,0.9674796747967479,0.9803921568627452,0.9780119763864503,0.00819712649571073,328
2.0792666912078857,0.40766704940465887,0.40620300769805906,0.31467806341202886,gini,50,4,10,200,-1,42,"{'criterion': 'gini', 'max_depth': 50, 'min_samples_leaf': 4, 'min_samples_split': 10, 'n_estimators': 200, 'n_jobs': -1, 'random_state': 42}",0.9800796812749005,0.9596774193548386,0.9839999999999999,0.9841269841269842,0.9723320158102767,0.9799196787148594,0.9921875,0.9677419354838711,0.9674796747967479,0.984251968503937,0.9771796858066415,0.009481252153615454,427
2.9289263486862183,0.45291457965075943,1.1760818004608153,0.3352395274413043,gini,50,4,10,300,-1,42,"{'criterion': 'gini', 'max_depth': 50, 'min_samples_leaf': 4, 'min_samples_split': 10, 'n_estimators': 300, 'n_jobs': -1, 'random_state': 42}",0.9841269841269842,0.9554655870445343,0.9839999999999999,0.9841269841269842,0.9723320158102767,0.9839999999999999,0.9921875,0.9635627530364372,0.9674796747967479,0.9803921568627452,0.9767673655804708,0.010945002137322891,448
4.747630858421326,0.21560097448961704,0.8723410606384278,0.20099673729009185,gini,50,4,10,500,-1,42,"{'criterion': 'gini', 'max_depth': 50, 'min_samples_leaf': 4, 'min_samples_split': 10, 'n_estimators': 500, 'n_jobs': -1, 'random_state': 42}",0.9841269841269842,0.9596774193548386,0.9839999999999999,0.9841269841269842,0.9723320158102767,0.9839999999999999,0.996078431372549,0.9677419354838711,0.9674796747967479,0.984251968503937,0.9783815413576187,0.010465605850822575,318
1.4972498655319213,0.26754836848212166,1.2371222019195556,0.5498829166803206,gini,100,1,2,100,-1,42,"{'criterion': 'gini', 'max_depth': 100, 'min_samples_leaf': 1, 'min_samples_split': 2, 'n_estimators': 100, 'n_jobs': -1, 'random_state': 42}",0.976,0.968,0.9920634920634921,0.9841269841269842,0.976,0.9799196787148594,0.996078431372549,0.97165991902834,0.9718875502008032,0.9803921568627452,0.9796128212369772,0.008550472215491411,251
2.5189289331436155,0.6430257796145515,1.0680265188217164,0.4058263775845833,gini,100,1,2,200,-1,42,"{'criterion': 'gini', 'max_depth': 100, 'min_samples_leaf': 1, 'min_samples_split': 2, 'n_estimators': 200, 'n_jobs': -1, 'random_state': 42}",0.976,0.9718875502008032,0.9920634920634921,0.9841269841269842,0.9800796812749005,0.9839999999999999,0.9921259842519685,0.97165991902834,0.9718875502008032,0.9803921568627452,0.9804223318010037,0.007356333744069138,113
3.5105225324630736,0.6009256512614564,1.2270808935165405,0.4258172250734019,gini,100,1,2,300,-1,42,"{'criterion': 'gini', 'max_depth': 100, 'min_samples_leaf': 1, 'min_samples_split': 2, 'n_estimators': 300, 'n_jobs': -1, 'random_state': 42}",0.976,0.9718875502008032,0.9920634920634921,0.9841269841269842,0.9800796812749005,0.9839999999999999,0.9921259842519685,0.9674796747967479,0.9718875502008032,0.9803921568627452,0.9800043073778445,0.007938145312911567,166
4.834140157699585,0.4694349883142654,1.4282366037368774,0.2670023124719467,gini,100,1,2,500,-1,42,"{'criterion': 'gini', 'max_depth': 100, 'min_samples_leaf': 1, 'min_samples_split': 2, 'n_estimators': 500, 'n_jobs': -1, 'random_state': 42}",0.9800796812749005,0.9718875502008032,0.9920634920634921,0.9841269841269842,0.9800796812749005,0.9839999999999999,0.996078431372549,0.9674796747967479,0.9718875502008032,0.9803921568627452,0.9808075202173926,0.008479997741965563,75
1.657331156730652,0.2241975304043879,1.2609441041946412,0.7456427192833089,gini,100,1,5,100,-1,42,"{'criterion': 'gini', 'max_depth': 100, 'min_samples_leaf': 1, 'min_samples_split': 5, 'n_estimators': 100, 'n_jobs': -1, 'random_state': 42}",0.976,0.9718875502008032,0.9920634920634921,0.9800796812749005,0.976,0.9799196787148594,0.996078431372549,0.9674796747967479,0.97165991902834,0.984251968503937,0.979542039595563,0.008626505034913015,272
3.1063171863555907,0.40231599698253834,0.8569237232208252,0.4344415046927074,gini,100,1,5,200,-1,42,"{'criterion': 'gini', 'max_depth': 100, 'min_samples_leaf': 1, 'min_samples_split': 5, 'n_estimators': 200, 'n_jobs': -1, 'random_state': 42}",0.9800796812749005,0.968,0.9920634920634921,0.9800796812749005,0.9800796812749005,0.9839999999999999,0.996078431372549,0.97165991902834,0.97165991902834,0.984251968503937,0.9807952773821359,0.00845536113791248,79
3.8455313205718995,0.6644502188025974,1.137052583694458,0.2922864515621539,gini,100,1,5,300,-1,42,"{'criterion': 'gini', 'max_depth': 100, 'min_samples_leaf': 1, 'min_samples_split': 5, 'n_estimators': 300, 'n_jobs': -1, 'random_state': 42}",0.9800796812749005,0.968,0.9920634920634921,0.9800796812749005,0.9800796812749005,0.9839999999999999,0.996078431372549,0.9674796747967479,0.97165991902834,0.984251968503937,0.9803772529589768,0.008983509200203195,143
4.687349200248718,0.8305647019974349,1.2734317779541016,0.3506362660326777,gini,100,1,5,500,-1,42,"{'criterion': 'gini', 'max_depth': 100, 'min_samples_leaf': 1, 'min_samples_split': 5, 'n_estimators': 500, 'n_jobs': -1, 'random_state': 42}",0.9800796812749005,0.9718875502008032,0.9920634920634921,0.9800796812749005,0.9800796812749005,0.9839999999999999,0.996078431372549,0.9674796747967479,0.9758064516129031,0.984251968503937,0.9811806612375135,0.008150820223019405,63
2.124198293685913,0.5839219114767679,1.2978018760681151,0.2976457006918546,gini,100,1,10,100,-1,42,"{'criterion': 'gini', 'max_depth': 100, 'min_samples_leaf': 1, 'min_samples_split': 10, 'n_estimators': 100, 'n_jobs': -1, 'random_state': 42}",0.976,0.9638554216867471,0.9920634920634921,0.9800796812749005,0.976190476190476,0.9799196787148594,0.9921259842519685,0.976,0.97165991902834,0.9803921568627452,0.978828681007353,0.008097721110416881,300
2.676902961730957,0.7546076899383457,0.7214712619781494,0.4439949448665981,gini,100,1,10,200,-1,42,"{'criterion': 'gini', 'max_depth': 100, 'min_samples_leaf': 1, 'min_samples_split': 10, 'n_estimators': 200, 'n_jobs': -1, 'random_state': 42}",0.9841269841269842,0.9718875502008032,0.9920634920634921,0.9800796812749005,0.9800796812749005,0.9799196787148594,0.996078431372549,0.976,0.97165991902834,0.9803921568627452,0.9812287574919575,0.007466719986011178,22
3.119696760177612,0.54359225947654,1.2652780055999755,0.267070363117247,gini,100,1,10,300,-1,42,"{'criterion': 'gini', 'max_depth': 100, 'min_samples_leaf': 1, 'min_samples_split': 10, 'n_estimators': 300, 'n_jobs': -1, 'random_state': 42}",0.9800796812749005,0.9718875502008032,0.9920634920634921,0.9800796812749005,0.9800796812749005,0.9839999999999999,0.996078431372549,0.976,0.97165991902834,0.9803921568627452,0.981232059335263,0.007459260826594387,19
4.347281074523925,0.5686984038218889,1.01627836227417,0.194096404189309,gini,100,1,10,500,-1,42,"{'criterion': 'gini', 'max_depth': 100, 'min_samples_leaf': 1, 'min_samples_split': 10, 'n_estimators': 500, 'n_jobs': -1, 'random_state': 42}",0.9841269841269842,0.9718875502008032,0.9920634920634921,0.9800796812749005,0.9800796812749005,0.9799196787148594,0.996078431372549,0.976,0.97165991902834,0.9803921568627452,0.9812287574919575,0.007466719986011178,22
1.1524284124374389,0.4314579617274672,1.007456636428833,0.6055653777389111,gini,100,2,2,100,-1,42,"{'criterion': 'gini', 'max_depth': 100, 'min_samples_leaf': 2, 'min_samples_split': 2, 'n_estimators': 100, 'n_jobs': -1, 'random_state': 42}",0.9800796812749005,0.968,0.9880478087649402,0.9800796812749005,0.976190476190476,0.9839999999999999,0.996078431372549,0.97165991902834,0.97165991902834,0.984251968503937,0.9800047885438383,0.00809321480791118,162
2.406570243835449,0.7994989338895622,1.0596220254898072,0.32592824652189983,gini,100,2,2,200,-1,42,"{'criterion': 'gini', 'max_depth': 100, 'min_samples_leaf': 2, 'min_samples_split': 2, 'n_estimators': 200, 'n_jobs': -1, 'random_state': 42}",0.9800796812749005,0.9718875502008032,0.9920634920634921,0.9800796812749005,0.976190476190476,0.9839999999999999,0.996078431372549,0.97165991902834,0.97165991902834,0.984251968503937,0.9807951118937739,0.008070018066452007,82
3.3420697689056396,0.8149898925123767,0.6738295316696167,0.33004259717798234,gini,100,2,2,300,-1,42,"{'criterion': 'gini', 'max_depth': 100, 'min_samples_leaf': 2, 'min_samples_split': 2, 'n_estimators': 300, 'n_jobs': -1, 'random_state': 42}",0.9841269841269842,0.9718875502008032,0.9920634920634921,0.9800796812749005,0.976190476190476,0.9839999999999999,0.996078431372549,0.97165991902834,0.97165991902834,0.984251968503937,0.9811998421789822,0.008125290034817134,54
4.995851850509643,0.9569479407097752,1.3734200716018676,0.5087446008796257,gini,100,2,2,500,-1,42,"{'criterion': 'gini', 'max_depth': 100, 'min_samples_leaf': 2, 'min_samples_split': 2, 'n_estimators': 500, 'n_jobs': -1, 'random_state': 42}",0.9841269841269842,0.9718875502008032,0.9880478087649402,0.9800796812749005,0.9800796812749005,0.9839999999999999,0.996078431372549,0.97165991902834,0.97165991902834,0.984251968503937,0.9811871943575694,0.007518234847479415,60
1.5218826293945313,0.14654508523991008,0.8959543704986572,0.44770966468350776,gini,100,2,5,100,-1,42,"{'criterion': 'gini', 'max_depth': 100, 'min_samples_leaf': 2, 'min_samples_split': 5, 'n_estimators': 100, 'n_jobs': -1, 'random_state': 42}",0.9800796812749005,0.968,0.9880478087649402,0.9800796812749005,0.9800796812749005,0.9839999999999999,0.996078431372549,0.9677419354838711,0.97165991902834,0.984251968503937,0.9800019106978338,0.008492340811471008,175
2.0520341634750365,0.5523693329657748,1.2211655139923097,0.28711530090235904,gini,100,2,5,200,-1,42,"{'criterion': 'gini', 'max_depth': 100, 'min_samples_leaf': 2, 'min_samples_split': 5, 'n_estimators': 200, 'n_jobs': -1, 'random_state': 42}",0.9800796812749005,0.9638554216867471,0.9920634920634921,0.9800796812749005,0.976190476190476,0.9839999999999999,0.996078431372549,0.97165991902834,0.97165991902834,0.984251968503937,0.9799918990423683,0.009232599071106393,200
3.636900520324707,0.5727922991968197,1.4264392137527466,0.463464868314355,gini,100,2,5,300,-1,42,"{'criterion': 'gini', 'max_depth': 100, 'min_samples_leaf': 2, 'min_samples_split': 5, 'n_estimators': 300, 'n_jobs': -1, 'random_state': 42}",0.9800796812749005,0.9638554216867471,0.9920634920634921,0.9800796812749005,0.976190476190476,0.9839999999999999,0.996078431372549,0.97165991902834,0.97165991902834,0.984251968503937,0.9799918990423683,0.009232599071106393,200
4.706258010864258,0.8757282951402791,0.888825511932373,0.2866766193512855,gini,100,2,5,500,-1,42,"{'criterion': 'gini', 'max_depth': 100, 'min_samples_leaf': 2, 'min_samples_split': 5, 'n_estimators': 500, 'n_jobs': -1, 'random_state': 42}",0.9841269841269842,0.968,0.9880478087649402,0.9800796812749005,0.976190476190476,0.9839999999999999,0.996078431372549,0.9677419354838711,0.97165991902834,0.984251968503937,0.9800177204745998,0.008675985202648699,148
2.16883807182312,0.20111013454380985,0.8038467407226563,0.29006019187085785,gini,100,2,10,100,-1,42,"{'criterion': 'gini', 'max_depth': 100, 'min_samples_leaf': 2, 'min_samples_split': 10, 'n_estimators': 100, 'n_jobs': -1, 'random_state': 42}",0.9800796812749005,0.9638554216867471,0.9880478087649402,0.9881422924901185,0.976190476190476,0.9839999999999999,0.9921875,0.9758064516129031,0.97165991902834,0.984251968503937,0.9804221519552362,0.008211001467235812,118
2.029163670539856,0.4209436093779535,0.752752423286438,0.3485951907734469,gini,100,2,10,200,-1,42,"{'criterion': 'gini', 'max_depth': 100, 'min_samples_leaf': 2, 'min_samples_split': 10, 'n_estimators': 200, 'n_jobs': -1, 'random_state': 42}",0.9841269841269842,0.96,0.9880478087649402,0.9841269841269842,0.976190476190476,0.9839999999999999,0.996078431372549,0.9758064516129031,0.97165991902834,0.984251968503937,0.9804289023727113,0.009440562013656669,98
2.675446367263794,0.416314964180473,0.8347696781158447,0.35477189430020545,gini,100,2,10,300,-1,42,"{'criterion': 'gini', 'max_depth': 100, 'min_samples_leaf': 2, 'min_samples_split': 10, 'n_estimators': 300, 'n_jobs': -1, 'random_state': 42}",0.9841269841269842,0.9558232931726907,0.9880478087649402,0.9841269841269842,0.976190476190476,0.9839999999999999,0.9921875,0.97165991902834,0.97165991902834,0.984251968503937,0.9792074852942692,0.01006630192574696,277
4.7368189811706545,0.5328026535269155,1.055001711845398,0.22753965996174458,gini,100,2,10,500,-1,42,"{'criterion': 'gini', 'max_depth': 100, 'min_samples_leaf': 2, 'min_samples_split': 10, 'n_estimators': 500, 'n_jobs': -1, 'random_state': 42}",0.9841269841269842,0.968,0.9880478087649402,0.9841269841269842,0.9723320158102767,0.9839999999999999,0.996078431372549,0.9718875502008032,0.97165991902834,0.984251968503937,0.9804511661934814,0.008529699162319986,93
1.674597191810608,0.4272019571645292,0.9104495525360108,0.4459742907769679,gini,100,4,2,100,-1,42,"{'criterion': 'gini', 'max_depth': 100, 'min_samples_leaf': 4, 'min_samples_split': 2, 'n_estimators': 100, 'n_jobs': -1, 'random_state': 42}",0.976,0.9554655870445343,0.9839999999999999,0.9841269841269842,0.9723320158102767,0.9799196787148594,0.9921875,0.9677419354838711,0.9674796747967479,0.9763779527559056,0.9755631328733179,0.009907517461318406,488
2.401178407669067,0.8574907762624073,0.8759824991226196,0.28109736808687175,gini,100,4,2,200,-1,42,"{'criterion': 'gini', 'max_depth': 100, 'min_samples_leaf': 4, 'min_samples_split': 2, 'n_estimators': 200, 'n_jobs': -1, 'random_state': 42}",0.9800796812749005,0.9512195121951219,0.9839999999999999,0.9841269841269842,0.9763779527559056,0.9758064516129031,0.9921875,0.9677419354838711,0.97165991902834,0.9802371541501976,0.9763437090628223,0.010615007113297511,468
3.1058584451675415,0.4508001514573073,0.6827236175537109,0.24569297888535396,gini,100,4,2,300,-1,42,"{'criterion': 'gini', 'max_depth': 100, 'min_samples_leaf': 4, 'min_samples_split': 2, 'n_estimators': 300, 'n_jobs': -1, 'random_state': 42}",0.9800796812749005,0.9512195121951219,0.9839999999999999,0.9841269841269842,0.9723320158102767,0.9839999999999999,0.9921875,0.9635627530364372,0.9674796747967479,0.9763779527559056,0.9755366073996374,0.011513166746319655,498
4.7939777851104735,0.7607381702428634,1.3556265115737915,0.33443394732790865,gini,100,4,2,500,-1,42,"{'criterion': 'gini', 'max_depth': 100, 'min_samples_leaf': 4, 'min_samples_split': 2, 'n_estimators': 500, 'n_jobs': -1, 'random_state': 42}",0.9841269841269842,0.9516129032258065,0.9839999999999999,0.9841269841269842,0.9723320158102767,0.9839999999999999,0.996078431372549,0.9635627530364372,0.9674796747967479,0.984251968503937,0.9771571714999722,0.012463584253580167,430
1.4819191932678222,0.25696922075029655,0.3529020071029663,0.09233640653821434,gini,100,4,5,100,-1,42,"{'criterion': 'gini', 'max_depth': 100, 'min_samples_leaf': 4, 'min_samples_split': 5, 'n_estimators': 100, 'n_jobs': -1, 'random_state': 42}",0.976,0.9554655870445343,0.9839999999999999,0.9841269841269842,0.9723320158102767,0.9799196787148594,0.9921875,0.9677419354838711,0.9674796747967479,0.9763779527559056,0.9755631328733179,0.009907517461318406,488
2.642320728302002,0.8272470777188734,0.9607362985610962,0.27675528724699244,gini,100,4,5,200,-1,42,"{'criterion': 'gini', 'max_depth': 100, 'min_samples_leaf': 4, 'min_samples_split': 5, 'n_estimators': 200, 'n_jobs': -1, 'random_state': 42}",0.9800796812749005,0.9512195121951219,0.9839999999999999,0.9841269841269842,0.9763779527559056,0.9758064516129031,0.9921875,0.9677419354838711,0.97165991902834,0.9802371541501976,0.9763437090628223,0.010615007113297511,468
3.244370198249817,0.3302966785422637,1.6082489013671875,0.8423948541978971,gini,100,4,5,300,-1,42,"{'criterion': 'gini', 'max_depth': 100, 'min_samples_leaf': 4, 'min_samples_split': 5, 'n_estimators': 300, 'n_jobs': -1, 'random_state': 42}",0.9800796812749005,0.9512195121951219,0.9839999999999999,0.9841269841269842,0.9723320158102767,0.9839999999999999,0.9921875,0.9635627530364372,0.9674796747967479,0.9763779527559056,0.9755366073996374,0.011513166746319655,498
5.048381209373474,0.2956719861425721,0.818123173713684,0.227258995897987,gini,100,4,5,500,-1,42,"{'criterion': 'gini', 'max_depth': 100, 'min_samples_leaf': 4, 'min_samples_split': 5, 'n_estimators': 500, 'n_jobs': -1, 'random_state': 42}",0.9841269841269842,0.9516129032258065,0.9839999999999999,0.9841269841269842,0.9723320158102767,0.9839999999999999,0.996078431372549,0.9635627530364372,0.9674796747967479,0.984251968503937,0.9771571714999722,0.012463584253580167,430
1.7048578977584838,0.6738438532338437,0.48761963844299316,0.415467570539258,gini,100,4,10,100,-1,42,"{'criterion': 'gini', 'max_depth': 100, 'min_samples_leaf': 4, 'min_samples_split': 10, 'n_estimators': 100, 'n_jobs': -1, 'random_state': 42}",0.976,0.9638554216867471,0.9839999999999999,0.9841269841269842,0.976190476190476,0.9839999999999999,0.9921875,0.9718875502008032,0.9674796747967479,0.9803921568627452,0.9780119763864503,0.00819712649571073,328
2.039527416229248,0.440865707080882,0.6051751613616944,0.30190951837777785,gini,100,4,10,200,-1,42,"{'criterion': 'gini', 'max_depth': 100, 'min_samples_leaf': 4, 'min_samples_split': 10, 'n_estimators': 200, 'n_jobs': -1, 'random_state': 42}",0.9800796812749005,0.9596774193548386,0.9839999999999999,0.9841269841269842,0.9723320158102767,0.9799196787148594,0.9921875,0.9677419354838711,0.9674796747967479,0.984251968503937,0.9771796858066415,0.009481252153615454,427
3.295553994178772,0.6355855831093137,1.279184889793396,0.41839691134590007,gini,100,4,10,300,-1,42,"{'criterion': 'gini', 'max_depth': 100, 'min_samples_leaf': 4, 'min_samples_split': 10, 'n_estimators': 300, 'n_jobs': -1, 'random_state': 42}",0.9841269841269842,0.9554655870445343,0.9839999999999999,0.9841269841269842,0.9723320158102767,0.9839999999999999,0.9921875,0.9635627530364372,0.9674796747967479,0.9803921568627452,0.9767673655804708,0.010945002137322891,448
4.147990798950195,0.31133626998350555,1.1393640279769897,0.5459621432389453,gini,100,4,10,500,-1,42,"{'criterion': 'gini', 'max_depth': 100, 'min_samples_leaf': 4, 'min_samples_split': 10, 'n_estimators': 500, 'n_jobs': -1, 'random_state': 42}",0.9841269841269842,0.9596774193548386,0.9839999999999999,0.9841269841269842,0.9723320158102767,0.9839999999999999,0.996078431372549,0.9677419354838711,0.9674796747967479,0.984251968503937,0.9783815413576187,0.010465605850822575,318
1.220447301864624,0.277336953363509,1.4400320529937745,0.3962688746150663,entropy,,1,2,100,-1,42,"{'criterion': 'entropy', 'max_depth': None, 'min_samples_leaf': 1, 'min_samples_split': 2, 'n_estimators': 100, 'n_jobs': -1, 'random_state': 42}",0.9800796812749005,0.9758064516129031,0.9920634920634921,0.9841269841269842,0.976,0.9839999999999999,0.9921259842519685,0.9674796747967479,0.9718875502008032,0.9803921568627452,0.9803961975190545,0.007618044218914873,125
2.6586928367614746,0.648514742576343,0.8533139705657959,0.417614311642345,entropy,,1,2,200,-1,42,"{'criterion': 'entropy', 'max_depth': None, 'min_samples_leaf': 1, 'min_samples_split': 2, 'n_estimators': 200, 'n_jobs': -1, 'random_state': 42}",0.9800796812749005,0.9718875502008032,0.9920634920634921,0.9841269841269842,0.9800796812749005,0.9839999999999999,0.9921259842519685,0.97165991902834,0.9718875502008032,0.9803921568627452,0.9808302999284937,0.00721146637262974,67
3.2054811239242555,0.6751949452823846,1.6543276071548463,0.42421470881034945,entropy,,1,2,300,-1,42,"{'criterion': 'entropy', 'max_depth': None, 'min_samples_leaf': 1, 'min_samples_split': 2, 'n_estimators': 300, 'n_jobs': -1, 'random_state': 42}",0.976,0.9718875502008032,0.9920634920634921,0.9841269841269842,0.9800796812749005,0.9839999999999999,0.9921259842519685,0.9674796747967479,0.9718875502008032,0.9803921568627452,0.9800043073778445,0.007938145312911567,166
4.98204915523529,0.5691941722951279,1.1263768911361693,0.5322660252393925,entropy,,1,2,500,-1,42,"{'criterion': 'entropy', 'max_depth': None, 'min_samples_leaf': 1, 'min_samples_split': 2, 'n_estimators': 500, 'n_jobs': -1, 'random_state': 42}",0.9800796812749005,0.9758064516129031,0.9920634920634921,0.9841269841269842,0.9841269841269842,0.9839999999999999,0.9921259842519685,0.9674796747967479,0.9718875502008032,0.9803921568627452,0.9812088959317528,0.007538789068549173,46
1.6691627979278565,0.3090898441435579,1.129202938079834,0.14392140323711633,entropy,,1,5,100,-1,42,"{'criterion': 'entropy', 'max_depth': None, 'min_samples_leaf': 1, 'min_samples_split': 5, 'n_estimators': 100, 'n_jobs': -1, 'random_state': 42}",0.976,0.9718875502008032,0.9920634920634921,0.9800796812749005,0.976,0.9839999999999999,0.996078431372549,0.97165991902834,0.97165991902834,0.9802371541501976,0.9799666147118622,0.008105683096209522,225
2.9311721086502076,0.2933005747121651,1.1735043048858642,0.43325750676346825,entropy,,1,5,200,-1,42,"{'criterion': 'entropy', 'max_depth': None, 'min_samples_leaf': 1, 'min_samples_split': 5, 'n_estimators': 200, 'n_jobs': -1, 'random_state': 42}",0.9800796812749005,0.968,0.9920634920634921,0.9800796812749005,0.9800796812749005,0.9839999999999999,0.9921259842519685,0.9674796747967479,0.97165991902834,0.984251968503937,0.9799820082469187,0.00834852007901611,212
3.5541661977767944,0.3340299585735696,1.4020095825195313,0.6359160737957871,entropy,,1,5,300,-1,42,"{'criterion': 'entropy', 'max_depth': None, 'min_samples_leaf': 1, 'min_samples_split': 5, 'n_estimators': 300, 'n_jobs': -1, 'random_state': 42}",0.976,0.9718875502008032,0.9920634920634921,0.9800796812749005,0.9800796812749005,0.9839999999999999,0.9921259842519685,0.9674796747967479,0.97165991902834,0.984251968503937,0.979962795139509,0.007967262784367145,233
4.918950748443604,0.6402635281614085,1.0943312644958496,0.23289837612246111,entropy,,1,5,500,-1,42,"{'criterion': 'entropy', 'max_depth': None, 'min_samples_leaf': 1, 'min_samples_split': 5, 'n_estimators': 500, 'n_jobs': -1, 'random_state': 42}",0.9800796812749005,0.9718875502008032,0.9920634920634921,0.9800796812749005,0.9800796812749005,0.9839999999999999,0.9921259842519685,0.9674796747967479,0.9758064516129031,0.984251968503937,0.9807854165254554,0.007487676943819915,85
2.056308889389038,0.3251526663481746,1.3957103967666626,0.3850392877518331,entropy,,1,10,100,-1,42,"{'criterion': 'entropy', 'max_depth': None, 'min_samples_leaf': 1, 'min_samples_split': 10, 'n_estimators': 100, 'n_jobs': -1, 'random_state': 42}",0.976,0.9718875502008032,0.9920634920634921,0.9800796812749005,0.9721115537848605,0.9839999999999999,0.996078431372549,0.9758064516129031,0.97165991902834,0.984251968503937,0.9803939047841785,0.008171658312510164,131
2.917538857460022,0.3172458556988408,0.7752478122711182,0.13611178534886334,entropy,,1,10,200,-1,42,"{'criterion': 'entropy', 'max_depth': None, 'min_samples_leaf': 1, 'min_samples_split': 10, 'n_estimators': 200, 'n_jobs': -1, 'random_state': 42}",0.9800796812749005,0.9718875502008032,0.9920634920634921,0.9800796812749005,0.976190476190476,0.9839999999999999,0.996078431372549,0.9758064516129031,0.97165991902834,0.984251968503937,0.98120976515223,0.00768744122182666,40
3.124281406402588,0.5321097389308242,1.5278659105300902,0.8202123301952252,entropy,,1,10,300,-1,42,"{'criterion': 'entropy', 'max_depth': None, 'min_samples_leaf': 1, 'min_samples_split': 10, 'n_estimators': 300, 'n_jobs': -1, 'random_state': 42}",0.9800796812749005,0.9758064516129031,0.9920634920634921,0.9800796812749005,0.976190476190476,0.9839999999999999,0.996078431372549,0.976,0.97165991902834,0.9803921568627452,0.9812350289680307,0.00722919488054646,13
4.593743681907654,0.6328936337721772,1.0096677780151366,0.30920397492205765,entropy,,1,10,500,-1,42,"{'criterion': 'entropy', 'max_depth': None, 'min_samples_leaf': 1, 'min_samples_split': 10, 'n_estimators': 500, 'n_jobs': -1, 'random_state': 42}",0.9841269841269842,0.9718875502008032,0.9920634920634921,0.9800796812749005,0.976190476190476,0.9839999999999999,0.996078431372549,0.976,0.97165991902834,0.984251968503937,0.9816338502761482,0.00770939670908881,4
2.212657117843628,1.1222919660054695,1.1481021404266358,0.9526593803001251,entropy,,2,2,100,-1,42,"{'criterion': 'entropy', 'max_depth': None, 'min_samples_leaf': 2, 'min_samples_split': 2, 'n_estimators': 100, 'n_jobs': -1, 'random_state': 42}",0.9800796812749005,0.968,0.9880478087649402,0.9800796812749005,0.9800796812749005,0.9799196787148594,0.996078431372549,0.9677419354838711,0.97165991902834,0.984251968503937,0.9795938785693199,0.008387822520974638,265
2.0668843507766725,0.5210178346754,0.7188184261322021,0.4341903543495858,entropy,,2,2,200,-1,42,"{'criterion': 'entropy', 'max_depth': None, 'min_samples_leaf': 2, 'min_samples_split': 2, 'n_estimators': 200, 'n_jobs': -1, 'random_state': 42}",0.9841269841269842,0.968,0.9880478087649402,0.9800796812749005,0.976190476190476,0.9799196787148594,0.996078431372549,0.97165991902834,0.97165991902834,0.984251968503937,0.9800014867005327,0.008099589908485005,180
3.3919229745864867,0.5280801277655574,0.7718502521514893,0.1655657055562953,entropy,,2,2,300,-1,42,"{'criterion': 'entropy', 'max_depth': None, 'min_samples_leaf': 2, 'min_samples_split': 2, 'n_estimators': 300, 'n_jobs': -1, 'random_state': 42}",0.9800796812749005,0.968,0.9920634920634921,0.9800796812749005,0.976190476190476,0.9799196787148594,0.996078431372549,0.97165991902834,0.97165991902834,0.984251968503937,0.9799983247451796,0.008483917296063164,188
4.933667778968811,1.1654155096205976,1.1872375726699829,0.29516046413677616,entropy,,2,2,500,-1,42,"{'criterion': 'entropy', 'max_depth': None, 'min_samples_leaf': 2, 'min_samples_split': 2, 'n_estimators': 500, 'n_jobs': -1, 'random_state': 42}",0.9841269841269842,0.9718875502008032,0.9880478087649402,0.9800796812749005,0.976190476190476,0.9799196787148594,0.9921259842519685,0.97165991902834,0.97165991902834,0.984251968503937,0.979994997008555,0.006829119409422999,194
1.1691484928131104,0.0898007727949646,0.9113515853881836,0.5324662442007946,entropy,,2,5,100,-1,42,"{'criterion': 'entropy', 'max_depth': None, 'min_samples_leaf': 2, 'min_samples_split': 5, 'n_estimators': 100, 'n_jobs': -1, 'random_state': 42}",0.9800796812749005,0.9718875502008032,0.9880478087649402,0.9800796812749005,0.9800796812749005,0.9839999999999999,0.9921259842519685,0.9674796747967479,0.97165991902834,0.984251968503937,0.9799691949371437,0.007335004086609395,219
2.3749701499938967,0.6364096151878781,1.0894635677337647,0.3266367910192365,entropy,,2,5,200,-1,42,"{'criterion': 'entropy', 'max_depth': None, 'min_samples_leaf': 2, 'min_samples_split': 5, 'n_estimators': 200, 'n_jobs': -1, 'random_state': 42}",0.9841269841269842,0.968,0.9880478087649402,0.9800796812749005,0.976190476190476,0.9839999999999999,0.9921259842519685,0.97165991902834,0.97165991902834,0.984251968503937,0.9800142741169886,0.007486979622139492,155
3.523667097091675,0.6751346092850148,1.474390196800232,0.38549896379706705,entropy,,2,5,300,-1,42,"{'criterion': 'entropy', 'max_depth': None, 'min_samples_leaf': 2, 'min_samples_split': 5, 'n_estimators': 300, 'n_jobs': -1, 'random_state': 42}",0.9800796812749005,0.968,0.9880478087649402,0.9800796812749005,0.976190476190476,0.9839999999999999,0.9921259842519685,0.97165991902834,0.97165991902834,0.984251968503937,0.9796095438317802,0.007362068099764226,254
4.964523839950561,0.7888635585591048,0.9418995380401611,0.2457853919419004,entropy,,2,5,500,-1,42,"{'criterion': 'entropy', 'max_depth': None, 'min_samples_leaf': 2, 'min_samples_split': 5, 'n_estimators': 500, 'n_jobs': -1, 'random_state': 42}",0.9841269841269842,0.968,0.9880478087649402,0.9800796812749005,0.976190476190476,0.9839999999999999,0.9921259842519685,0.9677419354838711,0.97165991902834,0.984251968503937,0.9796224757625417,0.007998928838891663,245
2.1333638191223145,0.520272885835598,1.193382740020752,0.31334930297412855,entropy,,2,10,100,-1,42,"{'criterion': 'entropy', 'max_depth': None, 'min_samples_leaf': 2, 'min_samples_split': 10, 'n_estimators': 100, 'n_jobs': -1, 'random_state': 42}",0.9800796812749005,0.9677419354838711,0.9880478087649402,0.9841269841269842,0.9802371541501976,0.9799196787148594,0.996078431372549,0.9677419354838711,0.97165991902834,0.984251968503937,0.979988549690445,0.0085354518863863,206
2.671522068977356,0.6305353732670295,0.8735784769058228,0.36785954896215184,entropy,,2,10,200,-1,42,"{'criterion': 'entropy', 'max_depth': None, 'min_samples_leaf': 2, 'min_samples_split': 10, 'n_estimators': 200, 'n_jobs': -1, 'random_state': 42}",0.9841269841269842,0.968,0.9880478087649402,0.9841269841269842,0.9802371541501976,0.9839999999999999,0.996078431372549,0.97165991902834,0.97165991902834,0.984251968503937,0.9812189169102272,0.008122431732088091,31
2.9700626373291015,0.48948390370446365,1.3237331867218018,0.7937040569511742,entropy,,2,10,300,-1,42,"{'criterion': 'entropy', 'max_depth': None, 'min_samples_leaf': 2, 'min_samples_split': 10, 'n_estimators': 300, 'n_jobs': -1, 'random_state': 42}",0.9800796812749005,0.968,0.9880478087649402,0.9841269841269842,0.9802371541501976,0.9839999999999999,0.996078431372549,0.9677419354838711,0.97165991902834,0.984251968503937,0.9804223882705718,0.008581899465983336,107
4.183946132659912,0.6911460856812265,1.0046242475509644,0.28356663159600204,entropy,,2,10,500,-1,42,"{'criterion': 'entropy', 'max_depth': None, 'min_samples_leaf': 2, 'min_samples_split': 10, 'n_estimators': 500, 'n_jobs': -1, 'random_state': 42}",0.9841269841269842,0.968,0.9880478087649402,0.9841269841269842,0.976190476190476,0.9839999999999999,0.996078431372549,0.9677419354838711,0.97165991902834,0.984251968503937,0.9804224507598083,0.008763397371751304,101
1.536472702026367,0.7503300763960948,2.2003814220428466,0.759015828023714,entropy,,4,2,100,-1,42,"{'criterion': 'entropy', 'max_depth': None, 'min_samples_leaf': 4, 'min_samples_split': 2, 'n_estimators': 100, 'n_jobs': -1, 'random_state': 42}",0.976,0.9635627530364372,0.9880478087649402,0.9841269841269842,0.9723320158102767,0.9839999999999999,0.9921875,0.9677419354838711,0.9674796747967479,0.9803921568627452,0.9775870828882003,0.009166603708157304,394
2.5129817008972166,0.6672750154863571,0.9554699420928955,0.32162008753342153,entropy,,4,2,200,-1,42,"{'criterion': 'entropy', 'max_depth': None, 'min_samples_leaf': 4, 'min_samples_split': 2, 'n_estimators': 200, 'n_jobs': -1, 'random_state': 42}",0.9800796812749005,0.9677419354838711,0.9839999999999999,0.9841269841269842,0.976190476190476,0.9839999999999999,0.996078431372549,0.9677419354838711,0.9674796747967479,0.984251968503937,0.9791691087233335,0.008891125022894813,282
2.8415751457214355,0.33011733421769524,1.0325657367706298,0.41584402161260847,entropy,,4,2,300,-1,42,"{'criterion': 'entropy', 'max_depth': None, 'min_samples_leaf': 4, 'min_samples_split': 2, 'n_estimators': 300, 'n_jobs': -1, 'random_state': 42}",0.9800796812749005,0.9638554216867471,0.9839999999999999,0.9841269841269842,0.976190476190476,0.9839999999999999,0.996078431372549,0.9635627530364372,0.963265306122449,0.984251968503937,0.977941102231448,0.010529177963740982,359
4.074838185310364,0.38386634290554283,1.162937068939209,0.3090305848714066,entropy,,4,2,500,-1,42,"{'criterion': 'entropy', 'max_depth': None, 'min_samples_leaf': 4, 'min_samples_split': 2, 'n_estimators': 500, 'n_jobs': -1, 'random_state': 42}",0.9841269841269842,0.96,0.9839999999999999,0.9841269841269842,0.9723320158102767,0.9839999999999999,0.996078431372549,0.9635627530364372,0.9674796747967479,0.984251968503937,0.9779958811773917,0.01090061409943429,331
1.7625436782836914,0.3632229125269589,1.2870151996612549,0.5906032910750977,entropy,,4,5,100,-1,42,"{'criterion': 'entropy', 'max_depth': None, 'min_samples_leaf': 4, 'min_samples_split': 5, 'n_estimators': 100, 'n_jobs': -1, 'random_state': 42}",0.976,0.9635627530364372,0.9880478087649402,0.9841269841269842,0.9723320158102767,0.9839999999999999,0.9921875,0.9677419354838711,0.9674796747967479,0.9803921568627452,0.9775870828882003,0.009166603708157304,394
2.135081958770752,0.6720605958668968,0.7152513027191162,0.30202039758060956,entropy,,4,5,200,-1,42,"{'criterion': 'entropy', 'max_depth': None, 'min_samples_leaf': 4, 'min_samples_split': 5, 'n_estimators': 200, 'n_jobs': -1, 'random_state': 42}",0.9800796812749005,0.9677419354838711,0.9839999999999999,0.9841269841269842,0.976190476190476,0.9839999999999999,0.996078431372549,0.9677419354838711,0.9674796747967479,0.984251968503937,0.9791691087233335,0.008891125022894813,282
3.1617862224578857,0.6974720190884234,0.9188259363174438,0.2644949898844135,entropy,,4,5,300,-1,42,"{'criterion': 'entropy', 'max_depth': None, 'min_samples_leaf': 4, 'min_samples_split': 5, 'n_estimators': 300, 'n_jobs': -1, 'random_state': 42}",0.9800796812749005,0.9638554216867471,0.9839999999999999,0.9841269841269842,0.976190476190476,0.9839999999999999,0.996078431372549,0.9635627530364372,0.963265306122449,0.984251968503937,0.977941102231448,0.010529177963740982,359
4.326933121681213,0.6588911934006786,1.154396080970764,0.2578232289301459,entropy,,4,5,500,-1,42,"{'criterion': 'entropy', 'max_depth': None, 'min_samples_leaf': 4, 'min_samples_split': 5, 'n_estimators': 500, 'n_jobs': -1, 'random_state': 42}",0.9841269841269842,0.96,0.9839999999999999,0.9841269841269842,0.9723320158102767,0.9839999999999999,0.996078431372549,0.9635627530364372,0.9674796747967479,0.984251968503937,0.9779958811773917,0.01090061409943429,331
1.663886594772339,0.40516056490308744,1.2415432453155517,0.3895357255090518,entropy,,4,10,100,-1,42,"{'criterion': 'entropy', 'max_depth': None, 'min_samples_leaf': 4, 'min_samples_split': 10, 'n_estimators': 100, 'n_jobs': -1, 'random_state': 42}",0.9721115537848605,0.96,0.9880478087649402,0.9841269841269842,0.9723320158102767,0.9839999999999999,0.996078431372549,0.9596774193548386,0.9674796747967479,0.984251968503937,0.9768105856515135,0.011676738282138645,442
2.8876552820205688,0.7586905056035242,0.909044337272644,0.3002236887221833,entropy,,4,10,200,-1,42,"{'criterion': 'entropy', 'max_depth': None, 'min_samples_leaf': 4, 'min_samples_split': 10, 'n_estimators': 200, 'n_jobs': -1, 'random_state': 42}",0.9800796812749005,0.96,0.9839999999999999,0.9841269841269842,0.9763779527559056,0.9839999999999999,0.9921875,0.9635627530364372,0.9674796747967479,0.984251968503937,0.9776066514494912,0.009992159045126289,380
3.1142447710037233,0.41893236048046056,0.9093737602233887,0.7169290819532638,entropy,,4,10,300,-1,42,"{'criterion': 'entropy', 'max_depth': None, 'min_samples_leaf': 4, 'min_samples_split': 10, 'n_estimators': 300, 'n_jobs': -1, 'random_state': 42}",0.9800796812749005,0.96,0.9839999999999999,0.9841269841269842,0.9763779527559056,0.9839999999999999,0.996078431372549,0.9635627530364372,0.9674796747967479,0.984251968503937,0.9779957445867462,0.010609071581478799,347
4.237657308578491,0.6591771196417803,0.9544971704483032,0.23855228450659743,entropy,,4,10,500,-1,42,"{'criterion': 'entropy', 'max_depth': None, 'min_samples_leaf': 4, 'min_samples_split': 10, 'n_estimators': 500, 'n_jobs': -1, 'random_state': 42}",0.9841269841269842,0.96,0.9839999999999999,0.9841269841269842,0.9723320158102767,0.9799196787148594,0.996078431372549,0.9635627530364372,0.9674796747967479,0.984251968503937,0.9775878490488775,0.010743465592619671,386
1.5101471424102784,0.474497812160239,1.1749472856521606,0.7170333373423964,entropy,10,1,2,100,-1,42,"{'criterion': 'entropy', 'max_depth': 10, 'min_samples_leaf': 1, 'min_samples_split': 2, 'n_estimators': 100, 'n_jobs': -1, 'random_state': 42}",0.9800796812749005,0.9635627530364372,0.9880478087649402,0.9841269841269842,0.968503937007874,0.9839999999999999,0.988235294117647,0.9677419354838711,0.9674796747967479,0.9803921568627452,0.9772170225472147,0.008931355077063531,424
2.3857425689697265,0.7301833464820309,0.6433632612228394,0.2738445482803474,entropy,10,1,2,200,-1,42,"{'criterion': 'entropy', 'max_depth': 10, 'min_samples_leaf': 1, 'min_samples_split': 2, 'n_estimators': 200, 'n_jobs': -1, 'random_state': 42}",0.9841269841269842,0.9596774193548386,0.9920634920634921,0.9841269841269842,0.9647058823529412,0.9839999999999999,0.988235294117647,0.9677419354838711,0.9674796747967479,0.9803921568627452,0.9772549823286252,0.010687144054143612,414
3.501734232902527,0.5616651997525874,1.1265731573104858,0.7204198258229393,entropy,10,1,2,300,-1,42,"{'criterion': 'entropy', 'max_depth': 10, 'min_samples_leaf': 1, 'min_samples_split': 2, 'n_estimators': 300, 'n_jobs': -1, 'random_state': 42}",0.9841269841269842,0.9554655870445343,0.9880478087649402,0.9881422924901185,0.9687500000000001,0.9839999999999999,0.988235294117647,0.9677419354838711,0.9674796747967479,0.9803921568627452,0.9772381733687588,0.010914722862450408,421
4.490615916252136,0.2854051887401893,0.7166347026824951,0.24424415348504208,entropy,10,1,2,500,-1,42,"{'criterion': 'entropy', 'max_depth': 10, 'min_samples_leaf': 1, 'min_samples_split': 2, 'n_estimators': 500, 'n_jobs': -1, 'random_state': 42}",0.9841269841269842,0.9638554216867471,0.9880478087649402,0.9881422924901185,0.9687500000000001,0.9839999999999999,0.9843749999999999,0.97165991902834,0.9674796747967479,0.9803921568627452,0.9780829257756622,0.008718739758741819,322
1.1569868564605712,0.340385799584803,1.2088608980178832,0.9798119859005676,entropy,10,1,5,100,-1,42,"{'criterion': 'entropy', 'max_depth': 10, 'min_samples_leaf': 1, 'min_samples_split': 5, 'n_estimators': 100, 'n_jobs': -1, 'random_state': 42}",0.9721115537848605,0.9596774193548386,0.9841269841269842,0.9841269841269842,0.968503937007874,0.9841269841269842,0.9921875,0.9677419354838711,0.9674796747967479,0.9803921568627452,0.9760475129671888,0.00978762698883993,475
2.70381920337677,0.8048871753621463,0.7201265573501587,0.5040154446618422,entropy,10,1,5,200,-1,42,"{'criterion': 'entropy', 'max_depth': 10, 'min_samples_leaf': 1, 'min_samples_split': 5, 'n_estimators': 200, 'n_jobs': -1, 'random_state': 42}",0.9841269841269842,0.9596774193548386,0.9920634920634921,0.9881422924901185,0.9725490196078432,0.9880478087649402,0.988235294117647,0.9758064516129031,0.9674796747967479,0.9803921568627452,0.9796520593798259,0.01001626679593245,239
3.039254927635193,0.7040394143752896,0.8374485015869141,0.45956265535017454,entropy,10,1,5,300,-1,42,"{'criterion': 'entropy', 'max_depth': 10, 'min_samples_leaf': 1, 'min_samples_split': 5, 'n_estimators': 300, 'n_jobs': -1, 'random_state': 42}",0.9841269841269842,0.9596774193548386,0.9880478087649402,0.9881422924901185,0.9687500000000001,0.9880478087649402,0.988235294117647,0.9677419354838711,0.9674796747967479,0.9803921568627452,0.9780641374762833,0.010440067379432056,324
5.135308790206909,0.7075310384595039,1.4455187797546387,0.47670011272301427,entropy,10,1,5,500,-1,42,"{'criterion': 'entropy', 'max_depth': 10, 'min_samples_leaf': 1, 'min_samples_split': 5, 'n_estimators': 500, 'n_jobs': -1, 'random_state': 42}",0.9841269841269842,0.9638554216867471,0.9880478087649402,0.9881422924901185,0.9687500000000001,0.9880478087649402,0.988235294117647,0.9718875502008032,0.9674796747967479,0.9803921568627452,0.9788964991811673,0.009372515064288009,294
1.1943170070648192,0.22236615981022842,1.0288212537765502,0.13022309252112568,entropy,10,1,10,100,-1,42,"{'criterion': 'entropy', 'max_depth': 10, 'min_samples_leaf': 1, 'min_samples_split': 10, 'n_estimators': 100, 'n_jobs': -1, 'random_state': 42}",0.9800796812749005,0.9596774193548386,0.9839999999999999,0.9881422924901185,0.9647058823529412,0.976,0.9843749999999999,0.9638554216867471,0.9674796747967479,0.9763779527559056,0.9744693324712198,0.009428698558065933,518
2.425732707977295,0.804226638903059,0.8649924516677856,0.45520932923866536,entropy,10,1,10,200,-1,42,"{'criterion': 'entropy', 'max_depth': 10, 'min_samples_leaf': 1, 'min_samples_split': 10, 'n_estimators': 200, 'n_jobs': -1, 'random_state': 42}",0.9841269841269842,0.9558232931726907,0.9920634920634921,0.9881422924901185,0.9647058823529412,0.9880478087649402,0.9843749999999999,0.9718875502008032,0.9674796747967479,0.9803921568627452,0.9777044134831463,0.011407080264725143,371
3.1307772397994995,1.0822001687436076,1.0392742872238159,0.5731348614904941,entropy,10,1,10,300,-1,42,"{'criterion': 'entropy', 'max_depth': 10, 'min_samples_leaf': 1, 'min_samples_split': 10, 'n_estimators': 300, 'n_jobs': -1, 'random_state': 42}",0.9841269841269842,0.9558232931726907,0.9880478087649402,0.9841269841269842,0.9647058823529412,0.9839999999999999,0.988235294117647,0.9677419354838711,0.9674796747967479,0.9803921568627452,0.9764680013805551,0.010878863966930842,454
4.186660599708557,0.5816410402018918,1.2586626052856444,0.37605239994657463,entropy,10,1,10,500,-1,42,"{'criterion': 'entropy', 'max_depth': 10, 'min_samples_leaf': 1, 'min_samples_split': 10, 'n_estimators': 500, 'n_jobs': -1, 'random_state': 42}",0.9841269841269842,0.9596774193548386,0.9880478087649402,0.9841269841269842,0.9687500000000001,0.9758064516129031,0.9883268482490272,0.968,0.9674796747967479,0.9803921568627452,0.9764734327895169,0.009496677435302293,452
1.590438461303711,0.31493759754036627,1.0325766563415528,0.6908326264276842,entropy,10,2,2,100,-1,42,"{'criterion': 'entropy', 'max_depth': 10, 'min_samples_leaf': 2, 'min_samples_split': 2, 'n_estimators': 100, 'n_jobs': -1, 'random_state': 42}",0.976190476190476,0.9596774193548386,0.9839999999999999,0.9881422924901185,0.9687500000000001,0.9800796812749005,0.9921875,0.9677419354838711,0.9674796747967479,0.9803921568627452,0.9764641136453698,0.009833962786373503,458
1.8737299919128418,0.706145784916299,0.7731884717941284,0.545664381417475,entropy,10,2,2,200,-1,42,"{'criterion': 'entropy', 'max_depth': 10, 'min_samples_leaf': 2, 'min_samples_split': 2, 'n_estimators': 200, 'n_jobs': -1, 'random_state': 42}",0.9841269841269842,0.9554655870445343,0.9880478087649402,0.9881422924901185,0.9647058823529412,0.9841269841269842,0.9921875,0.9677419354838711,0.9674796747967479,0.9803921568627452,0.9772416806049866,0.011749893513707034,418
2.852134871482849,0.5452303690882592,0.9468036413192749,0.16384402766016098,entropy,10,2,2,300,-1,42,"{'criterion': 'entropy', 'max_depth': 10, 'min_samples_leaf': 2, 'min_samples_split': 2, 'n_estimators': 300, 'n_jobs': -1, 'random_state': 42}",0.9802371541501976,0.9554655870445343,0.9839999999999999,0.9881422924901185,0.9687500000000001,0.976,0.9843749999999999,0.9677419354838711,0.9674796747967479,0.9803921568627452,0.9752583800828214,0.00963502254614299,504
4.436892080307007,0.5794839087694699,1.038239598274231,0.23793893923516507,entropy,10,2,2,500,-1,42,"{'criterion': 'entropy', 'max_depth': 10, 'min_samples_leaf': 2, 'min_samples_split': 2, 'n_estimators': 500, 'n_jobs': -1, 'random_state': 42}",0.9841269841269842,0.9638554216867471,0.9839999999999999,0.9881422924901185,0.9687500000000001,0.9799196787148594,0.9921875,0.9677419354838711,0.9674796747967479,0.9803921568627452,0.9776595644162074,0.00942059727572279,373
1.3374792814254761,0.2947318923486026,1.362773847579956,0.4247343035950014,entropy,10,2,5,100,-1,42,"{'criterion': 'entropy', 'max_depth': 10, 'min_samples_leaf': 2, 'min_samples_split': 5, 'n_estimators': 100, 'n_jobs': -1, 'random_state': 42}",0.9802371541501976,0.9596774193548386,0.9800796812749005,0.9881422924901185,0.9725490196078432,0.9800796812749005,0.9921875,0.9677419354838711,0.9674796747967479,0.9803921568627452,0.9768566515296163,0.009443471269873492,438
2.738873028755188,0.6554172455226532,1.3438604831695558,0.7469731059468612,entropy,10,2,5,200,-1,42,"{'criterion': 'entropy', 'max_depth': 10, 'min_samples_leaf': 2, 'min_samples_split': 5, 'n_estimators': 200, 'n_jobs': -1, 'random_state': 42}",0.9841269841269842,0.9596774193548386,0.9880478087649402,0.9881422924901185,0.968503937007874,0.9800796812749005,0.9921875,0.9677419354838711,0.9674796747967479,0.9803921568627452,0.977637939016302,0.0104555418779915,376
2.967854356765747,0.49889577957130354,0.957238745689392,0.4207213352187096,entropy,10,2,5,300,-1,42,"{'criterion': 'entropy', 'max_depth': 10, 'min_samples_leaf': 2, 'min_samples_split': 5, 'n_estimators': 300, 'n_jobs': -1, 'random_state': 42}",0.9802371541501976,0.9596774193548386,0.9839999999999999,0.9881422924901185,0.9687500000000001,0.9799196787148594,0.9883268482490272,0.9677419354838711,0.9674796747967479,0.9803921568627452,0.9764667160102405,0.009346642845400245,456
3.786686563491821,0.45436907234712437,1.0201176881790162,0.3482861595246558,entropy,10,2,5,500,-1,42,"{'criterion': 'entropy', 'max_depth': 10, 'min_samples_leaf': 2, 'min_samples_split': 5, 'n_estimators': 500, 'n_jobs': -1, 'random_state': 42}",0.9841269841269842,0.9596774193548386,0.9839999999999999,0.9881422924901185,0.9687500000000001,0.9799196787148594,0.9921875,0.9677419354838711,0.9674796747967479,0.9803921568627452,0.9772417641830164,0.010092245262962101,416
2.398031234741211,0.7694644608331996,0.4481313705444336,0.15764649243338072,entropy,10,2,10,100,-1,42,"{'criterion': 'entropy', 'max_depth': 10, 'min_samples_leaf': 2, 'min_samples_split': 10, 'n_estimators': 100, 'n_jobs': -1, 'random_state': 42}",0.9718875502008032,0.9554655870445343,0.9839999999999999,0.9841269841269842,0.9723320158102767,0.9718875502008032,0.9883268482490272,0.9635627530364372,0.9674796747967479,0.9803921568627452,0.9739461120328359,0.009774084645584198,538
2.107065463066101,0.6045702519538784,0.5739898681640625,0.2192222245309555,entropy,10,2,10,200,-1,42,"{'criterion': 'entropy', 'max_depth': 10, 'min_samples_leaf': 2, 'min_samples_split': 10, 'n_estimators': 200, 'n_jobs': -1, 'random_state': 42}",0.9841269841269842,0.9554655870445343,0.9880478087649402,0.9841269841269842,0.9647058823529412,0.976,0.9883268482490272,0.9677419354838711,0.9674796747967479,0.9803921568627452,0.9756413861808776,0.01066401617102509,483
3.0438915967941282,0.5347797811755867,1.2562840223312377,0.28477705291983196,entropy,10,2,10,300,-1,42,"{'criterion': 'entropy', 'max_depth': 10, 'min_samples_leaf': 2, 'min_samples_split': 10, 'n_estimators': 300, 'n_jobs': -1, 'random_state': 42}",0.9841269841269842,0.9554655870445343,0.9839999999999999,0.9841269841269842,0.9647058823529412,0.9758064516129031,0.9921875,0.9677419354838711,0.9674796747967479,0.9803921568627452,0.9756033156407711,0.010797669175798842,486
3.9512189626693726,0.7350844568759561,0.7433550357818604,0.21624530277881282,entropy,10,2,10,500,-1,42,"{'criterion': 'entropy', 'max_depth': 10, 'min_samples_leaf': 2, 'min_samples_split': 10, 'n_estimators': 500, 'n_jobs': -1, 'random_state': 42}",0.9841269841269842,0.9554655870445343,0.9839999999999999,0.9841269841269842,0.9687500000000001,0.9718875502008032,0.9883268482490272,0.9677419354838711,0.9674796747967479,0.9803921568627452,0.9752297720891697,0.009966613723898485,506
1.2863125801086426,0.1862913085459291,1.2531087875366211,0.10567802877080322,entropy,10,4,2,100,-1,42,"{'criterion': 'entropy', 'max_depth': 10, 'min_samples_leaf': 4, 'min_samples_split': 2, 'n_estimators': 100, 'n_jobs': -1, 'random_state': 42}",0.9721115537848605,0.9596774193548386,0.9839999999999999,0.9921259842519685,0.9647058823529412,0.9800796812749005,0.9883268482490272,0.9677419354838711,0.963265306122449,0.9763779527559056,0.9748412563630764,0.010577476727923122,514
2.155901622772217,0.41947277618164514,0.7524374008178711,0.32313781790993457,entropy,10,4,2,200,-1,42,"{'criterion': 'entropy', 'max_depth': 10, 'min_samples_leaf': 4, 'min_samples_split': 2, 'n_estimators': 200, 'n_jobs': -1, 'random_state': 42}",0.9800796812749005,0.9596774193548386,0.9839999999999999,0.9881422924901185,0.968503937007874,0.9800796812749005,0.9883268482490272,0.9718875502008032,0.963265306122449,0.9763779527559056,0.9760340668730818,0.009478963903573678,477
2.611629366874695,0.22560074003049707,0.6801352262496948,0.3210511175906198,entropy,10,4,2,300,-1,42,"{'criterion': 'entropy', 'max_depth': 10, 'min_samples_leaf': 4, 'min_samples_split': 2, 'n_estimators': 300, 'n_jobs': -1, 'random_state': 42}",0.976190476190476,0.9516129032258065,0.9839999999999999,0.9881422924901185,0.9647058823529412,0.9799196787148594,0.9883268482490272,0.9718875502008032,0.963265306122449,0.9763779527559056,0.9744428890302386,0.011207389408985975,524
4.198536229133606,0.5933704624072176,0.9416033267974854,0.11123886383856775,entropy,10,4,2,500,-1,42,"{'criterion': 'entropy', 'max_depth': 10, 'min_samples_leaf': 4, 'min_samples_split': 2, 'n_estimators': 500, 'n_jobs': -1, 'random_state': 42}",0.976190476190476,0.9554655870445343,0.9839999999999999,0.9881422924901185,0.9647058823529412,0.976,0.9883268482490272,0.9638554216867471,0.963265306122449,0.9803921568627452,0.9740343970999039,0.010967954456326093,534
1.2799517393112183,0.34631984587008086,0.7828351020812988,0.25400699371379526,entropy,10,4,5,100,-1,42,"{'criterion': 'entropy', 'max_depth': 10, 'min_samples_leaf': 4, 'min_samples_split': 5, 'n_estimators': 100, 'n_jobs': -1, 'random_state': 42}",0.9721115537848605,0.9596774193548386,0.9839999999999999,0.9921259842519685,0.9647058823529412,0.9800796812749005,0.9883268482490272,0.9677419354838711,0.963265306122449,0.9763779527559056,0.9748412563630764,0.010577476727923122,514
2.38590030670166,0.5049223612815007,0.8670213699340821,0.14741037911363217,entropy,10,4,5,200,-1,42,"{'criterion': 'entropy', 'max_depth': 10, 'min_samples_leaf': 4, 'min_samples_split': 5, 'n_estimators': 200, 'n_jobs': -1, 'random_state': 42}",0.9800796812749005,0.9596774193548386,0.9839999999999999,0.9881422924901185,0.968503937007874,0.9800796812749005,0.9883268482490272,0.9718875502008032,0.963265306122449,0.9763779527559056,0.9760340668730818,0.009478963903573678,477
3.2470673322677612,0.3345025261757748,0.5863684892654419,0.31768715646934176,entropy,10,4,5,300,-1,42,"{'criterion': 'entropy', 'max_depth': 10, 'min_samples_leaf': 4, 'min_samples_split': 5, 'n_estimators': 300, 'n_jobs': -1, 'random_state': 42}",0.976190476190476,0.9516129032258065,0.9839999999999999,0.9881422924901185,0.9647058823529412,0.9799196787148594,0.9883268482490272,0.9718875502008032,0.963265306122449,0.9763779527559056,0.9744428890302386,0.011207389408985975,524
4.759878158569336,0.2836911598552614,1.074066972732544,0.14465783917298064,entropy,10,4,5,500,-1,42,"{'criterion': 'entropy', 'max_depth': 10, 'min_samples_leaf': 4, 'min_samples_split': 5, 'n_estimators': 500, 'n_jobs': -1, 'random_state': 42}",0.976190476190476,0.9554655870445343,0.9839999999999999,0.9881422924901185,0.9647058823529412,0.976,0.9883268482490272,0.9638554216867471,0.963265306122449,0.9803921568627452,0.9740343970999039,0.010967954456326093,534
1.4089472532272338,0.20812070440078564,0.4336787462234497,0.2655141782536146,entropy,10,4,10,100,-1,42,"{'criterion': 'entropy', 'max_depth': 10, 'min_samples_leaf': 4, 'min_samples_split': 10, 'n_estimators': 100, 'n_jobs': -1, 'random_state': 42}",0.9721115537848605,0.9596774193548386,0.9839999999999999,0.9921259842519685,0.968503937007874,0.9800796812749005,0.9921875,0.9677419354838711,0.9674796747967479,0.9803921568627452,0.9764299842817806,0.010481878100417669,464
2.008926439285278,0.5274750679401009,0.9986217737197876,0.12194835842713195,entropy,10,4,10,200,-1,42,"{'criterion': 'entropy', 'max_depth': 10, 'min_samples_leaf': 4, 'min_samples_split': 10, 'n_estimators': 200, 'n_jobs': -1, 'random_state': 42}",0.9841269841269842,0.9596774193548386,0.9880478087649402,0.9881422924901185,0.9647058823529412,0.9800796812749005,0.9921875,0.9718875502008032,0.9674796747967479,0.9765625,0.9772897293362274,0.010509453341698696,410
3.398654341697693,0.34178551993280887,0.950791597366333,0.21192823120084547,entropy,10,4,10,300,-1,42,"{'criterion': 'entropy', 'max_depth': 10, 'min_samples_leaf': 4, 'min_samples_split': 10, 'n_estimators': 300, 'n_jobs': -1, 'random_state': 42}",0.9802371541501976,0.9554655870445343,0.9839999999999999,0.9881422924901185,0.9647058823529412,0.976,0.9921875,0.9677419354838711,0.963265306122449,0.9803921568627452,0.9752137814506856,0.011331905448118195,510
5.124828743934631,0.4849859537504159,1.304371452331543,0.3841130786807805,entropy,10,4,10,500,-1,42,"{'criterion': 'entropy', 'max_depth': 10, 'min_samples_leaf': 4, 'min_samples_split': 10, 'n_estimators': 500, 'n_jobs': -1, 'random_state': 42}",0.976190476190476,0.9554655870445343,0.9839999999999999,0.9881422924901185,0.9647058823529412,0.976,0.9883268482490272,0.968,0.9674796747967479,0.9803921568627452,0.9748702917986589,0.010275049985157412,512
1.7294370174407958,0.3189725862359738,1.0155510663986207,0.1679230078854891,entropy,20,1,2,100,-1,42,"{'criterion': 'entropy', 'max_depth': 20, 'min_samples_leaf': 1, 'min_samples_split': 2, 'n_estimators': 100, 'n_jobs': -1, 'random_state': 42}",0.9800796812749005,0.9718875502008032,0.9920634920634921,0.9800796812749005,0.976190476190476,0.9839999999999999,0.996078431372549,0.97165991902834,0.9718875502008032,0.9803921568627452,0.980431893846901,0.007962650715635367,96
2.3948373317718508,0.5536271996087654,0.8802289009094239,0.3864233734055533,entropy,20,1,2,200,-1,42,"{'criterion': 'entropy', 'max_depth': 20, 'min_samples_leaf': 1, 'min_samples_split': 2, 'n_estimators': 200, 'n_jobs': -1, 'random_state': 42}",0.9800796812749005,0.9718875502008032,0.9920634920634921,0.9841269841269842,0.9800796812749005,0.9839999999999999,0.9921259842519685,0.97165991902834,0.9718875502008032,0.984251968503937,0.9812162810926128,0.007280649039332003,37
3.2661217212677003,0.3880875184226565,0.7512983798980712,0.23820187450513663,entropy,20,1,2,300,-1,42,"{'criterion': 'entropy', 'max_depth': 20, 'min_samples_leaf': 1, 'min_samples_split': 2, 'n_estimators': 300, 'n_jobs': -1, 'random_state': 42}",0.976,0.9718875502008032,0.9920634920634921,0.9841269841269842,0.9800796812749005,0.9839999999999999,0.9921259842519685,0.97165991902834,0.9718875502008032,0.9803921568627452,0.9804223318010037,0.007356333744069138,113
5.1866661548614506,0.6192134417733719,1.5225551843643188,0.41744074726785846,entropy,20,1,2,500,-1,42,"{'criterion': 'entropy', 'max_depth': 20, 'min_samples_leaf': 1, 'min_samples_split': 2, 'n_estimators': 500, 'n_jobs': -1, 'random_state': 42}",0.9841269841269842,0.9718875502008032,0.9920634920634921,0.9841269841269842,0.9841269841269842,0.9839999999999999,0.9921259842519685,0.97165991902834,0.9718875502008032,0.9803921568627452,0.9816397604989104,0.007308280269447873,2
1.449327278137207,0.5027920200373973,0.6491669654846192,0.5115001902740066,entropy,20,1,5,100,-1,42,"{'criterion': 'entropy', 'max_depth': 20, 'min_samples_leaf': 1, 'min_samples_split': 5, 'n_estimators': 100, 'n_jobs': -1, 'random_state': 42}",0.9800796812749005,0.9718875502008032,0.9920634920634921,0.9800796812749005,0.976,0.9880478087649402,0.9921259842519685,0.9674796747967479,0.97165991902834,0.9802371541501976,0.979966094580629,0.008157936876704583,231
2.7850807905197144,0.6462783599240087,1.2730725288391114,0.47874870965147265,entropy,20,1,5,200,-1,42,"{'criterion': 'entropy', 'max_depth': 20, 'min_samples_leaf': 1, 'min_samples_split': 5, 'n_estimators': 200, 'n_jobs': -1, 'random_state': 42}",0.9800796812749005,0.9718875502008032,0.9920634920634921,0.9800796812749005,0.976,0.9880478087649402,0.9921259842519685,0.9674796747967479,0.9758064516129031,0.9802371541501976,0.9803807478390854,0.007823746192898827,139
3.8852713108062744,0.6593863347685928,1.5083359956741333,0.2628893781513634,entropy,20,1,5,300,-1,42,"{'criterion': 'entropy', 'max_depth': 20, 'min_samples_leaf': 1, 'min_samples_split': 5, 'n_estimators': 300, 'n_jobs': -1, 'random_state': 42}",0.976,0.9718875502008032,0.9920634920634921,0.9800796812749005,0.9800796812749005,0.9839999999999999,0.9921259842519685,0.9674796747967479,0.9758064516129031,0.984251968503937,0.9803774483979654,0.007624898879971272,141
5.310812377929688,0.7560326380676159,1.0789400577545165,0.2995292155689614,entropy,20,1,5,500,-1,42,"{'criterion': 'entropy', 'max_depth': 20, 'min_samples_leaf': 1, 'min_samples_split': 5, 'n_estimators': 500, 'n_jobs': -1, 'random_state': 42}",0.9841269841269842,0.9758064516129031,0.9920634920634921,0.9800796812749005,0.9800796812749005,0.9839999999999999,0.9921259842519685,0.9674796747967479,0.9758064516129031,0.984251968503937,0.9815820369518737,0.007145579734164421,11
2.1943355560302735,0.4924965809219273,1.0470871686935426,0.18002817669624951,entropy,20,1,10,100,-1,42,"{'criterion': 'entropy', 'max_depth': 20, 'min_samples_leaf': 1, 'min_samples_split': 10, 'n_estimators': 100, 'n_jobs': -1, 'random_state': 42}",0.976,0.9677419354838711,0.9920634920634921,0.9800796812749005,0.9721115537848605,0.9799196787148594,0.996078431372549,0.9718875502008032,0.97165991902834,0.9802371541501976,0.9787779396073872,0.008677759184087863,311
2.62901029586792,0.37638287150721783,0.7948445558547974,0.16380764227940645,entropy,20,1,10,200,-1,42,"{'criterion': 'entropy', 'max_depth': 20, 'min_samples_leaf': 1, 'min_samples_split': 10, 'n_estimators': 200, 'n_jobs': -1, 'random_state': 42}",0.9800796812749005,0.9718875502008032,0.9920634920634921,0.9800796812749005,0.976190476190476,0.9839999999999999,0.996078431372549,0.9718875502008032,0.97165991902834,0.984251968503937,0.9808178750110201,0.008044498995953418,73
2.9459330081939696,0.5230181566288363,1.0510252237319946,0.43177175374210025,entropy,20,1,10,300,-1,42,"{'criterion': 'entropy', 'max_depth': 20, 'min_samples_leaf': 1, 'min_samples_split': 10, 'n_estimators': 300, 'n_jobs': -1, 'random_state': 42}",0.976,0.9718875502008032,0.9920634920634921,0.9800796812749005,0.976190476190476,0.9799196787148594,0.996078431372549,0.9718875502008032,0.97165991902834,0.984251968503937,0.980001874755016,0.008085968733254427,178
4.801275897026062,0.635731839753069,0.8933193206787109,0.3086553187282785,entropy,20,1,10,500,-1,42,"{'criterion': 'entropy', 'max_depth': 20, 'min_samples_leaf': 1, 'min_samples_split': 10, 'n_estimators': 500, 'n_jobs': -1, 'random_state': 42}",0.9841269841269842,0.9718875502008032,0.9920634920634921,0.9800796812749005,0.976190476190476,0.9799196787148594,0.996078431372549,0.976,0.97165991902834,0.984251968503937,0.9812258181476341,0.007681294120315565,28
1.2965315580368042,0.23559043834478505,1.191630220413208,0.5814115934152162,entropy,20,2,2,100,-1,42,"{'criterion': 'entropy', 'max_depth': 20, 'min_samples_leaf': 2, 'min_samples_split': 2, 'n_estimators': 100, 'n_jobs': -1, 'random_state': 42}",0.9800796812749005,0.968,0.9880478087649402,0.9800796812749005,0.976190476190476,0.9799196787148594,0.996078431372549,0.97165991902834,0.97165991902834,0.984251968503937,0.9795967564153243,0.00798362001973087,263
2.3670934200286866,0.7241545746212495,0.8650218725204468,0.5743834440173732,entropy,20,2,2,200,-1,42,"{'criterion': 'entropy', 'max_depth': 20, 'min_samples_leaf': 2, 'min_samples_split': 2, 'n_estimators': 200, 'n_jobs': -1, 'random_state': 42}",0.9841269841269842,0.968,0.9880478087649402,0.9800796812749005,0.976190476190476,0.9799196787148594,0.996078431372549,0.97165991902834,0.97165991902834,0.984251968503937,0.9800014867005327,0.008099589908485005,180
3.7178438186645506,0.6347579533289662,1.2141978740692139,0.34773791367597556,entropy,20,2,2,300,-1,42,"{'criterion': 'entropy', 'max_depth': 20, 'min_samples_leaf': 2, 'min_samples_split': 2, 'n_estimators': 300, 'n_jobs': -1, 'random_state': 42}",0.9800796812749005,0.968,0.9880478087649402,0.9800796812749005,0.976190476190476,0.9799196787148594,0.9921259842519685,0.97165991902834,0.97165991902834,0.984251968503937,0.9792015117032662,0.007219111047471899,280
4.889538812637329,0.8145808673745607,1.0422303915023803,0.2678326317038609,entropy,20,2,2,500,-1,42,"{'criterion': 'entropy', 'max_depth': 20, 'min_samples_leaf': 2, 'min_samples_split': 2, 'n_estimators': 500, 'n_jobs': -1, 'random_state': 42}",0.9841269841269842,0.968,0.9880478087649402,0.9800796812749005,0.976190476190476,0.9799196787148594,0.9921259842519685,0.97165991902834,0.97165991902834,0.984251968503937,0.9796062419884747,0.0073688986552938925,260
1.5588554620742798,0.27328588182946595,0.8019359350204468,0.4143834633095542,entropy,20,2,5,100,-1,42,"{'criterion': 'entropy', 'max_depth': 20, 'min_samples_leaf': 2, 'min_samples_split': 5, 'n_estimators': 100, 'n_jobs': -1, 'random_state': 42}",0.9800796812749005,0.9718875502008032,0.9880478087649402,0.9800796812749005,0.9841269841269842,0.9799196787148594,0.9921259842519685,0.97165991902834,0.97165991902834,0.984251968503937,0.9803839175169975,0.0067111021466855865,137
2.483180618286133,0.3206051696873205,0.9710927248001099,0.4226676054760257,entropy,20,2,5,200,-1,42,"{'criterion': 'entropy', 'max_depth': 20, 'min_samples_leaf': 2, 'min_samples_split': 5, 'n_estimators': 200, 'n_jobs': -1, 'random_state': 42}",0.9800796812749005,0.968,0.9880478087649402,0.9800796812749005,0.976190476190476,0.9758064516129031,0.9921259842519685,0.97165991902834,0.97165991902834,0.984251968503937,0.9787901889930707,0.007283367686714142,305
3.846454906463623,0.5100160071225084,1.4258272886276244,0.6023857309470658,entropy,20,2,5,300,-1,42,"{'criterion': 'entropy', 'max_depth': 20, 'min_samples_leaf': 2, 'min_samples_split': 5, 'n_estimators': 300, 'n_jobs': -1, 'random_state': 42}",0.9800796812749005,0.9641434262948209,0.9880478087649402,0.9800796812749005,0.976190476190476,0.9799196787148594,0.9921259842519685,0.97165991902834,0.97165991902834,0.984251968503937,0.9788158543327483,0.007879977149792916,303
4.947713947296142,0.5794012684413553,0.9093910694122315,0.3363798315702179,entropy,20,2,5,500,-1,42,"{'criterion': 'entropy', 'max_depth': 20, 'min_samples_leaf': 2, 'min_samples_split': 5, 'n_estimators': 500, 'n_jobs': -1, 'random_state': 42}",0.9841269841269842,0.9641434262948209,0.9880478087649402,0.9800796812749005,0.976190476190476,0.9839999999999999,0.9921259842519685,0.97165991902834,0.97165991902834,0.984251968503937,0.9796286167464707,0.008164571945823223,242
1.612730574607849,0.51864977921138,1.6386909246444703,0.594389833112567,entropy,20,2,10,100,-1,42,"{'criterion': 'entropy', 'max_depth': 20, 'min_samples_leaf': 2, 'min_samples_split': 10, 'n_estimators': 100, 'n_jobs': -1, 'random_state': 42}",0.9841269841269842,0.9718875502008032,0.9880478087649402,0.9841269841269842,0.9802371541501976,0.9799196787148594,0.996078431372549,0.97165991902834,0.97165991902834,0.984251968503937,0.9811996398017936,0.0075234532860752054,57
2.516159510612488,0.5163994568574987,0.8079580783843994,0.29426032405301134,entropy,20,2,10,200,-1,42,"{'criterion': 'entropy', 'max_depth': 20, 'min_samples_leaf': 2, 'min_samples_split': 10, 'n_estimators': 200, 'n_jobs': -1, 'random_state': 42}",0.9841269841269842,0.968,0.9880478087649402,0.9841269841269842,0.9802371541501976,0.9799196787148594,0.996078431372549,0.9677419354838711,0.97165991902834,0.984251968503937,0.9804190864272663,0.008588072362329556,121
3.0194446802139283,0.460611886669039,1.4243036031723022,0.38090830695822814,entropy,20,2,10,300,-1,42,"{'criterion': 'entropy', 'max_depth': 20, 'min_samples_leaf': 2, 'min_samples_split': 10, 'n_estimators': 300, 'n_jobs': -1, 'random_state': 42}",0.9800796812749005,0.968,0.9880478087649402,0.9841269841269842,0.9802371541501976,0.9799196787148594,0.996078431372549,0.9677419354838711,0.97165991902834,0.984251968503937,0.980014356142058,0.00849869692055387,153
4.509789085388183,0.778937534486742,0.8254995822906495,0.2057936584326631,entropy,20,2,10,500,-1,42,"{'criterion': 'entropy', 'max_depth': 20, 'min_samples_leaf': 2, 'min_samples_split': 10, 'n_estimators': 500, 'n_jobs': -1, 'random_state': 42}",0.9841269841269842,0.968,0.9880478087649402,0.9841269841269842,0.976190476190476,0.9799196787148594,0.996078431372549,0.9677419354838711,0.97165991902834,0.984251968503937,0.9800144186312941,0.008681937306479271,151
1.2191455602645873,0.1457981930678794,0.9497228384017944,0.6775113352516742,entropy,20,4,2,100,-1,42,"{'criterion': 'entropy', 'max_depth': 20, 'min_samples_leaf': 4, 'min_samples_split': 2, 'n_estimators': 100, 'n_jobs': -1, 'random_state': 42}",0.976,0.9635627530364372,0.9880478087649402,0.9841269841269842,0.9723320158102767,0.9839999999999999,0.9921875,0.9677419354838711,0.9674796747967479,0.9803921568627452,0.9775870828882003,0.009166603708157304,394
2.5530230522155763,0.47334265927699504,0.7497051000595093,0.22781376758178032,entropy,20,4,2,200,-1,42,"{'criterion': 'entropy', 'max_depth': 20, 'min_samples_leaf': 4, 'min_samples_split': 2, 'n_estimators': 200, 'n_jobs': -1, 'random_state': 42}",0.9800796812749005,0.9677419354838711,0.9839999999999999,0.9841269841269842,0.976190476190476,0.9839999999999999,0.9921875,0.9677419354838711,0.9674796747967479,0.984251968503937,0.9787800155860786,0.008200978149038005,307
3.3518516302108763,0.501522906498253,0.8675264120101929,0.370255401119621,entropy,20,4,2,300,-1,42,"{'criterion': 'entropy', 'max_depth': 20, 'min_samples_leaf': 4, 'min_samples_split': 2, 'n_estimators': 300, 'n_jobs': -1, 'random_state': 42}",0.9800796812749005,0.96,0.9839999999999999,0.9841269841269842,0.976190476190476,0.9839999999999999,0.996078431372549,0.9677419354838711,0.963265306122449,0.984251968503937,0.9779734783075167,0.010627267915421096,355
4.8340434551239015,0.7575059492916211,1.5142680644989013,0.19435678450842833,entropy,20,4,2,500,-1,42,"{'criterion': 'entropy', 'max_depth': 20, 'min_samples_leaf': 4, 'min_samples_split': 2, 'n_estimators': 500, 'n_jobs': -1, 'random_state': 42}",0.9841269841269842,0.96,0.9839999999999999,0.9841269841269842,0.9723320158102767,0.9839999999999999,0.996078431372549,0.9635627530364372,0.9674796747967479,0.984251968503937,0.9779958811773917,0.01090061409943429,331
1.4126846551895142,0.23967653608030637,0.5828756809234619,0.3314981132816083,entropy,20,4,5,100,-1,42,"{'criterion': 'entropy', 'max_depth': 20, 'min_samples_leaf': 4, 'min_samples_split': 5, 'n_estimators': 100, 'n_jobs': -1, 'random_state': 42}",0.976,0.9635627530364372,0.9880478087649402,0.9841269841269842,0.9723320158102767,0.9839999999999999,0.9921875,0.9677419354838711,0.9674796747967479,0.9803921568627452,0.9775870828882003,0.009166603708157304,394
2.0758381128311156,0.5816718925377746,1.026437020301819,0.3581052096995964,entropy,20,4,5,200,-1,42,"{'criterion': 'entropy', 'max_depth': 20, 'min_samples_leaf': 4, 'min_samples_split': 5, 'n_estimators': 200, 'n_jobs': -1, 'random_state': 42}",0.9800796812749005,0.9677419354838711,0.9839999999999999,0.9841269841269842,0.976190476190476,0.9839999999999999,0.9921875,0.9677419354838711,0.9674796747967479,0.984251968503937,0.9787800155860786,0.008200978149038005,307
3.6869589567184446,0.5683603776147839,1.2637364149093628,0.34794451722276154,entropy,20,4,5,300,-1,42,"{'criterion': 'entropy', 'max_depth': 20, 'min_samples_leaf': 4, 'min_samples_split': 5, 'n_estimators': 300, 'n_jobs': -1, 'random_state': 42}",0.9800796812749005,0.96,0.9839999999999999,0.9841269841269842,0.976190476190476,0.9839999999999999,0.996078431372549,0.9677419354838711,0.963265306122449,0.984251968503937,0.9779734783075167,0.010627267915421096,355
4.9210515975952145,0.9147292729383435,1.0390113830566405,0.13451650733338308,entropy,20,4,5,500,-1,42,"{'criterion': 'entropy', 'max_depth': 20, 'min_samples_leaf': 4, 'min_samples_split': 5, 'n_estimators': 500, 'n_jobs': -1, 'random_state': 42}",0.9841269841269842,0.96,0.9839999999999999,0.9841269841269842,0.9723320158102767,0.9839999999999999,0.996078431372549,0.9635627530364372,0.9674796747967479,0.984251968503937,0.9779958811773917,0.01090061409943429,331
1.7495861291885375,0.35637792368611915,0.9588749885559082,0.14142193874088232,entropy,20,4,10,100,-1,42,"{'criterion': 'entropy', 'max_depth': 20, 'min_samples_leaf': 4, 'min_samples_split': 10, 'n_estimators': 100, 'n_jobs': -1, 'random_state': 42}",0.9721115537848605,0.9638554216867471,0.9880478087649402,0.9841269841269842,0.9723320158102767,0.9880478087649402,0.996078431372549,0.9635627530364372,0.9674796747967479,0.984251968503937,0.977989442064842,0.010914910967774983,353
2.5478473901748657,0.39673076877759766,0.682814645767212,0.28826475326014,entropy,20,4,10,200,-1,42,"{'criterion': 'entropy', 'max_depth': 20, 'min_samples_leaf': 4, 'min_samples_split': 10, 'n_estimators': 200, 'n_jobs': -1, 'random_state': 42}",0.9800796812749005,0.9638554216867471,0.9880478087649402,0.9841269841269842,0.9763779527559056,0.9839999999999999,0.9921875,0.9635627530364372,0.9674796747967479,0.984251968503937,0.9783969744946599,0.00969242654754378,316
2.8181254863739014,0.5119563379854056,0.8513028621673584,0.272769011380095,entropy,20,4,10,300,-1,42,"{'criterion': 'entropy', 'max_depth': 20, 'min_samples_leaf': 4, 'min_samples_split': 10, 'n_estimators': 300, 'n_jobs': -1, 'random_state': 42}",0.9800796812749005,0.9638554216867471,0.9839999999999999,0.9841269841269842,0.9802371541501976,0.9839999999999999,0.996078431372549,0.9635627530364372,0.9674796747967479,0.984251968503937,0.9787672068948501,0.009990400553477276,313
4.912680006027221,0.8922737080268524,1.406047487258911,0.5127523898849378,entropy,20,4,10,500,-1,42,"{'criterion': 'entropy', 'max_depth': 20, 'min_samples_leaf': 4, 'min_samples_split': 10, 'n_estimators': 500, 'n_jobs': -1, 'random_state': 42}",0.9841269841269842,0.96,0.9839999999999999,0.9841269841269842,0.9723320158102767,0.9799196787148594,0.996078431372549,0.9635627530364372,0.9674796747967479,0.984251968503937,0.9775878490488775,0.010743465592619671,386
1.5155795574188233,0.2525133927843446,0.49750938415527346,0.31246566418123256,entropy,50,1,2,100,-1,42,"{'criterion': 'entropy', 'max_depth': 50, 'min_samples_leaf': 1, 'min_samples_split': 2, 'n_estimators': 100, 'n_jobs': -1, 'random_state': 42}",0.9800796812749005,0.9758064516129031,0.9920634920634921,0.9841269841269842,0.976,0.9839999999999999,0.9921259842519685,0.9674796747967479,0.9718875502008032,0.9803921568627452,0.9803961975190545,0.007618044218914873,125
2.4496675729751587,0.6929697293900285,0.7822712421417236,0.4095103041592262,entropy,50,1,2,200,-1,42,"{'criterion': 'entropy', 'max_depth': 50, 'min_samples_leaf': 1, 'min_samples_split': 2, 'n_estimators': 200, 'n_jobs': -1, 'random_state': 42}",0.9800796812749005,0.9718875502008032,0.9920634920634921,0.9841269841269842,0.9800796812749005,0.9839999999999999,0.9921259842519685,0.97165991902834,0.9718875502008032,0.9803921568627452,0.9808302999284937,0.00721146637262974,67
3.836568903923035,0.851400952745464,1.1057608604431153,0.3199151544964389,entropy,50,1,2,300,-1,42,"{'criterion': 'entropy', 'max_depth': 50, 'min_samples_leaf': 1, 'min_samples_split': 2, 'n_estimators': 300, 'n_jobs': -1, 'random_state': 42}",0.976,0.9718875502008032,0.9920634920634921,0.9841269841269842,0.9800796812749005,0.9839999999999999,0.9921259842519685,0.9674796747967479,0.9718875502008032,0.9803921568627452,0.9800043073778445,0.007938145312911567,166
5.158426451683044,0.9219118999919259,1.3558060646057128,0.4383630349744999,entropy,50,1,2,500,-1,42,"{'criterion': 'entropy', 'max_depth': 50, 'min_samples_leaf': 1, 'min_samples_split': 2, 'n_estimators': 500, 'n_jobs': -1, 'random_state': 42}",0.9800796812749005,0.9758064516129031,0.9920634920634921,0.9841269841269842,0.9841269841269842,0.9839999999999999,0.9921259842519685,0.9674796747967479,0.9718875502008032,0.9803921568627452,0.9812088959317528,0.007538789068549173,46
2.0959882736206055,0.3980547040469328,1.353351879119873,0.5852229960221964,entropy,50,1,5,100,-1,42,"{'criterion': 'entropy', 'max_depth': 50, 'min_samples_leaf': 1, 'min_samples_split': 5, 'n_estimators': 100, 'n_jobs': -1, 'random_state': 42}",0.976,0.9718875502008032,0.9920634920634921,0.9800796812749005,0.976,0.9839999999999999,0.996078431372549,0.97165991902834,0.97165991902834,0.9802371541501976,0.9799666147118622,0.008105683096209522,225
3.0225966930389405,0.6415202154950993,0.79841628074646,0.24400417300284985,entropy,50,1,5,200,-1,42,"{'criterion': 'entropy', 'max_depth': 50, 'min_samples_leaf': 1, 'min_samples_split': 5, 'n_estimators': 200, 'n_jobs': -1, 'random_state': 42}",0.9800796812749005,0.968,0.9920634920634921,0.9800796812749005,0.9800796812749005,0.9839999999999999,0.9921259842519685,0.9674796747967479,0.97165991902834,0.984251968503937,0.9799820082469187,0.00834852007901611,212
3.0539655685424805,0.57473698934245,0.7858186721801758,0.29792080693501993,entropy,50,1,5,300,-1,42,"{'criterion': 'entropy', 'max_depth': 50, 'min_samples_leaf': 1, 'min_samples_split': 5, 'n_estimators': 300, 'n_jobs': -1, 'random_state': 42}",0.976,0.9718875502008032,0.9920634920634921,0.9800796812749005,0.9800796812749005,0.9839999999999999,0.9921259842519685,0.9674796747967479,0.97165991902834,0.984251968503937,0.979962795139509,0.007967262784367145,233
5.285349488258362,0.4866845998042254,1.0931689739227295,0.2593086492763982,entropy,50,1,5,500,-1,42,"{'criterion': 'entropy', 'max_depth': 50, 'min_samples_leaf': 1, 'min_samples_split': 5, 'n_estimators': 500, 'n_jobs': -1, 'random_state': 42}",0.9800796812749005,0.9718875502008032,0.9920634920634921,0.9800796812749005,0.9800796812749005,0.9839999999999999,0.9921259842519685,0.9674796747967479,0.9758064516129031,0.984251968503937,0.9807854165254554,0.007487676943819915,85
1.4459074974060058,0.28730439117224293,0.7150460243225097,0.20962394476182805,entropy,50,1,10,100,-1,42,"{'criterion': 'entropy', 'max_depth': 50, 'min_samples_leaf': 1, 'min_samples_split': 10, 'n_estimators': 100, 'n_jobs': -1, 'random_state': 42}",0.976,0.9718875502008032,0.9920634920634921,0.9800796812749005,0.9721115537848605,0.9839999999999999,0.996078431372549,0.9758064516129031,0.97165991902834,0.984251968503937,0.9803939047841785,0.008171658312510164,131
2.3132542848587034,0.8104000803171139,1.3251515865325927,0.4842581005793315,entropy,50,1,10,200,-1,42,"{'criterion': 'entropy', 'max_depth': 50, 'min_samples_leaf': 1, 'min_samples_split': 10, 'n_estimators': 200, 'n_jobs': -1, 'random_state': 42}",0.9800796812749005,0.9718875502008032,0.9920634920634921,0.9800796812749005,0.976190476190476,0.9839999999999999,0.996078431372549,0.9758064516129031,0.97165991902834,0.984251968503937,0.98120976515223,0.00768744122182666,40
3.7711761236190795,0.6577719344070552,1.279673194885254,0.3735003104370316,entropy,50,1,10,300,-1,42,"{'criterion': 'entropy', 'max_depth': 50, 'min_samples_leaf': 1, 'min_samples_split': 10, 'n_estimators': 300, 'n_jobs': -1, 'random_state': 42}",0.9800796812749005,0.9758064516129031,0.9920634920634921,0.9800796812749005,0.976190476190476,0.9839999999999999,0.996078431372549,0.976,0.97165991902834,0.9803921568627452,0.9812350289680307,0.00722919488054646,13
5.5067068338394165,0.8104140527158428,0.9970497608184814,0.3859327489667763,entropy,50,1,10,500,-1,42,"{'criterion': 'entropy', 'max_depth': 50, 'min_samples_leaf': 1, 'min_samples_split': 10, 'n_estimators': 500, 'n_jobs': -1, 'random_state': 42}",0.9841269841269842,0.9718875502008032,0.9920634920634921,0.9800796812749005,0.976190476190476,0.9839999999999999,0.996078431372549,0.976,0.97165991902834,0.984251968503937,0.9816338502761482,0.00770939670908881,4
1.7941350221633912,0.2991795802855103,1.478421401977539,0.3516180038547303,entropy,50,2,2,100,-1,42,"{'criterion': 'entropy', 'max_depth': 50, 'min_samples_leaf': 2, 'min_samples_split': 2, 'n_estimators': 100, 'n_jobs': -1, 'random_state': 42}",0.9800796812749005,0.968,0.9880478087649402,0.9800796812749005,0.9800796812749005,0.9799196787148594,0.996078431372549,0.9677419354838711,0.97165991902834,0.984251968503937,0.9795938785693199,0.008387822520974638,265
2.4957194328308105,0.47878878911895817,0.7168512344360352,0.3043943136141634,entropy,50,2,2,200,-1,42,"{'criterion': 'entropy', 'max_depth': 50, 'min_samples_leaf': 2, 'min_samples_split': 2, 'n_estimators': 200, 'n_jobs': -1, 'random_state': 42}",0.9841269841269842,0.968,0.9880478087649402,0.9800796812749005,0.976190476190476,0.9799196787148594,0.996078431372549,0.97165991902834,0.97165991902834,0.984251968503937,0.9800014867005327,0.008099589908485005,180
3.1793036699295043,0.46615176693609717,1.3128971338272095,0.5735692332976982,entropy,50,2,2,300,-1,42,"{'criterion': 'entropy', 'max_depth': 50, 'min_samples_leaf': 2, 'min_samples_split': 2, 'n_estimators': 300, 'n_jobs': -1, 'random_state': 42}",0.9800796812749005,0.968,0.9920634920634921,0.9800796812749005,0.976190476190476,0.9799196787148594,0.996078431372549,0.97165991902834,0.97165991902834,0.984251968503937,0.9799983247451796,0.008483917296063164,188
4.641568374633789,0.822971838284116,0.860186243057251,0.30566122105247345,entropy,50,2,2,500,-1,42,"{'criterion': 'entropy', 'max_depth': 50, 'min_samples_leaf': 2, 'min_samples_split': 2, 'n_estimators': 500, 'n_jobs': -1, 'random_state': 42}",0.9841269841269842,0.9718875502008032,0.9880478087649402,0.9800796812749005,0.976190476190476,0.9799196787148594,0.9921259842519685,0.97165991902834,0.97165991902834,0.984251968503937,0.979994997008555,0.006829119409422999,194
1.3033187627792358,0.4114836351776976,1.1623116731643677,0.5016699797730143,entropy,50,2,5,100,-1,42,"{'criterion': 'entropy', 'max_depth': 50, 'min_samples_leaf': 2, 'min_samples_split': 5, 'n_estimators': 100, 'n_jobs': -1, 'random_state': 42}",0.9800796812749005,0.9718875502008032,0.9880478087649402,0.9800796812749005,0.9800796812749005,0.9839999999999999,0.9921259842519685,0.9674796747967479,0.97165991902834,0.984251968503937,0.9799691949371437,0.007335004086609395,219
2.7264536142349245,0.5097330951676565,1.0286620378494262,0.46405973573651677,entropy,50,2,5,200,-1,42,"{'criterion': 'entropy', 'max_depth': 50, 'min_samples_leaf': 2, 'min_samples_split': 5, 'n_estimators': 200, 'n_jobs': -1, 'random_state': 42}",0.9841269841269842,0.968,0.9880478087649402,0.9800796812749005,0.976190476190476,0.9839999999999999,0.9921259842519685,0.97165991902834,0.97165991902834,0.984251968503937,0.9800142741169886,0.007486979622139492,155
3.6319921016693115,0.713493412617499,1.0222503423690796,0.4490226202867479,entropy,50,2,5,300,-1,42,"{'criterion': 'entropy', 'max_depth': 50, 'min_samples_leaf': 2, 'min_samples_split': 5, 'n_estimators': 300, 'n_jobs': -1, 'random_state': 42}",0.9800796812749005,0.968,0.9880478087649402,0.9800796812749005,0.976190476190476,0.9839999999999999,0.9921259842519685,0.97165991902834,0.97165991902834,0.984251968503937,0.9796095438317802,0.007362068099764226,254
4.512023663520813,0.8334440650340336,0.99681236743927,0.23586524298725953,entropy,50,2,5,500,-1,42,"{'criterion': 'entropy', 'max_depth': 50, 'min_samples_leaf': 2, 'min_samples_split': 5, 'n_estimators': 500, 'n_jobs': -1, 'random_state': 42}",0.9841269841269842,0.968,0.9880478087649402,0.9800796812749005,0.976190476190476,0.9839999999999999,0.9921259842519685,0.9677419354838711,0.97165991902834,0.984251968503937,0.9796224757625417,0.007998928838891663,245
1.3324542760848999,0.2986872372155311,1.4860474109649657,0.6369949393649632,entropy,50,2,10,100,-1,42,"{'criterion': 'entropy', 'max_depth': 50, 'min_samples_leaf': 2, 'min_samples_split': 10, 'n_estimators': 100, 'n_jobs': -1, 'random_state': 42}",0.9800796812749005,0.9677419354838711,0.9880478087649402,0.9841269841269842,0.9802371541501976,0.9799196787148594,0.996078431372549,0.9677419354838711,0.97165991902834,0.984251968503937,0.979988549690445,0.0085354518863863,206
2.867548632621765,0.5711421531383658,1.04363112449646,0.5772798964836786,entropy,50,2,10,200,-1,42,"{'criterion': 'entropy', 'max_depth': 50, 'min_samples_leaf': 2, 'min_samples_split': 10, 'n_estimators': 200, 'n_jobs': -1, 'random_state': 42}",0.9841269841269842,0.968,0.9880478087649402,0.9841269841269842,0.9802371541501976,0.9839999999999999,0.996078431372549,0.97165991902834,0.97165991902834,0.984251968503937,0.9812189169102272,0.008122431732088091,31
3.2133923053741453,0.6448279926425391,1.0989762783050536,0.3713904842513353,entropy,50,2,10,300,-1,42,"{'criterion': 'entropy', 'max_depth': 50, 'min_samples_leaf': 2, 'min_samples_split': 10, 'n_estimators': 300, 'n_jobs': -1, 'random_state': 42}",0.9800796812749005,0.968,0.9880478087649402,0.9841269841269842,0.9802371541501976,0.9839999999999999,0.996078431372549,0.9677419354838711,0.97165991902834,0.984251968503937,0.9804223882705718,0.008581899465983336,107
4.725263500213623,0.4691060485132554,1.0152676582336426,0.31363424799502426,entropy,50,2,10,500,-1,42,"{'criterion': 'entropy', 'max_depth': 50, 'min_samples_leaf': 2, 'min_samples_split': 10, 'n_estimators': 500, 'n_jobs': -1, 'random_state': 42}",0.9841269841269842,0.968,0.9880478087649402,0.9841269841269842,0.976190476190476,0.9839999999999999,0.996078431372549,0.9677419354838711,0.97165991902834,0.984251968503937,0.9804224507598083,0.008763397371751304,101
1.5439954996109009,0.4505977320638959,1.1247312307357789,0.37877837498441563,entropy,50,4,2,100,-1,42,"{'criterion': 'entropy', 'max_depth': 50, 'min_samples_leaf': 4, 'min_samples_split': 2, 'n_estimators': 100, 'n_jobs': -1, 'random_state': 42}",0.976,0.9635627530364372,0.9880478087649402,0.9841269841269842,0.9723320158102767,0.9839999999999999,0.9921875,0.9677419354838711,0.9674796747967479,0.9803921568627452,0.9775870828882003,0.009166603708157304,394
3.0725553750991823,0.6154309904245078,0.7365581274032593,0.26778696500188864,entropy,50,4,2,200,-1,42,"{'criterion': 'entropy', 'max_depth': 50, 'min_samples_leaf': 4, 'min_samples_split': 2, 'n_estimators': 200, 'n_jobs': -1, 'random_state': 42}",0.9800796812749005,0.9677419354838711,0.9839999999999999,0.9841269841269842,0.976190476190476,0.9839999999999999,0.996078431372549,0.9677419354838711,0.9674796747967479,0.984251968503937,0.9791691087233335,0.008891125022894813,282
3.062731075286865,0.6918985834598217,1.3627886056900025,0.6328058371472546,entropy,50,4,2,300,-1,42,"{'criterion': 'entropy', 'max_depth': 50, 'min_samples_leaf': 4, 'min_samples_split': 2, 'n_estimators': 300, 'n_jobs': -1, 'random_state': 42}",0.9800796812749005,0.9638554216867471,0.9839999999999999,0.9841269841269842,0.976190476190476,0.9839999999999999,0.996078431372549,0.9635627530364372,0.963265306122449,0.984251968503937,0.977941102231448,0.010529177963740982,359
4.4740430355072025,0.5997968759405053,1.004703974723816,0.22760824255166706,entropy,50,4,2,500,-1,42,"{'criterion': 'entropy', 'max_depth': 50, 'min_samples_leaf': 4, 'min_samples_split': 2, 'n_estimators': 500, 'n_jobs': -1, 'random_state': 42}",0.9841269841269842,0.96,0.9839999999999999,0.9841269841269842,0.9723320158102767,0.9839999999999999,0.996078431372549,0.9635627530364372,0.9674796747967479,0.984251968503937,0.9779958811773917,0.01090061409943429,331
1.7318519115448,0.8250595281740842,0.7881287097930908,0.478846212494109,entropy,50,4,5,100,-1,42,"{'criterion': 'entropy', 'max_depth': 50, 'min_samples_leaf': 4, 'min_samples_split': 5, 'n_estimators': 100, 'n_jobs': -1, 'random_state': 42}",0.976,0.9635627530364372,0.9880478087649402,0.9841269841269842,0.9723320158102767,0.9839999999999999,0.9921875,0.9677419354838711,0.9674796747967479,0.9803921568627452,0.9775870828882003,0.009166603708157304,394
2.035710859298706,0.6519512722912724,0.7345093250274658,0.24094212047953958,entropy,50,4,5,200,-1,42,"{'criterion': 'entropy', 'max_depth': 50, 'min_samples_leaf': 4, 'min_samples_split': 5, 'n_estimators': 200, 'n_jobs': -1, 'random_state': 42}",0.9800796812749005,0.9677419354838711,0.9839999999999999,0.9841269841269842,0.976190476190476,0.9839999999999999,0.996078431372549,0.9677419354838711,0.9674796747967479,0.984251968503937,0.9791691087233335,0.008891125022894813,282
3.034489893913269,0.6149131358460435,0.8272632837295533,0.3858656102837855,entropy,50,4,5,300,-1,42,"{'criterion': 'entropy', 'max_depth': 50, 'min_samples_leaf': 4, 'min_samples_split': 5, 'n_estimators': 300, 'n_jobs': -1, 'random_state': 42}",0.9800796812749005,0.9638554216867471,0.9839999999999999,0.9841269841269842,0.976190476190476,0.9839999999999999,0.996078431372549,0.9635627530364372,0.963265306122449,0.984251968503937,0.977941102231448,0.010529177963740982,359
4.763535809516907,0.6588505688734357,1.2619091987609863,0.4004383220405052,entropy,50,4,5,500,-1,42,"{'criterion': 'entropy', 'max_depth': 50, 'min_samples_leaf': 4, 'min_samples_split': 5, 'n_estimators': 500, 'n_jobs': -1, 'random_state': 42}",0.9841269841269842,0.96,0.9839999999999999,0.9841269841269842,0.9723320158102767,0.9839999999999999,0.996078431372549,0.9635627530364372,0.9674796747967479,0.984251968503937,0.9779958811773917,0.01090061409943429,331
1.489690399169922,0.24872209832390976,0.7886158466339112,0.3433010228867295,entropy,50,4,10,100,-1,42,"{'criterion': 'entropy', 'max_depth': 50, 'min_samples_leaf': 4, 'min_samples_split': 10, 'n_estimators': 100, 'n_jobs': -1, 'random_state': 42}",0.9721115537848605,0.96,0.9880478087649402,0.9841269841269842,0.9723320158102767,0.9839999999999999,0.996078431372549,0.9596774193548386,0.9674796747967479,0.984251968503937,0.9768105856515135,0.011676738282138645,442
2.466179895401001,0.6379944375605175,1.0164434909820557,0.32494373462815834,entropy,50,4,10,200,-1,42,"{'criterion': 'entropy', 'max_depth': 50, 'min_samples_leaf': 4, 'min_samples_split': 10, 'n_estimators': 200, 'n_jobs': -1, 'random_state': 42}",0.9800796812749005,0.96,0.9839999999999999,0.9841269841269842,0.9763779527559056,0.9839999999999999,0.9921875,0.9635627530364372,0.9674796747967479,0.984251968503937,0.9776066514494912,0.009992159045126289,380
3.364062452316284,0.7401557788673305,1.2341636896133423,0.6856119625789591,entropy,50,4,10,300,-1,42,"{'criterion': 'entropy', 'max_depth': 50, 'min_samples_leaf': 4, 'min_samples_split': 10, 'n_estimators': 300, 'n_jobs': -1, 'random_state': 42}",0.9800796812749005,0.96,0.9839999999999999,0.9841269841269842,0.9763779527559056,0.9839999999999999,0.996078431372549,0.9635627530364372,0.9674796747967479,0.984251968503937,0.9779957445867462,0.010609071581478799,347
4.778146576881409,0.5571552762669271,1.4547991275787353,0.42356548998224963,entropy,50,4,10,500,-1,42,"{'criterion': 'entropy', 'max_depth': 50, 'min_samples_leaf': 4, 'min_samples_split': 10, 'n_estimators': 500, 'n_jobs': -1, 'random_state': 42}",0.9841269841269842,0.96,0.9839999999999999,0.9841269841269842,0.9723320158102767,0.9799196787148594,0.996078431372549,0.9635627530364372,0.9674796747967479,0.984251968503937,0.9775878490488775,0.010743465592619671,386
1.8009231090545654,0.20219213813633302,1.2488677263259889,0.9204272762251954,entropy,100,1,2,100,-1,42,"{'criterion': 'entropy', 'max_depth': 100, 'min_samples_leaf': 1, 'min_samples_split': 2, 'n_estimators': 100, 'n_jobs': -1, 'random_state': 42}",0.9800796812749005,0.9758064516129031,0.9920634920634921,0.9841269841269842,0.976,0.9839999999999999,0.9921259842519685,0.9674796747967479,0.9718875502008032,0.9803921568627452,0.9803961975190545,0.007618044218914873,125
2.4643435955047606,0.7362404204001565,0.9262184619903564,0.3815281569168692,entropy,100,1,2,200,-1,42,"{'criterion': 'entropy', 'max_depth': 100, 'min_samples_leaf': 1, 'min_samples_split': 2, 'n_estimators': 200, 'n_jobs': -1, 'random_state': 42}",0.9800796812749005,0.9718875502008032,0.9920634920634921,0.9841269841269842,0.9800796812749005,0.9839999999999999,0.9921259842519685,0.97165991902834,0.9718875502008032,0.9803921568627452,0.9808302999284937,0.00721146637262974,67
3.3091125965118406,0.6116034734894901,1.091175103187561,0.28827287385136013,entropy,100,1,2,300,-1,42,"{'criterion': 'entropy', 'max_depth': 100, 'min_samples_leaf': 1, 'min_samples_split': 2, 'n_estimators': 300, 'n_jobs': -1, 'random_state': 42}",0.976,0.9718875502008032,0.9920634920634921,0.9841269841269842,0.9800796812749005,0.9839999999999999,0.9921259842519685,0.9674796747967479,0.9718875502008032,0.9803921568627452,0.9800043073778445,0.007938145312911567,166
4.93400616645813,1.0060355699172299,1.4786415338516234,0.5141164652230465,entropy,100,1,2,500,-1,42,"{'criterion': 'entropy', 'max_depth': 100, 'min_samples_leaf': 1, 'min_samples_split': 2, 'n_estimators': 500, 'n_jobs': -1, 'random_state': 42}",0.9800796812749005,0.9758064516129031,0.9920634920634921,0.9841269841269842,0.9841269841269842,0.9839999999999999,0.9921259842519685,0.9674796747967479,0.9718875502008032,0.9803921568627452,0.9812088959317528,0.007538789068549173,46
1.7378145217895509,0.37796614984507804,1.103549861907959,0.5747610894708826,entropy,100,1,5,100,-1,42,"{'criterion': 'entropy', 'max_depth': 100, 'min_samples_leaf': 1, 'min_samples_split': 5, 'n_estimators': 100, 'n_jobs': -1, 'random_state': 42}",0.976,0.9718875502008032,0.9920634920634921,0.9800796812749005,0.976,0.9839999999999999,0.996078431372549,0.97165991902834,0.97165991902834,0.9802371541501976,0.9799666147118622,0.008105683096209522,225
2.841587495803833,0.7806408634090951,0.7354249715805053,0.45866626136018346,entropy,100,1,5,200,-1,42,"{'criterion': 'entropy', 'max_depth': 100, 'min_samples_leaf': 1, 'min_samples_split': 5, 'n_estimators': 200, 'n_jobs': -1, 'random_state': 42}",0.9800796812749005,0.968,0.9920634920634921,0.9800796812749005,0.9800796812749005,0.9839999999999999,0.9921259842519685,0.9674796747967479,0.97165991902834,0.984251968503937,0.9799820082469187,0.00834852007901611,212
3.636141037940979,0.5919440926860629,1.0865746021270752,0.39200547245989636,entropy,100,1,5,300,-1,42,"{'criterion': 'entropy', 'max_depth': 100, 'min_samples_leaf': 1, 'min_samples_split': 5, 'n_estimators': 300, 'n_jobs': -1, 'random_state': 42}",0.976,0.9718875502008032,0.9920634920634921,0.9800796812749005,0.9800796812749005,0.9839999999999999,0.9921259842519685,0.9674796747967479,0.97165991902834,0.984251968503937,0.979962795139509,0.007967262784367145,233
4.882022356986999,0.42693238291226043,1.2101754426956177,0.2076826312121709,entropy,100,1,5,500,-1,42,"{'criterion': 'entropy', 'max_depth': 100, 'min_samples_leaf': 1, 'min_samples_split': 5, 'n_estimators': 500, 'n_jobs': -1, 'random_state': 42}",0.9800796812749005,0.9718875502008032,0.9920634920634921,0.9800796812749005,0.9800796812749005,0.9839999999999999,0.9921259842519685,0.9674796747967479,0.9758064516129031,0.984251968503937,0.9807854165254554,0.007487676943819915,85
2.332616376876831,0.9476319779273381,1.5371789693832398,0.937767449044979,entropy,100,1,10,100,-1,42,"{'criterion': 'entropy', 'max_depth': 100, 'min_samples_leaf': 1, 'min_samples_split': 10, 'n_estimators': 100, 'n_jobs': -1, 'random_state': 42}",0.976,0.9718875502008032,0.9920634920634921,0.9800796812749005,0.9721115537848605,0.9839999999999999,0.996078431372549,0.9758064516129031,0.97165991902834,0.984251968503937,0.9803939047841785,0.008171658312510164,131
3.3056898593902586,0.7229461672506108,0.5955247640609741,0.3874920599641036,entropy,100,1,10,200,-1,42,"{'criterion': 'entropy', 'max_depth': 100, 'min_samples_leaf': 1, 'min_samples_split': 10, 'n_estimators': 200, 'n_jobs': -1, 'random_state': 42}",0.9800796812749005,0.9718875502008032,0.9920634920634921,0.9800796812749005,0.976190476190476,0.9839999999999999,0.996078431372549,0.9758064516129031,0.97165991902834,0.984251968503937,0.98120976515223,0.00768744122182666,40
3.141082739830017,0.6573411372231451,1.1423078298568725,0.2716073529398757,entropy,100,1,10,300,-1,42,"{'criterion': 'entropy', 'max_depth': 100, 'min_samples_leaf': 1, 'min_samples_split': 10, 'n_estimators': 300, 'n_jobs': -1, 'random_state': 42}",0.9800796812749005,0.9758064516129031,0.9920634920634921,0.9800796812749005,0.976190476190476,0.9839999999999999,0.996078431372549,0.976,0.97165991902834,0.9803921568627452,0.9812350289680307,0.00722919488054646,13
4.523972654342652,0.33871967607972336,0.658324146270752,0.151204878369411,entropy,100,1,10,500,-1,42,"{'criterion': 'entropy', 'max_depth': 100, 'min_samples_leaf': 1, 'min_samples_split': 10, 'n_estimators': 500, 'n_jobs': -1, 'random_state': 42}",0.9841269841269842,0.9718875502008032,0.9920634920634921,0.9800796812749005,0.976190476190476,0.9839999999999999,0.996078431372549,0.976,0.97165991902834,0.984251968503937,0.9816338502761482,0.00770939670908881,4
1.0815200567245484,0.1591482554863627,2.038448715209961,0.49776547034114543,entropy,100,2,2,100,-1,42,"{'criterion': 'entropy', 'max_depth': 100, 'min_samples_leaf': 2, 'min_samples_split': 2, 'n_estimators': 100, 'n_jobs': -1, 'random_state': 42}",0.9800796812749005,0.968,0.9880478087649402,0.9800796812749005,0.9800796812749005,0.9799196787148594,0.996078431372549,0.9677419354838711,0.97165991902834,0.984251968503937,0.9795938785693199,0.008387822520974638,265
2.782806062698364,0.6730425944982193,0.7341609477996827,0.43738228274671004,entropy,100,2,2,200,-1,42,"{'criterion': 'entropy', 'max_depth': 100, 'min_samples_leaf': 2, 'min_samples_split': 2, 'n_estimators': 200, 'n_jobs': -1, 'random_state': 42}",0.9841269841269842,0.968,0.9880478087649402,0.9800796812749005,0.976190476190476,0.9799196787148594,0.996078431372549,0.97165991902834,0.97165991902834,0.984251968503937,0.9800014867005327,0.008099589908485005,180
3.0546088933944704,0.5683981664429727,0.9696115493774414,0.49689796913765377,entropy,100,2,2,300,-1,42,"{'criterion': 'entropy', 'max_depth': 100, 'min_samples_leaf': 2, 'min_samples_split': 2, 'n_estimators': 300, 'n_jobs': -1, 'random_state': 42}",0.9800796812749005,0.968,0.9920634920634921,0.9800796812749005,0.976190476190476,0.9799196787148594,0.996078431372549,0.97165991902834,0.97165991902834,0.984251968503937,0.9799983247451796,0.008483917296063164,188
4.852294921875,0.2322324973293298,0.9322548151016236,0.4196353974819062,entropy,100,2,2,500,-1,42,"{'criterion': 'entropy', 'max_depth': 100, 'min_samples_leaf': 2, 'min_samples_split': 2, 'n_estimators': 500, 'n_jobs': -1, 'random_state': 42}",0.9841269841269842,0.9718875502008032,0.9880478087649402,0.9800796812749005,0.976190476190476,0.9799196787148594,0.9921259842519685,0.97165991902834,0.97165991902834,0.984251968503937,0.979994997008555,0.006829119409422999,194
1.2599304914474487,0.43607098650043596,1.194091796875,0.7822538924730975,entropy,100,2,5,100,-1,42,"{'criterion': 'entropy', 'max_depth': 100, 'min_samples_leaf': 2, 'min_samples_split': 5, 'n_estimators': 100, 'n_jobs': -1, 'random_state': 42}",0.9800796812749005,0.9718875502008032,0.9880478087649402,0.9800796812749005,0.9800796812749005,0.9839999999999999,0.9921259842519685,0.9674796747967479,0.97165991902834,0.984251968503937,0.9799691949371437,0.007335004086609395,219
2.8835696458816527,0.5627645819152467,1.0457896947860719,0.4506756578449094,entropy,100,2,5,200,-1,42,"{'criterion': 'entropy', 'max_depth': 100, 'min_samples_leaf': 2, 'min_samples_split': 5, 'n_estimators': 200, 'n_jobs': -1, 'random_state': 42}",0.9841269841269842,0.968,0.9880478087649402,0.9800796812749005,0.976190476190476,0.9839999999999999,0.9921259842519685,0.97165991902834,0.97165991902834,0.984251968503937,0.9800142741169886,0.007486979622139492,155
3.7745291233062743,0.6958169096230498,1.42138569355011,0.3935989093331589,entropy,100,2,5,300,-1,42,"{'criterion': 'entropy', 'max_depth': 100, 'min_samples_leaf': 2, 'min_samples_split': 5, 'n_estimators': 300, 'n_jobs': -1, 'random_state': 42}",0.9800796812749005,0.968,0.9880478087649402,0.9800796812749005,0.976190476190476,0.9839999999999999,0.9921259842519685,0.97165991902834,0.97165991902834,0.984251968503937,0.9796095438317802,0.007362068099764226,254
4.879146146774292,0.8772339216263169,1.0695522785186768,0.3168728689324271,entropy,100,2,5,500,-1,42,"{'criterion': 'entropy', 'max_depth': 100, 'min_samples_leaf': 2, 'min_samples_split': 5, 'n_estimators': 500, 'n_jobs': -1, 'random_state': 42}",0.9841269841269842,0.968,0.9880478087649402,0.9800796812749005,0.976190476190476,0.9839999999999999,0.9921259842519685,0.9677419354838711,0.97165991902834,0.984251968503937,0.9796224757625417,0.007998928838891663,245
1.295948600769043,0.35079430343352647,1.0728394746780396,0.2770965634036414,entropy,100,2,10,100,-1,42,"{'criterion': 'entropy', 'max_depth': 100, 'min_samples_leaf': 2, 'min_samples_split': 10, 'n_estimators': 100, 'n_jobs': -1, 'random_state': 42}",0.9800796812749005,0.9677419354838711,0.9880478087649402,0.9841269841269842,0.9802371541501976,0.9799196787148594,0.996078431372549,0.9677419354838711,0.97165991902834,0.984251968503937,0.979988549690445,0.0085354518863863,206
2.6555972576141356,0.2691975769610146,0.9127425193786621,0.40055606058545173,entropy,100,2,10,200,-1,42,"{'criterion': 'entropy', 'max_depth': 100, 'min_samples_leaf': 2, 'min_samples_split': 10, 'n_estimators': 200, 'n_jobs': -1, 'random_state': 42}",0.9841269841269842,0.968,0.9880478087649402,0.9841269841269842,0.9802371541501976,0.9839999999999999,0.996078431372549,0.97165991902834,0.97165991902834,0.984251968503937,0.9812189169102272,0.008122431732088091,31
3.035896730422974,0.33725808996238416,0.9797285079956055,0.13858020288961811,entropy,100,2,10,300,-1,42,"{'criterion': 'entropy', 'max_depth': 100, 'min_samples_leaf': 2, 'min_samples_split': 10, 'n_estimators': 300, 'n_jobs': -1, 'random_state': 42}",0.9800796812749005,0.968,0.9880478087649402,0.9841269841269842,0.9802371541501976,0.9839999999999999,0.996078431372549,0.9677419354838711,0.97165991902834,0.984251968503937,0.9804223882705718,0.008581899465983336,107
5.036430597305298,0.9166150481243156,0.9117522239685059,0.4234780968321743,entropy,100,2,10,500,-1,42,"{'criterion': 'entropy', 'max_depth': 100, 'min_samples_leaf': 2, 'min_samples_split': 10, 'n_estimators': 500, 'n_jobs': -1, 'random_state': 42}",0.9841269841269842,0.968,0.9880478087649402,0.9841269841269842,0.976190476190476,0.9839999999999999,0.996078431372549,0.9677419354838711,0.97165991902834,0.984251968503937,0.9804224507598083,0.008763397371751304,101
1.8213459730148316,0.56082330138113,0.7414201736450196,0.19605167319682998,entropy,100,4,2,100,-1,42,"{'criterion': 'entropy', 'max_depth': 100, 'min_samples_leaf': 4, 'min_samples_split': 2, 'n_estimators': 100, 'n_jobs': -1, 'random_state': 42}",0.976,0.9635627530364372,0.9880478087649402,0.9841269841269842,0.9723320158102767,0.9839999999999999,0.9921875,0.9677419354838711,0.9674796747967479,0.9803921568627452,0.9775870828882003,0.009166603708157304,394
1.8915659666061402,0.4855914463647306,0.7013052701950073,0.471653919625762,entropy,100,4,2,200,-1,42,"{'criterion': 'entropy', 'max_depth': 100, 'min_samples_leaf': 4, 'min_samples_split': 2, 'n_estimators': 200, 'n_jobs': -1, 'random_state': 42}",0.9800796812749005,0.9677419354838711,0.9839999999999999,0.9841269841269842,0.976190476190476,0.9839999999999999,0.996078431372549,0.9677419354838711,0.9674796747967479,0.984251968503937,0.9791691087233335,0.008891125022894813,282
2.8841623067855835,0.4427240732049333,1.3359143257141113,0.5272572526482467,entropy,100,4,2,300,-1,42,"{'criterion': 'entropy', 'max_depth': 100, 'min_samples_leaf': 4, 'min_samples_split': 2, 'n_estimators': 300, 'n_jobs': -1, 'random_state': 42}",0.9800796812749005,0.9638554216867471,0.9839999999999999,0.9841269841269842,0.976190476190476,0.9839999999999999,0.996078431372549,0.9635627530364372,0.963265306122449,0.984251968503937,0.977941102231448,0.010529177963740982,359
4.733687019348144,0.7033400815414357,0.9227333545684815,0.4169236547509571,entropy,100,4,2,500,-1,42,"{'criterion': 'entropy', 'max_depth': 100, 'min_samples_leaf': 4, 'min_samples_split': 2, 'n_estimators': 500, 'n_jobs': -1, 'random_state': 42}",0.9841269841269842,0.96,0.9839999999999999,0.9841269841269842,0.9723320158102767,0.9839999999999999,0.996078431372549,0.9635627530364372,0.9674796747967479,0.984251968503937,0.9779958811773917,0.01090061409943429,331
2.4878933429718018,0.3918578810678864,1.0875996828079224,0.42303129687146435,entropy,100,4,5,100,-1,42,"{'criterion': 'entropy', 'max_depth': 100, 'min_samples_leaf': 4, 'min_samples_split': 5, 'n_estimators': 100, 'n_jobs': -1, 'random_state': 42}",0.976,0.9635627530364372,0.9880478087649402,0.9841269841269842,0.9723320158102767,0.9839999999999999,0.9921875,0.9677419354838711,0.9674796747967479,0.9803921568627452,0.9775870828882003,0.009166603708157304,394
2.409448027610779,0.6742132682479239,0.6453902721405029,0.4088203542943423,entropy,100,4,5,200,-1,42,"{'criterion': 'entropy', 'max_depth': 100, 'min_samples_leaf': 4, 'min_samples_split': 5, 'n_estimators': 200, 'n_jobs': -1, 'random_state': 42}",0.9800796812749005,0.9677419354838711,0.9839999999999999,0.9841269841269842,0.976190476190476,0.9839999999999999,0.996078431372549,0.9677419354838711,0.9674796747967479,0.984251968503937,0.9791691087233335,0.008891125022894813,282
3.1084157943725588,0.47798687523801625,1.2008087158203125,0.46787754459254854,entropy,100,4,5,300,-1,42,"{'criterion': 'entropy', 'max_depth': 100, 'min_samples_leaf': 4, 'min_samples_split': 5, 'n_estimators': 300, 'n_jobs': -1, 'random_state': 42}",0.9800796812749005,0.9638554216867471,0.9839999999999999,0.9841269841269842,0.976190476190476,0.9839999999999999,0.996078431372549,0.9635627530364372,0.963265306122449,0.984251968503937,0.977941102231448,0.010529177963740982,359
4.380061054229737,0.8345763931097699,0.8107346296310425,0.2887872894651207,entropy,100,4,5,500,-1,42,"{'criterion': 'entropy', 'max_depth': 100, 'min_samples_leaf': 4, 'min_samples_split': 5, 'n_estimators': 500, 'n_jobs': -1, 'random_state': 42}",0.9841269841269842,0.96,0.9839999999999999,0.9841269841269842,0.9723320158102767,0.9839999999999999,0.996078431372549,0.9635627530364372,0.9674796747967479,0.984251968503937,0.9779958811773917,0.01090061409943429,331
1.365710687637329,0.4313019513546871,1.4998153924942017,0.6647806468472631,entropy,100,4,10,100,-1,42,"{'criterion': 'entropy', 'max_depth': 100, 'min_samples_leaf': 4, 'min_samples_split': 10, 'n_estimators': 100, 'n_jobs': -1, 'random_state': 42}",0.9721115537848605,0.96,0.9880478087649402,0.9841269841269842,0.9723320158102767,0.9839999999999999,0.996078431372549,0.9596774193548386,0.9674796747967479,0.984251968503937,0.9768105856515135,0.011676738282138645,442
2.952856111526489,0.638313967483134,0.9247801542282105,0.5381615943315634,entropy,100,4,10,200,-1,42,"{'criterion': 'entropy', 'max_depth': 100, 'min_samples_leaf': 4, 'min_samples_split': 10, 'n_estimators': 200, 'n_jobs': -1, 'random_state': 42}",0.9800796812749005,0.96,0.9839999999999999,0.9841269841269842,0.9763779527559056,0.9839999999999999,0.9921875,0.9635627530364372,0.9674796747967479,0.984251968503937,0.9776066514494912,0.009992159045126289,380
2.857321095466614,0.6651668981318885,0.9564425468444824,0.5625944471621841,entropy,100,4,10,300,-1,42,"{'criterion': 'entropy', 'max_depth': 100, 'min_samples_leaf': 4, 'min_samples_split': 10, 'n_estimators': 300, 'n_jobs': -1, 'random_state': 42}",0.9800796812749005,0.96,0.9839999999999999,0.9841269841269842,0.9763779527559056,0.9839999999999999,0.996078431372549,0.9635627530364372,0.9674796747967479,0.984251968503937,0.9779957445867462,0.010609071581478799,347
4.337338328361511,0.7911927643464775,1.281575608253479,0.6994813558137757,entropy,100,4,10,500,-1,42,"{'criterion': 'entropy', 'max_depth': 100, 'min_samples_leaf': 4, 'min_samples_split': 10, 'n_estimators': 500, 'n_jobs': -1, 'random_state': 42}",0.9841269841269842,0.96,0.9839999999999999,0.9841269841269842,0.9723320158102767,0.9799196787148594,0.996078431372549,0.9635627530364372,0.9674796747967479,0.984251968503937,0.9775878490488775,0.010743465592619671,386
1.7194425821304322,0.6934812123273518,1.442333459854126,0.6380634556449052,log_loss,,1,2,100,-1,42,"{'criterion': 'log_loss', 'max_depth': None, 'min_samples_leaf': 1, 'min_samples_split': 2, 'n_estimators': 100, 'n_jobs': -1, 'random_state': 42}",0.9800796812749005,0.9758064516129031,0.9920634920634921,0.9841269841269842,0.976,0.9839999999999999,0.9921259842519685,0.9674796747967479,0.9718875502008032,0.9803921568627452,0.9803961975190545,0.007618044218914873,125
2.762718915939331,0.7653667918469922,1.6417096853256226,0.6804752033122,log_loss,,1,2,200,-1,42,"{'criterion': 'log_loss', 'max_depth': None, 'min_samples_leaf': 1, 'min_samples_split': 2, 'n_estimators': 200, 'n_jobs': -1, 'random_state': 42}",0.9800796812749005,0.9718875502008032,0.9920634920634921,0.9841269841269842,0.9800796812749005,0.9839999999999999,0.9921259842519685,0.97165991902834,0.9718875502008032,0.9803921568627452,0.9808302999284937,0.00721146637262974,67
3.5756826877593992,0.7304785360000731,1.2240151405334472,0.6564625029978819,log_loss,,1,2,300,-1,42,"{'criterion': 'log_loss', 'max_depth': None, 'min_samples_leaf': 1, 'min_samples_split': 2, 'n_estimators': 300, 'n_jobs': -1, 'random_state': 42}",0.976,0.9718875502008032,0.9920634920634921,0.9841269841269842,0.9800796812749005,0.9839999999999999,0.9921259842519685,0.9674796747967479,0.9718875502008032,0.9803921568627452,0.9800043073778445,0.007938145312911567,166
4.463862109184265,0.6193560808228007,1.6024518489837647,0.8121289040264904,log_loss,,1,2,500,-1,42,"{'criterion': 'log_loss', 'max_depth': None, 'min_samples_leaf': 1, 'min_samples_split': 2, 'n_estimators': 500, 'n_jobs': -1, 'random_state': 42}",0.9800796812749005,0.9758064516129031,0.9920634920634921,0.9841269841269842,0.9841269841269842,0.9839999999999999,0.9921259842519685,0.9674796747967479,0.9718875502008032,0.9803921568627452,0.9812088959317528,0.007538789068549173,46
2.4852561235427855,0.7051363228159795,1.2409692764282227,0.6792396158549694,log_loss,,1,5,100,-1,42,"{'criterion': 'log_loss', 'max_depth': None, 'min_samples_leaf': 1, 'min_samples_split': 5, 'n_estimators': 100, 'n_jobs': -1, 'random_state': 42}",0.976,0.9718875502008032,0.9920634920634921,0.9800796812749005,0.976,0.9839999999999999,0.996078431372549,0.97165991902834,0.97165991902834,0.9802371541501976,0.9799666147118622,0.008105683096209522,225
2.07850239276886,0.45081442028059837,0.717385220527649,0.4158151272858589,log_loss,,1,5,200,-1,42,"{'criterion': 'log_loss', 'max_depth': None, 'min_samples_leaf': 1, 'min_samples_split': 5, 'n_estimators': 200, 'n_jobs': -1, 'random_state': 42}",0.9800796812749005,0.968,0.9920634920634921,0.9800796812749005,0.9800796812749005,0.9839999999999999,0.9921259842519685,0.9674796747967479,0.97165991902834,0.984251968503937,0.9799820082469187,0.00834852007901611,212
3.404642105102539,0.5070257793352901,1.2424899339675903,0.7801695948875,log_loss,,1,5,300,-1,42,"{'criterion': 'log_loss', 'max_depth': None, 'min_samples_leaf': 1, 'min_samples_split': 5, 'n_estimators': 300, 'n_jobs': -1, 'random_state': 42}",0.976,0.9718875502008032,0.9920634920634921,0.9800796812749005,0.9800796812749005,0.9839999999999999,0.9921259842519685,0.9674796747967479,0.97165991902834,0.984251968503937,0.979962795139509,0.007967262784367145,233
4.809213924407959,0.5307534544007191,1.1882767915725707,0.8153470325373645,log_loss,,1,5,500,-1,42,"{'criterion': 'log_loss', 'max_depth': None, 'min_samples_leaf': 1, 'min_samples_split': 5, 'n_estimators': 500, 'n_jobs': -1, 'random_state': 42}",0.9800796812749005,0.9718875502008032,0.9920634920634921,0.9800796812749005,0.9800796812749005,0.9839999999999999,0.9921259842519685,0.9674796747967479,0.9758064516129031,0.984251968503937,0.9807854165254554,0.007487676943819915,85
1.6155858993530274,0.29810615394569445,1.8748236894607544,1.0417404968101642,log_loss,,1,10,100,-1,42,"{'criterion': 'log_loss', 'max_depth': None, 'min_samples_leaf': 1, 'min_samples_split': 10, 'n_estimators': 100, 'n_jobs': -1, 'random_state': 42}",0.976,0.9718875502008032,0.9920634920634921,0.9800796812749005,0.9721115537848605,0.9839999999999999,0.996078431372549,0.9758064516129031,0.97165991902834,0.984251968503937,0.9803939047841785,0.008171658312510164,131
2.487817072868347,1.1047065890692114,0.624522042274475,0.29284376496572506,log_loss,,1,10,200,-1,42,"{'criterion': 'log_loss', 'max_depth': None, 'min_samples_leaf': 1, 'min_samples_split': 10, 'n_estimators': 200, 'n_jobs': -1, 'random_state': 42}",0.9800796812749005,0.9718875502008032,0.9920634920634921,0.9800796812749005,0.976190476190476,0.9839999999999999,0.996078431372549,0.9758064516129031,0.97165991902834,0.984251968503937,0.98120976515223,0.00768744122182666,40
3.014612150192261,0.5320049875572209,0.939992117881775,0.2223415090311911,log_loss,,1,10,300,-1,42,"{'criterion': 'log_loss', 'max_depth': None, 'min_samples_leaf': 1, 'min_samples_split': 10, 'n_estimators': 300, 'n_jobs': -1, 'random_state': 42}",0.9800796812749005,0.9758064516129031,0.9920634920634921,0.9800796812749005,0.976190476190476,0.9839999999999999,0.996078431372549,0.976,0.97165991902834,0.9803921568627452,0.9812350289680307,0.00722919488054646,13
5.211741924285889,0.9263340130025611,1.3230623483657837,0.2606243044787873,log_loss,,1,10,500,-1,42,"{'criterion': 'log_loss', 'max_depth': None, 'min_samples_leaf': 1, 'min_samples_split': 10, 'n_estimators': 500, 'n_jobs': -1, 'random_state': 42}",0.9841269841269842,0.9718875502008032,0.9920634920634921,0.9800796812749005,0.976190476190476,0.9839999999999999,0.996078431372549,0.976,0.97165991902834,0.984251968503937,0.9816338502761482,0.00770939670908881,4
1.268550705909729,0.27471341989381265,1.3722501993179321,0.6038808883362113,log_loss,,2,2,100,-1,42,"{'criterion': 'log_loss', 'max_depth': None, 'min_samples_leaf': 2, 'min_samples_split': 2, 'n_estimators': 100, 'n_jobs': -1, 'random_state': 42}",0.9800796812749005,0.968,0.9880478087649402,0.9800796812749005,0.9800796812749005,0.9799196787148594,0.996078431372549,0.9677419354838711,0.97165991902834,0.984251968503937,0.9795938785693199,0.008387822520974638,265
2.118662786483765,0.13582647009076332,1.0206653356552124,0.1512592162438521,log_loss,,2,2,200,-1,42,"{'criterion': 'log_loss', 'max_depth': None, 'min_samples_leaf': 2, 'min_samples_split': 2, 'n_estimators': 200, 'n_jobs': -1, 'random_state': 42}",0.9841269841269842,0.968,0.9880478087649402,0.9800796812749005,0.976190476190476,0.9799196787148594,0.996078431372549,0.97165991902834,0.97165991902834,0.984251968503937,0.9800014867005327,0.008099589908485005,180
3.4833096981048586,0.7898059909151605,1.2879684686660766,0.26127003621172523,log_loss,,2,2,300,-1,42,"{'criterion': 'log_loss', 'max_depth': None, 'min_samples_leaf': 2, 'min_samples_split': 2, 'n_estimators': 300, 'n_jobs': -1, 'random_state': 42}",0.9800796812749005,0.968,0.9920634920634921,0.9800796812749005,0.976190476190476,0.9799196787148594,0.996078431372549,0.97165991902834,0.97165991902834,0.984251968503937,0.9799983247451796,0.008483917296063164,188
4.755565524101257,0.8750603553383767,1.2560391902923584,0.5444309219852552,log_loss,,2,2,500,-1,42,"{'criterion': 'log_loss', 'max_depth': None, 'min_samples_leaf': 2, 'min_samples_split': 2, 'n_estimators': 500, 'n_jobs': -1, 'random_state': 42}",0.9841269841269842,0.9718875502008032,0.9880478087649402,0.9800796812749005,0.976190476190476,0.9799196787148594,0.9921259842519685,0.97165991902834,0.97165991902834,0.984251968503937,0.979994997008555,0.006829119409422999,194
1.2449083566665649,0.12599084316775053,0.6343048810958862,0.06974613809429171,log_loss,,2,5,100,-1,42,"{'criterion': 'log_loss', 'max_depth': None, 'min_samples_leaf': 2, 'min_samples_split': 5, 'n_estimators': 100, 'n_jobs': -1, 'random_state': 42}",0.9800796812749005,0.9718875502008032,0.9880478087649402,0.9800796812749005,0.9800796812749005,0.9839999999999999,0.9921259842519685,0.9674796747967479,0.97165991902834,0.984251968503937,0.9799691949371437,0.007335004086609395,219
2.49871244430542,0.44853331621867515,1.1892374277114868,0.5800762105351637,log_loss,,2,5,200,-1,42,"{'criterion': 'log_loss', 'max_depth': None, 'min_samples_leaf': 2, 'min_samples_split': 5, 'n_estimators': 200, 'n_jobs': -1, 'random_state': 42}",0.9841269841269842,0.968,0.9880478087649402,0.9800796812749005,0.976190476190476,0.9839999999999999,0.9921259842519685,0.97165991902834,0.97165991902834,0.984251968503937,0.9800142741169886,0.007486979622139492,155
3.566454458236694,0.3011471769041928,0.8655579566955567,0.39704589138553037,log_loss,,2,5,300,-1,42,"{'criterion': 'log_loss', 'max_depth': None, 'min_samples_leaf': 2, 'min_samples_split': 5, 'n_estimators': 300, 'n_jobs': -1, 'random_state': 42}",0.9800796812749005,0.968,0.9880478087649402,0.9800796812749005,0.976190476190476,0.9839999999999999,0.9921259842519685,0.97165991902834,0.97165991902834,0.984251968503937,0.9796095438317802,0.007362068099764226,254
5.067202496528625,0.761673069016769,1.1038119792938232,0.35410625865698947,log_loss,,2,5,500,-1,42,"{'criterion': 'log_loss', 'max_depth': None, 'min_samples_leaf': 2, 'min_samples_split': 5, 'n_estimators': 500, 'n_jobs': -1, 'random_state': 42}",0.9841269841269842,0.968,0.9880478087649402,0.9800796812749005,0.976190476190476,0.9839999999999999,0.9921259842519685,0.9677419354838711,0.97165991902834,0.984251968503937,0.9796224757625417,0.007998928838891663,245
1.3807611227035523,0.46819461195080725,1.2241102457046509,0.30199227115030075,log_loss,,2,10,100,-1,42,"{'criterion': 'log_loss', 'max_depth': None, 'min_samples_leaf': 2, 'min_samples_split': 10, 'n_estimators': 100, 'n_jobs': -1, 'random_state': 42}",0.9800796812749005,0.9677419354838711,0.9880478087649402,0.9841269841269842,0.9802371541501976,0.9799196787148594,0.996078431372549,0.9677419354838711,0.97165991902834,0.984251968503937,0.979988549690445,0.0085354518863863,206
2.4674400091171265,0.4734364655847413,0.9781231641769409,0.340440017850417,log_loss,,2,10,200,-1,42,"{'criterion': 'log_loss', 'max_depth': None, 'min_samples_leaf': 2, 'min_samples_split': 10, 'n_estimators': 200, 'n_jobs': -1, 'random_state': 42}",0.9841269841269842,0.968,0.9880478087649402,0.9841269841269842,0.9802371541501976,0.9839999999999999,0.996078431372549,0.97165991902834,0.97165991902834,0.984251968503937,0.9812189169102272,0.008122431732088091,31
3.387599015235901,0.3688081347277748,1.0274260997772218,0.5970093168319381,log_loss,,2,10,300,-1,42,"{'criterion': 'log_loss', 'max_depth': None, 'min_samples_leaf': 2, 'min_samples_split': 10, 'n_estimators': 300, 'n_jobs': -1, 'random_state': 42}",0.9800796812749005,0.968,0.9880478087649402,0.9841269841269842,0.9802371541501976,0.9839999999999999,0.996078431372549,0.9677419354838711,0.97165991902834,0.984251968503937,0.9804223882705718,0.008581899465983336,107
4.9040199518203735,0.7008289575772239,1.0149468183517456,0.18372306427653826,log_loss,,2,10,500,-1,42,"{'criterion': 'log_loss', 'max_depth': None, 'min_samples_leaf': 2, 'min_samples_split': 10, 'n_estimators': 500, 'n_jobs': -1, 'random_state': 42}",0.9841269841269842,0.968,0.9880478087649402,0.9841269841269842,0.976190476190476,0.9839999999999999,0.996078431372549,0.9677419354838711,0.97165991902834,0.984251968503937,0.9804224507598083,0.008763397371751304,101
1.2764588117599487,0.3390812359991694,0.7185791730880737,0.35568750478400507,log_loss,,4,2,100,-1,42,"{'criterion': 'log_loss', 'max_depth': None, 'min_samples_leaf': 4, 'min_samples_split': 2, 'n_estimators': 100, 'n_jobs': -1, 'random_state': 42}",0.976,0.9635627530364372,0.9880478087649402,0.9841269841269842,0.9723320158102767,0.9839999999999999,0.9921875,0.9677419354838711,0.9674796747967479,0.9803921568627452,0.9775870828882003,0.009166603708157304,394
2.2931742906570434,0.569427455729783,1.3473492383956909,0.5279821539734859,log_loss,,4,2,200,-1,42,"{'criterion': 'log_loss', 'max_depth': None, 'min_samples_leaf': 4, 'min_samples_split': 2, 'n_estimators': 200, 'n_jobs': -1, 'random_state': 42}",0.9800796812749005,0.9677419354838711,0.9839999999999999,0.9841269841269842,0.976190476190476,0.9839999999999999,0.996078431372549,0.9677419354838711,0.9674796747967479,0.984251968503937,0.9791691087233335,0.008891125022894813,282
3.6256038665771486,0.6029170896049932,0.7491325378417969,0.2118649611772814,log_loss,,4,2,300,-1,42,"{'criterion': 'log_loss', 'max_depth': None, 'min_samples_leaf': 4, 'min_samples_split': 2, 'n_estimators': 300, 'n_jobs': -1, 'random_state': 42}",0.9800796812749005,0.9638554216867471,0.9839999999999999,0.9841269841269842,0.976190476190476,0.9839999999999999,0.996078431372549,0.9635627530364372,0.963265306122449,0.984251968503937,0.977941102231448,0.010529177963740982,359
5.264384627342224,0.4658600221281835,1.0176387071609496,0.5028499981104471,log_loss,,4,2,500,-1,42,"{'criterion': 'log_loss', 'max_depth': None, 'min_samples_leaf': 4, 'min_samples_split': 2, 'n_estimators': 500, 'n_jobs': -1, 'random_state': 42}",0.9841269841269842,0.96,0.9839999999999999,0.9841269841269842,0.9723320158102767,0.9839999999999999,0.996078431372549,0.9635627530364372,0.9674796747967479,0.984251968503937,0.9779958811773917,0.01090061409943429,331
1.455907392501831,0.37500334218052955,0.9988649845123291,0.5791397825155314,log_loss,,4,5,100,-1,42,"{'criterion': 'log_loss', 'max_depth': None, 'min_samples_leaf': 4, 'min_samples_split': 5, 'n_estimators': 100, 'n_jobs': -1, 'random_state': 42}",0.976,0.9635627530364372,0.9880478087649402,0.9841269841269842,0.9723320158102767,0.9839999999999999,0.9921875,0.9677419354838711,0.9674796747967479,0.9803921568627452,0.9775870828882003,0.009166603708157304,394
2.537509536743164,0.4652279104979088,1.2527315139770507,0.5299103367603419,log_loss,,4,5,200,-1,42,"{'criterion': 'log_loss', 'max_depth': None, 'min_samples_leaf': 4, 'min_samples_split': 5, 'n_estimators': 200, 'n_jobs': -1, 'random_state': 42}",0.9800796812749005,0.9677419354838711,0.9839999999999999,0.9841269841269842,0.976190476190476,0.9839999999999999,0.996078431372549,0.9677419354838711,0.9674796747967479,0.984251968503937,0.9791691087233335,0.008891125022894813,282
3.3655768394470216,0.6611829714305661,0.9734451532363891,0.31495339728550714,log_loss,,4,5,300,-1,42,"{'criterion': 'log_loss', 'max_depth': None, 'min_samples_leaf': 4, 'min_samples_split': 5, 'n_estimators': 300, 'n_jobs': -1, 'random_state': 42}",0.9800796812749005,0.9638554216867471,0.9839999999999999,0.9841269841269842,0.976190476190476,0.9839999999999999,0.996078431372549,0.9635627530364372,0.963265306122449,0.984251968503937,0.977941102231448,0.010529177963740982,359
4.779223036766052,1.1378939417376663,1.0837007761001587,0.4383006138064073,log_loss,,4,5,500,-1,42,"{'criterion': 'log_loss', 'max_depth': None, 'min_samples_leaf': 4, 'min_samples_split': 5, 'n_estimators': 500, 'n_jobs': -1, 'random_state': 42}",0.9841269841269842,0.96,0.9839999999999999,0.9841269841269842,0.9723320158102767,0.9839999999999999,0.996078431372549,0.9635627530364372,0.9674796747967479,0.984251968503937,0.9779958811773917,0.01090061409943429,331
1.4398598432540894,0.4470350031952665,1.079966402053833,0.20898570115627704,log_loss,,4,10,100,-1,42,"{'criterion': 'log_loss', 'max_depth': None, 'min_samples_leaf': 4, 'min_samples_split': 10, 'n_estimators': 100, 'n_jobs': -1, 'random_state': 42}",0.9721115537848605,0.96,0.9880478087649402,0.9841269841269842,0.9723320158102767,0.9839999999999999,0.996078431372549,0.9596774193548386,0.9674796747967479,0.984251968503937,0.9768105856515135,0.011676738282138645,442
1.9042298793792725,0.2125546996005362,0.8598207473754883,0.1129077735131405,log_loss,,4,10,200,-1,42,"{'criterion': 'log_loss', 'max_depth': None, 'min_samples_leaf': 4, 'min_samples_split': 10, 'n_estimators': 200, 'n_jobs': -1, 'random_state': 42}",0.9800796812749005,0.96,0.9839999999999999,0.9841269841269842,0.9763779527559056,0.9839999999999999,0.9921875,0.9635627530364372,0.9674796747967479,0.984251968503937,0.9776066514494912,0.009992159045126289,380
3.1784924268722534,0.5063026161126221,1.04524507522583,0.4240205889490712,log_loss,,4,10,300,-1,42,"{'criterion': 'log_loss', 'max_depth': None, 'min_samples_leaf': 4, 'min_samples_split': 10, 'n_estimators': 300, 'n_jobs': -1, 'random_state': 42}",0.9800796812749005,0.96,0.9839999999999999,0.9841269841269842,0.9763779527559056,0.9839999999999999,0.996078431372549,0.9635627530364372,0.9674796747967479,0.984251968503937,0.9779957445867462,0.010609071581478799,347
4.817322158813477,0.8148865193530815,1.0179129123687745,0.37915823392061904,log_loss,,4,10,500,-1,42,"{'criterion': 'log_loss', 'max_depth': None, 'min_samples_leaf': 4, 'min_samples_split': 10, 'n_estimators': 500, 'n_jobs': -1, 'random_state': 42}",0.9841269841269842,0.96,0.9839999999999999,0.9841269841269842,0.9723320158102767,0.9799196787148594,0.996078431372549,0.9635627530364372,0.9674796747967479,0.984251968503937,0.9775878490488775,0.010743465592619671,386
1.294549536705017,0.09537854216193133,0.5460577011108398,0.16070739331338713,log_loss,10,1,2,100,-1,42,"{'criterion': 'log_loss', 'max_depth': 10, 'min_samples_leaf': 1, 'min_samples_split': 2, 'n_estimators': 100, 'n_jobs': -1, 'random_state': 42}",0.9800796812749005,0.9635627530364372,0.9880478087649402,0.9841269841269842,0.968503937007874,0.9839999999999999,0.988235294117647,0.9677419354838711,0.9674796747967479,0.9803921568627452,0.9772170225472147,0.008931355077063531,424
2.2192259311676024,0.598482488725911,1.030370306968689,0.3453257881905213,log_loss,10,1,2,200,-1,42,"{'criterion': 'log_loss', 'max_depth': 10, 'min_samples_leaf': 1, 'min_samples_split': 2, 'n_estimators': 200, 'n_jobs': -1, 'random_state': 42}",0.9841269841269842,0.9596774193548386,0.9920634920634921,0.9841269841269842,0.9647058823529412,0.9839999999999999,0.988235294117647,0.9677419354838711,0.9674796747967479,0.9803921568627452,0.9772549823286252,0.010687144054143612,414
3.522031331062317,0.4123574675460261,1.5438425302505494,0.44453979612744143,log_loss,10,1,2,300,-1,42,"{'criterion': 'log_loss', 'max_depth': 10, 'min_samples_leaf': 1, 'min_samples_split': 2, 'n_estimators': 300, 'n_jobs': -1, 'random_state': 42}",0.9841269841269842,0.9554655870445343,0.9880478087649402,0.9881422924901185,0.9687500000000001,0.9839999999999999,0.988235294117647,0.9677419354838711,0.9674796747967479,0.9803921568627452,0.9772381733687588,0.010914722862450408,421
4.5650324583053585,0.42522869319306567,0.8077006816864014,0.18932098281079215,log_loss,10,1,2,500,-1,42,"{'criterion': 'log_loss', 'max_depth': 10, 'min_samples_leaf': 1, 'min_samples_split': 2, 'n_estimators': 500, 'n_jobs': -1, 'random_state': 42}",0.9841269841269842,0.9638554216867471,0.9880478087649402,0.9881422924901185,0.9687500000000001,0.9839999999999999,0.9843749999999999,0.97165991902834,0.9674796747967479,0.9803921568627452,0.9780829257756622,0.008718739758741819,322
2.08483407497406,0.6462726465320505,0.7888938426971436,0.2954859377397448,log_loss,10,1,5,100,-1,42,"{'criterion': 'log_loss', 'max_depth': 10, 'min_samples_leaf': 1, 'min_samples_split': 5, 'n_estimators': 100, 'n_jobs': -1, 'random_state': 42}",0.9721115537848605,0.9596774193548386,0.9841269841269842,0.9841269841269842,0.968503937007874,0.9841269841269842,0.9921875,0.9677419354838711,0.9674796747967479,0.9803921568627452,0.9760475129671888,0.00978762698883993,475
2.194674038887024,0.534762254897819,0.6157886981964111,0.24270304661228334,log_loss,10,1,5,200,-1,42,"{'criterion': 'log_loss', 'max_depth': 10, 'min_samples_leaf': 1, 'min_samples_split': 5, 'n_estimators': 200, 'n_jobs': -1, 'random_state': 42}",0.9841269841269842,0.9596774193548386,0.9920634920634921,0.9881422924901185,0.9725490196078432,0.9880478087649402,0.988235294117647,0.9758064516129031,0.9674796747967479,0.9803921568627452,0.9796520593798259,0.01001626679593245,239
2.627273988723755,0.6133618052386917,0.845787239074707,0.47239286925891844,log_loss,10,1,5,300,-1,42,"{'criterion': 'log_loss', 'max_depth': 10, 'min_samples_leaf': 1, 'min_samples_split': 5, 'n_estimators': 300, 'n_jobs': -1, 'random_state': 42}",0.9841269841269842,0.9596774193548386,0.9880478087649402,0.9881422924901185,0.9687500000000001,0.9880478087649402,0.988235294117647,0.9677419354838711,0.9674796747967479,0.9803921568627452,0.9780641374762833,0.010440067379432056,324
4.236704277992248,0.43644825612336274,0.9799724102020264,0.28558636068050597,log_loss,10,1,5,500,-1,42,"{'criterion': 'log_loss', 'max_depth': 10, 'min_samples_leaf': 1, 'min_samples_split': 5, 'n_estimators': 500, 'n_jobs': -1, 'random_state': 42}",0.9841269841269842,0.9638554216867471,0.9880478087649402,0.9881422924901185,0.9687500000000001,0.9880478087649402,0.988235294117647,0.9718875502008032,0.9674796747967479,0.9803921568627452,0.9788964991811673,0.009372515064288009,294
1.30639545917511,0.2544158882620389,0.7244251728057861,0.4113812862517324,log_loss,10,1,10,100,-1,42,"{'criterion': 'log_loss', 'max_depth': 10, 'min_samples_leaf': 1, 'min_samples_split': 10, 'n_estimators': 100, 'n_jobs': -1, 'random_state': 42}",0.9800796812749005,0.9596774193548386,0.9839999999999999,0.9881422924901185,0.9647058823529412,0.976,0.9843749999999999,0.9638554216867471,0.9674796747967479,0.9763779527559056,0.9744693324712198,0.009428698558065933,518
2.2927721977233886,0.883189621647439,1.1447297096252442,0.6656690834915487,log_loss,10,1,10,200,-1,42,"{'criterion': 'log_loss', 'max_depth': 10, 'min_samples_leaf': 1, 'min_samples_split': 10, 'n_estimators': 200, 'n_jobs': -1, 'random_state': 42}",0.9841269841269842,0.9558232931726907,0.9920634920634921,0.9881422924901185,0.9647058823529412,0.9880478087649402,0.9843749999999999,0.9718875502008032,0.9674796747967479,0.9803921568627452,0.9777044134831463,0.011407080264725143,371
3.1625691175460817,0.5393317333763656,0.8684672117233276,0.3488209817472283,log_loss,10,1,10,300,-1,42,"{'criterion': 'log_loss', 'max_depth': 10, 'min_samples_leaf': 1, 'min_samples_split': 10, 'n_estimators': 300, 'n_jobs': -1, 'random_state': 42}",0.9841269841269842,0.9558232931726907,0.9880478087649402,0.9841269841269842,0.9647058823529412,0.9839999999999999,0.988235294117647,0.9677419354838711,0.9674796747967479,0.9803921568627452,0.9764680013805551,0.010878863966930842,454
4.733467984199524,0.3764456808243053,1.0970120429992676,0.31916880957108623,log_loss,10,1,10,500,-1,42,"{'criterion': 'log_loss', 'max_depth': 10, 'min_samples_leaf': 1, 'min_samples_split': 10, 'n_estimators': 500, 'n_jobs': -1, 'random_state': 42}",0.9841269841269842,0.9596774193548386,0.9880478087649402,0.9841269841269842,0.9687500000000001,0.9758064516129031,0.9883268482490272,0.968,0.9674796747967479,0.9803921568627452,0.9764734327895169,0.009496677435302293,452
1.3427078008651734,0.3427584914974164,0.8523200035095215,0.39678703740348514,log_loss,10,2,2,100,-1,42,"{'criterion': 'log_loss', 'max_depth': 10, 'min_samples_leaf': 2, 'min_samples_split': 2, 'n_estimators': 100, 'n_jobs': -1, 'random_state': 42}",0.976190476190476,0.9596774193548386,0.9839999999999999,0.9881422924901185,0.9687500000000001,0.9800796812749005,0.9921875,0.9677419354838711,0.9674796747967479,0.9803921568627452,0.9764641136453698,0.009833962786373503,458
2.547798013687134,0.4828393618845891,0.8570081949234009,0.1870727936345662,log_loss,10,2,2,200,-1,42,"{'criterion': 'log_loss', 'max_depth': 10, 'min_samples_leaf': 2, 'min_samples_split': 2, 'n_estimators': 200, 'n_jobs': -1, 'random_state': 42}",0.9841269841269842,0.9554655870445343,0.9880478087649402,0.9881422924901185,0.9647058823529412,0.9841269841269842,0.9921875,0.9677419354838711,0.9674796747967479,0.9803921568627452,0.9772416806049866,0.011749893513707034,418
3.1128212928771974,0.4930693589330466,1.062655782699585,0.284231607730783,log_loss,10,2,2,300,-1,42,"{'criterion': 'log_loss', 'max_depth': 10, 'min_samples_leaf': 2, 'min_samples_split': 2, 'n_estimators': 300, 'n_jobs': -1, 'random_state': 42}",0.9802371541501976,0.9554655870445343,0.9839999999999999,0.9881422924901185,0.9687500000000001,0.976,0.9843749999999999,0.9677419354838711,0.9674796747967479,0.9803921568627452,0.9752583800828214,0.00963502254614299,504
4.3950484037399296,0.45423136046192236,0.7302083730697632,0.28253651999710594,log_loss,10,2,2,500,-1,42,"{'criterion': 'log_loss', 'max_depth': 10, 'min_samples_leaf': 2, 'min_samples_split': 2, 'n_estimators': 500, 'n_jobs': -1, 'random_state': 42}",0.9841269841269842,0.9638554216867471,0.9839999999999999,0.9881422924901185,0.9687500000000001,0.9799196787148594,0.9921875,0.9677419354838711,0.9674796747967479,0.9803921568627452,0.9776595644162074,0.00942059727572279,373
1.5919585466384887,0.33383468866895705,1.0019867420196533,0.29966312747963003,log_loss,10,2,5,100,-1,42,"{'criterion': 'log_loss', 'max_depth': 10, 'min_samples_leaf': 2, 'min_samples_split': 5, 'n_estimators': 100, 'n_jobs': -1, 'random_state': 42}",0.9802371541501976,0.9596774193548386,0.9800796812749005,0.9881422924901185,0.9725490196078432,0.9800796812749005,0.9921875,0.9677419354838711,0.9674796747967479,0.9803921568627452,0.9768566515296163,0.009443471269873492,438
2.375231146812439,0.49771538370964163,0.7283917188644409,0.2603624648095869,log_loss,10,2,5,200,-1,42,"{'criterion': 'log_loss', 'max_depth': 10, 'min_samples_leaf': 2, 'min_samples_split': 5, 'n_estimators': 200, 'n_jobs': -1, 'random_state': 42}",0.9841269841269842,0.9596774193548386,0.9880478087649402,0.9881422924901185,0.968503937007874,0.9800796812749005,0.9921875,0.9677419354838711,0.9674796747967479,0.9803921568627452,0.977637939016302,0.0104555418779915,376
3.0165143966674806,0.3164157893719009,0.5743073701858521,0.18524308990014904,log_loss,10,2,5,300,-1,42,"{'criterion': 'log_loss', 'max_depth': 10, 'min_samples_leaf': 2, 'min_samples_split': 5, 'n_estimators': 300, 'n_jobs': -1, 'random_state': 42}",0.9802371541501976,0.9596774193548386,0.9839999999999999,0.9881422924901185,0.9687500000000001,0.9799196787148594,0.9883268482490272,0.9677419354838711,0.9674796747967479,0.9803921568627452,0.9764667160102405,0.009346642845400245,456
4.6701911926269535,0.4008944455803237,1.2872076272964477,0.39185888238469185,log_loss,10,2,5,500,-1,42,"{'criterion': 'log_loss', 'max_depth': 10, 'min_samples_leaf': 2, 'min_samples_split': 5, 'n_estimators': 500, 'n_jobs': -1, 'random_state': 42}",0.9841269841269842,0.9596774193548386,0.9839999999999999,0.9881422924901185,0.9687500000000001,0.9799196787148594,0.9921875,0.9677419354838711,0.9674796747967479,0.9803921568627452,0.9772417641830164,0.010092245262962101,416
1.1667200803756714,0.277011356666179,0.39470348358154295,0.2049705775787447,log_loss,10,2,10,100,-1,42,"{'criterion': 'log_loss', 'max_depth': 10, 'min_samples_leaf': 2, 'min_samples_split': 10, 'n_estimators': 100, 'n_jobs': -1, 'random_state': 42}",0.9718875502008032,0.9554655870445343,0.9839999999999999,0.9841269841269842,0.9723320158102767,0.9718875502008032,0.9883268482490272,0.9635627530364372,0.9674796747967479,0.9803921568627452,0.9739461120328359,0.009774084645584198,538
1.9825156927108765,0.32136427007664453,1.015053153038025,0.37283971760689827,log_loss,10,2,10,200,-1,42,"{'criterion': 'log_loss', 'max_depth': 10, 'min_samples_leaf': 2, 'min_samples_split': 10, 'n_estimators': 200, 'n_jobs': -1, 'random_state': 42}",0.9841269841269842,0.9554655870445343,0.9880478087649402,0.9841269841269842,0.9647058823529412,0.976,0.9883268482490272,0.9677419354838711,0.9674796747967479,0.9803921568627452,0.9756413861808776,0.01066401617102509,483
3.5525986194610595,0.5504173709751821,0.7901707410812377,0.40545971739179304,log_loss,10,2,10,300,-1,42,"{'criterion': 'log_loss', 'max_depth': 10, 'min_samples_leaf': 2, 'min_samples_split': 10, 'n_estimators': 300, 'n_jobs': -1, 'random_state': 42}",0.9841269841269842,0.9554655870445343,0.9839999999999999,0.9841269841269842,0.9647058823529412,0.9758064516129031,0.9921875,0.9677419354838711,0.9674796747967479,0.9803921568627452,0.9756033156407711,0.010797669175798842,486
5.121488332748413,0.18636214721050487,0.7221741676330566,0.18485269553400627,log_loss,10,2,10,500,-1,42,"{'criterion': 'log_loss', 'max_depth': 10, 'min_samples_leaf': 2, 'min_samples_split': 10, 'n_estimators': 500, 'n_jobs': -1, 'random_state': 42}",0.9841269841269842,0.9554655870445343,0.9839999999999999,0.9841269841269842,0.9687500000000001,0.9718875502008032,0.9883268482490272,0.9677419354838711,0.9674796747967479,0.9803921568627452,0.9752297720891697,0.009966613723898485,506
1.739684796333313,0.44969107724463453,1.3370367288589478,0.7260102225124473,log_loss,10,4,2,100,-1,42,"{'criterion': 'log_loss', 'max_depth': 10, 'min_samples_leaf': 4, 'min_samples_split': 2, 'n_estimators': 100, 'n_jobs': -1, 'random_state': 42}",0.9721115537848605,0.9596774193548386,0.9839999999999999,0.9921259842519685,0.9647058823529412,0.9800796812749005,0.9883268482490272,0.9677419354838711,0.963265306122449,0.9763779527559056,0.9748412563630764,0.010577476727923122,514
2.3643203496932985,0.6001259049176605,0.8426789999008178,0.17829474523354757,log_loss,10,4,2,200,-1,42,"{'criterion': 'log_loss', 'max_depth': 10, 'min_samples_leaf': 4, 'min_samples_split': 2, 'n_estimators': 200, 'n_jobs': -1, 'random_state': 42}",0.9800796812749005,0.9596774193548386,0.9839999999999999,0.9881422924901185,0.968503937007874,0.9800796812749005,0.9883268482490272,0.9718875502008032,0.963265306122449,0.9763779527559056,0.9760340668730818,0.009478963903573678,477
2.6658390760421753,0.2955994859958272,0.7396338939666748,0.22887953453740278,log_loss,10,4,2,300,-1,42,"{'criterion': 'log_loss', 'max_depth': 10, 'min_samples_leaf': 4, 'min_samples_split': 2, 'n_estimators': 300, 'n_jobs': -1, 'random_state': 42}",0.976190476190476,0.9516129032258065,0.9839999999999999,0.9881422924901185,0.9647058823529412,0.9799196787148594,0.9883268482490272,0.9718875502008032,0.963265306122449,0.9763779527559056,0.9744428890302386,0.011207389408985975,524
4.137880516052246,0.6286693432335146,1.0016051530838013,0.31668350840688586,log_loss,10,4,2,500,-1,42,"{'criterion': 'log_loss', 'max_depth': 10, 'min_samples_leaf': 4, 'min_samples_split': 2, 'n_estimators': 500, 'n_jobs': -1, 'random_state': 42}",0.976190476190476,0.9554655870445343,0.9839999999999999,0.9881422924901185,0.9647058823529412,0.976,0.9883268482490272,0.9638554216867471,0.963265306122449,0.9803921568627452,0.9740343970999039,0.010967954456326093,534
1.3186760902404786,0.18438337882515562,0.5664823770523071,0.2695162729644747,log_loss,10,4,5,100,-1,42,"{'criterion': 'log_loss', 'max_depth': 10, 'min_samples_leaf': 4, 'min_samples_split': 5, 'n_estimators': 100, 'n_jobs': -1, 'random_state': 42}",0.9721115537848605,0.9596774193548386,0.9839999999999999,0.9921259842519685,0.9647058823529412,0.9800796812749005,0.9883268482490272,0.9677419354838711,0.963265306122449,0.9763779527559056,0.9748412563630764,0.010577476727923122,514
2.036091113090515,0.5341533869639888,0.743585181236267,0.32390962685974256,log_loss,10,4,5,200,-1,42,"{'criterion': 'log_loss', 'max_depth': 10, 'min_samples_leaf': 4, 'min_samples_split': 5, 'n_estimators': 200, 'n_jobs': -1, 'random_state': 42}",0.9800796812749005,0.9596774193548386,0.9839999999999999,0.9881422924901185,0.968503937007874,0.9800796812749005,0.9883268482490272,0.9718875502008032,0.963265306122449,0.9763779527559056,0.9760340668730818,0.009478963903573678,477
3.4516446352005006,0.45816248690740247,0.8513951539993286,0.214250673686186,log_loss,10,4,5,300,-1,42,"{'criterion': 'log_loss', 'max_depth': 10, 'min_samples_leaf': 4, 'min_samples_split': 5, 'n_estimators': 300, 'n_jobs': -1, 'random_state': 42}",0.976190476190476,0.9516129032258065,0.9839999999999999,0.9881422924901185,0.9647058823529412,0.9799196787148594,0.9883268482490272,0.9718875502008032,0.963265306122449,0.9763779527559056,0.9744428890302386,0.011207389408985975,524
5.023997974395752,0.922985810169315,1.1797975778579712,0.27124091767006814,log_loss,10,4,5,500,-1,42,"{'criterion': 'log_loss', 'max_depth': 10, 'min_samples_leaf': 4, 'min_samples_split': 5, 'n_estimators': 500, 'n_jobs': -1, 'random_state': 42}",0.976190476190476,0.9554655870445343,0.9839999999999999,0.9881422924901185,0.9647058823529412,0.976,0.9883268482490272,0.9638554216867471,0.963265306122449,0.9803921568627452,0.9740343970999039,0.010967954456326093,534
1.4152585029602052,0.3643691988849988,0.5203088045120239,0.23133334776286474,log_loss,10,4,10,100,-1,42,"{'criterion': 'log_loss', 'max_depth': 10, 'min_samples_leaf': 4, 'min_samples_split': 10, 'n_estimators': 100, 'n_jobs': -1, 'random_state': 42}",0.9721115537848605,0.9596774193548386,0.9839999999999999,0.9921259842519685,0.968503937007874,0.9800796812749005,0.9921875,0.9677419354838711,0.9674796747967479,0.9803921568627452,0.9764299842817806,0.010481878100417669,464
2.2211048364639283,0.720352740305412,0.8826123476028442,0.3969130714964619,log_loss,10,4,10,200,-1,42,"{'criterion': 'log_loss', 'max_depth': 10, 'min_samples_leaf': 4, 'min_samples_split': 10, 'n_estimators': 200, 'n_jobs': -1, 'random_state': 42}",0.9841269841269842,0.9596774193548386,0.9880478087649402,0.9881422924901185,0.9647058823529412,0.9800796812749005,0.9921875,0.9718875502008032,0.9674796747967479,0.9765625,0.9772897293362274,0.010509453341698696,410
3.104473876953125,0.6491686893136007,0.5885734796524048,0.26383930952976853,log_loss,10,4,10,300,-1,42,"{'criterion': 'log_loss', 'max_depth': 10, 'min_samples_leaf': 4, 'min_samples_split': 10, 'n_estimators': 300, 'n_jobs': -1, 'random_state': 42}",0.9802371541501976,0.9554655870445343,0.9839999999999999,0.9881422924901185,0.9647058823529412,0.976,0.9921875,0.9677419354838711,0.963265306122449,0.9803921568627452,0.9752137814506856,0.011331905448118195,510
4.909151577949524,1.0861366132095314,1.5227423667907716,0.4734491257644422,log_loss,10,4,10,500,-1,42,"{'criterion': 'log_loss', 'max_depth': 10, 'min_samples_leaf': 4, 'min_samples_split': 10, 'n_estimators': 500, 'n_jobs': -1, 'random_state': 42}",0.976190476190476,0.9554655870445343,0.9839999999999999,0.9881422924901185,0.9647058823529412,0.976,0.9883268482490272,0.968,0.9674796747967479,0.9803921568627452,0.9748702917986589,0.010275049985157412,512
1.7359652280807496,0.3835078831417451,0.4647965669631958,0.15348654205325712,log_loss,20,1,2,100,-1,42,"{'criterion': 'log_loss', 'max_depth': 20, 'min_samples_leaf': 1, 'min_samples_split': 2, 'n_estimators': 100, 'n_jobs': -1, 'random_state': 42}",0.9800796812749005,0.9718875502008032,0.9920634920634921,0.9800796812749005,0.976190476190476,0.9839999999999999,0.996078431372549,0.97165991902834,0.9718875502008032,0.9803921568627452,0.980431893846901,0.007962650715635367,96
2.0218582153320312,0.688920095248915,1.2868800163269043,0.585624755575397,log_loss,20,1,2,200,-1,42,"{'criterion': 'log_loss', 'max_depth': 20, 'min_samples_leaf': 1, 'min_samples_split': 2, 'n_estimators': 200, 'n_jobs': -1, 'random_state': 42}",0.9800796812749005,0.9718875502008032,0.9920634920634921,0.9841269841269842,0.9800796812749005,0.9839999999999999,0.9921259842519685,0.97165991902834,0.9718875502008032,0.984251968503937,0.9812162810926128,0.007280649039332003,37
3.2142916202545164,0.6537378315728141,1.3816818714141845,0.5662440833060178,log_loss,20,1,2,300,-1,42,"{'criterion': 'log_loss', 'max_depth': 20, 'min_samples_leaf': 1, 'min_samples_split': 2, 'n_estimators': 300, 'n_jobs': -1, 'random_state': 42}",0.976,0.9718875502008032,0.9920634920634921,0.9841269841269842,0.9800796812749005,0.9839999999999999,0.9921259842519685,0.97165991902834,0.9718875502008032,0.9803921568627452,0.9804223318010037,0.007356333744069138,113
5.318534231185913,0.8609857583754738,1.0858129024505616,0.32498734958933007,log_loss,20,1,2,500,-1,42,"{'criterion': 'log_loss', 'max_depth': 20, 'min_samples_leaf': 1, 'min_samples_split': 2, 'n_estimators': 500, 'n_jobs': -1, 'random_state': 42}",0.9841269841269842,0.9718875502008032,0.9920634920634921,0.9841269841269842,0.9841269841269842,0.9839999999999999,0.9921259842519685,0.97165991902834,0.9718875502008032,0.9803921568627452,0.9816397604989104,0.007308280269447873,2
2.2036566495895387,0.5912146834789429,0.8354434728622436,0.24442357995756456,log_loss,20,1,5,100,-1,42,"{'criterion': 'log_loss', 'max_depth': 20, 'min_samples_leaf': 1, 'min_samples_split': 5, 'n_estimators': 100, 'n_jobs': -1, 'random_state': 42}",0.9800796812749005,0.9718875502008032,0.9920634920634921,0.9800796812749005,0.976,0.9880478087649402,0.9921259842519685,0.9674796747967479,0.97165991902834,0.9802371541501976,0.979966094580629,0.008157936876704583,231
2.4402334928512572,0.63754641891572,0.9397631883621216,0.5116265069131071,log_loss,20,1,5,200,-1,42,"{'criterion': 'log_loss', 'max_depth': 20, 'min_samples_leaf': 1, 'min_samples_split': 5, 'n_estimators': 200, 'n_jobs': -1, 'random_state': 42}",0.9800796812749005,0.9718875502008032,0.9920634920634921,0.9800796812749005,0.976,0.9880478087649402,0.9921259842519685,0.9674796747967479,0.9758064516129031,0.9802371541501976,0.9803807478390854,0.007823746192898827,139
3.4772152662277223,0.7218986950391739,1.1826290369033814,0.4761902786342308,log_loss,20,1,5,300,-1,42,"{'criterion': 'log_loss', 'max_depth': 20, 'min_samples_leaf': 1, 'min_samples_split': 5, 'n_estimators': 300, 'n_jobs': -1, 'random_state': 42}",0.976,0.9718875502008032,0.9920634920634921,0.9800796812749005,0.9800796812749005,0.9839999999999999,0.9921259842519685,0.9674796747967479,0.9758064516129031,0.984251968503937,0.9803774483979654,0.007624898879971272,141
4.498879671096802,0.4369684738728977,1.1943533182144166,0.2839648012682006,log_loss,20,1,5,500,-1,42,"{'criterion': 'log_loss', 'max_depth': 20, 'min_samples_leaf': 1, 'min_samples_split': 5, 'n_estimators': 500, 'n_jobs': -1, 'random_state': 42}",0.9841269841269842,0.9758064516129031,0.9920634920634921,0.9800796812749005,0.9800796812749005,0.9839999999999999,0.9921259842519685,0.9674796747967479,0.9758064516129031,0.984251968503937,0.9815820369518737,0.007145579734164421,11
1.7350013732910157,0.6137352168958268,1.7673189640045166,1.029778648360343,log_loss,20,1,10,100,-1,42,"{'criterion': 'log_loss', 'max_depth': 20, 'min_samples_leaf': 1, 'min_samples_split': 10, 'n_estimators': 100, 'n_jobs': -1, 'random_state': 42}",0.976,0.9677419354838711,0.9920634920634921,0.9800796812749005,0.9721115537848605,0.9799196787148594,0.996078431372549,0.9718875502008032,0.97165991902834,0.9802371541501976,0.9787779396073872,0.008677759184087863,311
2.975832772254944,0.7923172539844491,0.8513269186019897,0.3174458812807758,log_loss,20,1,10,200,-1,42,"{'criterion': 'log_loss', 'max_depth': 20, 'min_samples_leaf': 1, 'min_samples_split': 10, 'n_estimators': 200, 'n_jobs': -1, 'random_state': 42}",0.9800796812749005,0.9718875502008032,0.9920634920634921,0.9800796812749005,0.976190476190476,0.9839999999999999,0.996078431372549,0.9718875502008032,0.97165991902834,0.984251968503937,0.9808178750110201,0.008044498995953418,73
3.304475498199463,0.5876431871797901,0.9334023714065551,0.22401023607346604,log_loss,20,1,10,300,-1,42,"{'criterion': 'log_loss', 'max_depth': 20, 'min_samples_leaf': 1, 'min_samples_split': 10, 'n_estimators': 300, 'n_jobs': -1, 'random_state': 42}",0.976,0.9718875502008032,0.9920634920634921,0.9800796812749005,0.976190476190476,0.9799196787148594,0.996078431372549,0.9718875502008032,0.97165991902834,0.984251968503937,0.980001874755016,0.008085968733254427,178
4.692167830467224,1.2109429176511575,1.3216132879257203,0.601191048434767,log_loss,20,1,10,500,-1,42,"{'criterion': 'log_loss', 'max_depth': 20, 'min_samples_leaf': 1, 'min_samples_split': 10, 'n_estimators': 500, 'n_jobs': -1, 'random_state': 42}",0.9841269841269842,0.9718875502008032,0.9920634920634921,0.9800796812749005,0.976190476190476,0.9799196787148594,0.996078431372549,0.976,0.97165991902834,0.984251968503937,0.9812258181476341,0.007681294120315565,28
1.9466808080673217,0.3067074139592547,0.6747773647308349,0.18924009808142406,log_loss,20,2,2,100,-1,42,"{'criterion': 'log_loss', 'max_depth': 20, 'min_samples_leaf': 2, 'min_samples_split': 2, 'n_estimators': 100, 'n_jobs': -1, 'random_state': 42}",0.9800796812749005,0.968,0.9880478087649402,0.9800796812749005,0.976190476190476,0.9799196787148594,0.996078431372549,0.97165991902834,0.97165991902834,0.984251968503937,0.9795967564153243,0.00798362001973087,263
2.1055089950561525,0.5405060558997602,1.1335617542266845,0.345181906618605,log_loss,20,2,2,200,-1,42,"{'criterion': 'log_loss', 'max_depth': 20, 'min_samples_leaf': 2, 'min_samples_split': 2, 'n_estimators': 200, 'n_jobs': -1, 'random_state': 42}",0.9841269841269842,0.968,0.9880478087649402,0.9800796812749005,0.976190476190476,0.9799196787148594,0.996078431372549,0.97165991902834,0.97165991902834,0.984251968503937,0.9800014867005327,0.008099589908485005,180
3.2513282775878904,0.9743427258839596,1.2357237339019775,0.5821441587287031,log_loss,20,2,2,300,-1,42,"{'criterion': 'log_loss', 'max_depth': 20, 'min_samples_leaf': 2, 'min_samples_split': 2, 'n_estimators': 300, 'n_jobs': -1, 'random_state': 42}",0.9800796812749005,0.968,0.9880478087649402,0.9800796812749005,0.976190476190476,0.9799196787148594,0.9921259842519685,0.97165991902834,0.97165991902834,0.984251968503937,0.9792015117032662,0.007219111047471899,280
5.123799300193786,0.882168950574532,1.1584737777709961,0.22949813336847527,log_loss,20,2,2,500,-1,42,"{'criterion': 'log_loss', 'max_depth': 20, 'min_samples_leaf': 2, 'min_samples_split': 2, 'n_estimators': 500, 'n_jobs': -1, 'random_state': 42}",0.9841269841269842,0.968,0.9880478087649402,0.9800796812749005,0.976190476190476,0.9799196787148594,0.9921259842519685,0.97165991902834,0.97165991902834,0.984251968503937,0.9796062419884747,0.0073688986552938925,260
2.3606059312820435,0.6599396082080934,0.5657255172729492,0.337511198238817,log_loss,20,2,5,100,-1,42,"{'criterion': 'log_loss', 'max_depth': 20, 'min_samples_leaf': 2, 'min_samples_split': 5, 'n_estimators': 100, 'n_jobs': -1, 'random_state': 42}",0.9800796812749005,0.9718875502008032,0.9880478087649402,0.9800796812749005,0.9841269841269842,0.9799196787148594,0.9921259842519685,0.97165991902834,0.97165991902834,0.984251968503937,0.9803839175169975,0.0067111021466855865,137
1.909035038948059,0.3792643877160106,0.9281814336776734,0.21027836176860296,log_loss,20,2,5,200,-1,42,"{'criterion': 'log_loss', 'max_depth': 20, 'min_samples_leaf': 2, 'min_samples_split': 5, 'n_estimators': 200, 'n_jobs': -1, 'random_state': 42}",0.9800796812749005,0.968,0.9880478087649402,0.9800796812749005,0.976190476190476,0.9758064516129031,0.9921259842519685,0.97165991902834,0.97165991902834,0.984251968503937,0.9787901889930707,0.007283367686714142,305
3.0266114234924317,0.6221952171699824,0.9091109991073608,0.23105646279979172,log_loss,20,2,5,300,-1,42,"{'criterion': 'log_loss', 'max_depth': 20, 'min_samples_leaf': 2, 'min_samples_split': 5, 'n_estimators': 300, 'n_jobs': -1, 'random_state': 42}",0.9800796812749005,0.9641434262948209,0.9880478087649402,0.9800796812749005,0.976190476190476,0.9799196787148594,0.9921259842519685,0.97165991902834,0.97165991902834,0.984251968503937,0.9788158543327483,0.007879977149792916,303
5.454184436798096,0.6510114667540183,1.1829423189163208,0.28543203588213856,log_loss,20,2,5,500,-1,42,"{'criterion': 'log_loss', 'max_depth': 20, 'min_samples_leaf': 2, 'min_samples_split': 5, 'n_estimators': 500, 'n_jobs': -1, 'random_state': 42}",0.9841269841269842,0.9641434262948209,0.9880478087649402,0.9800796812749005,0.976190476190476,0.9839999999999999,0.9921259842519685,0.97165991902834,0.97165991902834,0.984251968503937,0.9796286167464707,0.008164571945823223,242
1.636531662940979,0.4009354250001106,0.9376479625701905,0.20058358662702222,log_loss,20,2,10,100,-1,42,"{'criterion': 'log_loss', 'max_depth': 20, 'min_samples_leaf': 2, 'min_samples_split': 10, 'n_estimators': 100, 'n_jobs': -1, 'random_state': 42}",0.9841269841269842,0.9718875502008032,0.9880478087649402,0.9841269841269842,0.9802371541501976,0.9799196787148594,0.996078431372549,0.97165991902834,0.97165991902834,0.984251968503937,0.9811996398017936,0.0075234532860752054,57
1.8937500953674316,0.31885920508835197,0.6338890314102172,0.3022756253337567,log_loss,20,2,10,200,-1,42,"{'criterion': 'log_loss', 'max_depth': 20, 'min_samples_leaf': 2, 'min_samples_split': 10, 'n_estimators': 200, 'n_jobs': -1, 'random_state': 42}",0.9841269841269842,0.968,0.9880478087649402,0.9841269841269842,0.9802371541501976,0.9799196787148594,0.996078431372549,0.9677419354838711,0.97165991902834,0.984251968503937,0.9804190864272663,0.008588072362329556,121
3.0237016677856445,0.7736307623184822,1.4262447834014893,0.6825766374398015,log_loss,20,2,10,300,-1,42,"{'criterion': 'log_loss', 'max_depth': 20, 'min_samples_leaf': 2, 'min_samples_split': 10, 'n_estimators': 300, 'n_jobs': -1, 'random_state': 42}",0.9800796812749005,0.968,0.9880478087649402,0.9841269841269842,0.9802371541501976,0.9799196787148594,0.996078431372549,0.9677419354838711,0.97165991902834,0.984251968503937,0.980014356142058,0.00849869692055387,153
5.32884304523468,0.8038069424818691,0.9660619020462036,0.5664098251746151,log_loss,20,2,10,500,-1,42,"{'criterion': 'log_loss', 'max_depth': 20, 'min_samples_leaf': 2, 'min_samples_split': 10, 'n_estimators': 500, 'n_jobs': -1, 'random_state': 42}",0.9841269841269842,0.968,0.9880478087649402,0.9841269841269842,0.976190476190476,0.9799196787148594,0.996078431372549,0.9677419354838711,0.97165991902834,0.984251968503937,0.9800144186312941,0.008681937306479271,151
1.4636164426803588,0.2600835924734524,0.9450036287307739,0.1416713455496915,log_loss,20,4,2,100,-1,42,"{'criterion': 'log_loss', 'max_depth': 20, 'min_samples_leaf': 4, 'min_samples_split': 2, 'n_estimators': 100, 'n_jobs': -1, 'random_state': 42}",0.976,0.9635627530364372,0.9880478087649402,0.9841269841269842,0.9723320158102767,0.9839999999999999,0.9921875,0.9677419354838711,0.9674796747967479,0.9803921568627452,0.9775870828882003,0.009166603708157304,394
2.8563565731048586,0.6406476717835089,1.0386467695236206,0.5472666502590386,log_loss,20,4,2,200,-1,42,"{'criterion': 'log_loss', 'max_depth': 20, 'min_samples_leaf': 4, 'min_samples_split': 2, 'n_estimators': 200, 'n_jobs': -1, 'random_state': 42}",0.9800796812749005,0.9677419354838711,0.9839999999999999,0.9841269841269842,0.976190476190476,0.9839999999999999,0.9921875,0.9677419354838711,0.9674796747967479,0.984251968503937,0.9787800155860786,0.008200978149038005,307
3.336871862411499,0.9418089665797825,0.6789024591445922,0.2622791296020283,log_loss,20,4,2,300,-1,42,"{'criterion': 'log_loss', 'max_depth': 20, 'min_samples_leaf': 4, 'min_samples_split': 2, 'n_estimators': 300, 'n_jobs': -1, 'random_state': 42}",0.9800796812749005,0.96,0.9839999999999999,0.9841269841269842,0.976190476190476,0.9839999999999999,0.996078431372549,0.9677419354838711,0.963265306122449,0.984251968503937,0.9779734783075167,0.010627267915421096,355
5.08476312160492,0.7638008440116998,1.4956641912460327,0.5130429798796498,log_loss,20,4,2,500,-1,42,"{'criterion': 'log_loss', 'max_depth': 20, 'min_samples_leaf': 4, 'min_samples_split': 2, 'n_estimators': 500, 'n_jobs': -1, 'random_state': 42}",0.9841269841269842,0.96,0.9839999999999999,0.9841269841269842,0.9723320158102767,0.9839999999999999,0.996078431372549,0.9635627530364372,0.9674796747967479,0.984251968503937,0.9779958811773917,0.01090061409943429,331
1.2884306192398072,0.22497939878097115,0.940164589881897,0.21934078624847433,log_loss,20,4,5,100,-1,42,"{'criterion': 'log_loss', 'max_depth': 20, 'min_samples_leaf': 4, 'min_samples_split': 5, 'n_estimators': 100, 'n_jobs': -1, 'random_state': 42}",0.976,0.9635627530364372,0.9880478087649402,0.9841269841269842,0.9723320158102767,0.9839999999999999,0.9921875,0.9677419354838711,0.9674796747967479,0.9803921568627452,0.9775870828882003,0.009166603708157304,394
1.9330259799957275,0.4406812221309013,0.9010177373886108,0.2660849426871512,log_loss,20,4,5,200,-1,42,"{'criterion': 'log_loss', 'max_depth': 20, 'min_samples_leaf': 4, 'min_samples_split': 5, 'n_estimators': 200, 'n_jobs': -1, 'random_state': 42}",0.9800796812749005,0.9677419354838711,0.9839999999999999,0.9841269841269842,0.976190476190476,0.9839999999999999,0.9921875,0.9677419354838711,0.9674796747967479,0.984251968503937,0.9787800155860786,0.008200978149038005,307
3.4883386135101317,0.8052992046583196,1.3144899368286134,0.6563615028660474,log_loss,20,4,5,300,-1,42,"{'criterion': 'log_loss', 'max_depth': 20, 'min_samples_leaf': 4, 'min_samples_split': 5, 'n_estimators': 300, 'n_jobs': -1, 'random_state': 42}",0.9800796812749005,0.96,0.9839999999999999,0.9841269841269842,0.976190476190476,0.9839999999999999,0.996078431372549,0.9677419354838711,0.963265306122449,0.984251968503937,0.9779734783075167,0.010627267915421096,355
4.554525923728943,0.5828485715996181,0.7681294441223144,0.18862827236725677,log_loss,20,4,5,500,-1,42,"{'criterion': 'log_loss', 'max_depth': 20, 'min_samples_leaf': 4, 'min_samples_split': 5, 'n_estimators': 500, 'n_jobs': -1, 'random_state': 42}",0.9841269841269842,0.96,0.9839999999999999,0.9841269841269842,0.9723320158102767,0.9839999999999999,0.996078431372549,0.9635627530364372,0.9674796747967479,0.984251968503937,0.9779958811773917,0.01090061409943429,331
2.5013665676116945,0.7833443607308419,0.8747478485107422,0.7985573654928609,log_loss,20,4,10,100,-1,42,"{'criterion': 'log_loss', 'max_depth': 20, 'min_samples_leaf': 4, 'min_samples_split': 10, 'n_estimators': 100, 'n_jobs': -1, 'random_state': 42}",0.9721115537848605,0.9638554216867471,0.9880478087649402,0.9841269841269842,0.9723320158102767,0.9880478087649402,0.996078431372549,0.9635627530364372,0.9674796747967479,0.984251968503937,0.977989442064842,0.010914910967774983,353
2.41217839717865,0.7578313169922009,0.72907874584198,0.2226770055002562,log_loss,20,4,10,200,-1,42,"{'criterion': 'log_loss', 'max_depth': 20, 'min_samples_leaf': 4, 'min_samples_split': 10, 'n_estimators': 200, 'n_jobs': -1, 'random_state': 42}",0.9800796812749005,0.9638554216867471,0.9880478087649402,0.9841269841269842,0.9763779527559056,0.9839999999999999,0.9921875,0.9635627530364372,0.9674796747967479,0.984251968503937,0.9783969744946599,0.00969242654754378,316
2.7454578638076783,0.5130219863186063,1.196484923362732,0.526684011206297,log_loss,20,4,10,300,-1,42,"{'criterion': 'log_loss', 'max_depth': 20, 'min_samples_leaf': 4, 'min_samples_split': 10, 'n_estimators': 300, 'n_jobs': -1, 'random_state': 42}",0.9800796812749005,0.9638554216867471,0.9839999999999999,0.9841269841269842,0.9802371541501976,0.9839999999999999,0.996078431372549,0.9635627530364372,0.9674796747967479,0.984251968503937,0.9787672068948501,0.009990400553477276,313
4.326934289932251,0.517292446680437,1.0170852422714234,0.2507046091811287,log_loss,20,4,10,500,-1,42,"{'criterion': 'log_loss', 'max_depth': 20, 'min_samples_leaf': 4, 'min_samples_split': 10, 'n_estimators': 500, 'n_jobs': -1, 'random_state': 42}",0.9841269841269842,0.96,0.9839999999999999,0.9841269841269842,0.9723320158102767,0.9799196787148594,0.996078431372549,0.9635627530364372,0.9674796747967479,0.984251968503937,0.9775878490488775,0.010743465592619671,386
1.1370615482330322,0.21614018986746514,0.6975502967834473,0.4423795340946186,log_loss,50,1,2,100,-1,42,"{'criterion': 'log_loss', 'max_depth': 50, 'min_samples_leaf': 1, 'min_samples_split': 2, 'n_estimators': 100, 'n_jobs': -1, 'random_state': 42}",0.9800796812749005,0.9758064516129031,0.9920634920634921,0.9841269841269842,0.976,0.9839999999999999,0.9921259842519685,0.9674796747967479,0.9718875502008032,0.9803921568627452,0.9803961975190545,0.007618044218914873,125
2.476997208595276,0.6833446900393427,1.0473583459854126,0.471659402021241,log_loss,50,1,2,200,-1,42,"{'criterion': 'log_loss', 'max_depth': 50, 'min_samples_leaf': 1, 'min_samples_split': 2, 'n_estimators': 200, 'n_jobs': -1, 'random_state': 42}",0.9800796812749005,0.9718875502008032,0.9920634920634921,0.9841269841269842,0.9800796812749005,0.9839999999999999,0.9921259842519685,0.97165991902834,0.9718875502008032,0.9803921568627452,0.9808302999284937,0.00721146637262974,67
4.0415363073348995,0.6725505872185723,1.1815332651138306,0.4316478066577711,log_loss,50,1,2,300,-1,42,"{'criterion': 'log_loss', 'max_depth': 50, 'min_samples_leaf': 1, 'min_samples_split': 2, 'n_estimators': 300, 'n_jobs': -1, 'random_state': 42}",0.976,0.9718875502008032,0.9920634920634921,0.9841269841269842,0.9800796812749005,0.9839999999999999,0.9921259842519685,0.9674796747967479,0.9718875502008032,0.9803921568627452,0.9800043073778445,0.007938145312911567,166
5.59468629360199,1.1923712649119602,1.3931535720825194,0.43932069104711047,log_loss,50,1,2,500,-1,42,"{'criterion': 'log_loss', 'max_depth': 50, 'min_samples_leaf': 1, 'min_samples_split': 2, 'n_estimators': 500, 'n_jobs': -1, 'random_state': 42}",0.9800796812749005,0.9758064516129031,0.9920634920634921,0.9841269841269842,0.9841269841269842,0.9839999999999999,0.9921259842519685,0.9674796747967479,0.9718875502008032,0.9803921568627452,0.9812088959317528,0.007538789068549173,46
1.743355631828308,0.5719249338196966,0.8869625091552734,0.22840465765514464,log_loss,50,1,5,100,-1,42,"{'criterion': 'log_loss', 'max_depth': 50, 'min_samples_leaf': 1, 'min_samples_split': 5, 'n_estimators': 100, 'n_jobs': -1, 'random_state': 42}",0.976,0.9718875502008032,0.9920634920634921,0.9800796812749005,0.976,0.9839999999999999,0.996078431372549,0.97165991902834,0.97165991902834,0.9802371541501976,0.9799666147118622,0.008105683096209522,225
2.5320057392120363,0.42389714889236585,1.159232211112976,0.5578958105038762,log_loss,50,1,5,200,-1,42,"{'criterion': 'log_loss', 'max_depth': 50, 'min_samples_leaf': 1, 'min_samples_split': 5, 'n_estimators': 200, 'n_jobs': -1, 'random_state': 42}",0.9800796812749005,0.968,0.9920634920634921,0.9800796812749005,0.9800796812749005,0.9839999999999999,0.9921259842519685,0.9674796747967479,0.97165991902834,0.984251968503937,0.9799820082469187,0.00834852007901611,212
3.6075656414031982,0.47986350928521837,1.012333869934082,0.5859602319346255,log_loss,50,1,5,300,-1,42,"{'criterion': 'log_loss', 'max_depth': 50, 'min_samples_leaf': 1, 'min_samples_split': 5, 'n_estimators': 300, 'n_jobs': -1, 'random_state': 42}",0.976,0.9718875502008032,0.9920634920634921,0.9800796812749005,0.9800796812749005,0.9839999999999999,0.9921259842519685,0.9674796747967479,0.97165991902834,0.984251968503937,0.979962795139509,0.007967262784367145,233
5.029793000221252,0.8530494474428464,1.1109069108963012,0.5214276647861387,log_loss,50,1,5,500,-1,42,"{'criterion': 'log_loss', 'max_depth': 50, 'min_samples_leaf': 1, 'min_samples_split': 5, 'n_estimators': 500, 'n_jobs': -1, 'random_state': 42}",0.9800796812749005,0.9718875502008032,0.9920634920634921,0.9800796812749005,0.9800796812749005,0.9839999999999999,0.9921259842519685,0.9674796747967479,0.9758064516129031,0.984251968503937,0.9807854165254554,0.007487676943819915,85
2.2590210914611815,0.3197190168006664,1.3061140537261964,0.5928855084717899,log_loss,50,1,10,100,-1,42,"{'criterion': 'log_loss', 'max_depth': 50, 'min_samples_leaf': 1, 'min_samples_split': 10, 'n_estimators': 100, 'n_jobs': -1, 'random_state': 42}",0.976,0.9718875502008032,0.9920634920634921,0.9800796812749005,0.9721115537848605,0.9839999999999999,0.996078431372549,0.9758064516129031,0.97165991902834,0.984251968503937,0.9803939047841785,0.008171658312510164,131
2.3259888648986817,0.7716183081804371,0.9260235786437988,0.22079404042567669,log_loss,50,1,10,200,-1,42,"{'criterion': 'log_loss', 'max_depth': 50, 'min_samples_leaf': 1, 'min_samples_split': 10, 'n_estimators': 200, 'n_jobs': -1, 'random_state': 42}",0.9800796812749005,0.9718875502008032,0.9920634920634921,0.9800796812749005,0.976190476190476,0.9839999999999999,0.996078431372549,0.9758064516129031,0.97165991902834,0.984251968503937,0.98120976515223,0.00768744122182666,40
3.515305781364441,0.3161221785363727,1.5457359790802,0.21746618824632286,log_loss,50,1,10,300,-1,42,"{'criterion': 'log_loss', 'max_depth': 50, 'min_samples_leaf': 1, 'min_samples_split': 10, 'n_estimators': 300, 'n_jobs': -1, 'random_state': 42}",0.9800796812749005,0.9758064516129031,0.9920634920634921,0.9800796812749005,0.976190476190476,0.9839999999999999,0.996078431372549,0.976,0.97165991902834,0.9803921568627452,0.9812350289680307,0.00722919488054646,13
4.3066579580307005,0.5554284092238212,0.9855281591415406,0.3353541831918083,log_loss,50,1,10,500,-1,42,"{'criterion': 'log_loss', 'max_depth': 50, 'min_samples_leaf': 1, 'min_samples_split': 10, 'n_estimators': 500, 'n_jobs': -1, 'random_state': 42}",0.9841269841269842,0.9718875502008032,0.9920634920634921,0.9800796812749005,0.976190476190476,0.9839999999999999,0.996078431372549,0.976,0.97165991902834,0.984251968503937,0.9816338502761482,0.00770939670908881,4
1.8278582334518432,0.3276752936986425,1.3693255186080933,0.3620743211770015,log_loss,50,2,2,100,-1,42,"{'criterion': 'log_loss', 'max_depth': 50, 'min_samples_leaf': 2, 'min_samples_split': 2, 'n_estimators': 100, 'n_jobs': -1, 'random_state': 42}",0.9800796812749005,0.968,0.9880478087649402,0.9800796812749005,0.9800796812749005,0.9799196787148594,0.996078431372549,0.9677419354838711,0.97165991902834,0.984251968503937,0.9795938785693199,0.008387822520974638,265
2.6928972005844116,0.5653604215839297,0.7527203798294068,0.21026303837296897,log_loss,50,2,2,200,-1,42,"{'criterion': 'log_loss', 'max_depth': 50, 'min_samples_leaf': 2, 'min_samples_split': 2, 'n_estimators': 200, 'n_jobs': -1, 'random_state': 42}",0.9841269841269842,0.968,0.9880478087649402,0.9800796812749005,0.976190476190476,0.9799196787148594,0.996078431372549,0.97165991902834,0.97165991902834,0.984251968503937,0.9800014867005327,0.008099589908485005,180
3.026162886619568,0.5399016429352509,0.8080919265747071,0.3214149714827207,log_loss,50,2,2,300,-1,42,"{'criterion': 'log_loss', 'max_depth': 50, 'min_samples_leaf': 2, 'min_samples_split': 2, 'n_estimators': 300, 'n_jobs': -1, 'random_state': 42}",0.9800796812749005,0.968,0.9920634920634921,0.9800796812749005,0.976190476190476,0.9799196787148594,0.996078431372549,0.97165991902834,0.97165991902834,0.984251968503937,0.9799983247451796,0.008483917296063164,188
4.675416946411133,0.8283826276337788,1.0990648031234742,0.20377830382644083,log_loss,50,2,2,500,-1,42,"{'criterion': 'log_loss', 'max_depth': 50, 'min_samples_leaf': 2, 'min_samples_split': 2, 'n_estimators': 500, 'n_jobs': -1, 'random_state': 42}",0.9841269841269842,0.9718875502008032,0.9880478087649402,0.9800796812749005,0.976190476190476,0.9799196787148594,0.9921259842519685,0.97165991902834,0.97165991902834,0.984251968503937,0.979994997008555,0.006829119409422999,194
1.4826523303985595,0.46281397345042447,1.098768949508667,0.6031783568433784,log_loss,50,2,5,100,-1,42,"{'criterion': 'log_loss', 'max_depth': 50, 'min_samples_leaf': 2, 'min_samples_split': 5, 'n_estimators': 100, 'n_jobs': -1, 'random_state': 42}",0.9800796812749005,0.9718875502008032,0.9880478087649402,0.9800796812749005,0.9800796812749005,0.9839999999999999,0.9921259842519685,0.9674796747967479,0.97165991902834,0.984251968503937,0.9799691949371437,0.007335004086609395,219
2.5929439544677733,0.7284049047426198,0.968825888633728,0.3300841373785191,log_loss,50,2,5,200,-1,42,"{'criterion': 'log_loss', 'max_depth': 50, 'min_samples_leaf': 2, 'min_samples_split': 5, 'n_estimators': 200, 'n_jobs': -1, 'random_state': 42}",0.9841269841269842,0.968,0.9880478087649402,0.9800796812749005,0.976190476190476,0.9839999999999999,0.9921259842519685,0.97165991902834,0.97165991902834,0.984251968503937,0.9800142741169886,0.007486979622139492,155
3.613623833656311,0.4891108701007437,0.9258034706115723,0.4306770116860724,log_loss,50,2,5,300,-1,42,"{'criterion': 'log_loss', 'max_depth': 50, 'min_samples_leaf': 2, 'min_samples_split': 5, 'n_estimators': 300, 'n_jobs': -1, 'random_state': 42}",0.9800796812749005,0.968,0.9880478087649402,0.9800796812749005,0.976190476190476,0.9839999999999999,0.9921259842519685,0.97165991902834,0.97165991902834,0.984251968503937,0.9796095438317802,0.007362068099764226,254
4.882081484794616,0.900845095254771,1.1269870758056642,0.24141893812955018,log_loss,50,2,5,500,-1,42,"{'criterion': 'log_loss', 'max_depth': 50, 'min_samples_leaf': 2, 'min_samples_split': 5, 'n_estimators': 500, 'n_jobs': -1, 'random_state': 42}",0.9841269841269842,0.968,0.9880478087649402,0.9800796812749005,0.976190476190476,0.9839999999999999,0.9921259842519685,0.9677419354838711,0.97165991902834,0.984251968503937,0.9796224757625417,0.007998928838891663,245
1.8107535600662232,0.2791131799868895,0.9254746437072754,0.20017601573764326,log_loss,50,2,10,100,-1,42,"{'criterion': 'log_loss', 'max_depth': 50, 'min_samples_leaf': 2, 'min_samples_split': 10, 'n_estimators': 100, 'n_jobs': -1, 'random_state': 42}",0.9800796812749005,0.9677419354838711,0.9880478087649402,0.9841269841269842,0.9802371541501976,0.9799196787148594,0.996078431372549,0.9677419354838711,0.97165991902834,0.984251968503937,0.979988549690445,0.0085354518863863,206
2.4258994579315187,0.544597778943584,0.7894668817520142,0.22365491077269745,log_loss,50,2,10,200,-1,42,"{'criterion': 'log_loss', 'max_depth': 50, 'min_samples_leaf': 2, 'min_samples_split': 10, 'n_estimators': 200, 'n_jobs': -1, 'random_state': 42}",0.9841269841269842,0.968,0.9880478087649402,0.9841269841269842,0.9802371541501976,0.9839999999999999,0.996078431372549,0.97165991902834,0.97165991902834,0.984251968503937,0.9812189169102272,0.008122431732088091,31
3.298630428314209,0.5469426850570462,1.1591221332550048,0.1828211120019493,log_loss,50,2,10,300,-1,42,"{'criterion': 'log_loss', 'max_depth': 50, 'min_samples_leaf': 2, 'min_samples_split': 10, 'n_estimators': 300, 'n_jobs': -1, 'random_state': 42}",0.9800796812749005,0.968,0.9880478087649402,0.9841269841269842,0.9802371541501976,0.9839999999999999,0.996078431372549,0.9677419354838711,0.97165991902834,0.984251968503937,0.9804223882705718,0.008581899465983336,107
4.939827418327331,0.7965185543266426,1.1331090211868287,0.3041403923637831,log_loss,50,2,10,500,-1,42,"{'criterion': 'log_loss', 'max_depth': 50, 'min_samples_leaf': 2, 'min_samples_split': 10, 'n_estimators': 500, 'n_jobs': -1, 'random_state': 42}",0.9841269841269842,0.968,0.9880478087649402,0.9841269841269842,0.976190476190476,0.9839999999999999,0.996078431372549,0.9677419354838711,0.97165991902834,0.984251968503937,0.9804224507598083,0.008763397371751304,101
1.4995968818664551,0.332265739452754,0.8110566139221191,0.3930125916621439,log_loss,50,4,2,100,-1,42,"{'criterion': 'log_loss', 'max_depth': 50, 'min_samples_leaf': 4, 'min_samples_split': 2, 'n_estimators': 100, 'n_jobs': -1, 'random_state': 42}",0.976,0.9635627530364372,0.9880478087649402,0.9841269841269842,0.9723320158102767,0.9839999999999999,0.9921875,0.9677419354838711,0.9674796747967479,0.9803921568627452,0.9775870828882003,0.009166603708157304,394
2.2693018913269043,0.7188885198974126,0.9077027559280395,0.3364939174815808,log_loss,50,4,2,200,-1,42,"{'criterion': 'log_loss', 'max_depth': 50, 'min_samples_leaf': 4, 'min_samples_split': 2, 'n_estimators': 200, 'n_jobs': -1, 'random_state': 42}",0.9800796812749005,0.9677419354838711,0.9839999999999999,0.9841269841269842,0.976190476190476,0.9839999999999999,0.996078431372549,0.9677419354838711,0.9674796747967479,0.984251968503937,0.9791691087233335,0.008891125022894813,282
3.3230353116989138,0.363199221961293,0.7848384141921997,0.4159089954731898,log_loss,50,4,2,300,-1,42,"{'criterion': 'log_loss', 'max_depth': 50, 'min_samples_leaf': 4, 'min_samples_split': 2, 'n_estimators': 300, 'n_jobs': -1, 'random_state': 42}",0.9800796812749005,0.9638554216867471,0.9839999999999999,0.9841269841269842,0.976190476190476,0.9839999999999999,0.996078431372549,0.9635627530364372,0.963265306122449,0.984251968503937,0.977941102231448,0.010529177963740982,359
5.155631351470947,0.7755256933916179,1.3068617582321167,0.5225669845934751,log_loss,50,4,2,500,-1,42,"{'criterion': 'log_loss', 'max_depth': 50, 'min_samples_leaf': 4, 'min_samples_split': 2, 'n_estimators': 500, 'n_jobs': -1, 'random_state': 42}",0.9841269841269842,0.96,0.9839999999999999,0.9841269841269842,0.9723320158102767,0.9839999999999999,0.996078431372549,0.9635627530364372,0.9674796747967479,0.984251968503937,0.9779958811773917,0.01090061409943429,331
1.2247695922851562,0.40862866589015284,0.34258251190185546,0.2226776664251329,log_loss,50,4,5,100,-1,42,"{'criterion': 'log_loss', 'max_depth': 50, 'min_samples_leaf': 4, 'min_samples_split': 5, 'n_estimators': 100, 'n_jobs': -1, 'random_state': 42}",0.976,0.9635627530364372,0.9880478087649402,0.9841269841269842,0.9723320158102767,0.9839999999999999,0.9921875,0.9677419354838711,0.9674796747967479,0.9803921568627452,0.9775870828882003,0.009166603708157304,394
2.2942878007888794,0.4626445964015838,0.726132583618164,0.12406374616273012,log_loss,50,4,5,200,-1,42,"{'criterion': 'log_loss', 'max_depth': 50, 'min_samples_leaf': 4, 'min_samples_split': 5, 'n_estimators': 200, 'n_jobs': -1, 'random_state': 42}",0.9800796812749005,0.9677419354838711,0.9839999999999999,0.9841269841269842,0.976190476190476,0.9839999999999999,0.996078431372549,0.9677419354838711,0.9674796747967479,0.984251968503937,0.9791691087233335,0.008891125022894813,282
3.332936930656433,0.7566442208247824,1.0532555103302002,0.507115386380155,log_loss,50,4,5,300,-1,42,"{'criterion': 'log_loss', 'max_depth': 50, 'min_samples_leaf': 4, 'min_samples_split': 5, 'n_estimators': 300, 'n_jobs': -1, 'random_state': 42}",0.9800796812749005,0.9638554216867471,0.9839999999999999,0.9841269841269842,0.976190476190476,0.9839999999999999,0.996078431372549,0.9635627530364372,0.963265306122449,0.984251968503937,0.977941102231448,0.010529177963740982,359
4.984441757202148,0.7733539930120785,1.27939875125885,0.5263287063433995,log_loss,50,4,5,500,-1,42,"{'criterion': 'log_loss', 'max_depth': 50, 'min_samples_leaf': 4, 'min_samples_split': 5, 'n_estimators': 500, 'n_jobs': -1, 'random_state': 42}",0.9841269841269842,0.96,0.9839999999999999,0.9841269841269842,0.9723320158102767,0.9839999999999999,0.996078431372549,0.9635627530364372,0.9674796747967479,0.984251968503937,0.9779958811773917,0.01090061409943429,331
1.4541065216064453,0.5381265789082109,0.5700284719467164,0.27864994761634254,log_loss,50,4,10,100,-1,42,"{'criterion': 'log_loss', 'max_depth': 50, 'min_samples_leaf': 4, 'min_samples_split': 10, 'n_estimators': 100, 'n_jobs': -1, 'random_state': 42}",0.9721115537848605,0.96,0.9880478087649402,0.9841269841269842,0.9723320158102767,0.9839999999999999,0.996078431372549,0.9596774193548386,0.9674796747967479,0.984251968503937,0.9768105856515135,0.011676738282138645,442
2.682596445083618,0.5214658439917332,1.142902684211731,0.1576900611426283,log_loss,50,4,10,200,-1,42,"{'criterion': 'log_loss', 'max_depth': 50, 'min_samples_leaf': 4, 'min_samples_split': 10, 'n_estimators': 200, 'n_jobs': -1, 'random_state': 42}",0.9800796812749005,0.96,0.9839999999999999,0.9841269841269842,0.9763779527559056,0.9839999999999999,0.9921875,0.9635627530364372,0.9674796747967479,0.984251968503937,0.9776066514494912,0.009992159045126289,380
3.63242392539978,0.7774023936201158,1.2312755107879638,0.5010530761742672,log_loss,50,4,10,300,-1,42,"{'criterion': 'log_loss', 'max_depth': 50, 'min_samples_leaf': 4, 'min_samples_split': 10, 'n_estimators': 300, 'n_jobs': -1, 'random_state': 42}",0.9800796812749005,0.96,0.9839999999999999,0.9841269841269842,0.9763779527559056,0.9839999999999999,0.996078431372549,0.9635627530364372,0.9674796747967479,0.984251968503937,0.9779957445867462,0.010609071581478799,347
4.745500707626343,0.5577044875178468,1.407973575592041,0.41239305594831815,log_loss,50,4,10,500,-1,42,"{'criterion': 'log_loss', 'max_depth': 50, 'min_samples_leaf': 4, 'min_samples_split': 10, 'n_estimators': 500, 'n_jobs': -1, 'random_state': 42}",0.9841269841269842,0.96,0.9839999999999999,0.9841269841269842,0.9723320158102767,0.9799196787148594,0.996078431372549,0.9635627530364372,0.9674796747967479,0.984251968503937,0.9775878490488775,0.010743465592619671,386
1.9615396738052369,0.6474877637081817,1.0701393127441405,0.5954326252151225,log_loss,100,1,2,100,-1,42,"{'criterion': 'log_loss', 'max_depth': 100, 'min_samples_leaf': 1, 'min_samples_split': 2, 'n_estimators': 100, 'n_jobs': -1, 'random_state': 42}",0.9800796812749005,0.9758064516129031,0.9920634920634921,0.9841269841269842,0.976,0.9839999999999999,0.9921259842519685,0.9674796747967479,0.9718875502008032,0.9803921568627452,0.9803961975190545,0.007618044218914873,125
2.9294358491897583,0.8880736349574809,1.1623511075973512,0.45527074573878484,log_loss,100,1,2,200,-1,42,"{'criterion': 'log_loss', 'max_depth': 100, 'min_samples_leaf': 1, 'min_samples_split': 2, 'n_estimators': 200, 'n_jobs': -1, 'random_state': 42}",0.9800796812749005,0.9718875502008032,0.9920634920634921,0.9841269841269842,0.9800796812749005,0.9839999999999999,0.9921259842519685,0.97165991902834,0.9718875502008032,0.9803921568627452,0.9808302999284937,0.00721146637262974,67
3.30577666759491,0.5271552156169976,1.4601600646972657,0.4019477121495313,log_loss,100,1,2,300,-1,42,"{'criterion': 'log_loss', 'max_depth': 100, 'min_samples_leaf': 1, 'min_samples_split': 2, 'n_estimators': 300, 'n_jobs': -1, 'random_state': 42}",0.976,0.9718875502008032,0.9920634920634921,0.9841269841269842,0.9800796812749005,0.9839999999999999,0.9921259842519685,0.9674796747967479,0.9718875502008032,0.9803921568627452,0.9800043073778445,0.007938145312911567,166
5.212597942352295,1.0587180721587983,1.6845650672912598,0.6030277697593995,log_loss,100,1,2,500,-1,42,"{'criterion': 'log_loss', 'max_depth': 100, 'min_samples_leaf': 1, 'min_samples_split': 2, 'n_estimators': 500, 'n_jobs': -1, 'random_state': 42}",0.9800796812749005,0.9758064516129031,0.9920634920634921,0.9841269841269842,0.9841269841269842,0.9839999999999999,0.9921259842519685,0.9674796747967479,0.9718875502008032,0.9803921568627452,0.9812088959317528,0.007538789068549173,46
1.9077146768569946,0.352040275286171,1.5442384243011475,0.37210569462305326,log_loss,100,1,5,100,-1,42,"{'criterion': 'log_loss', 'max_depth': 100, 'min_samples_leaf': 1, 'min_samples_split': 5, 'n_estimators': 100, 'n_jobs': -1, 'random_state': 42}",0.976,0.9718875502008032,0.9920634920634921,0.9800796812749005,0.976,0.9839999999999999,0.996078431372549,0.97165991902834,0.97165991902834,0.9802371541501976,0.9799666147118622,0.008105683096209522,225
3.1200327396392824,0.5816343303684273,1.2345314979553224,0.19532902367049476,log_loss,100,1,5,200,-1,42,"{'criterion': 'log_loss', 'max_depth': 100, 'min_samples_leaf': 1, 'min_samples_split': 5, 'n_estimators': 200, 'n_jobs': -1, 'random_state': 42}",0.9800796812749005,0.968,0.9920634920634921,0.9800796812749005,0.9800796812749005,0.9839999999999999,0.9921259842519685,0.9674796747967479,0.97165991902834,0.984251968503937,0.9799820082469187,0.00834852007901611,212
3.6895699977874754,0.7679063046359801,1.6133405208587646,1.2574317347541932,log_loss,100,1,5,300,-1,42,"{'criterion': 'log_loss', 'max_depth': 100, 'min_samples_leaf': 1, 'min_samples_split': 5, 'n_estimators': 300, 'n_jobs': -1, 'random_state': 42}",0.976,0.9718875502008032,0.9920634920634921,0.9800796812749005,0.9800796812749005,0.9839999999999999,0.9921259842519685,0.9674796747967479,0.97165991902834,0.984251968503937,0.979962795139509,0.007967262784367145,233
5.3123421430587765,0.22360621741143713,1.1957454204559326,0.26505716912647553,log_loss,100,1,5,500,-1,42,"{'criterion': 'log_loss', 'max_depth': 100, 'min_samples_leaf': 1, 'min_samples_split': 5, 'n_estimators': 500, 'n_jobs': -1, 'random_state': 42}",0.9800796812749005,0.9718875502008032,0.9920634920634921,0.9800796812749005,0.9800796812749005,0.9839999999999999,0.9921259842519685,0.9674796747967479,0.9758064516129031,0.984251968503937,0.9807854165254554,0.007487676943819915,85
2.9956681966781615,1.1600627052398365,1.5734183073043824,1.291256715126681,log_loss,100,1,10,100,-1,42,"{'criterion': 'log_loss', 'max_depth': 100, 'min_samples_leaf': 1, 'min_samples_split': 10, 'n_estimators': 100, 'n_jobs': -1, 'random_state': 42}",0.976,0.9718875502008032,0.9920634920634921,0.9800796812749005,0.9721115537848605,0.9839999999999999,0.996078431372549,0.9758064516129031,0.97165991902834,0.984251968503937,0.9803939047841785,0.008171658312510164,131
2.2471983671188354,0.4474498680687385,1.390516424179077,0.46262432268600806,log_loss,100,1,10,200,-1,42,"{'criterion': 'log_loss', 'max_depth': 100, 'min_samples_leaf': 1, 'min_samples_split': 10, 'n_estimators': 200, 'n_jobs': -1, 'random_state': 42}",0.9800796812749005,0.9718875502008032,0.9920634920634921,0.9800796812749005,0.976190476190476,0.9839999999999999,0.996078431372549,0.9758064516129031,0.97165991902834,0.984251968503937,0.98120976515223,0.00768744122182666,40
3.665588927268982,0.4392280957343041,1.1224562883377076,0.46132655279323975,log_loss,100,1,10,300,-1,42,"{'criterion': 'log_loss', 'max_depth': 100, 'min_samples_leaf': 1, 'min_samples_split': 10, 'n_estimators': 300, 'n_jobs': -1, 'random_state': 42}",0.9800796812749005,0.9758064516129031,0.9920634920634921,0.9800796812749005,0.976190476190476,0.9839999999999999,0.996078431372549,0.976,0.97165991902834,0.9803921568627452,0.9812350289680307,0.00722919488054646,13
4.231607222557068,0.7294899629201229,1.0874461650848388,0.26430393079101605,log_loss,100,1,10,500,-1,42,"{'criterion': 'log_loss', 'max_depth': 100, 'min_samples_leaf': 1, 'min_samples_split': 10, 'n_estimators': 500, 'n_jobs': -1, 'random_state': 42}",0.9841269841269842,0.9718875502008032,0.9920634920634921,0.9800796812749005,0.976190476190476,0.9839999999999999,0.996078431372549,0.976,0.97165991902834,0.984251968503937,0.9816338502761482,0.00770939670908881,4
2.080356168746948,0.7754628199462728,1.4740624189376832,0.6910239135232664,log_loss,100,2,2,100,-1,42,"{'criterion': 'log_loss', 'max_depth': 100, 'min_samples_leaf': 2, 'min_samples_split': 2, 'n_estimators': 100, 'n_jobs': -1, 'random_state': 42}",0.9800796812749005,0.968,0.9880478087649402,0.9800796812749005,0.9800796812749005,0.9799196787148594,0.996078431372549,0.9677419354838711,0.97165991902834,0.984251968503937,0.9795938785693199,0.008387822520974638,265
3.2280171632766725,0.6179720468563589,0.45501935482025146,0.11179901585956928,log_loss,100,2,2,200,-1,42,"{'criterion': 'log_loss', 'max_depth': 100, 'min_samples_leaf': 2, 'min_samples_split': 2, 'n_estimators': 200, 'n_jobs': -1, 'random_state': 42}",0.9841269841269842,0.968,0.9880478087649402,0.9800796812749005,0.976190476190476,0.9799196787148594,0.996078431372549,0.97165991902834,0.97165991902834,0.984251968503937,0.9800014867005327,0.008099589908485005,180
3.5757143974304197,0.6325496996042289,1.380801510810852,0.34927496140372755,log_loss,100,2,2,300,-1,42,"{'criterion': 'log_loss', 'max_depth': 100, 'min_samples_leaf': 2, 'min_samples_split': 2, 'n_estimators': 300, 'n_jobs': -1, 'random_state': 42}",0.9800796812749005,0.968,0.9920634920634921,0.9800796812749005,0.976190476190476,0.9799196787148594,0.996078431372549,0.97165991902834,0.97165991902834,0.984251968503937,0.9799983247451796,0.008483917296063164,188
4.479631423950195,0.9420445646079431,0.9148685216903687,0.22253682741955605,log_loss,100,2,2,500,-1,42,"{'criterion': 'log_loss', 'max_depth': 100, 'min_samples_leaf': 2, 'min_samples_split': 2, 'n_estimators': 500, 'n_jobs': -1, 'random_state': 42}",0.9841269841269842,0.9718875502008032,0.9880478087649402,0.9800796812749005,0.976190476190476,0.9799196787148594,0.9921259842519685,0.97165991902834,0.97165991902834,0.984251968503937,0.979994997008555,0.006829119409422999,194
1.146072793006897,0.3022483604516884,1.633803629875183,0.41496243160590546,log_loss,100,2,5,100,-1,42,"{'criterion': 'log_loss', 'max_depth': 100, 'min_samples_leaf': 2, 'min_samples_split': 5, 'n_estimators': 100, 'n_jobs': -1, 'random_state': 42}",0.9800796812749005,0.9718875502008032,0.9880478087649402,0.9800796812749005,0.9800796812749005,0.9839999999999999,0.9921259842519685,0.9674796747967479,0.97165991902834,0.984251968503937,0.9799691949371437,0.007335004086609395,219
2.9436225652694703,0.3792213695531816,0.8104348421096802,0.1886744836068645,log_loss,100,2,5,200,-1,42,"{'criterion': 'log_loss', 'max_depth': 100, 'min_samples_leaf': 2, 'min_samples_split': 5, 'n_estimators': 200, 'n_jobs': -1, 'random_state': 42}",0.9841269841269842,0.968,0.9880478087649402,0.9800796812749005,0.976190476190476,0.9839999999999999,0.9921259842519685,0.97165991902834,0.97165991902834,0.984251968503937,0.9800142741169886,0.007486979622139492,155
3.129920244216919,0.46465509589640286,1.2374484539031982,0.2838447292202151,log_loss,100,2,5,300,-1,42,"{'criterion': 'log_loss', 'max_depth': 100, 'min_samples_leaf': 2, 'min_samples_split': 5, 'n_estimators': 300, 'n_jobs': -1, 'random_state': 42}",0.9800796812749005,0.968,0.9880478087649402,0.9800796812749005,0.976190476190476,0.9839999999999999,0.9921259842519685,0.97165991902834,0.97165991902834,0.984251968503937,0.9796095438317802,0.007362068099764226,254
4.668999743461609,0.6199119682397034,0.9649491310119629,0.11444865659099557,log_loss,100,2,5,500,-1,42,"{'criterion': 'log_loss', 'max_depth': 100, 'min_samples_leaf': 2, 'min_samples_split': 5, 'n_estimators': 500, 'n_jobs': -1, 'random_state': 42}",0.9841269841269842,0.968,0.9880478087649402,0.9800796812749005,0.976190476190476,0.9839999999999999,0.9921259842519685,0.9677419354838711,0.97165991902834,0.984251968503937,0.9796224757625417,0.007998928838891663,245
1.4078829526901244,0.22613043478092199,1.098189687728882,0.35311784933409873,log_loss,100,2,10,100,-1,42,"{'criterion': 'log_loss', 'max_depth': 100, 'min_samples_leaf': 2, 'min_samples_split': 10, 'n_estimators': 100, 'n_jobs': -1, 'random_state': 42}",0.9800796812749005,0.9677419354838711,0.9880478087649402,0.9841269841269842,0.9802371541501976,0.9799196787148594,0.996078431372549,0.9677419354838711,0.97165991902834,0.984251968503937,0.979988549690445,0.0085354518863863,206
2.7576627492904664,0.5745499456281944,1.069676947593689,0.2539659513153996,log_loss,100,2,10,200,-1,42,"{'criterion': 'log_loss', 'max_depth': 100, 'min_samples_leaf': 2, 'min_samples_split': 10, 'n_estimators': 200, 'n_jobs': -1, 'random_state': 42}",0.9841269841269842,0.968,0.9880478087649402,0.9841269841269842,0.9802371541501976,0.9839999999999999,0.996078431372549,0.97165991902834,0.97165991902834,0.984251968503937,0.9812189169102272,0.008122431732088091,31
3.604288029670715,0.5970460332117057,1.5021899700164796,0.606478765921711,log_loss,100,2,10,300,-1,42,"{'criterion': 'log_loss', 'max_depth': 100, 'min_samples_leaf': 2, 'min_samples_split': 10, 'n_estimators': 300, 'n_jobs': -1, 'random_state': 42}",0.9800796812749005,0.968,0.9880478087649402,0.9841269841269842,0.9802371541501976,0.9839999999999999,0.996078431372549,0.9677419354838711,0.97165991902834,0.984251968503937,0.9804223882705718,0.008581899465983336,107
4.831771993637085,0.5069973464247058,0.9040164947509766,0.2709904211419247,log_loss,100,2,10,500,-1,42,"{'criterion': 'log_loss', 'max_depth': 100, 'min_samples_leaf': 2, 'min_samples_split': 10, 'n_estimators': 500, 'n_jobs': -1, 'random_state': 42}",0.9841269841269842,0.968,0.9880478087649402,0.9841269841269842,0.976190476190476,0.9839999999999999,0.996078431372549,0.9677419354838711,0.97165991902834,0.984251968503937,0.9804224507598083,0.008763397371751304,101
2.0549760103225707,0.8537451676491318,1.1989160776138306,0.6911713520576914,log_loss,100,4,2,100,-1,42,"{'criterion': 'log_loss', 'max_depth': 100, 'min_samples_leaf': 4, 'min_samples_split': 2, 'n_estimators': 100, 'n_jobs': -1, 'random_state': 42}",0.976,0.9635627530364372,0.9880478087649402,0.9841269841269842,0.9723320158102767,0.9839999999999999,0.9921875,0.9677419354838711,0.9674796747967479,0.9803921568627452,0.9775870828882003,0.009166603708157304,394
2.6043904066085815,0.6482715162367602,0.8881078958511353,0.35944276600943653,log_loss,100,4,2,200,-1,42,"{'criterion': 'log_loss', 'max_depth': 100, 'min_samples_leaf': 4, 'min_samples_split': 2, 'n_estimators': 200, 'n_jobs': -1, 'random_state': 42}",0.9800796812749005,0.9677419354838711,0.9839999999999999,0.9841269841269842,0.976190476190476,0.9839999999999999,0.996078431372549,0.9677419354838711,0.9674796747967479,0.984251968503937,0.9791691087233335,0.008891125022894813,282
2.7728386163711547,0.5188902890260034,1.1115164518356324,0.26615205938448827,log_loss,100,4,2,300,-1,42,"{'criterion': 'log_loss', 'max_depth': 100, 'min_samples_leaf': 4, 'min_samples_split': 2, 'n_estimators': 300, 'n_jobs': -1, 'random_state': 42}",0.9800796812749005,0.9638554216867471,0.9839999999999999,0.9841269841269842,0.976190476190476,0.9839999999999999,0.996078431372549,0.9635627530364372,0.963265306122449,0.984251968503937,0.977941102231448,0.010529177963740982,359
4.397114157676697,1.0336421813476095,1.2199416875839233,0.44766378757885056,log_loss,100,4,2,500,-1,42,"{'criterion': 'log_loss', 'max_depth': 100, 'min_samples_leaf': 4, 'min_samples_split': 2, 'n_estimators': 500, 'n_jobs': -1, 'random_state': 42}",0.9841269841269842,0.96,0.9839999999999999,0.9841269841269842,0.9723320158102767,0.9839999999999999,0.996078431372549,0.9635627530364372,0.9674796747967479,0.984251968503937,0.9779958811773917,0.01090061409943429,331
1.1962966203689576,0.16662997153312034,1.4098827600479127,0.2652583697239457,log_loss,100,4,5,100,-1,42,"{'criterion': 'log_loss', 'max_depth': 100, 'min_samples_leaf': 4, 'min_samples_split': 5, 'n_estimators': 100, 'n_jobs': -1, 'random_state': 42}",0.976,0.9635627530364372,0.9880478087649402,0.9841269841269842,0.9723320158102767,0.9839999999999999,0.9921875,0.9677419354838711,0.9674796747967479,0.9803921568627452,0.9775870828882003,0.009166603708157304,394
2.39833722114563,0.5728645079742387,0.8577204942703247,0.40060627926877934,log_loss,100,4,5,200,-1,42,"{'criterion': 'log_loss', 'max_depth': 100, 'min_samples_leaf': 4, 'min_samples_split': 5, 'n_estimators': 200, 'n_jobs': -1, 'random_state': 42}",0.9800796812749005,0.9677419354838711,0.9839999999999999,0.9841269841269842,0.976190476190476,0.9839999999999999,0.996078431372549,0.9677419354838711,0.9674796747967479,0.984251968503937,0.9791691087233335,0.008891125022894813,282
2.993065357208252,0.5163778331443355,1.202117919921875,0.4096552920711723,log_loss,100,4,5,300,-1,42,"{'criterion': 'log_loss', 'max_depth': 100, 'min_samples_leaf': 4, 'min_samples_split': 5, 'n_estimators': 300, 'n_jobs': -1, 'random_state': 42}",0.9800796812749005,0.9638554216867471,0.9839999999999999,0.9841269841269842,0.976190476190476,0.9839999999999999,0.996078431372549,0.9635627530364372,0.963265306122449,0.984251968503937,0.977941102231448,0.010529177963740982,359
4.166580581665039,0.7084034611710128,0.8877181053161621,0.3342493065536613,log_loss,100,4,5,500,-1,42,"{'criterion': 'log_loss', 'max_depth': 100, 'min_samples_leaf': 4, 'min_samples_split': 5, 'n_estimators': 500, 'n_jobs': -1, 'random_state': 42}",0.9841269841269842,0.96,0.9839999999999999,0.9841269841269842,0.9723320158102767,0.9839999999999999,0.996078431372549,0.9635627530364372,0.9674796747967479,0.984251968503937,0.9779958811773917,0.01090061409943429,331
2.2604233503341673,0.7668304171540682,1.028464412689209,0.5233701460731534,log_loss,100,4,10,100,-1,42,"{'criterion': 'log_loss', 'max_depth': 100, 'min_samples_leaf': 4, 'min_samples_split': 10, 'n_estimators': 100, 'n_jobs': -1, 'random_state': 42}",0.9721115537848605,0.96,0.9880478087649402,0.9841269841269842,0.9723320158102767,0.9839999999999999,0.996078431372549,0.9596774193548386,0.9674796747967479,0.984251968503937,0.9768105856515135,0.011676738282138645,442
2.411608362197876,0.503523748965711,0.9185887336730957,0.2548500671027607,log_loss,100,4,10,200,-1,42,"{'criterion': 'log_loss', 'max_depth': 100, 'min_samples_leaf': 4, 'min_samples_split': 10, 'n_estimators': 200, 'n_jobs': -1, 'random_state': 42}",0.9800796812749005,0.96,0.9839999999999999,0.9841269841269842,0.9763779527559056,0.9839999999999999,0.9921875,0.9635627530364372,0.9674796747967479,0.984251968503937,0.9776066514494912,0.009992159045126289,380
2.8405340194702147,0.3733481868155513,0.7584379196166993,0.4335890530964697,log_loss,100,4,10,300,-1,42,"{'criterion': 'log_loss', 'max_depth': 100, 'min_samples_leaf': 4, 'min_samples_split': 10, 'n_estimators': 300, 'n_jobs': -1, 'random_state': 42}",0.9800796812749005,0.96,0.9839999999999999,0.9841269841269842,0.9763779527559056,0.9839999999999999,0.996078431372549,0.9635627530364372,0.9674796747967479,0.984251968503937,0.9779957445867462,0.010609071581478799,347
3.4422216415405273,0.19247250499615232,0.2248389959335327,0.05599315740885448,log_loss,100,4,10,500,-1,42,"{'criterion': 'log_loss', 'max_depth': 100, 'min_samples_leaf': 4, 'min_samples_split': 10, 'n_estimators': 500, 'n_jobs': -1, 'random_state': 42}",0.9841269841269842,0.96,0.9839999999999999,0.9841269841269842,0.9723320158102767,0.9799196787148594,0.996078431372549,0.9635627530364372,0.9674796747967479,0.984251968503937,0.9775878490488775,0.010743465592619671,386
