ratio,negative_ratio,sampling_round,outer_fold,n_selected_total,n_train_graphs,n_validation_graphs,n_test_graphs,n_train_edcs,n_train_non_edcs,n_validation_edcs,n_validation_non_edcs,n_test_edcs,n_test_non_edcs,best_epoch,best_validation_pr_auc,hidden_size1,hidden_size2,hidden_size3,lr,weight_decay,dropout,pr_auc,roc_auc,recall,specificity,balanced_accuracy,mcc,f1_score,accuracy,threshold,tp,tn,fp,fn
1,1:1,1,1,162,128,26,34,64,64,13,13,17,17,1,1.0,60,40,20,0.0005,0.0005,0.5,0.9771394455217985,0.9792387543252595,1.0,0.5294117647058824,0.7647058823529411,0.6,0.8095238095238095,0.7647058823529411,0.58,17,9,8,0
1,1:1,1,2,162,130,26,32,65,65,13,13,16,16,5,0.941003463473099,60,40,20,0.0005,0.0005,0.5,1.0,1.0,1.0,0.9375,0.96875,0.9393364366277243,0.9696969696969697,0.96875,0.57,16,15,1,0
1,1:1,1,3,162,130,26,32,65,65,13,13,16,16,33,0.9454231665770128,60,40,20,0.0005,0.0005,0.5,1.0,1.0,0.9375,1.0,0.96875,0.9393364366277243,0.967741935483871,0.96875,0.5399999999999999,15,16,0,1
1,1:1,1,4,162,130,26,32,65,65,13,13,16,16,1,0.9999999999999998,60,40,20,0.0005,0.0005,0.5,0.9737703013897867,0.9765625,0.875,0.9375,0.90625,0.8140915784106943,0.9032258064516129,0.90625,0.37999999999999995,14,15,1,2
1,1:1,1,5,162,130,26,32,65,65,13,13,16,16,10,0.9945054945054945,60,40,20,0.0005,0.0005,0.5,0.9809782608695652,0.97265625,0.875,1.0,0.9375,0.8819171036881969,0.9333333333333333,0.9375,0.48999999999999994,14,16,0,2
1,1:1,2,1,162,128,26,34,64,64,13,13,17,17,3,0.9885883347421809,60,40,20,0.0005,0.0005,0.5,0.9814720986433789,0.9826989619377162,0.7058823529411765,0.9411764705882353,0.8235294117647058,0.6657502859356826,0.8000000000000002,0.8235294117647058,0.4749999999999999,12,16,1,5
1,1:1,2,2,162,130,26,32,65,65,13,13,16,16,10,0.9774161735700198,60,40,20,0.0005,0.0005,0.5,0.9829545454545454,0.9765625,0.9375,0.625,0.78125,0.592156525463792,0.8108108108108109,0.78125,0.4599999999999999,15,10,6,1
1,1:1,2,3,162,130,26,32,65,65,13,13,16,16,1,0.9786324786324785,60,40,20,0.0005,0.0005,0.5,0.9963235294117647,0.99609375,1.0,0.625,0.8125,0.674199862463242,0.8421052631578948,0.8125,0.615,16,10,6,0
1,1:1,2,4,162,130,26,32,65,65,13,13,16,16,1,0.9999999999999999,60,40,20,0.0005,0.0005,0.5,0.9683861022555875,0.97265625,0.9375,0.9375,0.9375,0.875,0.9375,0.9375,0.38499999999999995,15,15,1,1
1,1:1,2,5,162,130,26,32,65,65,13,13,16,16,49,0.9885883347421809,60,40,20,0.0005,0.0005,0.5,0.9963235294117647,0.99609375,1.0,0.9375,0.96875,0.9393364366277243,0.9696969696969697,0.96875,0.5049999999999999,16,15,1,0
1,1:1,3,1,162,128,26,34,64,64,13,13,17,17,1,0.973076923076923,60,40,20,0.0005,0.0005,0.5,1.0,1.0,0.7647058823529411,1.0,0.8823529411764706,0.7867957924694431,0.8666666666666666,0.8823529411764706,0.5399999999999999,13,17,0,4
1,1:1,3,2,162,130,26,32,65,65,13,13,16,16,14,1.0,60,40,20,0.0005,0.0005,0.5,1.0,1.0,1.0,0.0,0.5,0.0,0.6666666666666666,0.5,0.4549999999999999,16,0,16,0
1,1:1,3,3,162,130,26,32,65,65,13,13,16,16,1,1.0,60,40,20,0.0005,0.0005,0.5,1.0,1.0,0.5,1.0,0.75,0.5773502691896258,0.6666666666666666,0.75,0.4499999999999999,8,16,0,8
1,1:1,3,4,162,130,26,32,65,65,13,13,16,16,26,0.9999999999999998,60,40,20,0.0005,0.0005,0.5,1.0,1.0,1.0,0.0,0.5,0.0,0.6666666666666666,0.5,0.4649999999999999,16,0,16,0
1,1:1,3,5,162,130,26,32,65,65,13,13,16,16,1,1.0,60,40,20,0.0005,0.0005,0.5,0.8693602781578325,0.91796875,1.0,0.0,0.5,0.0,0.6666666666666666,0.5,0.49999999999999994,16,0,16,0
1,1:1,4,1,162,128,26,34,64,64,13,13,17,17,9,0.9497530247530248,60,40,20,0.0005,0.0005,0.5,1.0,1.0,1.0,0.8823529411764706,0.9411764705882353,0.8885233166386385,0.9444444444444444,0.9411764705882353,0.4799999999999999,17,15,2,0
1,1:1,4,2,162,130,26,32,65,65,13,13,16,16,23,1.0,60,40,20,0.0005,0.0005,0.5,0.9559891242336096,0.96875,1.0,0.0,0.5,0.0,0.6666666666666666,0.5,0.4799999999999999,16,0,16,0
1,1:1,4,3,162,130,26,32,65,65,13,13,16,16,5,0.9885883347421809,60,40,20,0.0005,0.0005,0.5,0.9790482954545454,0.97265625,1.0,0.0,0.5,0.0,0.6666666666666666,0.5,0.43499999999999994,16,0,16,0
1,1:1,4,4,162,130,26,32,65,65,13,13,16,16,18,0.9498445998445997,60,40,20,0.0005,0.0005,0.5,0.97897863472312,0.982421875,1.0,0.9375,0.96875,0.9393364366277243,0.9696969696969697,0.96875,0.49499999999999994,16,15,1,0
1,1:1,4,5,162,130,26,32,65,65,13,13,16,16,8,0.9945054945054943,60,40,20,0.0005,0.0005,0.5,0.9849826388888889,0.984375,0.5625,1.0,0.78125,0.6255432421712243,0.72,0.78125,0.5099999999999999,9,16,0,7
1,1:1,5,1,162,128,26,34,64,64,13,13,17,17,2,1.0,60,40,20,0.0005,0.0005,0.5,1.0,1.0,1.0,0.0,0.5,0.0,0.6666666666666666,0.5,0.49999999999999994,17,0,17,0
1,1:1,5,2,162,130,26,32,65,65,13,13,16,16,1,0.9897435897435898,60,40,20,0.0005,0.0005,0.5,0.9891493055555556,0.98828125,1.0,0.0,0.5,0.0,0.6666666666666666,0.5,0.4799999999999999,16,0,16,0
1,1:1,5,3,162,130,26,32,65,65,13,13,16,16,17,0.9567890442890443,60,40,20,0.0005,0.0005,0.5,0.9791666666666667,0.96875,0.9375,0.75,0.84375,0.6999132392733555,0.8571428571428572,0.84375,0.4799999999999999,15,12,4,1
1,1:1,5,4,162,130,26,32,65,65,13,13,16,16,1,1.0,60,40,20,0.0005,0.0005,0.5,1.0,1.0,1.0,0.0,0.5,0.0,0.6666666666666666,0.5,0.48499999999999993,16,0,16,0
1,1:1,5,5,162,130,26,32,65,65,13,13,16,16,1,0.9945054945054945,60,40,20,0.0005,0.0005,0.5,0.8835216356356064,0.939453125,0.4375,0.9375,0.6875,0.43301270189221935,0.5833333333333334,0.6875,0.42999999999999994,7,15,1,9
1,1:1,6,1,162,128,26,34,64,64,13,13,17,17,1,0.9706959706959704,60,40,20,0.0005,0.0005,0.5,0.9932718185313341,0.9930795847750865,0.7647058823529411,1.0,0.8823529411764706,0.7867957924694431,0.8666666666666666,0.8823529411764706,0.8099999999999999,13,17,0,4
1,1:1,6,2,162,130,26,32,65,65,13,13,16,16,1,1.0,60,40,20,0.0005,0.0005,0.5,0.9849826388888889,0.984375,1.0,0.0,0.5,0.0,0.6666666666666666,0.5,0.4599999999999999,16,0,16,0
1,1:1,6,3,162,130,26,32,65,65,13,13,16,16,1,0.9999999999999998,60,40,20,0.0005,0.0005,0.5,0.9963235294117647,0.99609375,1.0,0.0,0.5,0.0,0.6666666666666666,0.5,0.4099999999999999,16,0,16,0
1,1:1,6,4,162,130,26,32,65,65,13,13,16,16,1,0.9774161735700198,60,40,20,0.0005,0.0005,0.5,0.9809782608695652,0.97265625,1.0,0.0,0.5,0.0,0.6666666666666666,0.5,0.4699999999999999,16,0,16,0
1,1:1,6,5,162,130,26,32,65,65,13,13,16,16,1,0.9821780783319245,60,40,20,0.0005,0.0005,0.5,0.9184357054301907,0.94921875,1.0,0.0,0.5,0.0,0.6666666666666666,0.5,0.48499999999999993,16,0,16,0
1,1:1,7,1,162,128,26,34,64,64,13,13,17,17,4,0.9885883347421809,60,40,20,0.0005,0.0005,0.5,1.0,1.0,1.0,0.8823529411764706,0.9411764705882353,0.8885233166386385,0.9444444444444444,0.9411764705882353,0.48999999999999994,17,15,2,0
1,1:1,7,2,162,130,26,32,65,65,13,13,16,16,18,0.9838264299802763,60,40,20,0.0005,0.0005,0.5,0.9891493055555556,0.98828125,1.0,0.75,0.875,0.7745966692414834,0.888888888888889,0.875,0.48999999999999994,16,12,4,0
1,1:1,7,3,162,130,26,32,65,65,13,13,16,16,4,1.0,60,40,20,0.0005,0.0005,0.5,0.9924172794117647,0.9921875,0.9375,0.9375,0.9375,0.875,0.9375,0.9375,0.48999999999999994,15,15,1,1
1,1:1,7,4,162,130,26,32,65,65,13,13,16,16,1,0.9885883347421809,60,40,20,0.0005,0.0005,0.5,1.0,1.0,0.625,1.0,0.8125,0.674199862463242,0.7692307692307693,0.8125,0.5249999999999999,10,16,0,6
1,1:1,7,5,162,130,26,32,65,65,13,13,16,16,1,0.973076923076923,60,40,20,0.0005,0.0005,0.5,0.9963235294117647,0.99609375,0.9375,1.0,0.96875,0.9393364366277243,0.967741935483871,0.96875,0.3999999999999999,15,16,0,1
1,1:1,8,1,162,128,26,34,64,64,13,13,17,17,5,0.9945054945054945,60,40,20,0.0005,0.0005,0.5,0.9437587881002203,0.9377162629757785,1.0,0.0,0.5,0.0,0.6666666666666666,0.5,0.33499999999999996,17,0,17,0
1,1:1,8,2,162,130,26,32,65,65,13,13,16,16,25,0.9885883347421809,60,40,20,0.0005,0.0005,0.5,1.0,1.0,1.0,1.0,1.0,1.0,1.0,1.0,0.4749999999999999,16,16,0,0
1,1:1,8,3,162,130,26,32,65,65,13,13,16,16,4,1.0,60,40,20,0.0005,0.0005,0.5,0.9829545454545454,0.9765625,1.0,0.0,0.5,0.0,0.6666666666666666,0.5,0.36999999999999994,16,0,16,0
1,1:1,8,4,162,130,26,32,65,65,13,13,16,16,1,0.9897435897435896,60,40,20,0.0005,0.0005,0.5,0.9924172794117647,0.9921875,0.9375,0.9375,0.9375,0.875,0.9375,0.9375,0.5199999999999999,15,15,1,1
1,1:1,8,5,162,130,26,32,65,65,13,13,16,16,1,1.0,60,40,20,0.0005,0.0005,0.5,1.0,1.0,1.0,0.0,0.5,0.0,0.6666666666666666,0.5,0.49999999999999994,16,0,16,0
1,1:1,9,1,162,128,26,34,64,64,13,13,17,17,1,0.9999999999999998,60,40,20,0.0005,0.0005,0.5,1.0,1.0,1.0,1.0,1.0,1.0,1.0,1.0,0.4649999999999999,17,17,0,0
1,1:1,9,2,162,130,26,32,65,65,13,13,16,16,5,0.8544003005541467,60,40,20,0.0005,0.0005,0.5,1.0,1.0,0.875,1.0,0.9375,0.8819171036881969,0.9333333333333333,0.9375,0.5049999999999999,14,16,0,2
1,1:1,9,3,162,130,26,32,65,65,13,13,16,16,9,1.0,60,40,20,0.0005,0.0005,0.5,0.8632072614885116,0.912109375,1.0,0.0,0.5,0.0,0.6666666666666666,0.5,0.49999999999999994,16,0,16,0
1,1:1,9,4,162,130,26,32,65,65,13,13,16,16,1,1.0,60,40,20,0.0005,0.0005,0.5,0.9606770833333333,0.943359375,0.8125,0.9375,0.875,0.7559289460184544,0.8666666666666666,0.875,0.7499999999999999,13,15,1,3
1,1:1,9,5,162,130,26,32,65,65,13,13,16,16,1,0.9999999999999998,60,40,20,0.0005,0.0005,0.5,1.0,1.0,0.6875,1.0,0.84375,0.7237468644557459,0.8148148148148148,0.84375,0.25499999999999995,11,16,0,5
1,1:1,10,1,162,128,26,34,64,64,13,13,17,17,1,1.0,60,40,20,0.0005,0.0005,0.5,0.9794943378420888,0.9757785467128027,1.0,0.0,0.5,0.0,0.6666666666666666,0.5,0.49999999999999994,17,0,17,0
1,1:1,10,2,162,130,26,32,65,65,13,13,16,16,1,1.0,60,40,20,0.0005,0.0005,0.5,1.0,1.0,1.0,0.8125,0.90625,0.827170191868511,0.9142857142857143,0.90625,0.4799999999999999,16,13,3,0
1,1:1,10,3,162,130,26,32,65,65,13,13,16,16,2,1.0,60,40,20,0.0005,0.0005,0.5,0.925103021978022,0.8828125,1.0,0.0,0.5,0.0,0.6666666666666666,0.5,0.49999999999999994,16,0,16,0
1,1:1,10,4,162,130,26,32,65,65,13,13,16,16,8,0.9897435897435898,60,40,20,0.0005,0.0005,0.5,1.0,1.0,1.0,0.0,0.5,0.0,0.6666666666666666,0.5,0.49499999999999994,16,0,16,0
1,1:1,10,5,162,130,26,32,65,65,13,13,16,16,1,1.0,60,40,20,0.0005,0.0005,0.5,1.0,1.0,1.0,0.0,0.5,0.0,0.6666666666666666,0.5,0.4499999999999999,16,0,16,0
1,1:1,11,1,162,128,26,34,64,64,13,13,17,17,28,0.9345590307128768,60,40,20,0.0005,0.0005,0.5,0.9897875816993464,0.9896193771626297,1.0,0.8823529411764706,0.9411764705882353,0.8885233166386385,0.9444444444444444,0.9411764705882353,0.5449999999999999,17,15,2,0
1,1:1,11,2,162,130,26,32,65,65,13,13,16,16,38,0.9945054945054946,60,40,20,0.0005,0.0005,0.5,0.902995017592057,0.939453125,1.0,0.0,0.5,0.0,0.6666666666666666,0.5,0.4699999999999999,16,0,16,0
1,1:1,11,3,162,130,26,32,65,65,13,13,16,16,33,0.9774161735700198,60,40,20,0.0005,0.0005,0.5,0.9444940476190476,0.91015625,1.0,0.0,0.5,0.0,0.6666666666666666,0.5,0.49999999999999994,16,0,16,0
1,1:1,11,4,162,130,26,32,65,65,13,13,16,16,15,0.8519660894660894,60,40,20,0.0005,0.0005,0.5,0.9775,0.96484375,0.9375,0.5,0.71875,0.4865336327998411,0.7692307692307693,0.71875,0.49999999999999994,15,8,8,1
1,1:1,11,5,162,130,26,32,65,65,13,13,16,16,18,1.0,60,40,20,0.0005,0.0005,0.5,0.9885110294117647,0.98828125,1.0,0.0,0.5,0.0,0.6666666666666666,0.5,0.48499999999999993,16,0,16,0
1,1:1,12,1,162,128,26,34,64,64,13,13,17,17,1,0.9821780783319245,60,40,20,0.0005,0.0005,0.5,1.0,1.0,0.9411764705882353,1.0,0.9705882352941176,0.9428090415820634,0.9696969696969697,0.9705882352941176,0.5549999999999999,16,17,0,1
1,1:1,12,2,162,130,26,32,65,65,13,13,16,16,1,1.0,60,40,20,0.0005,0.0005,0.5,0.9680884832079686,0.97265625,0.4375,1.0,0.71875,0.5291502622129182,0.6086956521739131,0.71875,0.48499999999999993,7,16,0,9
1,1:1,12,3,162,130,26,32,65,65,13,13,16,16,3,1.0,60,40,20,0.0005,0.0005,0.5,0.8706588040227746,0.916015625,1.0,0.0,0.5,0.0,0.6666666666666666,0.5,0.49999999999999994,16,0,16,0
1,1:1,12,4,162,130,26,32,65,65,13,13,16,16,1,1.0,60,40,20,0.0005,0.0005,0.5,1.0,1.0,1.0,0.875,0.9375,0.8819171036881969,0.9411764705882353,0.9375,0.6699999999999999,16,14,2,0
1,1:1,12,5,162,130,26,32,65,65,13,13,16,16,9,0.8613647036723959,60,40,20,0.0005,0.0005,0.5,0.97359375,0.9609375,0.9375,0.9375,0.9375,0.875,0.9375,0.9375,0.565,15,15,1,1
1,1:1,13,1,162,128,26,34,64,64,13,13,17,17,1,1.0,60,40,20,0.0005,0.0005,0.5,0.982843137254902,0.9757785467128027,1.0,0.0,0.5,0.0,0.6666666666666666,0.5,0.49999999999999994,17,0,17,0
1,1:1,13,2,162,130,26,32,65,65,13,13,16,16,1,1.0,60,40,20,0.0005,0.0005,0.5,0.9705023275335776,0.97265625,1.0,0.875,0.9375,0.8819171036881969,0.9411764705882353,0.9375,0.49999999999999994,16,14,2,0
1,1:1,13,3,162,130,26,32,65,65,13,13,16,16,35,1.0,60,40,20,0.0005,0.0005,0.5,1.0,1.0,1.0,1.0,1.0,1.0,1.0,1.0,0.5099999999999999,16,16,0,0
1,1:1,13,4,162,130,26,32,65,65,13,13,16,16,10,0.9819004524886874,60,40,20,0.0005,0.0005,0.5,0.9789786347231201,0.98046875,1.0,0.0,0.5,0.0,0.6666666666666666,0.5,0.4749999999999999,16,0,16,0
1,1:1,13,5,162,130,26,32,65,65,13,13,16,16,8,1.0,60,40,20,0.0005,0.0005,0.5,0.9581875436654849,0.96484375,1.0,0.0,0.5,0.0,0.6666666666666666,0.5,0.49999999999999994,16,0,16,0
1,1:1,14,1,162,128,26,34,64,64,13,13,17,17,1,1.0,60,40,20,0.0005,0.0005,0.5,0.9866310160427808,0.9826989619377163,0.6470588235294118,1.0,0.8235294117647058,0.6915640748081247,0.7857142857142858,0.8235294117647058,0.49999999999999994,11,17,0,6
1,1:1,14,2,162,130,26,32,65,65,13,13,16,16,24,1.0,60,40,20,0.0005,0.0005,0.5,1.0,1.0,1.0,0.0,0.5,0.0,0.6666666666666666,0.5,0.48499999999999993,16,0,16,0
1,1:1,14,3,162,130,26,32,65,65,13,13,16,16,1,1.0,60,40,20,0.0005,0.0005,0.5,0.8273521107160813,0.91015625,0.5625,0.9375,0.75,0.5393598899705937,0.6923076923076923,0.75,0.4649999999999999,9,15,1,7
1,1:1,14,4,162,130,26,32,65,65,13,13,16,16,13,1.0,60,40,20,0.0005,0.0005,0.5,1.0,1.0,1.0,0.0,0.5,0.0,0.6666666666666666,0.5,0.4749999999999999,16,0,16,0
1,1:1,14,5,162,130,26,32,65,65,13,13,16,16,1,0.9786324786324787,60,40,20,0.0005,0.0005,0.5,1.0,1.0,1.0,1.0,1.0,1.0,1.0,1.0,0.285,16,16,0,0
1,1:1,15,1,162,128,26,34,64,64,13,13,17,17,1,0.3313135119094871,60,40,20,0.0005,0.0005,0.5,0.3298635275864541,0.0,1.0,0.0,0.5,0.0,0.6666666666666666,0.5,0.49999999999999994,17,0,17,0
1,1:1,15,2,162,130,26,32,65,65,13,13,16,16,16,1.0,60,40,20,0.0005,0.0005,0.5,0.9829545454545454,0.9765625,0.9375,0.625,0.78125,0.592156525463792,0.8108108108108109,0.78125,0.5249999999999999,15,10,6,1
1,1:1,15,3,162,130,26,32,65,65,13,13,16,16,1,0.9885883347421809,60,40,20,0.0005,0.0005,0.5,0.9405521561771562,0.9375,1.0,0.375,0.6875,0.48038446141526137,0.761904761904762,0.6875,0.105,16,6,10,0
1,1:1,15,4,162,130,26,32,65,65,13,13,16,16,17,1.0,60,40,20,0.0005,0.0005,0.5,0.9963235294117647,0.99609375,0.625,1.0,0.8125,0.674199862463242,0.7692307692307693,0.8125,0.5049999999999999,10,16,0,6
1,1:1,15,5,162,130,26,32,65,65,13,13,16,16,16,0.9897435897435898,60,40,20,0.0005,0.0005,0.5,0.9924172794117647,0.9921875,1.0,0.9375,0.96875,0.9393364366277243,0.9696969696969697,0.96875,0.49999999999999994,16,15,1,0
1,1:1,16,1,162,128,26,34,64,64,13,13,17,17,1,1.0,60,40,20,0.0005,0.0005,0.5,0.9669139203741282,0.972318339100346,1.0,0.0,0.5,0.0,0.6666666666666666,0.5,0.12499999999999999,17,0,17,0
1,1:1,16,2,162,130,26,32,65,65,13,13,16,16,16,1.0,60,40,20,0.0005,0.0005,0.5,0.9875,0.984375,1.0,0.0,0.5,0.0,0.6666666666666666,0.5,0.49499999999999994,16,0,16,0
1,1:1,16,3,162,130,26,32,65,65,13,13,16,16,19,0.9757085020242915,60,40,20,0.0005,0.0005,0.5,1.0,1.0,1.0,0.875,0.9375,0.8819171036881969,0.9411764705882353,0.9375,0.48999999999999994,16,14,2,0
1,1:1,16,4,162,130,26,32,65,65,13,13,16,16,1,1.0,60,40,20,0.0005,0.0005,0.5,1.0,1.0,0.9375,1.0,0.96875,0.9393364366277243,0.967741935483871,0.96875,0.585,15,16,0,1
1,1:1,16,5,162,130,26,32,65,65,13,13,16,16,1,0.9999999999999998,60,40,20,0.0005,0.0005,0.5,0.9829545454545454,0.9765625,0.6875,1.0,0.84375,0.7237468644557459,0.8148148148148148,0.84375,0.49499999999999994,11,16,0,5
1,1:1,17,1,162,128,26,34,64,64,13,13,17,17,9,0.9855769230769231,60,40,20,0.0005,0.0005,0.5,0.9352489736937014,0.9498269896193772,1.0,0.0,0.5,0.0,0.6666666666666666,0.5,0.4749999999999999,17,0,17,0
1,1:1,17,2,162,130,26,32,65,65,13,13,16,16,1,1.0,60,40,20,0.0005,0.0005,0.5,0.9669706518971225,0.9609375,0.875,0.9375,0.90625,0.8140915784106943,0.9032258064516129,0.90625,0.38499999999999995,14,15,1,2
1,1:1,17,3,162,130,26,32,65,65,13,13,16,16,2,0.973076923076923,60,40,20,0.0005,0.0005,0.5,1.0,1.0,1.0,0.75,0.875,0.7745966692414834,0.888888888888889,0.875,0.5549999999999999,16,12,4,0
1,1:1,17,4,162,130,26,32,65,65,13,13,16,16,27,0.9697913422609779,60,40,20,0.0005,0.0005,0.5,0.9924172794117647,0.9921875,1.0,0.0,0.5,0.0,0.6666666666666666,0.5,0.49499999999999994,16,0,16,0
1,1:1,17,5,162,130,26,32,65,65,13,13,16,16,19,0.9826007326007324,60,40,20,0.0005,0.0005,0.5,0.861197952374423,0.896484375,1.0,0.0,0.5,0.0,0.6666666666666666,0.5,0.48499999999999993,16,0,16,0
1,1:1,18,1,162,128,26,34,64,64,13,13,17,17,1,1.0,60,40,20,0.0005,0.0005,0.5,1.0,1.0,0.8823529411764706,1.0,0.9411764705882353,0.8885233166386385,0.9375,0.9411764705882353,0.5349999999999999,15,17,0,2
1,1:1,18,2,162,130,26,32,65,65,13,13,16,16,1,1.0,60,40,20,0.0005,0.0005,0.5,1.0,1.0,1.0,0.0,0.5,0.0,0.6666666666666666,0.5,0.49999999999999994,16,0,16,0
1,1:1,18,3,162,130,26,32,65,65,13,13,16,16,1,1.0,60,40,20,0.0005,0.0005,0.5,1.0,1.0,1.0,0.0,0.5,0.0,0.6666666666666666,0.5,0.36499999999999994,16,0,16,0
1,1:1,18,4,162,130,26,32,65,65,13,13,16,16,1,0.9999999999999998,60,40,20,0.0005,0.0005,0.5,0.9924172794117647,0.9921875,0.875,0.9375,0.90625,0.8140915784106943,0.9032258064516129,0.90625,0.4149999999999999,14,15,1,2
1,1:1,18,5,162,130,26,32,65,65,13,13,16,16,19,1.0,60,40,20,0.0005,0.0005,0.5,1.0,1.0,0.875,1.0,0.9375,0.8819171036881969,0.9333333333333333,0.9375,0.4749999999999999,14,16,0,2
1,1:1,19,1,162,128,26,34,64,64,13,13,17,17,1,0.9786324786324787,60,40,20,0.0005,0.0005,0.5,1.0,1.0,1.0,0.8823529411764706,0.9411764705882353,0.8885233166386385,0.9444444444444444,0.9411764705882353,0.43999999999999995,17,15,2,0
1,1:1,19,2,162,130,26,32,65,65,13,13,16,16,1,1.0,60,40,20,0.0005,0.0005,0.5,0.9930555555555556,0.9921875,1.0,0.4375,0.71875,0.5291502622129182,0.7804878048780487,0.71875,0.4749999999999999,16,7,9,0
1,1:1,19,3,162,130,26,32,65,65,13,13,16,16,25,1.0,60,40,20,0.0005,0.0005,0.5,0.9829545454545454,0.9765625,0.5625,1.0,0.78125,0.6255432421712243,0.72,0.78125,0.5099999999999999,9,16,0,7
1,1:1,19,4,162,130,26,32,65,65,13,13,16,16,16,0.9999999999999998,60,40,20,0.0005,0.0005,0.5,0.9809782608695652,0.97265625,1.0,0.0,0.5,0.0,0.6666666666666666,0.5,0.49999999999999994,16,0,16,0
1,1:1,19,5,162,130,26,32,65,65,13,13,16,16,1,1.0,60,40,20,0.0005,0.0005,0.5,0.9924172794117647,0.9921875,1.0,0.9375,0.96875,0.9393364366277243,0.9696969696969697,0.96875,0.61,16,15,1,0
1,1:1,20,1,162,128,26,34,64,64,13,13,17,17,33,1.0,60,40,20,0.0005,0.0005,0.5,0.9967320261437909,0.9965397923875432,1.0,0.9411764705882353,0.9705882352941176,0.9428090415820634,0.9714285714285714,0.9705882352941176,0.5149999999999999,17,16,1,0
1,1:1,20,2,162,130,26,32,65,65,13,13,16,16,14,0.9897435897435898,60,40,20,0.0005,0.0005,0.5,1.0,1.0,1.0,0.0,0.5,0.0,0.6666666666666666,0.5,0.49999999999999994,16,0,16,0
1,1:1,20,3,162,130,26,32,65,65,13,13,16,16,25,0.9945054945054945,60,40,20,0.0005,0.0005,0.5,0.9789786347231201,0.98046875,0.9375,0.9375,0.9375,0.875,0.9375,0.9375,0.48499999999999993,15,15,1,1
1,1:1,20,4,162,130,26,32,65,65,13,13,16,16,9,1.0,60,40,20,0.0005,0.0005,0.5,0.9963235294117647,0.99609375,1.0,0.0,0.5,0.0,0.6666666666666666,0.5,0.42499999999999993,16,0,16,0
1,1:1,20,5,162,130,26,32,65,65,13,13,16,16,1,1.0,60,40,20,0.0005,0.0005,0.5,0.9809782608695652,0.97265625,0.875,1.0,0.9375,0.8819171036881969,0.9333333333333333,0.9375,0.245,14,16,0,2
1,1:1,21,1,162,128,26,34,64,64,13,13,17,17,60,0.9885883347421809,60,40,20,0.0005,0.0005,0.5,0.9866310160427809,0.9826989619377162,0.9411764705882353,0.7058823529411765,0.8235294117647058,0.6657502859356826,0.8421052631578947,0.8235294117647058,0.48999999999999994,16,12,5,1
1,1:1,21,2,162,130,26,32,65,65,13,13,16,16,1,1.0,60,40,20,0.0005,0.0005,0.5,0.9930555555555556,0.9921875,1.0,0.0,0.5,0.0,0.6666666666666666,0.5,0.49999999999999994,16,0,16,0
1,1:1,21,3,162,130,26,32,65,65,13,13,16,16,1,0.9757085020242913,60,40,20,0.0005,0.0005,0.5,1.0,1.0,0.6875,1.0,0.84375,0.7237468644557459,0.8148148148148148,0.84375,0.5349999999999999,11,16,0,5
1,1:1,21,4,162,130,26,32,65,65,13,13,16,16,2,0.9786324786324785,60,40,20,0.0005,0.0005,0.5,1.0,1.0,1.0,0.0,0.5,0.0,0.6666666666666666,0.5,0.49999999999999994,16,0,16,0
1,1:1,21,5,162,130,26,32,65,65,13,13,16,16,5,1.0,60,40,20,0.0005,0.0005,0.5,0.9129397869287577,0.90625,1.0,0.0,0.5,0.0,0.6666666666666666,0.5,0.49999999999999994,16,0,16,0
1,1:1,22,1,162,128,26,34,64,64,13,13,17,17,4,0.9855769230769229,60,40,20,0.0005,0.0005,0.5,0.9967320261437909,0.9965397923875432,0.7058823529411765,1.0,0.8529411764705883,0.7385489458759965,0.8275862068965517,0.8529411764705882,0.49999999999999994,12,17,0,5
1,1:1,22,2,162,130,26,32,65,65,13,13,16,16,1,0.9819004524886877,60,40,20,0.0005,0.0005,0.5,1.0,1.0,1.0,1.0,1.0,1.0,1.0,1.0,0.8099999999999999,16,16,0,0
1,1:1,22,3,162,130,26,32,65,65,13,13,16,16,1,1.0,60,40,20,0.0005,0.0005,0.5,0.9851190476190477,0.98046875,0.9375,0.6875,0.8125,0.6454972243679028,0.8333333333333334,0.8125,0.30499999999999994,15,11,5,1
1,1:1,22,4,162,130,26,32,65,65,13,13,16,16,1,0.9945054945054945,60,40,20,0.0005,0.0005,0.5,1.0,1.0,0.6875,1.0,0.84375,0.7237468644557459,0.8148148148148148,0.84375,0.7699999999999999,11,16,0,5
1,1:1,22,5,162,130,26,32,65,65,13,13,16,16,3,0.9786324786324787,60,40,20,0.0005,0.0005,0.5,0.9849826388888889,0.986328125,1.0,0.5,0.75,0.5773502691896258,0.8,0.75,0.44499999999999995,16,8,8,0
1,1:1,23,1,162,128,26,34,64,64,13,13,17,17,20,0.9885883347421809,60,40,20,0.0005,0.0005,0.5,1.0,1.0,1.0,0.0,0.5,0.0,0.6666666666666666,0.5,0.49999999999999994,17,0,17,0
1,1:1,23,2,162,130,26,32,65,65,13,13,16,16,11,1.0,60,40,20,0.0005,0.0005,0.5,0.9851190476190477,0.98046875,0.875,1.0,0.9375,0.8819171036881969,0.9333333333333333,0.9375,0.48999999999999994,14,16,0,2
1,1:1,23,3,162,130,26,32,65,65,13,13,16,16,1,0.9999999999999998,60,40,20,0.0005,0.0005,0.5,0.916553534292505,0.94140625,1.0,0.0,0.5,0.0,0.6666666666666666,0.5,0.49999999999999994,16,0,16,0
1,1:1,23,4,162,130,26,32,65,65,13,13,16,16,14,0.9390406601945064,60,40,20,0.0005,0.0005,0.5,1.0,1.0,1.0,1.0,1.0,1.0,1.0,1.0,0.48499999999999993,16,16,0,0
1,1:1,23,5,162,130,26,32,65,65,13,13,16,16,5,0.959645055798902,60,40,20,0.0005,0.0005,0.5,1.0,1.0,0.9375,1.0,0.96875,0.9393364366277243,0.967741935483871,0.96875,0.5149999999999999,15,16,0,1
1,1:1,24,1,162,128,26,34,64,64,13,13,17,17,25,1.0,60,40,20,0.0005,0.0005,0.5,1.0,1.0,1.0,0.0,0.5,0.0,0.6666666666666666,0.5,0.5299999999999999,17,0,17,0
1,1:1,24,2,162,130,26,32,65,65,13,13,16,16,13,1.0,60,40,20,0.0005,0.0005,0.5,1.0,1.0,1.0,0.0,0.5,0.0,0.6666666666666666,0.5,0.49999999999999994,16,0,16,0
1,1:1,24,3,162,130,26,32,65,65,13,13,16,16,20,0.9945054945054945,60,40,20,0.0005,0.0005,0.5,0.9714349376114082,0.96484375,0.875,0.9375,0.90625,0.8140915784106943,0.9032258064516129,0.90625,0.48999999999999994,14,15,1,2
1,1:1,24,4,162,130,26,32,65,65,13,13,16,16,9,0.9999999999999999,60,40,20,0.0005,0.0005,0.5,0.969758064516129,0.94140625,1.0,0.0,0.5,0.0,0.6666666666666666,0.5,0.4699999999999999,16,0,16,0
1,1:1,24,5,162,130,26,32,65,65,13,13,16,16,16,1.0,60,40,20,0.0005,0.0005,0.5,1.0,1.0,1.0,0.0,0.5,0.0,0.6666666666666666,0.5,0.48499999999999993,16,0,16,0
1,1:1,25,1,162,128,26,34,64,64,13,13,17,17,4,1.0,60,40,20,0.0005,0.0005,0.5,0.9740232351573639,0.9757785467128027,1.0,0.0,0.5,0.0,0.6666666666666666,0.5,0.37999999999999995,17,0,17,0
1,1:1,25,2,162,130,26,32,65,65,13,13,16,16,1,0.9821780783319245,60,40,20,0.0005,0.0005,0.5,0.985702614379085,0.986328125,1.0,0.75,0.875,0.7745966692414834,0.888888888888889,0.875,0.715,16,12,4,0
1,1:1,25,3,162,130,26,32,65,65,13,13,16,16,21,0.9999999999999998,60,40,20,0.0005,0.0005,0.5,0.96875,0.9375,1.0,0.0,0.5,0.0,0.6666666666666666,0.5,0.4749999999999999,16,0,16,0
1,1:1,25,4,162,130,26,32,65,65,13,13,16,16,1,1.0,60,40,20,0.0005,0.0005,0.5,0.9789786347231201,0.98046875,1.0,0.875,0.9375,0.8819171036881969,0.9411764705882353,0.9375,0.5399999999999999,16,14,2,0
1,1:1,25,5,162,130,26,32,65,65,13,13,16,16,9,1.0,60,40,20,0.0005,0.0005,0.5,0.9775,0.96484375,1.0,0.0,0.5,0.0,0.6666666666666666,0.5,0.49999999999999994,16,0,16,0
1,1:1,26,1,162,128,26,34,64,64,13,13,17,17,4,0.9786324786324785,60,40,20,0.0005,0.0005,0.5,1.0,1.0,1.0,0.0,0.5,0.0,0.6666666666666666,0.5,0.49999999999999994,17,0,17,0
1,1:1,26,2,162,130,26,32,65,65,13,13,16,16,31,1.0,60,40,20,0.0005,0.0005,0.5,0.9963235294117647,0.99609375,1.0,0.0,0.5,0.0,0.6666666666666666,0.5,0.4649999999999999,16,0,16,0
1,1:1,26,3,162,130,26,32,65,65,13,13,16,16,1,1.0,60,40,20,0.0005,0.0005,0.5,1.0,1.0,0.4375,1.0,0.71875,0.5291502622129182,0.6086956521739131,0.71875,0.3999999999999999,7,16,0,9
1,1:1,26,4,162,130,26,32,65,65,13,13,16,16,19,1.0,60,40,20,0.0005,0.0005,0.5,1.0,1.0,1.0,0.0,0.5,0.0,0.6666666666666666,0.5,0.49999999999999994,16,0,16,0
1,1:1,26,5,162,130,26,32,65,65,13,13,16,16,1,1.0,60,40,20,0.0005,0.0005,0.5,1.0,1.0,1.0,0.6875,0.84375,0.7237468644557459,0.8648648648648648,0.84375,0.5099999999999999,16,11,5,0
1,1:1,27,1,162,128,26,34,64,64,13,13,17,17,1,1.0,60,40,20,0.0005,0.0005,0.5,0.9123552702887068,0.9463667820069204,0.47058823529411764,0.9411764705882353,0.7058823529411764,0.4666666666666667,0.6153846153846153,0.7058823529411765,0.31999999999999995,8,16,1,9
1,1:1,27,2,162,130,26,32,65,65,13,13,16,16,19,0.9617673992673992,60,40,20,0.0005,0.0005,0.5,0.9875,0.984375,0.5,1.0,0.75,0.5773502691896258,0.6666666666666666,0.75,0.48999999999999994,8,16,0,8
1,1:1,27,3,162,130,26,32,65,65,13,13,16,16,5,0.9757085020242915,60,40,20,0.0005,0.0005,0.5,0.9882506127450981,0.98828125,1.0,0.0,0.5,0.0,0.6666666666666666,0.5,0.4749999999999999,16,0,16,0
1,1:1,27,4,162,130,26,32,65,65,13,13,16,16,13,0.9885883347421809,60,40,20,0.0005,0.0005,0.5,0.9177667920314979,0.93359375,1.0,0.0,0.5,0.0,0.6666666666666666,0.5,0.4699999999999999,16,0,16,0
1,1:1,27,5,162,130,26,32,65,65,13,13,16,16,2,0.9838264299802761,60,40,20,0.0005,0.0005,0.5,0.9737703013897867,0.9765625,0.875,0.9375,0.90625,0.8140915784106943,0.9032258064516129,0.90625,0.6,14,15,1,2
1,1:1,28,1,162,128,26,34,64,64,13,13,17,17,4,0.9598004559543021,60,40,20,0.0005,0.0005,0.5,0.8403904678558658,0.9204152249134948,0.9411764705882353,0.9411764705882353,0.9411764705882353,0.8823529411764706,0.9411764705882353,0.9411764705882353,0.39499999999999996,16,16,1,1
1,1:1,28,2,162,130,26,32,65,65,13,13,16,16,41,1.0,60,40,20,0.0005,0.0005,0.5,0.9588256738732283,0.953125,1.0,0.0,0.5,0.0,0.6666666666666666,0.5,0.49999999999999994,16,0,16,0
1,1:1,28,3,162,130,26,32,65,65,13,13,16,16,42,1.0,60,40,20,0.0005,0.0005,0.5,1.0,1.0,1.0,0.0,0.5,0.0,0.6666666666666666,0.5,0.49999999999999994,16,0,16,0
1,1:1,28,4,162,130,26,32,65,65,13,13,16,16,10,1.0,60,40,20,0.0005,0.0005,0.5,0.9924172794117647,0.9921875,0.9375,0.9375,0.9375,0.875,0.9375,0.9375,0.4699999999999999,15,15,1,1
1,1:1,28,5,162,130,26,32,65,65,13,13,16,16,20,1.0,60,40,20,0.0005,0.0005,0.5,0.9963235294117647,0.99609375,1.0,0.0,0.5,0.0,0.6666666666666666,0.5,0.49999999999999994,16,0,16,0
1,1:1,29,1,162,128,26,34,64,64,13,13,17,17,23,0.988588334742181,60,40,20,0.0005,0.0005,0.5,0.9777201076509036,0.9757785467128027,0.8823529411764706,0.8823529411764706,0.8823529411764706,0.7647058823529411,0.8823529411764706,0.8823529411764706,0.4649999999999999,15,15,2,2
1,1:1,29,2,162,130,26,32,65,65,13,13,16,16,33,1.0,60,40,20,0.0005,0.0005,0.5,0.974537037037037,0.95703125,1.0,0.0,0.5,0.0,0.6666666666666666,0.5,0.4599999999999999,16,0,16,0
1,1:1,29,3,162,130,26,32,65,65,13,13,16,16,20,0.9838264299802761,60,40,20,0.0005,0.0005,0.5,0.9882506127450981,0.98828125,1.0,0.75,0.875,0.7745966692414834,0.888888888888889,0.875,0.5199999999999999,16,12,4,0
1,1:1,29,4,162,130,26,32,65,65,13,13,16,16,1,1.0,60,40,20,0.0005,0.0005,0.5,1.0,1.0,1.0,0.0,0.5,0.0,0.6666666666666666,0.5,0.4049999999999999,16,0,16,0
1,1:1,29,5,162,130,26,32,65,65,13,13,16,16,31,1.0,60,40,20,0.0005,0.0005,0.5,0.969758064516129,0.94140625,1.0,0.0,0.5,0.0,0.6666666666666666,0.5,0.4549999999999999,16,0,16,0
1,1:1,30,1,162,128,26,34,64,64,13,13,17,17,35,0.9945054945054945,60,40,20,0.0005,0.0005,0.5,1.0,1.0,0.9411764705882353,1.0,0.9705882352941176,0.9428090415820634,0.9696969696969697,0.9705882352941176,0.5299999999999999,16,17,0,1
1,1:1,30,2,162,130,26,32,65,65,13,13,16,16,1,1.0,60,40,20,0.0005,0.0005,0.5,0.9752604166666666,0.96484375,0.9375,0.5,0.71875,0.4865336327998411,0.7692307692307693,0.71875,0.575,15,8,8,1
1,1:1,30,3,162,130,26,32,65,65,13,13,16,16,20,0.9945054945054944,60,40,20,0.0005,0.0005,0.5,1.0,1.0,1.0,0.0,0.5,0.0,0.6666666666666666,0.5,0.49999999999999994,16,0,16,0
1,1:1,30,4,162,130,26,32,65,65,13,13,16,16,7,1.0,60,40,20,0.0005,0.0005,0.5,0.9926470588235294,0.99609375,1.0,0.0,0.5,0.0,0.6666666666666666,0.5,0.43499999999999994,16,0,16,0
1,1:1,30,5,162,130,26,32,65,65,13,13,16,16,25,1.0,60,40,20,0.0005,0.0005,0.5,0.8267320710335416,0.912109375,1.0,0.0,0.5,0.0,0.6666666666666666,0.5,0.49999999999999994,16,0,16,0
1,1:1,31,1,162,128,26,34,64,64,13,13,17,17,20,0.9945054945054943,60,40,20,0.0005,0.0005,0.5,0.8426770134901622,0.9186851211072664,1.0,0.0,0.5,0.0,0.6666666666666666,0.5,0.49999999999999994,17,0,17,0
1,1:1,31,2,162,130,26,32,65,65,13,13,16,16,1,0.9999999999999998,60,40,20,0.0005,0.0005,0.5,1.0,1.0,0.5,1.0,0.75,0.5773502691896258,0.6666666666666666,0.75,0.5149999999999999,8,16,0,8
1,1:1,31,3,162,130,26,32,65,65,13,13,16,16,33,0.8747318920395843,60,40,20,0.0005,0.0005,0.5,1.0,1.0,0.875,1.0,0.9375,0.8819171036881969,0.9333333333333333,0.9375,0.4549999999999999,14,16,0,2
1,1:1,31,4,162,130,26,32,65,65,13,13,16,16,1,0.9945054945054945,60,40,20,0.0005,0.0005,0.5,1.0,1.0,1.0,1.0,1.0,1.0,1.0,1.0,0.5049999999999999,16,16,0,0
1,1:1,31,5,162,130,26,32,65,65,13,13,16,16,6,1.0,60,40,20,0.0005,0.0005,0.5,1.0,1.0,1.0,0.0,0.5,0.0,0.6666666666666666,0.5,0.4499999999999999,16,0,16,0
1,1:1,32,1,162,128,26,34,64,64,13,13,17,17,8,1.0,60,40,20,0.0005,0.0005,0.5,1.0,1.0,1.0,1.0,1.0,1.0,1.0,1.0,0.4749999999999999,17,17,0,0
1,1:1,32,2,162,130,26,32,65,65,13,13,16,16,4,1.0,60,40,20,0.0005,0.0005,0.5,0.869964108472173,0.79296875,1.0,0.0,0.5,0.0,0.6666666666666666,0.5,0.4549999999999999,16,0,16,0
1,1:1,32,3,162,130,26,32,65,65,13,13,16,16,2,0.9855769230769229,60,40,20,0.0005,0.0005,0.5,0.9501596850861557,0.95703125,1.0,0.0,0.5,0.0,0.6666666666666666,0.5,0.38499999999999995,16,0,16,0
1,1:1,32,4,162,130,26,32,65,65,13,13,16,16,1,0.9999999999999998,60,40,20,0.0005,0.0005,0.5,0.9669706518971225,0.9609375,0.5,1.0,0.75,0.5773502691896258,0.6666666666666666,0.75,0.585,8,16,0,8
1,1:1,32,5,162,130,26,32,65,65,13,13,16,16,48,0.9945054945054944,60,40,20,0.0005,0.0005,0.5,1.0,1.0,1.0,1.0,1.0,1.0,1.0,1.0,0.5149999999999999,16,16,0,0
1,1:1,33,1,162,128,26,34,64,64,13,13,17,17,1,1.0,60,40,20,0.0005,0.0005,0.5,1.0,1.0,1.0,0.0,0.5,0.0,0.6666666666666666,0.5,0.49999999999999994,17,0,17,0
1,1:1,33,2,162,130,26,32,65,65,13,13,16,16,20,0.9787545787545786,60,40,20,0.0005,0.0005,0.5,0.9885110294117647,0.98828125,0.5625,1.0,0.78125,0.6255432421712243,0.72,0.78125,0.49499999999999994,9,16,0,7
1,1:1,33,3,162,130,26,32,65,65,13,13,16,16,7,0.9945054945054945,60,40,20,0.0005,0.0005,0.5,0.9963235294117647,0.998046875,1.0,0.0,0.5,0.0,0.6666666666666666,0.5,0.43999999999999995,16,0,16,0
1,1:1,33,4,162,130,26,32,65,65,13,13,16,16,43,0.9945054945054945,60,40,20,0.0005,0.0005,0.5,0.9121361022555876,0.951171875,1.0,0.9375,0.96875,0.9393364366277243,0.9696969696969697,0.96875,0.5099999999999999,16,15,1,0
1,1:1,33,5,162,130,26,32,65,65,13,13,16,16,8,1.0,60,40,20,0.0005,0.0005,0.5,0.9659530573593074,0.96484375,1.0,0.0,0.5,0.0,0.6666666666666666,0.5,0.49999999999999994,16,0,16,0
1,1:1,34,1,162,128,26,34,64,64,13,13,17,17,19,0.9541838503376965,60,40,20,0.0005,0.0005,0.5,0.9932718185313343,0.9930795847750865,1.0,0.6470588235294118,0.8235294117647058,0.6915640748081247,0.85,0.8235294117647058,0.5049999999999999,17,11,6,0
1,1:1,34,2,162,130,26,32,65,65,13,13,16,16,1,0.9945054945054945,60,40,20,0.0005,0.0005,0.5,1.0,1.0,1.0,0.5,0.75,0.5773502691896258,0.8,0.75,0.57,16,8,8,0
1,1:1,34,3,162,130,26,32,65,65,13,13,16,16,5,0.9680755142293604,60,40,20,0.0005,0.0005,0.5,1.0,1.0,1.0,0.6875,0.84375,0.7237468644557459,0.8648648648648648,0.84375,0.49999999999999994,16,11,5,0
1,1:1,34,4,162,130,26,32,65,65,13,13,16,16,13,1.0,60,40,20,0.0005,0.0005,0.5,0.9809782608695652,0.97265625,1.0,0.0,0.5,0.0,0.6666666666666666,0.5,0.48999999999999994,16,0,16,0
1,1:1,34,5,162,130,26,32,65,65,13,13,16,16,15,1.0,60,40,20,0.0005,0.0005,0.5,0.9468950320512821,0.921875,1.0,0.0,0.5,0.0,0.6666666666666666,0.5,0.49999999999999994,16,0,16,0
1,1:1,35,1,162,128,26,34,64,64,13,13,17,17,1,0.9999999999999998,60,40,20,0.0005,0.0005,0.5,0.9691212743730501,0.972318339100346,1.0,0.5294117647058824,0.7647058823529411,0.6,0.8095238095238095,0.7647058823529411,0.5299999999999999,17,9,8,0
1,1:1,35,2,162,130,26,32,65,65,13,13,16,16,11,0.9945054945054945,60,40,20,0.0005,0.0005,0.5,1.0,1.0,1.0,0.0,0.5,0.0,0.6666666666666666,0.5,0.49999999999999994,16,0,16,0
1,1:1,35,3,162,130,26,32,65,65,13,13,16,16,21,0.9999999999999998,60,40,20,0.0005,0.0005,0.5,1.0,1.0,1.0,0.0,0.5,0.0,0.6666666666666666,0.5,0.48999999999999994,16,0,16,0
1,1:1,35,4,162,130,26,32,65,65,13,13,16,16,2,0.9786324786324787,60,40,20,0.0005,0.0005,0.5,0.9683861022555876,0.97265625,1.0,0.0,0.5,0.0,0.6666666666666666,0.5,0.49499999999999994,16,0,16,0
1,1:1,35,5,162,130,26,32,65,65,13,13,16,16,10,0.9999999999999998,60,40,20,0.0005,0.0005,0.5,0.9635416666666666,0.94921875,0.75,1.0,0.875,0.7745966692414834,0.8571428571428571,0.875,0.5449999999999999,12,16,0,4
1,1:1,36,1,162,128,26,34,64,64,13,13,17,17,1,0.9945054945054945,60,40,20,0.0005,0.0005,0.5,0.9550801744846547,0.9480968858131488,0.9411764705882353,0.6470588235294118,0.7941176470588236,0.6154574548966637,0.8205128205128205,0.7941176470588235,0.48999999999999994,16,11,6,1
1,1:1,36,2,162,130,26,32,65,65,13,13,16,16,52,0.9723443223443222,60,40,20,0.0005,0.0005,0.5,0.9963235294117647,0.99609375,0.9375,0.9375,0.9375,0.875,0.9375,0.9375,0.5149999999999999,15,15,1,1
1,1:1,36,3,162,130,26,32,65,65,13,13,16,16,1,0.9855769230769229,60,40,20,0.0005,0.0005,0.5,0.9738853874883286,0.97265625,0.5625,1.0,0.78125,0.6255432421712243,0.72,0.78125,0.5549999999999999,9,16,0,7
1,1:1,36,4,162,130,26,32,65,65,13,13,16,16,1,0.9819004524886876,60,40,20,0.0005,0.0005,0.5,1.0,1.0,1.0,0.0,0.5,0.0,0.6666666666666666,0.5,0.41999999999999993,16,0,16,0
1,1:1,36,5,162,130,26,32,65,65,13,13,16,16,1,0.9999999999999999,60,40,20,0.0005,0.0005,0.5,1.0,1.0,1.0,0.9375,0.96875,0.9393364366277243,0.9696969696969697,0.96875,0.49499999999999994,16,15,1,0
1,1:1,37,1,162,128,26,34,64,64,13,13,17,17,1,1.0,60,40,20,0.0005,0.0005,0.5,1.0,1.0,1.0,1.0,1.0,1.0,1.0,1.0,0.4099999999999999,17,17,0,0
1,1:1,37,2,162,130,26,32,65,65,13,13,16,16,3,0.9945054945054945,60,40,20,0.0005,0.0005,0.5,0.9924172794117647,0.9921875,0.75,1.0,0.875,0.7745966692414834,0.8571428571428571,0.875,0.5599999999999999,12,16,0,4
1,1:1,37,3,162,130,26,32,65,65,13,13,16,16,1,1.0,60,40,20,0.0005,0.0005,0.5,0.9604013174325674,0.95703125,0.9375,0.9375,0.9375,0.875,0.9375,0.9375,0.5399999999999999,15,15,1,1
1,1:1,37,4,162,130,26,32,65,65,13,13,16,16,1,1.0,60,40,20,0.0005,0.0005,0.5,0.9924172794117647,0.9921875,0.875,0.9375,0.90625,0.8140915784106943,0.9032258064516129,0.90625,0.565,14,15,1,2
1,1:1,37,5,162,130,26,32,65,65,13,13,16,16,4,0.9838264299802761,60,40,20,0.0005,0.0005,0.5,1.0,1.0,1.0,0.0,0.5,0.0,0.6666666666666666,0.5,0.32999999999999996,16,0,16,0
1,1:1,38,1,162,128,26,34,64,64,13,13,17,17,1,1.0,60,40,20,0.0005,0.0005,0.5,1.0,1.0,0.8823529411764706,1.0,0.9411764705882353,0.8885233166386385,0.9375,0.9411764705882353,0.5049999999999999,15,17,0,2
1,1:1,38,2,162,130,26,32,65,65,13,13,16,16,15,1.0,60,40,20,0.0005,0.0005,0.5,0.9013904498279498,0.896484375,1.0,0.0,0.5,0.0,0.6666666666666666,0.5,0.49999999999999994,16,0,16,0
1,1:1,38,3,162,130,26,32,65,65,13,13,16,16,1,0.9819004524886876,60,40,20,0.0005,0.0005,0.5,1.0,1.0,1.0,1.0,1.0,1.0,1.0,1.0,0.49999999999999994,16,16,0,0
1,1:1,38,4,162,130,26,32,65,65,13,13,16,16,1,1.0,60,40,20,0.0005,0.0005,0.5,1.0,1.0,1.0,0.5625,0.78125,0.6255432421712243,0.8205128205128205,0.78125,0.5199999999999999,16,9,7,0
1,1:1,38,5,162,130,26,32,65,65,13,13,16,16,20,1.0,60,40,20,0.0005,0.0005,0.5,0.9687189036453743,0.97265625,0.5625,0.9375,0.75,0.5393598899705937,0.6923076923076923,0.75,0.49499999999999994,9,15,1,7
1,1:1,39,1,162,128,26,34,64,64,13,13,17,17,15,0.9680755142293604,60,40,20,0.0005,0.0005,0.5,1.0,1.0,1.0,0.4117647058823529,0.7058823529411764,0.5091750772173156,0.7727272727272727,0.7058823529411765,0.4499999999999999,17,7,10,0
1,1:1,39,2,162,130,26,32,65,65,13,13,16,16,7,1.0,60,40,20,0.0005,0.0005,0.5,0.9775943765664161,0.9765625,1.0,0.0,0.5,0.0,0.6666666666666666,0.5,0.49999999999999994,16,0,16,0
1,1:1,39,3,162,130,26,32,65,65,13,13,16,16,1,1.0,60,40,20,0.0005,0.0005,0.5,0.968791747468218,0.9765625,1.0,0.625,0.8125,0.674199862463242,0.8421052631578948,0.8125,0.5399999999999999,16,10,6,0
1,1:1,39,4,162,130,26,32,65,65,13,13,16,16,2,0.9821780783319243,60,40,20,0.0005,0.0005,0.5,0.9791666666666666,0.96875,0.375,1.0,0.6875,0.48038446141526137,0.5454545454545454,0.6875,0.48999999999999994,6,16,0,10
1,1:1,39,5,162,130,26,32,65,65,13,13,16,16,8,0.9616217116217116,60,40,20,0.0005,0.0005,0.5,0.9851190476190477,0.98046875,1.0,0.0,0.5,0.0,0.6666666666666666,0.5,0.49999999999999994,16,0,16,0
1,1:1,40,1,162,128,26,34,64,64,13,13,17,17,1,0.9999999999999998,60,40,20,0.0005,0.0005,0.5,0.9895953479430989,0.9896193771626297,0.9411764705882353,0.9411764705882353,0.9411764705882353,0.8823529411764706,0.9411764705882353,0.9411764705882353,0.5149999999999999,16,16,1,1
1,1:1,40,2,162,130,26,32,65,65,13,13,16,16,1,1.0,60,40,20,0.0005,0.0005,0.5,0.9837863270308124,0.984375,1.0,0.0,0.5,0.0,0.6666666666666666,0.5,0.49999999999999994,16,0,16,0
1,1:1,40,3,162,130,26,32,65,65,13,13,16,16,2,0.9513162276320168,60,40,20,0.0005,0.0005,0.5,1.0,1.0,1.0,1.0,1.0,1.0,1.0,1.0,0.4649999999999999,16,16,0,0
1,1:1,40,4,162,130,26,32,65,65,13,13,16,16,8,1.0,60,40,20,0.0005,0.0005,0.5,0.9029198334345393,0.90234375,1.0,0.0,0.5,0.0,0.6666666666666666,0.5,0.49999999999999994,16,0,16,0
1,1:1,40,5,162,130,26,32,65,65,13,13,16,16,21,0.8964915426453888,60,40,20,0.0005,0.0005,0.5,0.9628634386446886,0.9609375,0.9375,0.875,0.90625,0.8140915784106943,0.9090909090909091,0.90625,0.5249999999999999,15,14,2,1
1,1:1,41,1,162,128,26,34,64,64,13,13,17,17,1,0.9786324786324785,60,40,20,0.0005,0.0005,0.5,0.9856737793156479,0.9861591695501729,1.0,0.0,0.5,0.0,0.6666666666666666,0.5,0.49999999999999994,17,0,17,0
1,1:1,41,2,162,130,26,32,65,65,13,13,16,16,16,1.0,60,40,20,0.0005,0.0005,0.5,1.0,1.0,1.0,0.0,0.5,0.0,0.6666666666666666,0.5,0.49999999999999994,16,0,16,0
1,1:1,41,3,162,130,26,32,65,65,13,13,16,16,1,0.9633810858507214,60,40,20,0.0005,0.0005,0.5,1.0,1.0,0.9375,1.0,0.96875,0.9393364366277243,0.967741935483871,0.96875,0.4499999999999999,15,16,0,1
1,1:1,41,4,162,130,26,32,65,65,13,13,16,16,29,0.9945054945054943,60,40,20,0.0005,0.0005,0.5,0.9791666666666666,0.96875,0.9375,1.0,0.96875,0.9393364366277243,0.967741935483871,0.96875,0.5199999999999999,15,16,0,1
1,1:1,41,5,162,130,26,32,65,65,13,13,16,16,7,1.0,60,40,20,0.0005,0.0005,0.5,0.9737703013897867,0.9765625,1.0,0.0,0.5,0.0,0.6666666666666666,0.5,0.4549999999999999,16,0,16,0
1,1:1,42,1,162,128,26,34,64,64,13,13,17,17,39,0.9945054945054945,60,40,20,0.0005,0.0005,0.5,0.961794176979599,0.958477508650519,0.9411764705882353,0.8823529411764706,0.9117647058823529,0.8249579113843054,0.9142857142857143,0.9117647058823529,0.5249999999999999,16,15,2,1
1,1:1,42,2,162,130,26,32,65,65,13,13,16,16,1,1.0,60,40,20,0.0005,0.0005,0.5,0.9930555555555556,0.9921875,1.0,0.5,0.75,0.5773502691896258,0.8,0.75,0.7,16,8,8,0
1,1:1,42,3,162,130,26,32,65,65,13,13,16,16,1,0.9999999999999998,60,40,20,0.0005,0.0005,0.5,1.0,1.0,1.0,0.0,0.5,0.0,0.6666666666666666,0.5,0.49999999999999994,16,0,16,0
1,1:1,42,4,162,130,26,32,65,65,13,13,16,16,29,0.9999999999999998,60,40,20,0.0005,0.0005,0.5,0.9840839460784314,0.98828125,1.0,0.0,0.5,0.0,0.6666666666666666,0.5,0.49999999999999994,16,0,16,0
1,1:1,42,5,162,130,26,32,65,65,13,13,16,16,1,0.9945054945054945,60,40,20,0.0005,0.0005,0.5,1.0,1.0,1.0,0.0,0.5,0.0,0.6666666666666666,0.5,0.49499999999999994,16,0,16,0
1,1:1,43,1,162,128,26,34,64,64,13,13,17,17,8,0.9819004524886877,60,40,20,0.0005,0.0005,0.5,0.8769777367960759,0.9411764705882353,1.0,0.0,0.5,0.0,0.6666666666666666,0.5,0.49999999999999994,17,0,17,0
1,1:1,43,2,162,130,26,32,65,65,13,13,16,16,3,0.9999999999999998,60,40,20,0.0005,0.0005,0.5,1.0,1.0,1.0,0.0,0.5,0.0,0.6666666666666666,0.5,0.4649999999999999,16,0,16,0
1,1:1,43,3,162,130,26,32,65,65,13,13,16,16,1,0.9999999999999998,60,40,20,0.0005,0.0005,0.5,0.9535673884938591,0.9453125,0.9375,0.75,0.84375,0.6999132392733555,0.8571428571428572,0.84375,0.635,15,12,4,1
1,1:1,43,4,162,130,26,32,65,65,13,13,16,16,8,0.96006771006771,60,40,20,0.0005,0.0005,0.5,0.9924172794117647,0.9921875,0.5625,1.0,0.78125,0.6255432421712243,0.72,0.78125,0.6449999999999999,9,16,0,7
1,1:1,43,5,162,130,26,32,65,65,13,13,16,16,21,0.9945054945054943,60,40,20,0.0005,0.0005,0.5,1.0,1.0,1.0,0.0,0.5,0.0,0.6666666666666666,0.5,0.4799999999999999,16,0,16,0
1,1:1,44,1,162,128,26,34,64,64,13,13,17,17,25,0.9885883347421809,60,40,20,0.0005,0.0005,0.5,1.0,1.0,0.9411764705882353,1.0,0.9705882352941176,0.9428090415820634,0.9696969696969697,0.9705882352941176,0.5299999999999999,16,17,0,1
1,1:1,44,2,162,130,26,32,65,65,13,13,16,16,2,1.0,60,40,20,0.0005,0.0005,0.5,0.9829545454545454,0.9765625,1.0,0.0,0.5,0.0,0.6666666666666666,0.5,0.4499999999999999,16,0,16,0
1,1:1,44,3,162,130,26,32,65,65,13,13,16,16,1,0.9945054945054945,60,40,20,0.0005,0.0005,0.5,1.0,1.0,1.0,0.0,0.5,0.0,0.6666666666666666,0.5,0.49999999999999994,16,0,16,0
1,1:1,44,4,162,130,26,32,65,65,13,13,16,16,4,0.3521260116890288,60,40,20,0.0005,0.0005,0.5,0.33316402187420746,0.0078125,1.0,0.0,0.5,0.0,0.6666666666666666,0.5,0.49999999999999994,16,0,16,0
1,1:1,44,5,162,130,26,32,65,65,13,13,16,16,36,0.963598901098901,60,40,20,0.0005,0.0005,0.5,0.8965901663252207,0.921875,0.9375,0.75,0.84375,0.6999132392733555,0.8571428571428572,0.84375,0.49999999999999994,15,12,4,1
1,1:1,45,1,162,128,26,34,64,64,13,13,17,17,31,0.9510980472518935,60,40,20,0.0005,0.0005,0.5,1.0,1.0,1.0,0.0,0.5,0.0,0.6666666666666666,0.5,0.49999999999999994,17,0,17,0
1,1:1,45,2,162,130,26,32,65,65,13,13,16,16,31,0.9999999999999998,60,40,20,0.0005,0.0005,0.5,1.0,1.0,1.0,0.0,0.5,0.0,0.6666666666666666,0.5,0.49999999999999994,16,0,16,0
1,1:1,45,3,162,130,26,32,65,65,13,13,16,16,7,1.0,60,40,20,0.0005,0.0005,0.5,0.8648013311816061,0.916015625,1.0,0.0,0.5,0.0,0.6666666666666666,0.5,0.49999999999999994,16,0,16,0
1,1:1,45,4,162,130,26,32,65,65,13,13,16,16,4,1.0,60,40,20,0.0005,0.0005,0.5,1.0,1.0,1.0,0.0,0.5,0.0,0.6666666666666666,0.5,0.4749999999999999,16,0,16,0
1,1:1,45,5,162,130,26,32,65,65,13,13,16,16,13,1.0,60,40,20,0.0005,0.0005,0.5,0.9292482690920192,0.951171875,1.0,0.0,0.5,0.0,0.6666666666666666,0.5,0.49999999999999994,16,0,16,0
1,1:1,46,1,162,128,26,34,64,64,13,13,17,17,1,0.9653513153513154,60,40,20,0.0005,0.0005,0.5,0.9911764705882353,0.9896193771626297,0.47058823529411764,1.0,0.7352941176470589,0.5547001962252291,0.6399999999999999,0.7352941176470589,0.4499999999999999,8,17,0,9
1,1:1,46,2,162,130,26,32,65,65,13,13,16,16,3,1.0,60,40,20,0.0005,0.0005,0.5,1.0,1.0,0.625,1.0,0.8125,0.674199862463242,0.7692307692307693,0.8125,0.4149999999999999,10,16,0,6
1,1:1,46,3,162,130,26,32,65,65,13,13,16,16,5,1.0,60,40,20,0.0005,0.0005,0.5,0.9775,0.96484375,1.0,0.0,0.5,0.0,0.6666666666666666,0.5,0.49499999999999994,16,0,16,0
1,1:1,46,4,162,130,26,32,65,65,13,13,16,16,1,0.9697913422609779,60,40,20,0.0005,0.0005,0.5,0.9709029685592185,0.97265625,1.0,0.25,0.625,0.3779644730092272,0.7272727272727273,0.625,0.36999999999999994,16,4,12,0
1,1:1,46,5,162,130,26,32,65,65,13,13,16,16,1,1.0,60,40,20,0.0005,0.0005,0.5,1.0,1.0,0.9375,1.0,0.96875,0.9393364366277243,0.967741935483871,0.96875,0.33499999999999996,15,16,0,1
1,1:1,47,1,162,128,26,34,64,64,13,13,17,17,1,0.9999999999999998,60,40,20,0.0005,0.0005,0.5,1.0,1.0,1.0,0.8235294117647058,0.9117647058823529,0.8366600265340755,0.9189189189189189,0.9117647058823529,0.6749999999999999,17,14,3,0
1,1:1,47,2,162,130,26,32,65,65,13,13,16,16,12,0.9885883347421809,60,40,20,0.0005,0.0005,0.5,0.9901315789473684,0.990234375,1.0,0.0,0.5,0.0,0.6666666666666666,0.5,0.49999999999999994,16,0,16,0
1,1:1,47,3,162,130,26,32,65,65,13,13,16,16,2,0.9751850713389172,60,40,20,0.0005,0.0005,0.5,1.0,1.0,1.0,0.5,0.75,0.5773502691896258,0.8,0.75,0.615,16,8,8,0
1,1:1,47,4,162,130,26,32,65,65,13,13,16,16,19,0.989010989010989,60,40,20,0.0005,0.0005,0.5,0.9256793737308444,0.92578125,1.0,0.0,0.5,0.0,0.6666666666666666,0.5,0.4799999999999999,16,0,16,0
1,1:1,47,5,162,130,26,32,65,65,13,13,16,16,1,1.0,60,40,20,0.0005,0.0005,0.5,0.9793220413165267,0.98046875,1.0,0.9375,0.96875,0.9393364366277243,0.9696969696969697,0.96875,0.5249999999999999,16,15,1,0
1,1:1,48,1,162,128,26,34,64,64,13,13,17,17,5,0.9999999999999998,60,40,20,0.0005,0.0005,0.5,0.9846547314578005,0.9792387543252595,1.0,0.0,0.5,0.0,0.6666666666666666,0.5,0.49999999999999994,17,0,17,0
1,1:1,48,2,162,130,26,32,65,65,13,13,16,16,10,0.9999999999999998,60,40,20,0.0005,0.0005,0.5,1.0,1.0,1.0,1.0,1.0,1.0,1.0,1.0,0.5599999999999999,16,16,0,0
1,1:1,48,3,162,130,26,32,65,65,13,13,16,16,1,0.9757085020242915,60,40,20,0.0005,0.0005,0.5,1.0,1.0,0.4375,1.0,0.71875,0.5291502622129182,0.6086956521739131,0.71875,0.4749999999999999,7,16,0,9
1,1:1,48,4,162,130,26,32,65,65,13,13,16,16,6,0.9999999999999998,60,40,20,0.0005,0.0005,0.5,0.9963235294117647,0.99609375,0.875,1.0,0.9375,0.8819171036881969,0.9333333333333333,0.9375,0.5549999999999999,14,16,0,2
1,1:1,48,5,162,130,26,32,65,65,13,13,16,16,52,0.9885883347421809,60,40,20,0.0005,0.0005,0.5,0.9882506127450981,0.98828125,1.0,0.0,0.5,0.0,0.6666666666666666,0.5,0.49999999999999994,16,0,16,0
1,1:1,49,1,162,128,26,34,64,64,13,13,17,17,2,0.9751850713389174,60,40,20,0.0005,0.0005,0.5,1.0,1.0,1.0,0.5882352941176471,0.7941176470588236,0.6454972243679028,0.8292682926829268,0.7941176470588235,0.5449999999999999,17,10,7,0
1,1:1,49,2,162,130,26,32,65,65,13,13,16,16,18,1.0,60,40,20,0.0005,0.0005,0.5,1.0,1.0,1.0,0.0,0.5,0.0,0.6666666666666666,0.5,0.49999999999999994,16,0,16,0
1,1:1,49,3,162,130,26,32,65,65,13,13,16,16,2,0.9945054945054943,60,40,20,0.0005,0.0005,0.5,0.9851190476190477,0.98046875,0.9375,1.0,0.96875,0.9393364366277243,0.967741935483871,0.96875,0.4749999999999999,15,16,0,1
1,1:1,49,4,162,130,26,32,65,65,13,13,16,16,12,0.9945054945054945,60,40,20,0.0005,0.0005,0.5,1.0,1.0,1.0,0.0,0.5,0.0,0.6666666666666666,0.5,0.4799999999999999,16,0,16,0
1,1:1,49,5,162,130,26,32,65,65,13,13,16,16,1,1.0,60,40,20,0.0005,0.0005,0.5,0.985702614379085,0.984375,1.0,0.4375,0.71875,0.5291502622129182,0.7804878048780487,0.71875,0.6,16,7,9,0
1,1:1,50,1,162,128,26,34,64,64,13,13,17,17,1,1.0,60,40,20,0.0005,0.0005,0.5,0.9828431372549019,0.9757785467128027,0.8235294117647058,1.0,0.9117647058823529,0.8366600265340755,0.9032258064516129,0.9117647058823529,0.42499999999999993,14,17,0,3
1,1:1,50,2,162,130,26,32,65,65,13,13,16,16,36,0.9348051521128442,60,40,20,0.0005,0.0005,0.5,0.9930555555555556,0.9921875,1.0,0.0,0.5,0.0,0.6666666666666666,0.5,0.49499999999999994,16,0,16,0
1,1:1,50,3,162,130,26,32,65,65,13,13,16,16,41,0.9826711749788672,60,40,20,0.0005,0.0005,0.5,0.9139493676258382,0.9453125,1.0,0.75,0.875,0.7745966692414834,0.888888888888889,0.875,0.5299999999999999,16,12,4,0
1,1:1,50,4,162,130,26,32,65,65,13,13,16,16,12,1.0,60,40,20,0.0005,0.0005,0.5,0.9642427884615384,0.94921875,1.0,0.0,0.5,0.0,0.6666666666666666,0.5,0.4699999999999999,16,0,16,0
1,1:1,50,5,162,130,26,32,65,65,13,13,16,16,33,0.9231351981351981,60,40,20,0.0005,0.0005,0.5,1.0,1.0,0.5625,1.0,0.78125,0.6255432421712243,0.72,0.78125,0.5199999999999999,9,16,0,7
2,1:2,1,1,243,192,39,51,64,128,13,26,17,34,13,0.9897435897435898,60,40,20,0.0005,0.0005,0.5,1.0,1.0,1.0,0.7941176470588235,0.8970588235294117,0.75,0.8292682926829268,0.8627450980392157,0.4699999999999999,17,27,7,0
2,1:2,1,2,243,195,39,48,65,130,13,26,16,32,41,0.9467157842157841,60,40,20,0.0005,0.0005,0.5,0.9963235294117647,0.9990234375,1.0,0.96875,0.984375,0.9548637106322311,0.9696969696969697,0.9791666666666666,0.5299999999999999,16,31,1,0
2,1:2,1,3,243,195,39,48,65,130,13,26,16,32,1,0.9751850713389174,60,40,20,0.0005,0.0005,0.5,0.9641316597489198,0.9833984375,0.0625,1.0,0.53125,0.20628424925175867,0.11764705882352941,0.6875,0.635,1,32,0,15
2,1:2,1,4,243,195,39,48,65,130,13,26,16,32,2,0.9491559165472208,60,40,20,0.0005,0.0005,0.5,0.9924172794117647,0.99609375,0.4375,1.0,0.71875,0.5843487097907776,0.6086956521739131,0.8125,0.285,7,32,0,9
2,1:2,1,5,243,195,39,48,65,130,13,26,16,32,1,1.0,60,40,20,0.0005,0.0005,0.5,0.9463157859297565,0.966796875,0.8125,0.9375,0.875,0.7627700713964738,0.8387096774193549,0.8958333333333334,0.49999999999999994,13,30,2,3
2,1:2,2,1,243,192,39,51,64,128,13,26,17,34,1,1.0,60,40,20,0.0005,0.0005,0.5,0.9597142143354127,0.9809688581314878,1.0,0.9411764705882353,0.9705882352941176,0.9176629354822471,0.9444444444444444,0.9607843137254902,0.5149999999999999,17,32,2,0
2,1:2,2,2,243,195,39,48,65,130,13,26,16,32,34,0.9243589743589742,60,40,20,0.0005,0.0005,0.5,1.0,1.0,1.0,1.0,1.0,1.0,1.0,1.0,0.4799999999999999,16,32,0,0
2,1:2,2,3,243,195,39,48,65,130,13,26,16,32,1,1.0,60,40,20,0.0005,0.0005,0.5,0.9472143665158371,0.96484375,0.8125,0.96875,0.890625,0.8102546544402055,0.8666666666666666,0.9166666666666666,0.4549999999999999,13,31,1,3
2,1:2,2,4,243,195,39,48,65,130,13,26,16,32,1,0.9751850713389174,60,40,20,0.0005,0.0005,0.5,0.9479495943190797,0.982421875,1.0,0.96875,0.984375,0.9548637106322311,0.9696969696969697,0.9791666666666666,0.4749999999999999,16,31,1,0
2,1:2,2,5,243,195,39,48,65,130,13,26,16,32,1,1.0,60,40,20,0.0005,0.0005,0.5,1.0,1.0,1.0,1.0,1.0,1.0,1.0,1.0,0.4499999999999999,16,32,0,0
2,1:2,3,1,243,192,39,51,64,128,13,26,17,34,9,0.9794871794871793,60,40,20,0.0005,0.0005,0.5,0.9402461677115657,0.9801038062283738,1.0,0.5294117647058824,0.7647058823529411,0.5222329678670935,0.6799999999999999,0.6862745098039216,0.5149999999999999,17,18,16,0
2,1:2,3,2,243,195,39,48,65,130,13,26,16,32,1,0.9999999999999998,60,40,20,0.0005,0.0005,0.5,0.974537037037037,0.978515625,0.4375,1.0,0.71875,0.5843487097907776,0.6086956521739131,0.8125,0.565,7,32,0,9
2,1:2,3,3,243,195,39,48,65,130,13,26,16,32,25,0.8987179487179486,60,40,20,0.0005,0.0005,0.5,0.9924172794117647,0.99609375,1.0,0.96875,0.984375,0.9548637106322311,0.9696969696969697,0.9791666666666666,0.43999999999999995,16,31,1,0
2,1:2,3,4,243,195,39,48,65,130,13,26,16,32,1,1.0,60,40,20,0.0005,0.0005,0.5,0.9551470588235295,0.966796875,0.5,1.0,0.75,0.6324555320336759,0.6666666666666666,0.8333333333333334,0.4599999999999999,8,32,0,8
2,1:2,3,5,243,195,39,48,65,130,13,26,16,32,1,0.9945054945054943,60,40,20,0.0005,0.0005,0.5,1.0,1.0,1.0,1.0,1.0,1.0,1.0,1.0,0.3499999999999999,16,32,0,0
2,1:2,4,1,243,192,39,51,64,128,13,26,17,34,5,0.9611846486846485,60,40,20,0.0005,0.0005,0.5,0.8596423270571878,0.9602076124567474,0.8823529411764706,0.9117647058823529,0.8970588235294117,0.7833494518006403,0.8571428571428571,0.9019607843137255,0.5299999999999999,15,31,3,2
2,1:2,4,2,243,195,39,48,65,130,13,26,16,32,6,1.0,60,40,20,0.0005,0.0005,0.5,0.9164376934984519,0.9560546875,1.0,0.0,0.5,0.0,0.5,0.3333333333333333,0.4749999999999999,16,0,32,0
2,1:2,4,3,243,195,39,48,65,130,13,26,16,32,16,0.9945054945054945,60,40,20,0.0005,0.0005,0.5,0.9626304342587237,0.98046875,1.0,0.875,0.9375,0.8366600265340756,0.888888888888889,0.9166666666666666,0.5299999999999999,16,28,4,0
2,1:2,4,4,243,195,39,48,65,130,13,26,16,32,10,0.8293670005208467,60,40,20,0.0005,0.0005,0.5,0.9732142857142857,0.9765625,0.9375,0.875,0.90625,0.7832178030674114,0.8571428571428572,0.8958333333333334,0.44499999999999995,15,28,4,1
2,1:2,4,5,243,195,39,48,65,130,13,26,16,32,9,0.9945054945054943,60,40,20,0.0005,0.0005,0.5,0.985702614379085,0.9921875,1.0,0.0,0.5,0.0,0.5,0.3333333333333333,0.49999999999999994,16,0,32,0
2,1:2,5,1,243,192,39,51,64,128,13,26,17,34,3,0.989010989010989,60,40,20,0.0005,0.0005,0.5,0.9593005481762598,0.9688581314878894,0.8823529411764706,0.9705882352941176,0.9264705882352942,0.8665407417674353,0.9090909090909091,0.9411764705882353,0.6399999999999999,15,33,1,2
2,1:2,5,2,243,195,39,48,65,130,13,26,16,32,5,0.963076923076923,60,40,20,0.0005,0.0005,0.5,0.9246520263623844,0.923828125,1.0,0.0,0.5,0.0,0.5,0.3333333333333333,0.4749999999999999,16,0,32,0
2,1:2,5,3,243,195,39,48,65,130,13,26,16,32,23,0.8627461213999676,60,40,20,0.0005,0.0005,0.5,0.9368134826774532,0.97265625,0.6875,0.96875,0.828125,0.7144345083117603,0.7857142857142857,0.875,0.48999999999999994,11,31,1,5
2,1:2,5,4,243,195,39,48,65,130,13,26,16,32,32,0.9267999973882326,60,40,20,0.0005,0.0005,0.5,0.8948681271751125,0.9736328125,1.0,0.9375,0.96875,0.9128709291752769,0.9411764705882353,0.9583333333333334,0.49499999999999994,16,30,2,0
2,1:2,5,5,243,195,39,48,65,130,13,26,16,32,7,0.8612914862914863,60,40,20,0.0005,0.0005,0.5,0.9849826388888889,0.9921875,1.0,0.53125,0.765625,0.5236349380886428,0.6808510638297872,0.6875,0.5249999999999999,16,17,15,0
2,1:2,6,1,243,192,39,51,64,128,13,26,17,34,20,1.0,60,40,20,0.0005,0.0005,0.5,0.9782135076252723,0.9826989619377163,0.5294117647058824,1.0,0.7647058823529411,0.6546536707079772,0.6923076923076924,0.8431372549019608,0.5099999999999999,9,34,0,8
2,1:2,6,2,243,195,39,48,65,130,13,26,16,32,1,1.0,60,40,20,0.0005,0.0005,0.5,0.9840839460784314,0.994140625,1.0,0.9375,0.96875,0.9128709291752769,0.9411764705882353,0.9583333333333334,0.605,16,30,2,0
2,1:2,6,3,243,195,39,48,65,130,13,26,16,32,11,1.0,60,40,20,0.0005,0.0005,0.5,0.9576560887512899,0.9765625,1.0,0.0,0.5,0.0,0.5,0.3333333333333333,0.49499999999999994,16,0,32,0
2,1:2,6,4,243,195,39,48,65,130,13,26,16,32,11,0.973076923076923,60,40,20,0.0005,0.0005,0.5,1.0,1.0,0.9375,1.0,0.96875,0.9534625892455922,0.967741935483871,0.9791666666666666,0.4749999999999999,15,32,0,1
2,1:2,6,5,243,195,39,48,65,130,13,26,16,32,12,1.0,60,40,20,0.0005,0.0005,0.5,0.9664641203703703,0.974609375,1.0,0.0,0.5,0.0,0.5,0.3333333333333333,0.4599999999999999,16,0,32,0
2,1:2,7,1,243,192,39,51,64,128,13,26,17,34,8,1.0,60,40,20,0.0005,0.0005,0.5,0.9967320261437909,0.9982698961937716,1.0,0.9411764705882353,0.9705882352941176,0.9176629354822471,0.9444444444444444,0.9607843137254902,0.5399999999999999,17,32,2,0
2,1:2,7,2,243,195,39,48,65,130,13,26,16,32,1,0.9665551839464883,60,40,20,0.0005,0.0005,0.5,1.0,1.0,0.625,1.0,0.8125,0.7254762501100117,0.7692307692307693,0.875,0.58,10,32,0,6
2,1:2,7,3,243,195,39,48,65,130,13,26,16,32,24,0.9999999999999998,60,40,20,0.0005,0.0005,0.5,0.9851190476190477,0.990234375,1.0,0.0,0.5,0.0,0.5,0.3333333333333333,0.49999999999999994,16,0,32,0
2,1:2,7,4,243,195,39,48,65,130,13,26,16,32,6,0.9885883347421809,60,40,20,0.0005,0.0005,0.5,0.985702614379085,0.9921875,0.9375,0.9375,0.9375,0.8624575450871764,0.9090909090909091,0.9375,0.49499999999999994,15,30,2,1
2,1:2,7,5,243,195,39,48,65,130,13,26,16,32,1,0.9669202592279513,60,40,20,0.0005,0.0005,0.5,0.7575352792095245,0.9296875,1.0,0.5,0.75,0.5,0.6666666666666666,0.6666666666666666,0.5499999999999999,16,16,16,0
2,1:2,8,1,243,192,39,51,64,128,13,26,17,34,7,0.9757085020242915,60,40,20,0.0005,0.0005,0.5,1.0,1.0,1.0,0.0,0.5,0.0,0.5,0.3333333333333333,0.49999999999999994,17,0,34,0
2,1:2,8,2,243,195,39,48,65,130,13,26,16,32,16,1.0,60,40,20,0.0005,0.0005,0.5,0.9930555555555556,0.99609375,0.9375,1.0,0.96875,0.9534625892455922,0.967741935483871,0.9791666666666666,0.5149999999999999,15,32,0,1
2,1:2,8,3,243,195,39,48,65,130,13,26,16,32,14,0.9543269230769229,60,40,20,0.0005,0.0005,0.5,0.9470711580086579,0.9736328125,0.9375,0.90625,0.921875,0.8215838362577492,0.8823529411764706,0.9166666666666666,0.5099999999999999,15,29,3,1
2,1:2,8,4,243,195,39,48,65,130,13,26,16,32,23,0.9601139601139602,60,40,20,0.0005,0.0005,0.5,0.9680884832079685,0.986328125,1.0,0.96875,0.984375,0.9548637106322311,0.9696969696969697,0.9791666666666666,0.5049999999999999,16,31,1,0
2,1:2,8,5,243,195,39,48,65,130,13,26,16,32,18,0.9885883347421809,60,40,20,0.0005,0.0005,0.5,0.9579985119047619,0.958984375,0.9375,0.96875,0.953125,0.90625,0.9375,0.9583333333333334,0.5099999999999999,15,31,1,1
2,1:2,9,1,243,192,39,51,64,128,13,26,17,34,1,0.9838264299802761,60,40,20,0.0005,0.0005,0.5,0.9481483145843008,0.9818339100346021,1.0,0.5294117647058824,0.7647058823529411,0.5222329678670935,0.6799999999999999,0.6862745098039216,0.42999999999999994,17,18,16,0
2,1:2,9,2,243,195,39,48,65,130,13,26,16,32,10,0.9647435897435896,60,40,20,0.0005,0.0005,0.5,0.9862253289473684,0.9921875,1.0,0.0,0.5,0.0,0.5,0.3333333333333333,0.4749999999999999,16,0,32,0
2,1:2,9,3,243,195,39,48,65,130,13,26,16,32,14,0.9679858602935527,60,40,20,0.0005,0.0005,0.5,0.954000350140056,0.9736328125,0.875,0.875,0.875,0.7302967433402215,0.823529411764706,0.875,0.5299999999999999,14,28,4,2
2,1:2,9,4,243,195,39,48,65,130,13,26,16,32,2,0.9855769230769231,60,40,20,0.0005,0.0005,0.5,0.9561274509803921,0.96484375,0.5,1.0,0.75,0.6324555320336759,0.6666666666666666,0.8333333333333334,0.4099999999999999,8,32,0,8
2,1:2,9,5,243,195,39,48,65,130,13,26,16,32,8,0.9685314685314683,60,40,20,0.0005,0.0005,0.5,0.9924172794117647,0.99609375,1.0,0.0,0.5,0.0,0.5,0.3333333333333333,0.49999999999999994,16,0,32,0
2,1:2,10,1,243,192,39,51,64,128,13,26,17,34,20,0.9685314685314685,60,40,20,0.0005,0.0005,0.5,0.9374974819793616,0.972318339100346,1.0,0.9411764705882353,0.9705882352941176,0.9176629354822471,0.9444444444444444,0.9607843137254902,0.5249999999999999,17,32,2,0
2,1:2,10,2,243,195,39,48,65,130,13,26,16,32,5,0.9402080825157748,60,40,20,0.0005,0.0005,0.5,0.9963235294117647,0.998046875,1.0,0.96875,0.984375,0.9548637106322311,0.9696969696969697,0.9791666666666666,0.5499999999999999,16,31,1,0
2,1:2,10,3,243,195,39,48,65,130,13,26,16,32,47,0.9240556452094912,60,40,20,0.0005,0.0005,0.5,0.9924172794117647,0.99609375,1.0,0.96875,0.984375,0.9548637106322311,0.9696969696969697,0.9791666666666666,0.48499999999999993,16,31,1,0
2,1:2,10,4,243,195,39,48,65,130,13,26,16,32,15,0.9787545787545786,60,40,20,0.0005,0.0005,0.5,0.8775313228438228,0.94921875,1.0,0.0,0.5,0.0,0.5,0.3333333333333333,0.4499999999999999,16,0,32,0
2,1:2,10,5,243,195,39,48,65,130,13,26,16,32,15,0.9945054945054945,60,40,20,0.0005,0.0005,0.5,0.9241361160769055,0.974609375,1.0,0.90625,0.953125,0.8735890880367281,0.9142857142857143,0.9375,0.49999999999999994,16,29,3,0
2,1:2,11,1,243,192,39,51,64,128,13,26,17,34,61,1.0,60,40,20,0.0005,0.0005,0.5,0.9856737793156479,0.9930795847750865,1.0,0.9411764705882353,0.9705882352941176,0.9176629354822471,0.9444444444444444,0.9607843137254902,0.48999999999999994,17,32,2,0
2,1:2,11,2,243,195,39,48,65,130,13,26,16,32,1,0.9945054945054945,60,40,20,0.0005,0.0005,0.5,0.9770716619981326,0.98828125,0.5,1.0,0.75,0.6324555320336759,0.6666666666666666,0.8333333333333334,0.5149999999999999,8,32,0,8
2,1:2,11,3,243,195,39,48,65,130,13,26,16,32,27,0.8534465534465533,60,40,20,0.0005,0.0005,0.5,0.9524226998491705,0.9677734375,0.9375,0.875,0.90625,0.7832178030674114,0.8571428571428572,0.8958333333333334,0.49999999999999994,15,28,4,1
2,1:2,11,4,243,195,39,48,65,130,13,26,16,32,3,1.0,60,40,20,0.0005,0.0005,0.5,0.7729040771320184,0.94140625,1.0,0.0,0.5,0.0,0.5,0.3333333333333333,0.49999999999999994,16,0,32,0
2,1:2,11,5,243,195,39,48,65,130,13,26,16,32,23,0.9282450455527378,60,40,20,0.0005,0.0005,0.5,1.0,1.0,1.0,0.84375,0.921875,0.8017837257372732,0.8648648648648648,0.8958333333333334,0.4599999999999999,16,27,5,0
2,1:2,12,1,243,192,39,51,64,128,13,26,17,34,1,1.0,60,40,20,0.0005,0.0005,0.5,0.9188919045502545,0.9749134948096886,0.6470588235294118,0.9705882352941176,0.8088235294117647,0.6864064729836442,0.7586206896551724,0.8627450980392157,0.4699999999999999,11,33,1,6
2,1:2,12,2,243,195,39,48,65,130,13,26,16,32,28,0.9606380241831747,60,40,20,0.0005,0.0005,0.5,0.9852430555555556,0.9921875,0.8125,1.0,0.90625,0.8618916073713346,0.896551724137931,0.9375,0.4749999999999999,13,32,0,3
2,1:2,12,3,243,195,39,48,65,130,13,26,16,32,12,0.9564371525909985,60,40,20,0.0005,0.0005,0.5,1.0,1.0,1.0,0.0,0.5,0.0,0.5,0.3333333333333333,0.4799999999999999,16,0,32,0
2,1:2,12,4,243,195,39,48,65,130,13,26,16,32,1,0.9500171836710296,60,40,20,0.0005,0.0005,0.5,0.974537037037037,0.978515625,0.9375,1.0,0.96875,0.9534625892455922,0.967741935483871,0.9791666666666666,0.49999999999999994,15,32,0,1
2,1:2,12,5,243,195,39,48,65,130,13,26,16,32,23,0.9503987465525927,60,40,20,0.0005,0.0005,0.5,0.9930555555555556,0.99609375,1.0,0.625,0.8125,0.5976143046671968,0.7272727272727273,0.75,0.5099999999999999,16,20,12,0
2,1:2,13,1,243,192,39,51,64,128,13,26,17,34,13,0.9897435897435898,60,40,20,0.0005,0.0005,0.5,0.9868876343106902,0.9948096885813148,0.0,1.0,0.5,0.0,0.0,0.6666666666666666,0.5049999999999999,0,34,0,17
2,1:2,13,2,243,195,39,48,65,130,13,26,16,32,26,1.0,60,40,20,0.0005,0.0005,0.5,1.0,1.0,1.0,1.0,1.0,1.0,1.0,1.0,0.49999999999999994,16,32,0,0
2,1:2,13,3,243,195,39,48,65,130,13,26,16,32,28,0.9662564999103458,60,40,20,0.0005,0.0005,0.5,0.9837863270308124,0.9921875,0.875,0.96875,0.921875,0.8581163303210331,0.9032258064516129,0.9375,0.4749999999999999,14,31,1,2
2,1:2,13,4,243,195,39,48,65,130,13,26,16,32,5,0.9945054945054945,60,40,20,0.0005,0.0005,0.5,0.9684523809523811,0.982421875,1.0,0.0,0.5,0.0,0.5,0.3333333333333333,0.49999999999999994,16,0,32,0
2,1:2,13,5,243,195,39,48,65,130,13,26,16,32,3,0.9677655677655677,60,40,20,0.0005,0.0005,0.5,0.9283105720576073,0.9521484375,0.875,0.9375,0.90625,0.8125,0.875,0.9166666666666666,0.5399999999999999,14,30,2,2
2,1:2,14,1,243,192,39,51,64,128,13,26,17,34,32,0.9945054945054945,60,40,20,0.0005,0.0005,0.5,0.996732026143791,0.9982698961937716,1.0,0.9117647058823529,0.9558823529411764,0.8803408430829505,0.9189189189189189,0.9411764705882353,0.5049999999999999,17,31,3,0
2,1:2,14,2,243,195,39,48,65,130,13,26,16,32,9,1.0,60,40,20,0.0005,0.0005,0.5,0.8694625332420418,0.90625,0.875,0.90625,0.890625,0.7700513795421218,0.8484848484848485,0.8958333333333334,0.4799999999999999,14,29,3,2
2,1:2,14,3,243,195,39,48,65,130,13,26,16,32,12,1.0,60,40,20,0.0005,0.0005,0.5,0.9783496732026143,0.98828125,0.8125,0.9375,0.875,0.7627700713964738,0.8387096774193549,0.8958333333333334,0.48499999999999993,13,30,2,3
2,1:2,14,4,243,195,39,48,65,130,13,26,16,32,13,0.9838264299802759,60,40,20,0.0005,0.0005,0.5,0.9963235294117647,0.9990234375,1.0,0.71875,0.859375,0.6782329983125268,0.7804878048780487,0.8125,0.42999999999999994,16,23,9,0
2,1:2,14,5,243,195,39,48,65,130,13,26,16,32,64,0.9885883347421809,60,40,20,0.0005,0.0005,0.5,0.9734258286647992,0.986328125,0.9375,0.9375,0.9375,0.8624575450871764,0.9090909090909091,0.9375,0.49999999999999994,15,30,2,1
2,1:2,15,1,243,192,39,51,64,128,13,26,17,34,15,0.9821780783319245,60,40,20,0.0005,0.0005,0.5,0.9674922600619196,0.9636678200692042,1.0,0.0,0.5,0.0,0.5,0.3333333333333333,0.4549999999999999,17,0,34,0
2,1:2,15,2,243,195,39,48,65,130,13,26,16,32,1,1.0,60,40,20,0.0005,0.0005,0.5,0.9789786347231201,0.990234375,1.0,0.90625,0.953125,0.8735890880367281,0.9142857142857143,0.9375,0.44499999999999995,16,29,3,0
2,1:2,15,3,243,195,39,48,65,130,13,26,16,32,1,1.0,60,40,20,0.0005,0.0005,0.5,0.9233831885026738,0.9755859375,0.875,0.96875,0.921875,0.8581163303210331,0.9032258064516129,0.9375,0.6,14,31,1,2
2,1:2,15,4,243,195,39,48,65,130,13,26,16,32,5,1.0,60,40,20,0.0005,0.0005,0.5,0.9963235294117647,0.998046875,1.0,0.0,0.5,0.0,0.5,0.3333333333333333,0.4649999999999999,16,0,32,0
2,1:2,15,5,243,195,39,48,65,130,13,26,16,32,1,1.0,60,40,20,0.0005,0.0005,0.5,0.8803326263455574,0.912109375,1.0,0.0,0.5,0.0,0.5,0.3333333333333333,0.49999999999999994,16,0,32,0
2,1:2,16,1,243,192,39,51,64,128,13,26,17,34,1,1.0,60,40,20,0.0005,0.0005,0.5,0.9911764705882353,0.9948096885813149,0.6470588235294118,1.0,0.8235294117647058,0.7416198487095663,0.7857142857142858,0.8823529411764706,0.5099999999999999,11,34,0,6
2,1:2,16,2,243,195,39,48,65,130,13,26,16,32,16,0.9999999999999999,60,40,20,0.0005,0.0005,0.5,1.0,1.0,1.0,0.96875,0.984375,0.9548637106322311,0.9696969696969697,0.9791666666666666,0.48999999999999994,16,31,1,0
2,1:2,16,3,243,195,39,48,65,130,13,26,16,32,1,0.9490967365967364,60,40,20,0.0005,0.0005,0.5,0.9568125808015514,0.9765625,0.75,0.9375,0.84375,0.7130240959073808,0.7999999999999999,0.875,0.48499999999999993,12,30,2,4
2,1:2,16,4,243,195,39,48,65,130,13,26,16,32,27,0.9794871794871794,60,40,20,0.0005,0.0005,0.5,0.9376602564102564,0.96875,0.9375,0.875,0.90625,0.7832178030674114,0.8571428571428572,0.8958333333333334,0.49499999999999994,15,28,4,1
2,1:2,16,5,243,195,39,48,65,130,13,26,16,32,8,0.9826711749788674,60,40,20,0.0005,0.0005,0.5,0.9732142857142857,0.9765625,1.0,0.0,0.5,0.0,0.5,0.3333333333333333,0.49999999999999994,16,0,32,0
2,1:2,17,1,243,192,39,51,64,128,13,26,17,34,6,1.0,60,40,20,0.0005,0.0005,0.5,0.9722615139570158,0.9878892733564014,0.9411764705882353,0.9705882352941176,0.9558823529411764,0.9117647058823529,0.9411764705882353,0.9607843137254902,0.4699999999999999,16,33,1,1
2,1:2,17,2,243,195,39,48,65,130,13,26,16,32,16,0.9493303704842166,60,40,20,0.0005,0.0005,0.5,0.9926470588235294,0.99609375,0.375,1.0,0.6875,0.5345224838248488,0.5454545454545454,0.7916666666666666,0.5099999999999999,6,32,0,10
2,1:2,17,3,243,195,39,48,65,130,13,26,16,32,17,0.9838264299802761,60,40,20,0.0005,0.0005,0.5,0.9414057909002762,0.9814453125,1.0,0.0,0.5,0.0,0.5,0.3333333333333333,0.49999999999999994,16,0,32,0
2,1:2,17,4,243,195,39,48,65,130,13,26,16,32,1,0.9999999999999998,60,40,20,0.0005,0.0005,0.5,0.9470815387635241,0.9814453125,1.0,0.5625,0.78125,0.5477225575051662,0.6956521739130436,0.7083333333333334,0.5349999999999999,16,18,14,0
2,1:2,17,5,243,195,39,48,65,130,13,26,16,32,24,0.9394097355635815,60,40,20,0.0005,0.0005,0.5,0.9680765086206897,0.97265625,0.9375,0.96875,0.953125,0.90625,0.9375,0.9583333333333334,0.48999999999999994,15,31,1,1
2,1:2,18,1,243,192,39,51,64,128,13,26,17,34,15,0.9945054945054945,60,40,20,0.0005,0.0005,0.5,0.9189271032696638,0.9679930795847751,1.0,0.5882352941176471,0.7941176470588236,0.5679618342470648,0.7083333333333333,0.7254901960784313,0.5299999999999999,17,20,14,0
2,1:2,18,2,243,195,39,48,65,130,13,26,16,32,33,0.9191411152949613,60,40,20,0.0005,0.0005,0.5,0.9428415527970482,0.9755859375,0.8125,0.96875,0.890625,0.8102546544402055,0.8666666666666666,0.9166666666666666,0.5099999999999999,13,31,1,3
2,1:2,18,3,243,195,39,48,65,130,13,26,16,32,89,0.9885883347421809,60,40,20,0.0005,0.0005,0.5,1.0,1.0,1.0,1.0,1.0,1.0,1.0,1.0,0.48999999999999994,16,32,0,0
2,1:2,18,4,243,195,39,48,65,130,13,26,16,32,1,1.0,60,40,20,0.0005,0.0005,0.5,0.8677106676003735,0.943359375,0.9375,0.78125,0.859375,0.680009255387445,0.7894736842105263,0.8333333333333334,0.4049999999999999,15,25,7,1
2,1:2,18,5,243,195,39,48,65,130,13,26,16,32,38,0.989010989010989,60,40,20,0.0005,0.0005,0.5,0.969758064516129,0.970703125,0.9375,0.96875,0.953125,0.90625,0.9375,0.9583333333333334,0.5199999999999999,15,31,1,1
2,1:2,19,1,243,192,39,51,64,128,13,26,17,34,21,0.9562040523578985,60,40,20,0.0005,0.0005,0.5,0.9788282340800096,0.9896193771626297,1.0,0.9411764705882353,0.9705882352941176,0.9176629354822471,0.9444444444444444,0.9607843137254902,0.4649999999999999,17,32,2,0
2,1:2,19,2,243,195,39,48,65,130,13,26,16,32,1,0.9885883347421809,60,40,20,0.0005,0.0005,0.5,0.9759615384615384,0.98046875,0.9375,0.6875,0.8125,0.5897678246195885,0.7317073170731707,0.7708333333333334,0.185,15,22,10,1
2,1:2,19,3,243,195,39,48,65,130,13,26,16,32,2,0.9999999999999999,60,40,20,0.0005,0.0005,0.5,0.9963235294117647,0.998046875,1.0,0.96875,0.984375,0.9548637106322311,0.9696969696969697,0.9791666666666666,0.5599999999999999,16,31,1,0
2,1:2,19,4,243,195,39,48,65,130,13,26,16,32,1,0.973076923076923,60,40,20,0.0005,0.0005,0.5,1.0,1.0,1.0,0.53125,0.765625,0.5236349380886428,0.6808510638297872,0.6875,0.49499999999999994,16,17,15,0
2,1:2,19,5,243,195,39,48,65,130,13,26,16,32,5,1.0,60,40,20,0.0005,0.0005,0.5,1.0,1.0,0.9375,1.0,0.96875,0.9534625892455922,0.967741935483871,0.9791666666666666,0.48999999999999994,15,32,0,1
2,1:2,20,1,243,192,39,51,64,128,13,26,17,34,12,1.0,60,40,20,0.0005,0.0005,0.5,1.0,1.0,1.0,1.0,1.0,1.0,1.0,1.0,0.5149999999999999,17,34,0,0
2,1:2,20,2,243,195,39,48,65,130,13,26,16,32,22,0.9653513153513154,60,40,20,0.0005,0.0005,0.5,0.8143508812094338,0.9404296875,0.875,0.9375,0.90625,0.8125,0.875,0.9166666666666666,0.4749999999999999,14,30,2,2
2,1:2,20,3,243,195,39,48,65,130,13,26,16,32,19,1.0,60,40,20,0.0005,0.0005,0.5,1.0,1.0,0.25,1.0,0.625,0.42640143271122083,0.4,0.75,0.5349999999999999,4,32,0,12
2,1:2,20,4,243,195,39,48,65,130,13,26,16,32,4,1.0,60,40,20,0.0005,0.0005,0.5,0.9648205093517593,0.984375,1.0,0.0,0.5,0.0,0.5,0.3333333333333333,0.43999999999999995,16,0,32,0
2,1:2,20,5,243,195,39,48,65,130,13,26,16,32,13,0.988588334742181,60,40,20,0.0005,0.0005,0.5,0.9805183531746031,0.990234375,0.6875,1.0,0.84375,0.7710996009560598,0.8148148148148148,0.8958333333333334,0.4799999999999999,11,32,0,5
2,1:2,21,1,243,192,39,51,64,128,13,26,17,34,1,1.0,60,40,20,0.0005,0.0005,0.5,0.9734345351043643,0.9757785467128028,1.0,0.0,0.5,0.0,0.5,0.3333333333333333,0.49999999999999994,17,0,34,0
2,1:2,21,2,243,195,39,48,65,130,13,26,16,32,1,0.9999999999999999,60,40,20,0.0005,0.0005,0.5,1.0,1.0,0.5625,1.0,0.78125,0.6793662204867574,0.72,0.8541666666666666,0.35999999999999993,9,32,0,7
2,1:2,21,3,243,195,39,48,65,130,13,26,16,32,19,0.9945054945054943,60,40,20,0.0005,0.0005,0.5,0.8986476197413698,0.9697265625,0.625,0.96875,0.796875,0.6659496553711425,0.7407407407407406,0.8541666666666666,0.48499999999999993,10,31,1,6
2,1:2,21,4,243,195,39,48,65,130,13,26,16,32,30,0.9751850713389174,60,40,20,0.0005,0.0005,0.5,1.0,1.0,1.0,1.0,1.0,1.0,1.0,1.0,0.4599999999999999,16,32,0,0
2,1:2,21,5,243,195,39,48,65,130,13,26,16,32,1,1.0,60,40,20,0.0005,0.0005,0.5,1.0,1.0,1.0,0.0,0.5,0.0,0.5,0.3333333333333333,0.44499999999999995,16,0,32,0
2,1:2,22,1,243,192,39,51,64,128,13,26,17,34,10,0.9477865439403901,60,40,20,0.0005,0.0005,0.5,0.9840397923875432,0.9913494809688581,0.9411764705882353,0.9705882352941176,0.9558823529411764,0.9117647058823529,0.9411764705882353,0.9607843137254902,0.41999999999999993,16,33,1,1
2,1:2,22,2,243,195,39,48,65,130,13,26,16,32,11,0.9945054945054945,60,40,20,0.0005,0.0005,0.5,0.9882506127450981,0.994140625,0.5625,1.0,0.78125,0.6793662204867574,0.72,0.8541666666666666,0.5049999999999999,9,32,0,7
2,1:2,22,3,243,195,39,48,65,130,13,26,16,32,1,0.9897435897435898,60,40,20,0.0005,0.0005,0.5,0.970630787037037,0.9765625,0.9375,0.96875,0.953125,0.90625,0.9375,0.9583333333333334,0.41999999999999993,15,31,1,1
2,1:2,22,4,243,195,39,48,65,130,13,26,16,32,1,1.0,60,40,20,0.0005,0.0005,0.5,1.0,1.0,1.0,0.0,0.5,0.0,0.5,0.3333333333333333,0.49999999999999994,16,0,32,0
2,1:2,22,5,243,195,39,48,65,130,13,26,16,32,1,0.9387151310228232,60,40,20,0.0005,0.0005,0.5,0.9677741529304029,0.982421875,0.9375,0.90625,0.921875,0.8215838362577492,0.8823529411764706,0.9166666666666666,0.5499999999999999,15,29,3,1
2,1:2,23,1,243,192,39,51,64,128,13,26,17,34,9,1.0,60,40,20,0.0005,0.0005,0.5,0.9631247958419693,0.9826989619377163,1.0,0.5294117647058824,0.7647058823529411,0.5222329678670935,0.6799999999999999,0.6862745098039216,0.4649999999999999,17,18,16,0
2,1:2,23,2,243,195,39,48,65,130,13,26,16,32,3,1.0,60,40,20,0.0005,0.0005,0.5,0.8871288844561871,0.939453125,0.9375,0.84375,0.890625,0.747017880833996,0.8333333333333334,0.875,0.43499999999999994,15,27,5,1
2,1:2,23,3,243,195,39,48,65,130,13,26,16,32,15,0.9838264299802761,60,40,20,0.0005,0.0005,0.5,0.9963235294117647,0.998046875,1.0,0.9375,0.96875,0.9128709291752769,0.9411764705882353,0.9583333333333334,0.5149999999999999,16,30,2,0
2,1:2,23,4,243,195,39,48,65,130,13,26,16,32,16,0.9677655677655679,60,40,20,0.0005,0.0005,0.5,0.9963235294117647,0.998046875,1.0,0.96875,0.984375,0.9548637106322311,0.9696969696969697,0.9791666666666666,0.5249999999999999,16,31,1,0
2,1:2,23,5,243,195,39,48,65,130,13,26,16,32,1,0.9821780783319243,60,40,20,0.0005,0.0005,0.5,0.9963235294117647,0.998046875,0.4375,1.0,0.71875,0.5843487097907776,0.6086956521739131,0.8125,0.5099999999999999,7,32,0,9
2,1:2,24,1,243,192,39,51,64,128,13,26,17,34,35,0.9897435897435898,60,40,20,0.0005,0.0005,0.5,0.9550988675039908,0.967128027681661,0.8823529411764706,0.9411764705882353,0.9117647058823529,0.8235294117647058,0.8823529411764706,0.9215686274509803,0.49999999999999994,15,32,2,2
2,1:2,24,2,243,195,39,48,65,130,13,26,16,32,10,1.0,60,40,20,0.0005,0.0005,0.5,0.9849826388888889,0.9921875,0.8125,0.96875,0.890625,0.8102546544402055,0.8666666666666666,0.9166666666666666,0.5049999999999999,13,31,1,3
2,1:2,24,3,243,195,39,48,65,130,13,26,16,32,1,0.9575081780964134,60,40,20,0.0005,0.0005,0.5,0.967055636357107,0.984375,0.5,1.0,0.75,0.6324555320336759,0.6666666666666666,0.8333333333333334,0.4499999999999999,8,32,0,8
2,1:2,24,4,243,195,39,48,65,130,13,26,16,32,1,0.9897435897435898,60,40,20,0.0005,0.0005,0.5,0.9705023275335776,0.986328125,1.0,0.9375,0.96875,0.9128709291752769,0.9411764705882353,0.9583333333333334,0.575,16,30,2,0
2,1:2,24,5,243,195,39,48,65,130,13,26,16,32,8,0.9999999999999998,60,40,20,0.0005,0.0005,0.5,0.9901315789473684,0.994140625,1.0,0.0,0.5,0.0,0.5,0.3333333333333333,0.4599999999999999,16,0,32,0
2,1:2,25,1,243,192,39,51,64,128,13,26,17,34,1,1.0,60,40,20,0.0005,0.0005,0.5,0.8450247646887603,0.9567474048442907,1.0,0.5588235294117647,0.7794117647058824,0.5448623679425842,0.6938775510204082,0.7058823529411765,0.27999999999999997,17,19,15,0
2,1:2,25,2,243,195,39,48,65,130,13,26,16,32,6,0.9999999999999998,60,40,20,0.0005,0.0005,0.5,0.846074896573155,0.93359375,1.0,0.0,0.5,0.0,0.5,0.3333333333333333,0.4599999999999999,16,0,32,0
2,1:2,25,3,243,195,39,48,65,130,13,26,16,32,3,0.9945054945054944,60,40,20,0.0005,0.0005,0.5,0.9587765957446809,0.939453125,1.0,0.0,0.5,0.0,0.5,0.3333333333333333,0.4149999999999999,16,0,32,0
2,1:2,25,4,243,195,39,48,65,130,13,26,16,32,22,0.9090068051606512,60,40,20,0.0005,0.0005,0.5,0.9618384832079685,0.984375,0.9375,0.96875,0.953125,0.90625,0.9375,0.9583333333333334,0.5099999999999999,15,31,1,1
2,1:2,25,5,243,195,39,48,65,130,13,26,16,32,2,0.9885883347421809,60,40,20,0.0005,0.0005,0.5,0.9581364815739817,0.9814453125,0.875,0.9375,0.90625,0.8125,0.875,0.9166666666666666,0.5099999999999999,14,30,2,2
2,1:2,26,1,243,192,39,51,64,128,13,26,17,34,1,0.9945054945054945,60,40,20,0.0005,0.0005,0.5,1.0,1.0,0.9411764705882353,1.0,0.9705882352941176,0.9561828874675148,0.9696969696969697,0.9803921568627451,0.5499999999999999,16,34,0,1
2,1:2,26,2,243,195,39,48,65,130,13,26,16,32,1,0.9999999999999998,60,40,20,0.0005,0.0005,0.5,0.9516080630970336,0.9765625,1.0,0.0,0.5,0.0,0.5,0.3333333333333333,0.49999999999999994,16,0,32,0
2,1:2,26,3,243,195,39,48,65,130,13,26,16,32,1,0.9757678219216679,60,40,20,0.0005,0.0005,0.5,0.9695567810457516,0.984375,1.0,0.65625,0.828125,0.6236095644623236,0.7441860465116279,0.7708333333333334,0.4699999999999999,16,21,11,0
2,1:2,26,4,243,195,39,48,65,130,13,26,16,32,12,0.9821780783319245,60,40,20,0.0005,0.0005,0.5,0.9548494397759104,0.96484375,1.0,0.0,0.5,0.0,0.5,0.3333333333333333,0.4549999999999999,16,0,32,0
2,1:2,26,5,243,195,39,48,65,130,13,26,16,32,31,1.0,60,40,20,0.0005,0.0005,0.5,1.0,1.0,0.125,1.0,0.5625,0.29488391230979427,0.2222222222222222,0.7083333333333334,0.4699999999999999,2,32,0,14
2,1:2,27,1,243,192,39,51,64,128,13,26,17,34,28,0.9945054945054945,60,40,20,0.0005,0.0005,0.5,1.0,1.0,1.0,0.0,0.5,0.0,0.5,0.3333333333333333,0.49999999999999994,17,0,34,0
2,1:2,27,2,243,195,39,48,65,130,13,26,16,32,2,0.9999999999999998,60,40,20,0.0005,0.0005,0.5,0.8727577467467174,0.9462890625,1.0,0.0,0.5,0.0,0.5,0.3333333333333333,0.3999999999999999,16,0,32,0
2,1:2,27,3,243,195,39,48,65,130,13,26,16,32,32,0.9855769230769229,60,40,20,0.0005,0.0005,0.5,0.9924172794117647,0.99609375,0.9375,0.96875,0.953125,0.90625,0.9375,0.9583333333333334,0.5099999999999999,15,31,1,1
2,1:2,27,4,243,195,39,48,65,130,13,26,16,32,1,0.9553113553113552,60,40,20,0.0005,0.0005,0.5,0.9793220413165267,0.9921875,1.0,0.4375,0.71875,0.4537426064865151,0.6399999999999999,0.625,0.42499999999999993,16,14,18,0
2,1:2,27,5,243,195,39,48,65,130,13,26,16,32,5,0.9999999999999998,60,40,20,0.0005,0.0005,0.5,0.9882506127450981,0.994140625,1.0,0.0,0.5,0.0,0.5,0.3333333333333333,0.44499999999999995,16,0,32,0
2,1:2,28,1,243,192,39,51,64,128,13,26,17,34,1,0.9492110453648916,60,40,20,0.0005,0.0005,0.5,0.9801182237600923,0.9896193771626297,0.8823529411764706,0.9705882352941176,0.9264705882352942,0.8665407417674353,0.9090909090909091,0.9411764705882353,0.3499999999999999,15,33,1,2
2,1:2,28,2,243,195,39,48,65,130,13,26,16,32,10,0.9665551839464881,60,40,20,0.0005,0.0005,0.5,0.9840839460784314,0.9921875,0.9375,0.96875,0.953125,0.90625,0.9375,0.9583333333333334,0.44499999999999995,15,31,1,1
2,1:2,28,3,243,195,39,48,65,130,13,26,16,32,1,1.0,60,40,20,0.0005,0.0005,0.5,1.0,1.0,1.0,0.0,0.5,0.0,0.5,0.3333333333333333,0.32999999999999996,16,0,32,0
2,1:2,28,4,243,195,39,48,65,130,13,26,16,32,10,0.9945054945054945,60,40,20,0.0005,0.0005,0.5,0.9558693910256411,0.96875,1.0,0.0,0.5,0.0,0.5,0.3333333333333333,0.42999999999999994,16,0,32,0
2,1:2,28,5,243,195,39,48,65,130,13,26,16,32,1,1.0,60,40,20,0.0005,0.0005,0.5,0.9190981432360743,0.931640625,1.0,0.0,0.5,0.0,0.5,0.3333333333333333,0.175,16,0,32,0
2,1:2,29,1,243,192,39,51,64,128,13,26,17,34,2,1.0,60,40,20,0.0005,0.0005,0.5,0.974346441362923,0.9887543252595156,1.0,0.0,0.5,0.0,0.5,0.3333333333333333,0.49999999999999994,17,0,34,0
2,1:2,29,2,243,195,39,48,65,130,13,26,16,32,24,0.9885883347421809,60,40,20,0.0005,0.0005,0.5,0.9678030303030303,0.966796875,0.9375,1.0,0.96875,0.9534625892455922,0.967741935483871,0.9791666666666666,0.5349999999999999,15,32,0,1
2,1:2,29,3,243,195,39,48,65,130,13,26,16,32,1,1.0,60,40,20,0.0005,0.0005,0.5,0.8485484133921635,0.966796875,0.9375,0.96875,0.953125,0.90625,0.9375,0.9583333333333334,0.4649999999999999,15,31,1,1
2,1:2,29,4,243,195,39,48,65,130,13,26,16,32,1,0.9885883347421809,60,40,20,0.0005,0.0005,0.5,0.9882506127450981,0.994140625,0.6875,1.0,0.84375,0.7710996009560598,0.8148148148148148,0.8958333333333334,0.58,11,32,0,5
2,1:2,29,5,243,195,39,48,65,130,13,26,16,32,7,0.9945054945054945,60,40,20,0.0005,0.0005,0.5,0.9055085630743526,0.962890625,0.875,0.9375,0.90625,0.8125,0.875,0.9166666666666666,0.5349999999999999,14,30,2,2
2,1:2,30,1,243,192,39,51,64,128,13,26,17,34,11,1.0,60,40,20,0.0005,0.0005,0.5,0.8202059296912237,0.833910034602076,1.0,0.0,0.5,0.0,0.5,0.3333333333333333,0.4799999999999999,17,0,34,0
2,1:2,30,2,243,195,39,48,65,130,13,26,16,32,14,1.0,60,40,20,0.0005,0.0005,0.5,0.9442049808429118,0.951171875,1.0,0.0,0.5,0.0,0.5,0.3333333333333333,0.49999999999999994,16,0,32,0
2,1:2,30,3,243,195,39,48,65,130,13,26,16,32,10,0.9794871794871794,60,40,20,0.0005,0.0005,0.5,0.9583138062917474,0.98046875,1.0,0.53125,0.765625,0.5236349380886428,0.6808510638297872,0.6875,0.48499999999999993,16,17,15,0
2,1:2,30,4,243,195,39,48,65,130,13,26,16,32,1,0.9945054945054943,60,40,20,0.0005,0.0005,0.5,0.892776443327914,0.9697265625,1.0,0.875,0.9375,0.8366600265340756,0.888888888888889,0.9166666666666666,0.42499999999999993,16,28,4,0
2,1:2,30,5,243,195,39,48,65,130,13,26,16,32,1,0.9855769230769229,60,40,20,0.0005,0.0005,0.5,0.9464571886446886,0.9765625,1.0,0.9375,0.96875,0.9128709291752769,0.9411764705882353,0.9583333333333334,0.5349999999999999,16,30,2,0
2,1:2,31,1,243,192,39,51,64,128,13,26,17,34,5,1.0,60,40,20,0.0005,0.0005,0.5,0.8517013303249286,0.9039792387543252,1.0,0.0,0.5,0.0,0.5,0.3333333333333333,0.49999999999999994,17,0,34,0
2,1:2,31,2,243,195,39,48,65,130,13,26,16,32,1,0.9647435897435896,60,40,20,0.0005,0.0005,0.5,0.9705018520566121,0.9853515625,0.5,1.0,0.75,0.6324555320336759,0.6666666666666666,0.8333333333333334,0.575,8,32,0,8
2,1:2,31,3,243,195,39,48,65,130,13,26,16,32,2,0.9332605855682778,60,40,20,0.0005,0.0005,0.5,0.9963235294117647,0.998046875,1.0,0.0,0.5,0.0,0.5,0.3333333333333333,0.42999999999999994,16,0,32,0
2,1:2,31,4,243,195,39,48,65,130,13,26,16,32,17,0.9615384615384615,60,40,20,0.0005,0.0005,0.5,0.9924172794117647,0.99609375,0.5625,1.0,0.78125,0.6793662204867574,0.72,0.8541666666666666,0.49499999999999994,9,32,0,7
2,1:2,31,5,243,195,39,48,65,130,13,26,16,32,1,0.9291838503376963,60,40,20,0.0005,0.0005,0.5,0.9963235294117647,0.998046875,0.4375,1.0,0.71875,0.5843487097907776,0.6086956521739131,0.8125,0.4699999999999999,7,32,0,9
2,1:2,32,1,243,192,39,51,64,128,13,26,17,34,1,1.0,60,40,20,0.0005,0.0005,0.5,0.9817171966825946,0.9913494809688581,0.7058823529411765,1.0,0.8529411764705883,0.7844645405527362,0.8275862068965517,0.9019607843137255,0.5399999999999999,12,34,0,5
2,1:2,32,2,243,195,39,48,65,130,13,26,16,32,22,0.9999999999999998,60,40,20,0.0005,0.0005,0.5,0.8704889773968721,0.93359375,1.0,0.0,0.5,0.0,0.5,0.3333333333333333,0.4799999999999999,16,0,32,0
2,1:2,32,3,243,195,39,48,65,130,13,26,16,32,7,0.9681920643459104,60,40,20,0.0005,0.0005,0.5,0.8525874911444764,0.96875,1.0,0.0,0.5,0.0,0.5,0.3333333333333333,0.49999999999999994,16,0,32,0
2,1:2,32,4,243,195,39,48,65,130,13,26,16,32,5,0.9885883347421809,60,40,20,0.0005,0.0005,0.5,1.0,1.0,1.0,0.0,0.5,0.0,0.5,0.3333333333333333,0.49999999999999994,16,0,32,0
2,1:2,32,5,243,195,39,48,65,130,13,26,16,32,13,0.8160655583732507,60,40,20,0.0005,0.0005,0.5,0.9652777777777778,0.9609375,1.0,0.0,0.5,0.0,0.5,0.3333333333333333,0.49999999999999994,16,0,32,0
2,1:2,33,1,243,192,39,51,64,128,13,26,17,34,1,1.0,60,40,20,0.0005,0.0005,0.5,0.9564996854356715,0.967128027681661,0.9411764705882353,0.9705882352941176,0.9558823529411764,0.9117647058823529,0.9411764705882353,0.9607843137254902,0.38999999999999996,16,33,1,1
2,1:2,33,2,243,195,39,48,65,130,13,26,16,32,14,0.9011227531294421,60,40,20,0.0005,0.0005,0.5,0.9206964655034507,0.9775390625,1.0,0.96875,0.984375,0.9548637106322311,0.9696969696969697,0.9791666666666666,0.4549999999999999,16,31,1,0
2,1:2,33,3,243,195,39,48,65,130,13,26,16,32,39,0.9191974691974691,60,40,20,0.0005,0.0005,0.5,0.9447980328495035,0.9775390625,0.9375,0.9375,0.9375,0.8624575450871764,0.9090909090909091,0.9375,0.5349999999999999,15,30,2,1
2,1:2,33,4,243,195,39,48,65,130,13,26,16,32,12,0.9601139601139601,60,40,20,0.0005,0.0005,0.5,0.9708333333333333,0.984375,1.0,0.0,0.5,0.0,0.5,0.3333333333333333,0.49999999999999994,16,0,32,0
2,1:2,33,5,243,195,39,48,65,130,13,26,16,32,9,0.9335794547333007,60,40,20,0.0005,0.0005,0.5,0.9924172794117647,0.99609375,1.0,0.96875,0.984375,0.9548637106322311,0.9696969696969697,0.9791666666666666,0.4599999999999999,16,31,1,0
2,1:2,34,1,243,192,39,51,64,128,13,26,17,34,1,1.0,60,40,20,0.0005,0.0005,0.5,0.9126353823335247,0.9731833910034602,1.0,0.8529411764705882,0.9264705882352942,0.8118441408859887,0.8717948717948718,0.9019607843137255,0.49499999999999994,17,29,5,0
2,1:2,34,2,243,195,39,48,65,130,13,26,16,32,1,0.9796597633136095,60,40,20,0.0005,0.0005,0.5,1.0,1.0,1.0,0.96875,0.984375,0.9548637106322311,0.9696969696969697,0.9791666666666666,0.37499999999999994,16,31,1,0
2,1:2,34,3,243,195,39,48,65,130,13,26,16,32,1,0.9615384615384615,60,40,20,0.0005,0.0005,0.5,0.985702614379085,0.9931640625,1.0,0.9375,0.96875,0.9128709291752769,0.9411764705882353,0.9583333333333334,0.7949999999999999,16,30,2,0
2,1:2,34,4,243,195,39,48,65,130,13,26,16,32,18,0.9945054945054945,60,40,20,0.0005,0.0005,0.5,0.9930555555555556,0.99609375,1.0,0.90625,0.953125,0.8735890880367281,0.9142857142857143,0.9375,0.5049999999999999,16,29,3,0
2,1:2,34,5,243,195,39,48,65,130,13,26,16,32,28,0.9602841602841603,60,40,20,0.0005,0.0005,0.5,0.9649627976190477,0.9765625,0.9375,0.75,0.84375,0.6487446070815474,0.7692307692307693,0.8125,0.5399999999999999,15,24,8,1
2,1:2,35,1,243,192,39,51,64,128,13,26,17,34,1,0.9706959706959706,60,40,20,0.0005,0.0005,0.5,0.9759165430878234,0.9878892733564014,1.0,0.5588235294117647,0.7794117647058824,0.5448623679425842,0.6938775510204082,0.7058823529411765,0.5349999999999999,17,19,15,0
2,1:2,35,2,243,195,39,48,65,130,13,26,16,32,27,0.9885883347421809,60,40,20,0.0005,0.0005,0.5,0.9741709424154277,0.98828125,1.0,0.96875,0.984375,0.9548637106322311,0.9696969696969697,0.9791666666666666,0.5099999999999999,16,31,1,0
2,1:2,35,3,243,195,39,48,65,130,13,26,16,32,2,0.9647435897435894,60,40,20,0.0005,0.0005,0.5,0.9308980275722729,0.966796875,1.0,0.0,0.5,0.0,0.5,0.3333333333333333,0.49999999999999994,16,0,32,0
2,1:2,35,4,243,195,39,48,65,130,13,26,16,32,16,0.9794871794871793,60,40,20,0.0005,0.0005,0.5,0.9759615384615384,0.98046875,1.0,0.0,0.5,0.0,0.5,0.3333333333333333,0.49499999999999994,16,0,32,0
2,1:2,35,5,243,195,39,48,65,130,13,26,16,32,2,0.9945054945054945,60,40,20,0.0005,0.0005,0.5,0.9791666666666666,0.984375,0.9375,0.96875,0.953125,0.90625,0.9375,0.9583333333333334,0.49499999999999994,15,31,1,1
2,1:2,36,1,243,192,39,51,64,128,13,26,17,34,11,0.8358780987740264,60,40,20,0.0005,0.0005,0.5,0.863991412885057,0.9602076124567474,0.5882352941176471,0.9705882352941176,0.7794117647058824,0.64048986934008,0.7142857142857143,0.8431372549019608,0.49499999999999994,10,33,1,7
2,1:2,36,2,243,195,39,48,65,130,13,26,16,32,1,0.9751850713389174,60,40,20,0.0005,0.0005,0.5,1.0,1.0,1.0,0.5625,0.78125,0.5477225575051662,0.6956521739130436,0.7083333333333334,0.5549999999999999,16,18,14,0
2,1:2,36,3,243,195,39,48,65,130,13,26,16,32,2,0.9945054945054943,60,40,20,0.0005,0.0005,0.5,0.9827786377708978,0.990234375,0.75,1.0,0.875,0.816496580927726,0.8571428571428571,0.9166666666666666,0.4149999999999999,12,32,0,4
2,1:2,36,4,243,195,39,48,65,130,13,26,16,32,7,0.9019527481065943,60,40,20,0.0005,0.0005,0.5,0.8354008664946165,0.953125,0.8125,0.96875,0.890625,0.8102546544402055,0.8666666666666666,0.9166666666666666,0.48499999999999993,13,31,1,3
2,1:2,36,5,243,195,39,48,65,130,13,26,16,32,10,0.9134051845590307,60,40,20,0.0005,0.0005,0.5,0.9891493055555556,0.994140625,1.0,0.53125,0.765625,0.5236349380886428,0.6808510638297872,0.6875,0.5099999999999999,16,17,15,0
2,1:2,37,1,243,192,39,51,64,128,13,26,17,34,1,0.9999999999999998,60,40,20,0.0005,0.0005,0.5,0.875399501178048,0.9463667820069205,1.0,0.0,0.5,0.0,0.5,0.3333333333333333,0.43499999999999994,17,0,34,0
2,1:2,37,2,243,195,39,48,65,130,13,26,16,32,11,0.9999999999999998,60,40,20,0.0005,0.0005,0.5,0.9882506127450981,0.994140625,1.0,0.0,0.5,0.0,0.5,0.3333333333333333,0.48999999999999994,16,0,32,0
2,1:2,37,3,243,195,39,48,65,130,13,26,16,32,47,0.9062309485386408,60,40,20,0.0005,0.0005,0.5,0.9891493055555556,0.994140625,0.9375,0.96875,0.953125,0.90625,0.9375,0.9583333333333334,0.4649999999999999,15,31,1,1
2,1:2,37,4,243,195,39,48,65,130,13,26,16,32,38,0.8169769843682887,60,40,20,0.0005,0.0005,0.5,0.9963235294117647,0.998046875,1.0,0.34375,0.671875,0.3855498004780299,0.6037735849056604,0.5625,0.4649999999999999,16,11,21,0
2,1:2,37,5,243,195,39,48,65,130,13,26,16,32,1,0.9999999999999998,60,40,20,0.0005,0.0005,0.5,0.9538589372229078,0.9794921875,0.75,0.9375,0.84375,0.7130240959073808,0.7999999999999999,0.875,0.43499999999999994,12,30,2,4
2,1:2,38,1,243,192,39,51,64,128,13,26,17,34,1,1.0,60,40,20,0.0005,0.0005,0.5,1.0,1.0,0.8823529411764706,1.0,0.9411764705882353,0.9128709291752768,0.9375,0.9607843137254902,0.38499999999999995,15,34,0,2
2,1:2,38,2,243,195,39,48,65,130,13,26,16,32,1,0.973076923076923,60,40,20,0.0005,0.0005,0.5,1.0,1.0,1.0,1.0,1.0,1.0,1.0,1.0,0.37499999999999994,16,32,0,0
2,1:2,38,3,243,195,39,48,65,130,13,26,16,32,1,1.0,60,40,20,0.0005,0.0005,0.5,1.0,1.0,0.9375,1.0,0.96875,0.9534625892455922,0.967741935483871,0.9791666666666666,0.49499999999999994,15,32,0,1
2,1:2,38,4,243,195,39,48,65,130,13,26,16,32,5,1.0,60,40,20,0.0005,0.0005,0.5,0.9658854166666666,0.982421875,1.0,0.0,0.5,0.0,0.5,0.3333333333333333,0.4149999999999999,16,0,32,0
2,1:2,38,5,243,195,39,48,65,130,13,26,16,32,15,1.0,60,40,20,0.0005,0.0005,0.5,0.9618384832079685,0.984375,1.0,0.0,0.5,0.0,0.5,0.3333333333333333,0.42999999999999994,16,0,32,0
2,1:2,39,1,243,192,39,51,64,128,13,26,17,34,13,0.988588334742181,60,40,20,0.0005,0.0005,0.5,0.9538608632307413,0.9766435986159169,0.9411764705882353,0.9117647058823529,0.9264705882352942,0.8316320352807864,0.8888888888888888,0.9215686274509803,0.48999999999999994,16,31,3,1
2,1:2,39,2,243,195,39,48,65,130,13,26,16,32,51,0.9178471980508179,60,40,20,0.0005,0.0005,0.5,1.0,1.0,0.875,1.0,0.9375,0.9074852129730302,0.9333333333333333,0.9583333333333334,0.4699999999999999,14,32,0,2
2,1:2,39,3,243,195,39,48,65,130,13,26,16,32,1,0.9272893772893773,60,40,20,0.0005,0.0005,0.5,0.9757106608669108,0.9892578125,1.0,0.9375,0.96875,0.9128709291752769,0.9411764705882353,0.9583333333333334,0.4049999999999999,16,30,2,0
2,1:2,39,4,243,195,39,48,65,130,13,26,16,32,5,0.9885883347421807,60,40,20,0.0005,0.0005,0.5,0.97897863472312,0.990234375,1.0,0.9375,0.96875,0.9128709291752769,0.9411764705882353,0.9583333333333334,0.49499999999999994,16,30,2,0
2,1:2,39,5,243,195,39,48,65,130,13,26,16,32,1,0.958945755099601,60,40,20,0.0005,0.0005,0.5,0.9545926233396584,0.962890625,0.6875,1.0,0.84375,0.7710996009560598,0.8148148148148148,0.8958333333333334,0.43999999999999995,11,32,0,5
2,1:2,40,1,243,192,39,51,64,128,13,26,17,34,38,1.0,60,40,20,0.0005,0.0005,0.5,0.9523699675948811,0.9602076124567475,0.5882352941176471,1.0,0.7941176470588236,0.6984302957695783,0.7407407407407407,0.8627450980392157,0.4649999999999999,10,34,0,7
2,1:2,40,2,243,195,39,48,65,130,13,26,16,32,16,1.0,60,40,20,0.0005,0.0005,0.5,0.9584429204374058,0.986328125,1.0,0.71875,0.859375,0.6782329983125268,0.7804878048780487,0.8125,0.48999999999999994,16,23,9,0
2,1:2,40,3,243,195,39,48,65,130,13,26,16,32,6,1.0,60,40,20,0.0005,0.0005,0.5,0.9930555555555556,0.99609375,0.9375,0.96875,0.953125,0.90625,0.9375,0.9583333333333334,0.4499999999999999,15,31,1,1
2,1:2,40,4,243,195,39,48,65,130,13,26,16,32,19,0.9821780783319243,60,40,20,0.0005,0.0005,0.5,0.9924172794117647,0.99609375,0.4375,1.0,0.71875,0.5843487097907776,0.6086956521739131,0.8125,0.48499999999999993,7,32,0,9
2,1:2,40,5,243,195,39,48,65,130,13,26,16,32,5,0.9427146927146925,60,40,20,0.0005,0.0005,0.5,0.9837863270308124,0.9921875,0.875,0.96875,0.921875,0.8581163303210331,0.9032258064516129,0.9375,0.5599999999999999,14,31,1,2
2,1:2,41,1,243,192,39,51,64,128,13,26,17,34,4,0.9945054945054945,60,40,20,0.0005,0.0005,0.5,0.948454447270692,0.9757785467128027,0.5294117647058824,1.0,0.7647058823529411,0.6546536707079772,0.6923076923076924,0.8431372549019608,0.4549999999999999,9,34,0,8
2,1:2,41,2,243,195,39,48,65,130,13,26,16,32,1,1.0,60,40,20,0.0005,0.0005,0.5,0.9774801587301587,0.990234375,1.0,0.0,0.5,0.0,0.5,0.3333333333333333,0.49999999999999994,16,0,32,0
2,1:2,41,3,243,195,39,48,65,130,13,26,16,32,15,0.9945054945054945,60,40,20,0.0005,0.0005,0.5,1.0,1.0,0.5,1.0,0.75,0.6324555320336759,0.6666666666666666,0.8333333333333334,0.49999999999999994,8,32,0,8
2,1:2,41,4,243,195,39,48,65,130,13,26,16,32,20,0.9897435897435896,60,40,20,0.0005,0.0005,0.5,0.9654893207282913,0.98046875,0.9375,0.9375,0.9375,0.8624575450871764,0.9090909090909091,0.9375,0.4599999999999999,15,30,2,1
2,1:2,41,5,243,195,39,48,65,130,13,26,16,32,11,0.9737426035502958,60,40,20,0.0005,0.0005,0.5,0.9524131698274844,0.962890625,0.9375,0.96875,0.953125,0.90625,0.9375,0.9583333333333334,0.5399999999999999,15,31,1,1
2,1:2,42,1,243,192,39,51,64,128,13,26,17,34,6,0.9999999999999998,60,40,20,0.0005,0.0005,0.5,0.9252680447499243,0.9731833910034602,1.0,0.0,0.5,0.0,0.5,0.3333333333333333,0.49499999999999994,17,0,34,0
2,1:2,42,2,243,195,39,48,65,130,13,26,16,32,5,1.0,60,40,20,0.0005,0.0005,0.5,0.9930555555555556,0.99609375,1.0,0.9375,0.96875,0.9128709291752769,0.9411764705882353,0.9583333333333334,0.37499999999999994,16,30,2,0
2,1:2,42,3,243,195,39,48,65,130,13,26,16,32,1,0.9388344561421486,60,40,20,0.0005,0.0005,0.5,0.9963235294117647,0.998046875,1.0,0.0,0.5,0.0,0.5,0.3333333333333333,0.49999999999999994,16,0,32,0
2,1:2,42,4,243,195,39,48,65,130,13,26,16,32,23,1.0,60,40,20,0.0005,0.0005,0.5,0.9380658942350754,0.9609375,1.0,0.0,0.5,0.0,0.5,0.3333333333333333,0.48999999999999994,16,0,32,0
2,1:2,42,5,243,195,39,48,65,130,13,26,16,32,1,1.0,60,40,20,0.0005,0.0005,0.5,1.0,1.0,1.0,1.0,1.0,1.0,1.0,1.0,0.4149999999999999,16,32,0,0
2,1:2,43,1,243,192,39,51,64,128,13,26,17,34,7,0.9945054945054945,60,40,20,0.0005,0.0005,0.5,0.9872721018231856,0.9930795847750864,1.0,0.5294117647058824,0.7647058823529411,0.5222329678670935,0.6799999999999999,0.6862745098039216,0.5199999999999999,17,18,16,0
2,1:2,43,2,243,195,39,48,65,130,13,26,16,32,1,0.9615384615384615,60,40,20,0.0005,0.0005,0.5,0.9963235294117647,0.998046875,0.875,1.0,0.9375,0.9074852129730302,0.9333333333333333,0.9583333333333334,0.4499999999999999,14,32,0,2
2,1:2,43,3,243,195,39,48,65,130,13,26,16,32,20,0.9195637695637695,60,40,20,0.0005,0.0005,0.5,0.9829545454545454,0.98828125,1.0,0.0,0.5,0.0,0.5,0.3333333333333333,0.4799999999999999,16,0,32,0
2,1:2,43,4,243,195,39,48,65,130,13,26,16,32,17,1.0,60,40,20,0.0005,0.0005,0.5,0.96484375,0.966796875,1.0,0.0,0.5,0.0,0.5,0.3333333333333333,0.4549999999999999,16,0,32,0
2,1:2,43,5,243,195,39,48,65,130,13,26,16,32,5,0.9945054945054945,60,40,20,0.0005,0.0005,0.5,0.8229394839229398,0.9423828125,1.0,0.0,0.5,0.0,0.5,0.3333333333333333,0.49999999999999994,16,0,32,0
2,1:2,44,1,243,192,39,51,64,128,13,26,17,34,3,1.0,60,40,20,0.0005,0.0005,0.5,0.976132806063602,0.9878892733564013,1.0,0.0,0.5,0.0,0.5,0.3333333333333333,0.49999999999999994,17,0,34,0
2,1:2,44,2,243,195,39,48,65,130,13,26,16,32,5,0.989010989010989,60,40,20,0.0005,0.0005,0.5,1.0,1.0,1.0,0.59375,0.796875,0.5723514714723391,0.7111111111111111,0.7291666666666666,0.5549999999999999,16,19,13,0
2,1:2,44,3,243,195,39,48,65,130,13,26,16,32,18,1.0,60,40,20,0.0005,0.0005,0.5,0.8954964726134081,0.89453125,1.0,0.0,0.5,0.0,0.5,0.3333333333333333,0.4699999999999999,16,0,32,0
2,1:2,44,4,243,195,39,48,65,130,13,26,16,32,1,0.9647435897435899,60,40,20,0.0005,0.0005,0.5,1.0,1.0,1.0,0.0,0.5,0.0,0.5,0.3333333333333333,0.30999999999999994,16,0,32,0
2,1:2,44,5,243,195,39,48,65,130,13,26,16,32,1,1.0,60,40,20,0.0005,0.0005,0.5,1.0,1.0,1.0,0.6875,0.84375,0.6504436355879909,0.761904761904762,0.7916666666666666,0.49499999999999994,16,22,10,0
2,1:2,45,1,243,192,39,51,64,128,13,26,17,34,37,1.0,60,40,20,0.0005,0.0005,0.5,0.9331915178550583,0.9766435986159169,0.9411764705882353,0.9411764705882353,0.9411764705882353,0.8703882797784892,0.9142857142857143,0.9411764705882353,0.4699999999999999,16,32,2,1
2,1:2,45,2,243,195,39,48,65,130,13,26,16,32,15,0.9897435897435896,60,40,20,0.0005,0.0005,0.5,0.9377953314645124,0.9609375,0.9375,0.625,0.78125,0.5345224838248488,0.6976744186046512,0.7291666666666666,0.42999999999999994,15,20,12,1
2,1:2,45,3,243,195,39,48,65,130,13,26,16,32,24,0.9897435897435898,60,40,20,0.0005,0.0005,0.5,0.9674641330891331,0.984375,1.0,0.0,0.5,0.0,0.5,0.3333333333333333,0.49999999999999994,16,0,32,0
2,1:2,45,4,243,195,39,48,65,130,13,26,16,32,1,0.9503987465525927,60,40,20,0.0005,0.0005,0.5,0.8372422226022769,0.95703125,0.5625,0.96875,0.765625,0.61665481259351,0.6923076923076923,0.8333333333333334,0.48999999999999994,9,31,1,7
2,1:2,45,5,243,195,39,48,65,130,13,26,16,32,1,0.9630769230769229,60,40,20,0.0005,0.0005,0.5,1.0,1.0,1.0,1.0,1.0,1.0,1.0,1.0,0.44499999999999995,16,32,0,0
2,1:2,46,1,243,192,39,51,64,128,13,26,17,34,10,0.9999999999999998,60,40,20,0.0005,0.0005,0.5,1.0,1.0,1.0,0.9705882352941176,0.9852941176470589,0.9574271077563382,0.9714285714285714,0.9803921568627451,0.4549999999999999,17,33,1,0
2,1:2,46,2,243,195,39,48,65,130,13,26,16,32,4,0.9897435897435898,60,40,20,0.0005,0.0005,0.5,0.9658613445378151,0.97265625,0.875,0.9375,0.90625,0.8125,0.875,0.9166666666666666,0.48499999999999993,14,30,2,2
2,1:2,46,3,243,195,39,48,65,130,13,26,16,32,7,0.9999999999999998,60,40,20,0.0005,0.0005,0.5,0.9963235294117647,0.998046875,1.0,0.0,0.5,0.0,0.5,0.3333333333333333,0.49999999999999994,16,0,32,0
2,1:2,46,4,243,195,39,48,65,130,13,26,16,32,2,1.0,60,40,20,0.0005,0.0005,0.5,0.8965927687086409,0.947265625,1.0,0.0,0.5,0.0,0.5,0.3333333333333333,0.48499999999999993,16,0,32,0
2,1:2,46,5,243,195,39,48,65,130,13,26,16,32,1,0.9945054945054945,60,40,20,0.0005,0.0005,0.5,1.0,1.0,1.0,0.90625,0.953125,0.8735890880367281,0.9142857142857143,0.9375,0.5549999999999999,16,29,3,0
2,1:2,47,1,243,192,39,51,64,128,13,26,17,34,1,0.9674927636466097,60,40,20,0.0005,0.0005,0.5,0.9932718185313342,0.9965397923875433,1.0,0.6470588235294118,0.8235294117647058,0.6158817620514397,0.7391304347826086,0.7647058823529411,0.5249999999999999,17,22,12,0
2,1:2,47,2,243,195,39,48,65,130,13,26,16,32,24,1.0,60,40,20,0.0005,0.0005,0.5,0.8785046550671551,0.908203125,1.0,0.0,0.5,0.0,0.5,0.3333333333333333,0.49999999999999994,16,0,32,0
2,1:2,47,3,243,195,39,48,65,130,13,26,16,32,17,0.9412564999103459,60,40,20,0.0005,0.0005,0.5,0.9512036064425771,0.962890625,0.9375,0.90625,0.921875,0.8215838362577492,0.8823529411764706,0.9166666666666666,0.4499999999999999,15,29,3,1
2,1:2,47,4,243,195,39,48,65,130,13,26,16,32,32,0.945636841790688,60,40,20,0.0005,0.0005,0.5,0.9924172794117647,0.99609375,0.875,0.96875,0.921875,0.8581163303210331,0.9032258064516129,0.9375,0.48999999999999994,14,31,1,2
2,1:2,47,5,243,195,39,48,65,130,13,26,16,32,15,0.9677655677655677,60,40,20,0.0005,0.0005,0.5,1.0,1.0,1.0,0.96875,0.984375,0.9548637106322311,0.9696969696969697,0.9791666666666666,0.5299999999999999,16,31,1,0
2,1:2,48,1,243,192,39,51,64,128,13,26,17,34,5,0.9821780783319245,60,40,20,0.0005,0.0005,0.5,1.0,1.0,0.5882352941176471,1.0,0.7941176470588236,0.6984302957695783,0.7407407407407407,0.8627450980392157,0.4799999999999999,10,34,0,7
2,1:2,48,2,243,195,39,48,65,130,13,26,16,32,4,0.9674927636466097,60,40,20,0.0005,0.0005,0.5,0.9142353596957177,0.919921875,1.0,0.0,0.5,0.0,0.5,0.3333333333333333,0.42499999999999993,16,0,32,0
2,1:2,48,3,243,195,39,48,65,130,13,26,16,32,15,0.9999999999999998,60,40,20,0.0005,0.0005,0.5,0.942796710030166,0.962890625,1.0,0.0,0.5,0.0,0.5,0.3333333333333333,0.4599999999999999,16,0,32,0
2,1:2,48,4,243,195,39,48,65,130,13,26,16,32,3,0.9945054945054945,60,40,20,0.0005,0.0005,0.5,0.9924172794117647,0.99609375,1.0,0.0,0.5,0.0,0.5,0.3333333333333333,0.4799999999999999,16,0,32,0
2,1:2,48,5,243,195,39,48,65,130,13,26,16,32,1,1.0,60,40,20,0.0005,0.0005,0.5,1.0,1.0,0.5625,1.0,0.78125,0.6793662204867574,0.72,0.8541666666666666,0.48499999999999993,9,32,0,7
2,1:2,49,1,243,192,39,51,64,128,13,26,17,34,1,0.9821780783319245,60,40,20,0.0005,0.0005,0.5,0.9167422568123715,0.9757785467128027,1.0,0.5588235294117647,0.7794117647058824,0.5448623679425842,0.6938775510204082,0.7058823529411765,0.5299999999999999,17,19,15,0
2,1:2,49,2,243,195,39,48,65,130,13,26,16,32,6,0.9999999999999998,60,40,20,0.0005,0.0005,0.5,0.9786119711042311,0.98828125,0.9375,0.90625,0.921875,0.8215838362577492,0.8823529411764706,0.9166666666666666,0.5549999999999999,15,29,3,1
2,1:2,49,3,243,195,39,48,65,130,13,26,16,32,1,0.9667495965572888,60,40,20,0.0005,0.0005,0.5,1.0,1.0,1.0,1.0,1.0,1.0,1.0,1.0,0.4799999999999999,16,32,0,0
2,1:2,49,4,243,195,39,48,65,130,13,26,16,32,20,0.9079384290922752,60,40,20,0.0005,0.0005,0.5,0.958296130952381,0.966796875,0.9375,0.96875,0.953125,0.90625,0.9375,0.9583333333333334,0.4799999999999999,15,31,1,1
2,1:2,49,5,243,195,39,48,65,130,13,26,16,32,27,0.8773676110214572,60,40,20,0.0005,0.0005,0.5,1.0,1.0,1.0,0.9375,0.96875,0.9128709291752769,0.9411764705882353,0.9583333333333334,0.5199999999999999,16,30,2,0
2,1:2,50,1,243,192,39,51,64,128,13,26,17,34,4,0.9999999999999998,60,40,20,0.0005,0.0005,0.5,0.8361504028459045,0.9394463667820069,1.0,0.0,0.5,0.0,0.5,0.3333333333333333,0.4549999999999999,17,0,34,0
2,1:2,50,2,243,195,39,48,65,130,13,26,16,32,1,0.9999999999999998,60,40,20,0.0005,0.0005,0.5,0.9861111111111112,0.9921875,1.0,0.90625,0.953125,0.8735890880367281,0.9142857142857143,0.9375,0.43999999999999995,16,29,3,0
2,1:2,50,3,243,195,39,48,65,130,13,26,16,32,7,0.8515031976570437,60,40,20,0.0005,0.0005,0.5,1.0,1.0,0.5625,1.0,0.78125,0.6793662204867574,0.72,0.8541666666666666,0.42999999999999994,9,32,0,7
2,1:2,50,4,243,195,39,48,65,130,13,26,16,32,16,1.0,60,40,20,0.0005,0.0005,0.5,0.9837863270308124,0.9931640625,1.0,0.0,0.5,0.0,0.5,0.3333333333333333,0.48999999999999994,16,0,32,0
2,1:2,50,5,243,195,39,48,65,130,13,26,16,32,10,0.8146187146187145,60,40,20,0.0005,0.0005,0.5,0.9930555555555556,0.99609375,1.0,0.71875,0.859375,0.6782329983125268,0.7804878048780487,0.8125,0.5349999999999999,16,23,9,0
5,1:5,1,1,486,384,78,102,64,320,13,65,17,85,11,0.9141577439654363,60,40,20,0.0005,0.0005,0.5,0.8463424553754184,0.9837370242214533,0.35294117647058826,0.9882352941176471,0.6705882352941177,0.5029237823239896,0.5,0.8823529411764706,0.4549999999999999,6,84,1,11
5,1:5,1,2,486,390,78,96,65,325,13,65,16,80,11,0.9999999999999998,60,40,20,0.0005,0.0005,0.5,0.9963235294117647,0.9992187499999999,0.75,1.0,0.875,0.8451542547285166,0.8571428571428571,0.9583333333333334,0.4799999999999999,12,80,0,4
5,1:5,1,3,486,390,78,96,65,325,13,65,16,80,11,0.8697746697746696,60,40,20,0.0005,0.0005,0.5,0.9718137254901962,0.994921875,1.0,0.95,0.975,0.8717797887081347,0.888888888888889,0.9583333333333334,0.5199999999999999,16,76,4,0
5,1:5,1,4,486,390,78,96,65,325,13,65,16,80,16,0.9129140090678551,60,40,20,0.0005,0.0005,0.5,0.7398172003435162,0.96015625,0.5625,0.975,0.76875,0.6288942847493323,0.6666666666666666,0.90625,0.4799999999999999,9,78,2,7
5,1:5,1,5,486,390,78,96,65,325,13,65,16,80,1,0.9885883347421809,60,40,20,0.0005,0.0005,0.5,0.9287414965986394,0.966015625,0.5625,1.0,0.78125,0.7191949522280763,0.72,0.9270833333333334,0.4699999999999999,9,80,0,7
5,1:5,2,1,486,384,78,102,64,320,13,65,17,85,16,0.9855769230769231,60,40,20,0.0005,0.0005,0.5,0.9460387928756409,0.9716262975778546,0.5294117647058824,1.0,0.7647058823529411,0.6956083436402524,0.6923076923076924,0.9215686274509803,0.49999999999999994,9,85,0,8
5,1:5,2,2,486,390,78,96,65,325,13,65,16,80,6,0.9727153188691648,60,40,20,0.0005,0.0005,0.5,0.9618421052631578,0.990234375,0.75,1.0,0.875,0.8451542547285166,0.8571428571428571,0.9583333333333334,0.5049999999999999,12,80,0,4
5,1:5,2,3,486,390,78,96,65,325,13,65,16,80,15,0.9897435897435897,60,40,20,0.0005,0.0005,0.5,0.8559201728246812,0.977734375,1.0,0.0,0.5,0.0,0.2857142857142857,0.16666666666666666,0.4599999999999999,16,0,80,0
5,1:5,2,4,486,390,78,96,65,325,13,65,16,80,18,0.9058524808524808,60,40,20,0.0005,0.0005,0.5,0.9522518382352941,0.9890625,0.625,1.0,0.8125,0.7624928516630234,0.7692307692307693,0.9375,0.5099999999999999,10,80,0,6
5,1:5,2,5,486,390,78,96,65,325,13,65,16,80,4,0.9127325890483784,60,40,20,0.0005,0.0005,0.5,0.9525654390544096,0.99140625,1.0,0.0375,0.51875,0.08032193289024989,0.29357798165137616,0.19791666666666666,0.4599999999999999,16,3,77,0
5,1:5,3,1,486,384,78,102,64,320,13,65,17,85,33,0.9161000889507676,60,40,20,0.0005,0.0005,0.5,0.9440359477124183,0.9768166089965398,0.6470588235294118,1.0,0.8235294117647058,0.7774288420142415,0.7857142857142858,0.9411764705882353,0.5199999999999999,11,85,0,6
5,1:5,3,2,486,390,78,96,65,325,13,65,16,80,5,0.9885883347421808,60,40,20,0.0005,0.0005,0.5,0.9667084141348847,0.99296875,0.6875,0.9875,0.8375,0.7606388292556648,0.7857142857142857,0.9375,0.5199999999999999,11,79,1,5
5,1:5,3,3,486,390,78,96,65,325,13,65,16,80,11,0.9945054945054945,60,40,20,0.0005,0.0005,0.5,0.8677192088956794,0.984765625,1.0,0.95,0.975,0.8717797887081347,0.888888888888889,0.9583333333333334,0.42499999999999993,16,76,4,0
5,1:5,3,4,486,390,78,96,65,325,13,65,16,80,1,0.9821780783319245,60,40,20,0.0005,0.0005,0.5,0.9131775699790405,0.9859374999999999,0.5625,0.9875,0.775,0.6709937094634606,0.6923076923076923,0.9166666666666666,0.59,9,79,1,7
5,1:5,3,5,486,390,78,96,65,325,13,65,16,80,5,0.9595285056823517,60,40,20,0.0005,0.0005,0.5,0.9367117257742258,0.987890625,1.0,0.0,0.5,0.0,0.2857142857142857,0.16666666666666666,0.42499999999999993,16,0,80,0
5,1:5,4,1,486,384,78,102,64,320,13,65,17,85,20,0.9855769230769231,60,40,20,0.0005,0.0005,0.5,0.9376462349645742,0.9743944636678201,0.6470588235294118,0.9882352941176471,0.8176470588235294,0.7348469228349535,0.7586206896551724,0.9313725490196079,0.4749999999999999,11,84,1,6
5,1:5,4,2,486,390,78,96,65,325,13,65,16,80,1,1.0,60,40,20,0.0005,0.0005,0.5,0.9329728566958698,0.93671875,0.9375,0.95,0.94375,0.8301396995150081,0.8571428571428572,0.9479166666666666,0.5349999999999999,15,76,4,1
5,1:5,4,3,486,390,78,96,65,325,13,65,16,80,56,0.8619419042495965,60,40,20,0.0005,0.0005,0.5,0.8744232687247394,0.985546875,1.0,0.975,0.9875,0.9309493362512627,0.9411764705882353,0.9791666666666666,0.49999999999999994,16,78,2,0
5,1:5,4,4,486,390,78,96,65,325,13,65,16,80,8,0.9885883347421809,60,40,20,0.0005,0.0005,0.5,0.9551540758003606,0.9914062499999999,1.0,0.0,0.5,0.0,0.2857142857142857,0.16666666666666666,0.49999999999999994,16,0,80,0
5,1:5,4,5,486,390,78,96,65,325,13,65,16,80,7,0.9999999999999999,60,40,20,0.0005,0.0005,0.5,0.8377438822751322,0.9796874999999999,1.0,0.0,0.5,0.0,0.2857142857142857,0.16666666666666666,0.4749999999999999,16,0,80,0
5,1:5,5,1,486,384,78,102,64,320,13,65,17,85,7,0.9671597633136093,60,40,20,0.0005,0.0005,0.5,0.7408985778381153,0.9660899653979238,0.8823529411764706,0.9529411764705882,0.9176470588235294,0.7995718575326893,0.8333333333333333,0.9411764705882353,0.4549999999999999,15,81,4,2
5,1:5,5,2,486,390,78,96,65,325,13,65,16,80,35,0.8731140654217577,60,40,20,0.0005,0.0005,0.5,0.9775943765664161,0.9953124999999999,1.0,0.9625,0.98125,0.9002923501782483,0.9142857142857143,0.96875,0.5099999999999999,16,77,3,0
5,1:5,5,3,486,390,78,96,65,325,13,65,16,80,3,0.9855769230769229,60,40,20,0.0005,0.0005,0.5,0.9656299840510367,0.99140625,0.625,1.0,0.8125,0.7624928516630234,0.7692307692307693,0.9375,0.5199999999999999,10,80,0,6
5,1:5,5,4,486,390,78,96,65,325,13,65,16,80,15,0.9261571761571761,60,40,20,0.0005,0.0005,0.5,0.9220948064967075,0.9730468750000001,1.0,0.0,0.5,0.0,0.2857142857142857,0.16666666666666666,0.49999999999999994,16,0,80,0
5,1:5,5,5,486,390,78,96,65,325,13,65,16,80,6,0.7003221137836523,60,40,20,0.0005,0.0005,0.5,0.9680884832079686,0.99453125,1.0,0.5625,0.78125,0.42008402520840293,0.47761194029850745,0.6354166666666666,0.42999999999999994,16,45,35,0
5,1:5,6,1,486,384,78,102,64,320,13,65,17,85,1,0.9493927125506072,60,40,20,0.0005,0.0005,0.5,0.9967320261437909,0.9993079584775086,0.9411764705882353,0.9882352941176471,0.9647058823529412,0.9294117647058824,0.9411764705882353,0.9803921568627451,0.5249999999999999,16,84,1,1
5,1:5,6,2,486,390,78,96,65,325,13,65,16,80,1,0.9999999999999998,60,40,20,0.0005,0.0005,0.5,0.7326958880646467,0.8738281250000001,1.0,0.0,0.5,0.0,0.2857142857142857,0.16666666666666666,0.38499999999999995,16,0,80,0
5,1:5,6,3,486,390,78,96,65,325,13,65,16,80,2,0.9329717291255752,60,40,20,0.0005,0.0005,0.5,0.8577379948268106,0.9773437500000001,0.1875,0.9875,0.5875,0.3263766828841098,0.3,0.8541666666666666,0.5049999999999999,3,79,1,13
5,1:5,6,4,486,390,78,96,65,325,13,65,16,80,1,0.9681776556776553,60,40,20,0.0005,0.0005,0.5,0.9392857142857143,0.97109375,0.8125,0.9875,0.9,0.8447418837575273,0.8666666666666666,0.9583333333333334,0.42499999999999993,13,79,1,3
5,1:5,6,5,486,390,78,96,65,325,13,65,16,80,14,0.9566058941058941,60,40,20,0.0005,0.0005,0.5,1.0,0.9999999999999999,1.0,1.0,1.0,1.0,1.0,1.0,0.5049999999999999,16,80,0,0
5,1:5,7,1,486,384,78,102,64,320,13,65,17,85,2,0.9999999999999998,60,40,20,0.0005,0.0005,0.5,0.8279760781317875,0.9467128027681662,0.5294117647058824,0.9764705882352941,0.7529411764705882,0.6078080037565887,0.6428571428571428,0.9019607843137255,0.4149999999999999,9,83,2,8
5,1:5,7,2,486,390,78,96,65,325,13,65,16,80,4,0.9627308588847051,60,40,20,0.0005,0.0005,0.5,0.9332349941724942,0.9851562500000001,0.875,0.9625,0.91875,0.8176205420042794,0.8484848484848485,0.9479166666666666,0.42999999999999994,14,77,3,2
5,1:5,7,3,486,390,78,96,65,325,13,65,16,80,20,0.9681920643459105,60,40,20,0.0005,0.0005,0.5,0.9594135224940179,0.99140625,0.8125,0.9625,0.8875,0.775,0.8125,0.9375,0.44499999999999995,13,77,3,3
5,1:5,7,4,486,390,78,96,65,325,13,65,16,80,19,0.9548831510369971,60,40,20,0.0005,0.0005,0.5,0.9805183531746031,0.99609375,1.0,0.9625,0.98125,0.9002923501782483,0.9142857142857143,0.96875,0.5149999999999999,16,77,3,0
5,1:5,7,5,486,390,78,96,65,325,13,65,16,80,1,0.9885883347421809,60,40,20,0.0005,0.0005,0.5,0.9737703013897867,0.9953124999999999,1.0,0.95,0.975,0.8717797887081347,0.888888888888889,0.9583333333333334,0.4599999999999999,16,76,4,0
5,1:5,8,1,486,384,78,102,64,320,13,65,17,85,10,0.8387992349530812,60,40,20,0.0005,0.0005,0.5,0.8950290664231659,0.986159169550173,1.0,0.8823529411764706,0.9411764705882353,0.7453559924999299,0.7727272727272727,0.9019607843137255,0.5349999999999999,17,75,10,0
5,1:5,8,2,486,390,78,96,65,325,13,65,16,80,19,0.9358974358974359,60,40,20,0.0005,0.0005,0.5,0.9805183531746032,0.99609375,1.0,0.975,0.9875,0.9309493362512627,0.9411764705882353,0.9791666666666666,0.4799999999999999,16,78,2,0
5,1:5,8,3,486,390,78,96,65,325,13,65,16,80,9,0.916910013063859,60,40,20,0.0005,0.0005,0.5,0.7259760484949784,0.947265625,0.5625,0.975,0.76875,0.6288942847493323,0.6666666666666666,0.90625,0.49999999999999994,9,78,2,7
5,1:5,8,4,486,390,78,96,65,325,13,65,16,80,51,0.9345257306795769,60,40,20,0.0005,0.0005,0.5,0.971516106442577,0.994140625,1.0,0.9375,0.96875,0.8451542547285166,0.8648648648648648,0.9479166666666666,0.4749999999999999,16,75,5,0
5,1:5,8,5,486,390,78,96,65,325,13,65,16,80,6,0.9945054945054945,60,40,20,0.0005,0.0005,0.5,0.9926470588235294,0.9984375,0.6875,1.0,0.84375,0.8043996665398436,0.8148148148148148,0.9479166666666666,0.5049999999999999,11,80,0,5
5,1:5,9,1,486,384,78,102,64,320,13,65,17,85,2,0.9885883347421809,60,40,20,0.0005,0.0005,0.5,0.9641507546966481,0.9937716262975779,0.47058823529411764,1.0,0.7352941176470589,0.6523280730534422,0.6399999999999999,0.9117647058823529,0.4799999999999999,8,85,0,9
5,1:5,9,2,486,390,78,96,65,325,13,65,16,80,2,0.9897435897435898,60,40,20,0.0005,0.0005,0.5,0.8149056535569693,0.97578125,1.0,0.0,0.5,0.0,0.2857142857142857,0.16666666666666666,0.4699999999999999,16,0,80,0
5,1:5,9,3,486,390,78,96,65,325,13,65,16,80,49,0.9299450549450547,60,40,20,0.0005,0.0005,0.5,0.9344143907563025,0.9679687499999999,0.5,1.0,0.75,0.674199862463242,0.6666666666666666,0.9166666666666666,0.49999999999999994,8,80,0,8
5,1:5,9,4,486,390,78,96,65,325,13,65,16,80,6,0.8747050183284999,60,40,20,0.0005,0.0005,0.5,0.9794270833333334,0.995703125,0.5625,1.0,0.78125,0.7191949522280763,0.72,0.9270833333333334,0.4749999999999999,9,80,0,7
5,1:5,9,5,486,390,78,96,65,325,13,65,16,80,10,0.9681776556776553,60,40,20,0.0005,0.0005,0.5,0.9148389997944952,0.9875,1.0,0.8875,0.94375,0.7536577472566709,0.7804878048780487,0.90625,0.4599999999999999,16,71,9,0
5,1:5,10,1,486,384,78,102,64,320,13,65,17,85,1,0.9885883347421809,60,40,20,0.0005,0.0005,0.5,0.9562832352192214,0.9927335640138409,1.0,0.5647058823529412,0.7823529411764706,0.4216370213557839,0.4788732394366197,0.6372549019607843,0.5449999999999999,17,48,37,0
5,1:5,10,2,486,390,78,96,65,325,13,65,16,80,3,0.989010989010989,60,40,20,0.0005,0.0005,0.5,0.7832500067334627,0.9488281249999999,0.9375,0.95,0.94375,0.8301396995150081,0.8571428571428572,0.9479166666666666,0.4049999999999999,15,76,4,1
5,1:5,10,3,486,390,78,96,65,325,13,65,16,80,4,0.9945054945054943,60,40,20,0.0005,0.0005,0.5,0.9635690789473684,0.9921875,1.0,0.0,0.5,0.0,0.2857142857142857,0.16666666666666666,0.43499999999999994,16,0,80,0
5,1:5,10,4,486,390,78,96,65,325,13,65,16,80,2,0.8815084488161411,60,40,20,0.0005,0.0005,0.5,0.9875,0.996875,1.0,0.025,0.5125,0.06523280730534423,0.2909090909090909,0.1875,0.5549999999999999,16,2,78,0
5,1:5,10,5,486,390,78,96,65,325,13,65,16,80,4,0.9341880341880342,60,40,20,0.0005,0.0005,0.5,0.8732275911783585,0.9249999999999999,1.0,0.0,0.5,0.0,0.2857142857142857,0.16666666666666666,0.4149999999999999,16,0,80,0
5,1:5,11,1,486,384,78,102,64,320,13,65,17,85,31,0.9000739644970415,60,40,20,0.0005,0.0005,0.5,0.9866310160427807,0.9965397923875433,0.8823529411764706,1.0,0.9411764705882353,0.9284766908852594,0.9375,0.9803921568627451,0.5249999999999999,15,85,0,2
5,1:5,11,2,486,390,78,96,65,325,13,65,16,80,1,0.8896538102420455,60,40,20,0.0005,0.0005,0.5,0.8631819169285307,0.9226562500000001,1.0,0.0,0.5,0.0,0.2857142857142857,0.16666666666666666,0.4649999999999999,16,0,80,0
5,1:5,11,3,486,390,78,96,65,325,13,65,16,80,10,0.9819004524886876,60,40,20,0.0005,0.0005,0.5,0.8507822130355025,0.98046875,1.0,0.9125,0.95625,0.7967324574131847,0.8205128205128205,0.9270833333333334,0.4599999999999999,16,73,7,0
5,1:5,11,4,486,390,78,96,65,325,13,65,16,80,19,0.9662564999103461,60,40,20,0.0005,0.0005,0.5,0.9827786377708978,0.99609375,0.75,1.0,0.875,0.8451542547285166,0.8571428571428571,0.9583333333333334,0.49499999999999994,12,80,0,4
5,1:5,11,5,486,390,78,96,65,325,13,65,16,80,6,0.9945054945054945,60,40,20,0.0005,0.0005,0.5,0.9687386775362319,0.9921875,1.0,0.0,0.5,0.0,0.2857142857142857,0.16666666666666666,0.49999999999999994,16,0,80,0
5,1:5,12,1,486,384,78,102,64,320,13,65,17,85,1,0.9897435897435897,60,40,20,0.0005,0.0005,0.5,0.8494557249747562,0.9840830449826989,0.7058823529411765,0.9882352941176471,0.8470588235294119,0.7757116786991037,0.8000000000000002,0.9411764705882353,0.5299999999999999,12,84,1,5
5,1:5,12,2,486,390,78,96,65,325,13,65,16,80,1,0.9885883347421809,60,40,20,0.0005,0.0005,0.5,0.7999014353701854,0.953515625,0.5,0.975,0.7375,0.5794945672638978,0.6153846153846154,0.8958333333333334,0.5249999999999999,8,78,2,8
5,1:5,12,3,486,390,78,96,65,325,13,65,16,80,8,0.9709114414996767,60,40,20,0.0005,0.0005,0.5,0.9760964912280702,0.99453125,1.0,0.0,0.5,0.0,0.2857142857142857,0.16666666666666666,0.4699999999999999,16,0,80,0
5,1:5,12,4,486,390,78,96,65,325,13,65,16,80,48,0.7879872264487648,60,40,20,0.0005,0.0005,0.5,0.9930555555555556,0.9984375000000001,0.9375,1.0,0.96875,0.9622504486493763,0.967741935483871,0.9895833333333334,0.48999999999999994,15,80,0,1
5,1:5,12,5,486,390,78,96,65,325,13,65,16,80,15,0.850151645739881,60,40,20,0.0005,0.0005,0.5,0.944419642857143,0.988671875,1.0,0.7875,0.89375,0.6179143806533247,0.653061224489796,0.8229166666666666,0.4799999999999999,16,63,17,0
5,1:5,13,1,486,384,78,102,64,320,13,65,17,85,71,0.9542402042402043,60,40,20,0.0005,0.0005,0.5,0.9793829296424452,0.9944636678200692,0.9411764705882353,0.9647058823529412,0.9529411764705882,0.8671413102819306,0.8888888888888888,0.9607843137254902,0.48499999999999993,16,82,3,1
5,1:5,13,2,486,390,78,96,65,325,13,65,16,80,5,0.9514135437212361,60,40,20,0.0005,0.0005,0.5,0.7382973797036296,0.926953125,1.0,0.0,0.5,0.0,0.2857142857142857,0.16666666666666666,0.4599999999999999,16,0,80,0
5,1:5,13,3,486,390,78,96,65,325,13,65,16,80,1,0.9306813069970963,60,40,20,0.0005,0.0005,0.5,0.9153390749057022,0.96484375,0.4375,1.0,0.71875,0.6271032028034078,0.6086956521739131,0.90625,0.6749999999999999,7,80,0,9
5,1:5,13,4,486,390,78,96,65,325,13,65,16,80,13,0.9093538939692787,60,40,20,0.0005,0.0005,0.5,0.9615896358543417,0.9914062499999999,1.0,0.875,0.9375,0.7337993857053428,0.761904761904762,0.8958333333333334,0.48499999999999993,16,70,10,0
5,1:5,13,5,486,390,78,96,65,325,13,65,16,80,16,0.9514652014652014,60,40,20,0.0005,0.0005,0.5,0.9533885796221322,0.990234375,0.9375,0.95,0.94375,0.8301396995150081,0.8571428571428572,0.9479166666666666,0.5299999999999999,15,76,4,1
5,1:5,14,1,486,384,78,102,64,320,13,65,17,85,1,1.0,60,40,20,0.0005,0.0005,0.5,0.9563795441390597,0.9941176470588236,0.7058823529411765,0.9882352941176471,0.8470588235294119,0.7757116786991037,0.8000000000000002,0.9411764705882353,0.5149999999999999,12,84,1,5
5,1:5,14,2,486,390,78,96,65,325,13,65,16,80,35,0.9300678995800947,60,40,20,0.0005,0.0005,0.5,1.0,1.0,0.9375,1.0,0.96875,0.9622504486493763,0.967741935483871,0.9895833333333334,0.5099999999999999,15,80,0,1
5,1:5,14,3,486,390,78,96,65,325,13,65,16,80,25,0.9503987465525927,60,40,20,0.0005,0.0005,0.5,0.9383572567783094,0.9660156249999999,0.9375,0.95,0.94375,0.8301396995150081,0.8571428571428572,0.9479166666666666,0.4649999999999999,15,76,4,1
5,1:5,14,4,486,390,78,96,65,325,13,65,16,80,1,1.0,60,40,20,0.0005,0.0005,0.5,0.7466158065253459,0.972265625,1.0,0.95,0.975,0.8717797887081347,0.888888888888889,0.9583333333333334,0.35999999999999993,16,76,4,0
5,1:5,14,5,486,390,78,96,65,325,13,65,16,80,2,1.0,60,40,20,0.0005,0.0005,0.5,0.9901315789473684,0.9976562499999999,1.0,0.0,0.5,0.0,0.2857142857142857,0.16666666666666666,0.49999999999999994,16,0,80,0
5,1:5,15,1,486,384,78,102,64,320,13,65,17,85,32,0.9730769230769231,60,40,20,0.0005,0.0005,0.5,0.9866713713349118,0.9972318339100347,1.0,0.9764705882352941,0.9882352941176471,0.9347107630311721,0.9444444444444444,0.9803921568627451,0.48499999999999993,17,83,2,0
5,1:5,15,2,486,390,78,96,65,325,13,65,16,80,9,0.9885883347421809,60,40,20,0.0005,0.0005,0.5,0.7461705034852927,0.946875,0.9375,0.9,0.91875,0.7312475978997722,0.7692307692307693,0.90625,0.5149999999999999,15,72,8,1
5,1:5,15,3,486,390,78,96,65,325,13,65,16,80,16,0.8489169175403994,60,40,20,0.0005,0.0005,0.5,0.8220241563991565,0.973828125,0.9375,0.9125,0.925,0.7536968674865036,0.7894736842105263,0.9166666666666666,0.5199999999999999,15,73,7,1
5,1:5,15,4,486,390,78,96,65,325,13,65,16,80,5,0.8494588744588742,60,40,20,0.0005,0.0005,0.5,1.0,1.0,1.0,0.0,0.5,0.0,0.2857142857142857,0.16666666666666666,0.49999999999999994,16,0,80,0
5,1:5,15,5,486,390,78,96,65,325,13,65,16,80,1,0.9607495069033529,60,40,20,0.0005,0.0005,0.5,0.9963235294117647,0.99921875,1.0,0.0,0.5,0.0,0.2857142857142857,0.16666666666666666,0.49999999999999994,16,0,80,0
5,1:5,16,1,486,384,78,102,64,320,13,65,17,85,1,0.9945054945054943,60,40,20,0.0005,0.0005,0.5,0.9938080495356038,0.9986159169550173,1.0,0.9411764705882353,0.9705882352941176,0.8528028654224417,0.8717948717948718,0.9509803921568627,0.48999999999999994,17,80,5,0
5,1:5,16,2,486,390,78,96,65,325,13,65,16,80,37,0.9745879120879121,60,40,20,0.0005,0.0005,0.5,0.9837863270308123,0.9968750000000001,1.0,0.9875,0.99375,0.9640600420647473,0.9696969696969697,0.9895833333333334,0.5549999999999999,16,79,1,0
5,1:5,16,3,486,390,78,96,65,325,13,65,16,80,12,0.8982392607392607,60,40,20,0.0005,0.0005,0.5,0.9519097222222223,0.97578125,0.8125,0.9875,0.9,0.8447418837575273,0.8666666666666666,0.9583333333333334,0.4799999999999999,13,79,1,3
5,1:5,16,4,486,390,78,96,65,325,13,65,16,80,14,0.8946391157929618,60,40,20,0.0005,0.0005,0.5,0.870370525103981,0.9777343749999999,1.0,0.9125,0.95625,0.7967324574131847,0.8205128205128205,0.9270833333333334,0.4749999999999999,16,73,7,0
5,1:5,16,5,486,390,78,96,65,325,13,65,16,80,9,0.9024000572077495,60,40,20,0.0005,0.0005,0.5,0.917096642392695,0.982421875,0.75,0.9875,0.86875,0.8032602704569247,0.8275862068965517,0.9479166666666666,0.5449999999999999,12,79,1,4
5,1:5,17,1,486,384,78,102,64,320,13,65,17,85,14,0.8640867400900845,60,40,20,0.0005,0.0005,0.5,0.8740776307422916,0.9823529411764707,0.5882352941176471,0.9882352941176471,0.7882352941176471,0.6926184228854151,0.7142857142857143,0.9215686274509803,0.5049999999999999,10,84,1,7
5,1:5,17,2,486,390,78,96,65,325,13,65,16,80,9,0.9704231665770127,60,40,20,0.0005,0.0005,0.5,1.0,1.0,1.0,0.0,0.5,0.0,0.2857142857142857,0.16666666666666666,0.49999999999999994,16,0,80,0
5,1:5,17,3,486,390,78,96,65,325,13,65,16,80,8,0.9897435897435898,60,40,20,0.0005,0.0005,0.5,0.977766106442577,0.99453125,0.9375,0.95,0.94375,0.8301396995150081,0.8571428571428572,0.9479166666666666,0.5249999999999999,15,76,4,1
5,1:5,17,4,486,390,78,96,65,325,13,65,16,80,1,0.9787545787545786,60,40,20,0.0005,0.0005,0.5,0.8025763162276319,0.9730468749999999,0.625,0.9875,0.80625,0.716646975644588,0.7407407407407406,0.9270833333333334,0.4699999999999999,10,79,1,6
5,1:5,17,5,486,390,78,96,65,325,13,65,16,80,6,1.0,60,40,20,0.0005,0.0005,0.5,0.9176510280225451,0.9640625,0.9375,0.925,0.93125,0.7775419143502352,0.8108108108108109,0.9270833333333334,0.43999999999999995,15,74,6,1
5,1:5,18,1,486,384,78,102,64,320,13,65,17,85,11,0.9945054945054945,60,40,20,0.0005,0.0005,0.5,0.9539644515423062,0.9923875432525952,1.0,0.9529411764705882,0.9764705882352941,0.8783100656536799,0.8947368421052632,0.9607843137254902,0.4699999999999999,17,81,4,0
5,1:5,18,2,486,390,78,96,65,325,13,65,16,80,5,0.868068043068043,60,40,20,0.0005,0.0005,0.5,0.9178296484217537,0.9828125000000001,0.625,0.975,0.8,0.6761234037828132,0.7142857142857143,0.9166666666666666,0.5599999999999999,10,78,2,6
5,1:5,18,3,486,390,78,96,65,325,13,65,16,80,5,0.9637820512820514,60,40,20,0.0005,0.0005,0.5,0.8526150422290129,0.9859374999999999,1.0,0.0,0.5,0.0,0.2857142857142857,0.16666666666666666,0.37499999999999994,16,0,80,0
5,1:5,18,4,486,390,78,96,65,325,13,65,16,80,1,1.0,60,40,20,0.0005,0.0005,0.5,0.9837863270308124,0.996875,1.0,0.95,0.975,0.8717797887081347,0.888888888888889,0.9583333333333334,0.5099999999999999,16,76,4,0
5,1:5,18,5,486,390,78,96,65,325,13,65,16,80,1,0.9273523485061946,60,40,20,0.0005,0.0005,0.5,0.9507036790780141,0.97421875,0.9375,0.6375,0.7875,0.4300756154038903,0.5,0.6875,0.4799999999999999,15,51,29,1
5,1:5,19,1,486,384,78,102,64,320,13,65,17,85,21,0.9627535925612847,60,40,20,0.0005,0.0005,0.5,0.8692375435022494,0.9664359861591696,0.9411764705882353,0.9764705882352941,0.9588235294117646,0.8970852271450604,0.9142857142857143,0.9705882352941176,0.5199999999999999,16,83,2,1
5,1:5,19,2,486,390,78,96,65,325,13,65,16,80,16,0.9439102564102564,60,40,20,0.0005,0.0005,0.5,0.9476400631102643,0.9894531249999999,1.0,0.9375,0.96875,0.8451542547285166,0.8648648648648648,0.9479166666666666,0.5399999999999999,16,75,5,0
5,1:5,19,3,486,390,78,96,65,325,13,65,16,80,14,1.0,60,40,20,0.0005,0.0005,0.5,0.9695567810457516,0.9937499999999999,0.75,0.975,0.8625,0.7655473321552592,0.7999999999999999,0.9375,0.49499999999999994,12,78,2,4
5,1:5,19,4,486,390,78,96,65,325,13,65,16,80,10,0.9506687756687757,60,40,20,0.0005,0.0005,0.5,0.9649943673121423,0.991796875,0.9375,0.925,0.93125,0.7775419143502352,0.8108108108108109,0.9270833333333334,0.44499999999999995,15,74,6,1
5,1:5,19,5,486,390,78,96,65,325,13,65,16,80,17,0.9796597633136095,60,40,20,0.0005,0.0005,0.5,0.9862253289473684,0.996875,0.9375,0.975,0.95625,0.8908402920345133,0.9090909090909091,0.96875,0.49499999999999994,15,78,2,1
5,1:5,20,1,486,384,78,102,64,320,13,65,17,85,9,0.9607725607725608,60,40,20,0.0005,0.0005,0.5,0.9494202634614217,0.9896193771626298,1.0,0.5647058823529412,0.7823529411764706,0.4216370213557839,0.4788732394366197,0.6372549019607843,0.4649999999999999,17,48,37,0
5,1:5,20,2,486,390,78,96,65,325,13,65,16,80,5,0.9087912087912087,60,40,20,0.0005,0.0005,0.5,0.8933732413419914,0.9617187500000001,0.9375,0.9375,0.9375,0.8029550685469662,0.8333333333333334,0.9375,0.48999999999999994,15,75,5,1
5,1:5,20,3,486,390,78,96,65,325,13,65,16,80,11,0.9553349875930519,60,40,20,0.0005,0.0005,0.5,0.7358078063241107,0.966015625,1.0,0.55,0.775,0.41137667560372115,0.47058823529411764,0.625,0.48999999999999994,16,44,36,0
5,1:5,20,4,486,390,78,96,65,325,13,65,16,80,8,0.9727153188691651,60,40,20,0.0005,0.0005,0.5,1.0,1.0,0.875,1.0,0.9375,0.9239364353597956,0.9333333333333333,0.9791666666666666,0.49999999999999994,14,80,0,2
5,1:5,20,5,486,390,78,96,65,325,13,65,16,80,13,0.9385643014602291,60,40,20,0.0005,0.0005,0.5,0.957617902930403,0.991015625,0.9375,0.95,0.94375,0.8301396995150081,0.8571428571428572,0.9479166666666666,0.4499999999999999,15,76,4,1
5,1:5,21,1,486,384,78,102,64,320,13,65,17,85,9,0.8373014240661298,60,40,20,0.0005,0.0005,0.5,0.8339717536084317,0.9806228373702424,0.7058823529411765,0.9882352941176471,0.8470588235294119,0.7757116786991037,0.8000000000000002,0.9411764705882353,0.48999999999999994,12,84,1,5
5,1:5,21,2,486,390,78,96,65,325,13,65,16,80,8,0.9796597633136094,60,40,20,0.0005,0.0005,0.5,0.9571078431372548,0.97265625,0.9375,0.975,0.95625,0.8908402920345133,0.9090909090909091,0.96875,0.4599999999999999,15,78,2,1
5,1:5,21,3,486,390,78,96,65,325,13,65,16,80,1,0.945299145299145,60,40,20,0.0005,0.0005,0.5,0.8731704151112045,0.9824218749999999,0.9375,0.9625,0.95,0.8593378488473195,0.8823529411764706,0.9583333333333334,0.6699999999999999,15,77,3,1
5,1:5,21,4,486,390,78,96,65,325,13,65,16,80,5,0.8071940978917722,60,40,20,0.0005,0.0005,0.5,0.9963235294117647,0.99921875,1.0,0.6,0.8,0.4472135954999579,0.5,0.6666666666666666,0.4749999999999999,16,48,32,0
5,1:5,21,5,486,390,78,96,65,325,13,65,16,80,25,0.9645011850894203,60,40,20,0.0005,0.0005,0.5,0.9875,0.9968750000000001,0.9375,0.9875,0.9625,0.925,0.9375,0.9791666666666666,0.4599999999999999,15,79,1,1
5,1:5,22,1,486,384,78,102,64,320,13,65,17,85,52,0.9182358182358183,60,40,20,0.0005,0.0005,0.5,0.9872721018231855,0.9972318339100346,0.7058823529411765,1.0,0.8529411764705883,0.816496580927726,0.8275862068965517,0.9509803921568627,0.43499999999999994,12,85,0,5
5,1:5,22,2,486,390,78,96,65,325,13,65,16,80,4,0.9732495069033529,60,40,20,0.0005,0.0005,0.5,0.9051300823359647,0.97890625,1.0,0.0,0.5,0.0,0.2857142857142857,0.16666666666666666,0.49999999999999994,16,0,80,0
5,1:5,22,3,486,390,78,96,65,325,13,65,16,80,10,0.9838264299802759,60,40,20,0.0005,0.0005,0.5,0.9010475380420233,0.9890625,1.0,0.9875,0.99375,0.9640600420647473,0.9696969696969697,0.9895833333333334,0.4749999999999999,16,79,1,0
5,1:5,22,4,486,390,78,96,65,325,13,65,16,80,7,0.9630731259690535,60,40,20,0.0005,0.0005,0.5,0.974537037037037,0.99140625,1.0,0.0,0.5,0.0,0.2857142857142857,0.16666666666666666,0.49999999999999994,16,0,80,0
5,1:5,22,5,486,390,78,96,65,325,13,65,16,80,15,0.9838264299802761,60,40,20,0.0005,0.0005,0.5,0.8765164964178123,0.95625,0.6875,0.975,0.83125,0.7215727853257121,0.7586206896551724,0.9270833333333334,0.5299999999999999,11,78,2,5
5,1:5,23,1,486,384,78,102,64,320,13,65,17,85,4,0.9593684093684094,60,40,20,0.0005,0.0005,0.5,0.9967320261437909,0.9993079584775086,1.0,0.0,0.5,0.0,0.2857142857142857,0.16666666666666666,0.43499999999999994,17,0,85,0
5,1:5,23,2,486,390,78,96,65,325,13,65,16,80,18,0.9158213581290504,60,40,20,0.0005,0.0005,0.5,0.7870364010989012,0.971875,0.9375,0.925,0.93125,0.7775419143502352,0.8108108108108109,0.9270833333333334,0.4699999999999999,15,74,6,1
5,1:5,23,3,486,390,78,96,65,325,13,65,16,80,2,0.9786324786324785,60,40,20,0.0005,0.0005,0.5,0.9186724290780142,0.9679687499999999,1.0,0.0,0.5,0.0,0.2857142857142857,0.16666666666666666,0.49999999999999994,16,0,80,0
5,1:5,23,4,486,390,78,96,65,325,13,65,16,80,1,0.9568376068376068,60,40,20,0.0005,0.0005,0.5,0.9801470588235295,0.9953125,0.75,1.0,0.875,0.8451542547285166,0.8571428571428571,0.9583333333333334,0.5049999999999999,12,80,0,4
5,1:5,23,5,486,390,78,96,65,325,13,65,16,80,7,0.9394097355635815,60,40,20,0.0005,0.0005,0.5,0.9686855005159959,0.9929687500000001,1.0,0.8375,0.91875,0.6797565487122882,0.7111111111111111,0.8645833333333334,0.4499999999999999,16,67,13,0
5,1:5,24,1,486,384,78,102,64,320,13,65,17,85,1,0.8050328756211109,60,40,20,0.0005,0.0005,0.5,0.9938080495356038,0.9986159169550173,1.0,0.0,0.5,0.0,0.2857142857142857,0.16666666666666666,0.4499999999999999,17,0,85,0
5,1:5,24,2,486,390,78,96,65,325,13,65,16,80,1,0.8785036544651927,60,40,20,0.0005,0.0005,0.5,0.916541368149824,0.96875,0.9375,0.9625,0.95,0.8593378488473195,0.8823529411764706,0.9583333333333334,0.42499999999999993,15,77,3,1
5,1:5,24,3,486,390,78,96,65,325,13,65,16,80,5,0.959645055798902,60,40,20,0.0005,0.0005,0.5,0.8432306255835668,0.98359375,0.0625,0.9875,0.525,0.13046561461068845,0.1111111111111111,0.8333333333333334,0.4799999999999999,1,79,1,15
5,1:5,24,4,486,390,78,96,65,325,13,65,16,80,10,0.9230748925870876,60,40,20,0.0005,0.0005,0.5,0.8883009453781512,0.9839843750000001,1.0,0.95,0.975,0.8717797887081347,0.888888888888889,0.9583333333333334,0.5099999999999999,16,76,4,0
5,1:5,24,5,486,390,78,96,65,325,13,65,16,80,13,0.9897435897435898,60,40,20,0.0005,0.0005,0.5,0.9059142593517593,0.965234375,1.0,0.0,0.5,0.0,0.2857142857142857,0.16666666666666666,0.4749999999999999,16,0,80,0
5,1:5,25,1,486,384,78,102,64,320,13,65,17,85,10,0.8685341060504034,60,40,20,0.0005,0.0005,0.5,0.8857871559428654,0.9854671280276817,1.0,0.0,0.5,0.0,0.2857142857142857,0.16666666666666666,0.4599999999999999,17,0,85,0
5,1:5,25,2,486,390,78,96,65,325,13,65,16,80,9,0.9821780783319243,60,40,20,0.0005,0.0005,0.5,0.8085155522274001,0.9578125,0.9375,0.975,0.95625,0.8908402920345133,0.9090909090909091,0.96875,0.4749999999999999,15,78,2,1
5,1:5,25,3,486,390,78,96,65,325,13,65,16,80,25,0.9342948717948718,60,40,20,0.0005,0.0005,0.5,0.8261958527583527,0.980859375,1.0,0.95,0.975,0.8717797887081347,0.888888888888889,0.9583333333333334,0.49999999999999994,16,76,4,0
5,1:5,25,4,486,390,78,96,65,325,13,65,16,80,3,0.9468864468864469,60,40,20,0.0005,0.0005,0.5,0.9963235294117647,0.99921875,1.0,0.0,0.5,0.0,0.2857142857142857,0.16666666666666666,0.39499999999999996,16,0,80,0
5,1:5,25,5,486,390,78,96,65,325,13,65,16,80,5,0.9945054945054945,60,40,20,0.0005,0.0005,0.5,0.9443711180124224,0.9855468749999999,1.0,0.0,0.5,0.0,0.2857142857142857,0.16666666666666666,0.4149999999999999,16,0,80,0
5,1:5,26,1,486,384,78,102,64,320,13,65,17,85,13,1.0,60,40,20,0.0005,0.0005,0.5,0.9255709342560554,0.9370242214532871,1.0,0.0,0.5,0.0,0.2857142857142857,0.16666666666666666,0.4799999999999999,17,0,85,0
5,1:5,26,2,486,390,78,96,65,325,13,65,16,80,10,0.9826711749788672,60,40,20,0.0005,0.0005,0.5,0.9556465327435723,0.9921875000000001,1.0,0.95,0.975,0.8717797887081347,0.888888888888889,0.9583333333333334,0.48499999999999993,16,76,4,0
5,1:5,26,3,486,390,78,96,65,325,13,65,16,80,31,0.9142676767676767,60,40,20,0.0005,0.0005,0.5,0.9851190476190477,0.99609375,1.0,0.8875,0.94375,0.7536577472566709,0.7804878048780487,0.90625,0.4749999999999999,16,71,9,0
5,1:5,26,4,486,390,78,96,65,325,13,65,16,80,43,0.9647435897435896,60,40,20,0.0005,0.0005,0.5,0.9924172794117647,0.9984375,0.875,1.0,0.9375,0.9239364353597956,0.9333333333333333,0.9791666666666666,0.5149999999999999,14,80,0,2
5,1:5,26,5,486,390,78,96,65,325,13,65,16,80,1,0.9524886877828052,60,40,20,0.0005,0.0005,0.5,0.8854658209437621,0.9765625,1.0,0.5625,0.78125,0.42008402520840293,0.47761194029850745,0.6354166666666666,0.635,16,45,35,0
5,1:5,27,1,486,384,78,102,64,320,13,65,17,85,5,0.9693575655114116,60,40,20,0.0005,0.0005,0.5,0.8457663347801756,0.9858131487889273,1.0,0.0,0.5,0.0,0.2857142857142857,0.16666666666666666,0.4599999999999999,17,0,85,0
5,1:5,27,2,486,390,78,96,65,325,13,65,16,80,1,0.9999999999999998,60,40,20,0.0005,0.0005,0.5,0.9209720324610031,0.9874999999999999,1.0,0.6,0.8,0.4472135954999579,0.5,0.6666666666666666,0.635,16,48,32,0
5,1:5,27,3,486,390,78,96,65,325,13,65,16,80,14,0.8602860814399275,60,40,20,0.0005,0.0005,0.5,0.836356609120882,0.951171875,0.875,0.9625,0.91875,0.8176205420042794,0.8484848484848485,0.9479166666666666,0.48999999999999994,14,77,3,2
5,1:5,27,4,486,390,78,96,65,325,13,65,16,80,14,0.7895642369326581,60,40,20,0.0005,0.0005,0.5,0.9558861022555876,0.9937499999999999,1.0,0.975,0.9875,0.9309493362512627,0.9411764705882353,0.9791666666666666,0.48499999999999993,16,78,2,0
5,1:5,27,5,486,390,78,96,65,325,13,65,16,80,8,0.8168630514784361,60,40,20,0.0005,0.0005,0.5,0.9600078661327232,0.990234375,1.0,0.0,0.5,0.0,0.2857142857142857,0.16666666666666666,0.4749999999999999,16,0,80,0
5,1:5,28,1,486,384,78,102,64,320,13,65,17,85,10,0.9897435897435898,60,40,20,0.0005,0.0005,0.5,0.9609943977591037,0.9920415224913495,0.8823529411764706,0.9647058823529412,0.9235294117647059,0.828078671210825,0.8571428571428571,0.9509803921568627,0.4699999999999999,15,82,3,2
5,1:5,28,2,486,390,78,96,65,325,13,65,16,80,40,0.9143858278473662,60,40,20,0.0005,0.0005,0.5,0.9901315789473684,0.99765625,1.0,0.9375,0.96875,0.8451542547285166,0.8648648648648648,0.9479166666666666,0.4499999999999999,16,75,5,0
5,1:5,28,3,486,390,78,96,65,325,13,65,16,80,7,1.0,60,40,20,0.0005,0.0005,0.5,0.951467803030303,0.98671875,1.0,0.0,0.5,0.0,0.2857142857142857,0.16666666666666666,0.4549999999999999,16,0,80,0
5,1:5,28,4,486,390,78,96,65,325,13,65,16,80,24,0.9627535925612849,60,40,20,0.0005,0.0005,0.5,0.9053155269438165,0.986328125,1.0,0.95,0.975,0.8717797887081347,0.888888888888889,0.9583333333333334,0.5349999999999999,16,76,4,0
5,1:5,28,5,486,390,78,96,65,325,13,65,16,80,20,0.989010989010989,60,40,20,0.0005,0.0005,0.5,0.9548703457446809,0.975,0.9375,0.975,0.95625,0.8908402920345133,0.9090909090909091,0.96875,0.49999999999999994,15,78,2,1
5,1:5,29,1,486,384,78,102,64,320,13,65,17,85,14,0.8726664361279746,60,40,20,0.0005,0.0005,0.5,0.9856737793156479,0.9972318339100347,0.5882352941176471,1.0,0.7941176470588236,0.7372097807744857,0.7407407407407407,0.9313725490196079,0.5099999999999999,10,85,0,7
5,1:5,29,2,486,390,78,96,65,325,13,65,16,80,21,0.9999999999999999,60,40,20,0.0005,0.0005,0.5,0.8516270902300315,0.972265625,0.8125,0.9375,0.875,0.7161148740394329,0.7647058823529411,0.9166666666666666,0.5299999999999999,13,75,5,3
5,1:5,29,3,486,390,78,96,65,325,13,65,16,80,25,0.892152292152292,60,40,20,0.0005,0.0005,0.5,0.9930555555555556,0.998828125,0.75,1.0,0.875,0.8451542547285166,0.8571428571428571,0.9583333333333334,0.5049999999999999,12,80,0,4
5,1:5,29,4,486,390,78,96,65,325,13,65,16,80,11,0.9042315590392513,60,40,20,0.0005,0.0005,0.5,0.9344396412411118,0.984765625,0.9375,0.9,0.91875,0.7312475978997722,0.7692307692307693,0.90625,0.48499999999999993,15,72,8,1
5,1:5,29,5,486,390,78,96,65,325,13,65,16,80,1,0.9701923076923076,60,40,20,0.0005,0.0005,0.5,0.8293060137536882,0.962890625,0.9375,0.9625,0.95,0.8593378488473195,0.8823529411764706,0.9583333333333334,0.5099999999999999,15,77,3,1
5,1:5,30,1,486,384,78,102,64,320,13,65,17,85,7,0.9452991452991453,60,40,20,0.0005,0.0005,0.5,0.8516373908674947,0.9871972318339101,1.0,0.0,0.5,0.0,0.2857142857142857,0.16666666666666666,0.4499999999999999,17,0,85,0
5,1:5,30,2,486,390,78,96,65,325,13,65,16,80,42,0.8686147186147186,60,40,20,0.0005,0.0005,0.5,0.9775943765664161,0.9957031249999999,0.9375,0.9875,0.9625,0.925,0.9375,0.9791666666666666,0.5049999999999999,15,79,1,1
5,1:5,30,3,486,390,78,96,65,325,13,65,16,80,17,0.962730858884705,60,40,20,0.0005,0.0005,0.5,0.9790482954545454,0.9945312500000001,0.875,1.0,0.9375,0.9239364353597956,0.9333333333333333,0.9791666666666666,0.48999999999999994,14,80,0,2
5,1:5,30,4,486,390,78,96,65,325,13,65,16,80,7,0.834408326716019,60,40,20,0.0005,0.0005,0.5,0.9329525321925504,0.9624999999999999,0.875,0.9625,0.91875,0.8176205420042794,0.8484848484848485,0.9479166666666666,0.5149999999999999,14,77,3,2
5,1:5,30,5,486,390,78,96,65,325,13,65,16,80,28,0.9206205559146734,60,40,20,0.0005,0.0005,0.5,0.9128774003774004,0.9871093750000001,0.8125,0.975,0.89375,0.808290376865476,0.8387096774193549,0.9479166666666666,0.5049999999999999,13,78,2,3
5,1:5,31,1,486,384,78,102,64,320,13,65,17,85,9,0.9897435897435898,60,40,20,0.0005,0.0005,0.5,0.9932718185313341,0.9986159169550173,1.0,0.0,0.5,0.0,0.2857142857142857,0.16666666666666666,0.49999999999999994,17,0,85,0
5,1:5,31,2,486,390,78,96,65,325,13,65,16,80,1,0.8846708846708846,60,40,20,0.0005,0.0005,0.5,0.9837863270308124,0.996875,0.6875,1.0,0.84375,0.8043996665398436,0.8148148148148148,0.9479166666666666,0.49499999999999994,11,80,0,5
5,1:5,31,3,486,390,78,96,65,325,13,65,16,80,5,0.954807692307692,60,40,20,0.0005,0.0005,0.5,0.8967672441937148,0.984765625,1.0,0.875,0.9375,0.7337993857053428,0.761904761904762,0.8958333333333334,0.4749999999999999,16,70,10,0
5,1:5,31,4,486,390,78,96,65,325,13,65,16,80,1,0.9945054945054945,60,40,20,0.0005,0.0005,0.5,0.740324213432766,0.9476562500000001,0.9375,0.8875,0.9125,0.7100469468046932,0.75,0.8958333333333334,0.39499999999999996,15,71,9,1
5,1:5,31,5,486,390,78,96,65,325,13,65,16,80,4,0.8634861932938857,60,40,20,0.0005,0.0005,0.5,0.883739957958708,0.9734375,0.8125,0.9625,0.8875,0.775,0.8125,0.9375,0.37999999999999995,13,77,3,3
5,1:5,32,1,486,384,78,102,64,320,13,65,17,85,15,0.9759832927253742,60,40,20,0.0005,0.0005,0.5,0.969703670942061,0.9930795847750865,1.0,0.0,0.5,0.0,0.2857142857142857,0.16666666666666666,0.4749999999999999,17,0,85,0
5,1:5,32,2,486,390,78,96,65,325,13,65,16,80,1,0.9999999999999998,60,40,20,0.0005,0.0005,0.5,0.9007665945165946,0.985546875,1.0,0.95,0.975,0.8717797887081347,0.888888888888889,0.9583333333333334,0.5549999999999999,16,76,4,0
5,1:5,32,3,486,390,78,96,65,325,13,65,16,80,1,1.0,60,40,20,0.0005,0.0005,0.5,0.8919969787157287,0.978125,1.0,0.0,0.5,0.0,0.2857142857142857,0.16666666666666666,0.49999999999999994,16,0,80,0
5,1:5,32,4,486,390,78,96,65,325,13,65,16,80,2,0.9855769230769227,60,40,20,0.0005,0.0005,0.5,0.9545443272005771,0.993359375,1.0,0.0,0.5,0.0,0.2857142857142857,0.16666666666666666,0.33499999999999996,16,0,80,0
5,1:5,32,5,486,390,78,96,65,325,13,65,16,80,1,0.9594388517465441,60,40,20,0.0005,0.0005,0.5,0.8960808052034374,0.9546875,1.0,0.0,0.5,0.0,0.2857142857142857,0.16666666666666666,0.49999999999999994,16,0,80,0
5,1:5,33,1,486,384,78,102,64,320,13,65,17,85,8,0.8438358649897112,60,40,20,0.0005,0.0005,0.5,0.9938080495356039,0.9986159169550173,1.0,0.9764705882352941,0.9882352941176471,0.9347107630311721,0.9444444444444444,0.9803921568627451,0.5099999999999999,17,83,2,0
5,1:5,33,2,486,390,78,96,65,325,13,65,16,80,35,0.8215486436640281,60,40,20,0.0005,0.0005,0.5,0.9054617257742258,0.9859375,0.9375,0.9625,0.95,0.8593378488473195,0.8823529411764706,0.9583333333333334,0.5099999999999999,15,77,3,1
5,1:5,33,3,486,390,78,96,65,325,13,65,16,80,28,0.7611258490554726,60,40,20,0.0005,0.0005,0.5,0.9091847490744549,0.9820312499999999,0.9375,0.9375,0.9375,0.8029550685469662,0.8333333333333334,0.9375,0.4599999999999999,15,75,5,1
5,1:5,33,4,486,390,78,96,65,325,13,65,16,80,12,0.8646103896103896,60,40,20,0.0005,0.0005,0.5,0.7530113116050615,0.9714843750000001,1.0,0.8625,0.93125,0.7149203529842406,0.7441860465116279,0.8854166666666666,0.49499999999999994,16,69,11,0
5,1:5,33,5,486,390,78,96,65,325,13,65,16,80,24,1.0,60,40,20,0.0005,0.0005,0.5,0.8287110002570529,0.9546875,0.8125,0.975,0.89375,0.808290376865476,0.8387096774193549,0.9479166666666666,0.5149999999999999,13,78,2,3
5,1:5,34,1,486,384,78,102,64,320,13,65,17,85,33,0.9745879120879122,60,40,20,0.0005,0.0005,0.5,0.9911764705882353,0.997923875432526,0.8823529411764706,1.0,0.9411764705882353,0.9284766908852594,0.9375,0.9803921568627451,0.585,15,85,0,2
5,1:5,34,2,486,390,78,96,65,325,13,65,16,80,6,0.989010989010989,60,40,20,0.0005,0.0005,0.5,0.9314499484004128,0.983984375,0.9375,0.9125,0.925,0.7536968674865036,0.7894736842105263,0.9166666666666666,0.5399999999999999,15,73,7,1
5,1:5,34,3,486,390,78,96,65,325,13,65,16,80,39,0.9897435897435897,60,40,20,0.0005,0.0005,0.5,0.9444539835164836,0.96953125,0.9375,0.9875,0.9625,0.925,0.9375,0.9791666666666666,0.49999999999999994,15,79,1,1
5,1:5,34,4,486,390,78,96,65,325,13,65,16,80,13,0.9821780783319245,60,40,20,0.0005,0.0005,0.5,0.9664641203703703,0.990625,0.6875,1.0,0.84375,0.8043996665398436,0.8148148148148148,0.9479166666666666,0.5099999999999999,11,80,0,5
5,1:5,34,5,486,390,78,96,65,325,13,65,16,80,7,0.9999999999999998,60,40,20,0.0005,0.0005,0.5,0.9797149122807017,0.9953125,0.5625,1.0,0.78125,0.7191949522280763,0.72,0.9270833333333334,0.5499999999999999,9,80,0,7
5,1:5,35,1,486,384,78,102,64,320,13,65,17,85,27,0.9131934305011227,60,40,20,0.0005,0.0005,0.5,0.9077572324476348,0.9657439446366783,0.9411764705882353,0.9529411764705882,0.9470588235294117,0.8392795981688338,0.8648648648648648,0.9509803921568627,0.4799999999999999,16,81,4,1
5,1:5,35,2,486,390,78,96,65,325,13,65,16,80,14,0.9945054945054943,60,40,20,0.0005,0.0005,0.5,0.9963235294117647,0.9992187499999999,1.0,0.0,0.5,0.0,0.2857142857142857,0.16666666666666666,0.49999999999999994,16,0,80,0
5,1:5,35,3,486,390,78,96,65,325,13,65,16,80,10,1.0,60,40,20,0.0005,0.0005,0.5,0.7582512973137973,0.967578125,1.0,0.575,0.7875,0.4289522117905444,0.48484848484848486,0.6458333333333334,0.5149999999999999,16,46,34,0
5,1:5,35,4,486,390,78,96,65,325,13,65,16,80,24,0.8512166540030317,60,40,20,0.0005,0.0005,0.5,0.905347032461003,0.9890625000000001,1.0,0.0,0.5,0.0,0.2857142857142857,0.16666666666666666,0.49999999999999994,16,0,80,0
5,1:5,35,5,486,390,78,96,65,325,13,65,16,80,2,0.9723443223443222,60,40,20,0.0005,0.0005,0.5,0.9340544517402103,0.986328125,0.625,1.0,0.8125,0.7624928516630234,0.7692307692307693,0.9375,0.37999999999999995,10,80,0,6
5,1:5,36,1,486,384,78,102,64,320,13,65,17,85,10,0.9674927636466095,60,40,20,0.0005,0.0005,0.5,0.8859256923308374,0.9816608996539793,1.0,0.7058823529411765,0.8529411764705883,0.5345224838248488,0.576271186440678,0.7549019607843137,0.5449999999999999,17,60,25,0
5,1:5,36,2,486,390,78,96,65,325,13,65,16,80,30,0.7831310811285779,60,40,20,0.0005,0.0005,0.5,0.9552617521367521,0.9921875000000001,1.0,0.9625,0.98125,0.9002923501782483,0.9142857142857143,0.96875,0.48999999999999994,16,77,3,0
5,1:5,36,3,486,390,78,96,65,325,13,65,16,80,21,1.0,60,40,20,0.0005,0.0005,0.5,0.9777661064425771,0.9945312500000001,0.9375,0.975,0.95625,0.8908402920345133,0.9090909090909091,0.96875,0.49499999999999994,15,78,2,1
5,1:5,36,4,486,390,78,96,65,325,13,65,16,80,9,1.0,60,40,20,0.0005,0.0005,0.5,0.9476089015151515,0.9683593749999999,1.0,0.0,0.5,0.0,0.2857142857142857,0.16666666666666666,0.49999999999999994,16,0,80,0
5,1:5,36,5,486,390,78,96,65,325,13,65,16,80,1,0.9468864468864469,60,40,20,0.0005,0.0005,0.5,0.9324303657943364,0.98828125,1.0,0.6375,0.81875,0.4760952285695233,0.5245901639344263,0.6979166666666666,0.49999999999999994,16,51,29,0
5,1:5,37,1,486,384,78,102,64,320,13,65,17,85,10,0.9821780783319245,60,40,20,0.0005,0.0005,0.5,0.9199959740981414,0.9650519031141869,0.6470588235294118,1.0,0.8235294117647058,0.7774288420142415,0.7857142857142858,0.9411764705882353,0.4649999999999999,11,85,0,6
5,1:5,37,2,486,390,78,96,65,325,13,65,16,80,9,0.9501039501039501,60,40,20,0.0005,0.0005,0.5,0.8115473261903215,0.9718749999999999,0.5625,0.9625,0.7625,0.5916079783099616,0.6428571428571429,0.8958333333333334,0.4799999999999999,9,77,3,7
5,1:5,37,3,486,390,78,96,65,325,13,65,16,80,22,0.9945054945054945,60,40,20,0.0005,0.0005,0.5,0.8058627815421294,0.973046875,1.0,0.85,0.925,0.6969320524371696,0.7272727272727273,0.875,0.48499999999999993,16,68,12,0
5,1:5,37,4,486,390,78,96,65,325,13,65,16,80,7,0.944105894105894,60,40,20,0.0005,0.0005,0.5,0.9090695252459958,0.987890625,1.0,0.0,0.5,0.0,0.2857142857142857,0.16666666666666666,0.44499999999999995,16,0,80,0
5,1:5,37,5,486,390,78,96,65,325,13,65,16,80,12,0.9945054945054945,60,40,20,0.0005,0.0005,0.5,0.9963235294117647,0.99921875,0.5,1.0,0.75,0.674199862463242,0.6666666666666666,0.9166666666666666,0.5399999999999999,8,80,0,8
5,1:5,38,1,486,384,78,102,64,320,13,65,17,85,21,0.849778589936961,60,40,20,0.0005,0.0005,0.5,0.9527215767700197,0.9910034602076123,0.8235294117647058,0.9764705882352941,0.8999999999999999,0.8198127976897006,0.8484848484848485,0.9509803921568627,0.48499999999999993,14,83,2,3
5,1:5,38,2,486,390,78,96,65,325,13,65,16,80,7,0.989010989010989,60,40,20,0.0005,0.0005,0.5,0.892501116390919,0.965234375,1.0,0.0,0.5,0.0,0.2857142857142857,0.16666666666666666,0.4699999999999999,16,0,80,0
5,1:5,38,3,486,390,78,96,65,325,13,65,16,80,14,0.9598051521128443,60,40,20,0.0005,0.0005,0.5,1.0,1.0,1.0,0.8625,0.93125,0.7149203529842406,0.7441860465116279,0.8854166666666666,0.49999999999999994,16,69,11,0
5,1:5,38,4,486,390,78,96,65,325,13,65,16,80,5,0.947467166979362,60,40,20,0.0005,0.0005,0.5,0.9508928571428572,0.9773437500000001,1.0,0.0,0.5,0.0,0.2857142857142857,0.16666666666666666,0.49999999999999994,16,0,80,0
5,1:5,38,5,486,390,78,96,65,325,13,65,16,80,4,0.939193159781395,60,40,20,0.0005,0.0005,0.5,0.8775252525252525,0.97890625,0.8125,0.9625,0.8875,0.775,0.8125,0.9375,0.4749999999999999,13,77,3,3
5,1:5,39,1,486,384,78,102,64,320,13,65,17,85,11,0.9415500072160485,60,40,20,0.0005,0.0005,0.5,0.8949703410776075,0.982006920415225,0.7647058823529411,0.9764705882352941,0.8705882352941177,0.7799204203436179,0.8125,0.9411764705882353,0.5149999999999999,13,83,2,4
5,1:5,39,2,486,390,78,96,65,325,13,65,16,80,13,0.9330012093169986,60,40,20,0.0005,0.0005,0.5,0.9477941176470588,0.978125,0.9375,0.9625,0.95,0.8593378488473195,0.8823529411764706,0.9583333333333334,0.4749999999999999,15,77,3,1
5,1:5,39,3,486,390,78,96,65,325,13,65,16,80,15,0.9819004524886878,60,40,20,0.0005,0.0005,0.5,0.9963235294117647,0.9992187499999999,1.0,0.9375,0.96875,0.8451542547285166,0.8648648648648648,0.9479166666666666,0.4099999999999999,16,75,5,0
5,1:5,39,4,486,390,78,96,65,325,13,65,16,80,21,0.9855769230769231,60,40,20,0.0005,0.0005,0.5,0.8979122996886154,0.975390625,0.625,0.975,0.8,0.6761234037828132,0.7142857142857143,0.9166666666666666,0.49999999999999994,10,78,2,6
5,1:5,39,5,486,390,78,96,65,325,13,65,16,80,3,0.9697913422609779,60,40,20,0.0005,0.0005,0.5,0.8780356020076414,0.98671875,0.9375,0.9875,0.9625,0.925,0.9375,0.9791666666666666,0.5299999999999999,15,79,1,1
5,1:5,40,1,486,384,78,102,64,320,13,65,17,85,31,0.9146520146520147,60,40,20,0.0005,0.0005,0.5,0.9769472117655509,0.995847750865052,1.0,0.9882352941176471,0.9941176470588236,0.9660917830792959,0.9714285714285714,0.9901960784313726,0.5149999999999999,17,84,1,0
5,1:5,40,2,486,390,78,96,65,325,13,65,16,80,19,0.9826007326007327,60,40,20,0.0005,0.0005,0.5,0.9755482456140351,0.994921875,0.9375,0.9625,0.95,0.8593378488473195,0.8823529411764706,0.9583333333333334,0.5399999999999999,15,77,3,1
5,1:5,40,3,486,390,78,96,65,325,13,65,16,80,6,0.9885883347421809,60,40,20,0.0005,0.0005,0.5,0.9820586622807017,0.996484375,0.5625,1.0,0.78125,0.7191949522280763,0.72,0.9270833333333334,0.5099999999999999,9,80,0,7
5,1:5,40,4,486,390,78,96,65,325,13,65,16,80,1,1.0,60,40,20,0.0005,0.0005,0.5,0.9509803921568627,0.9734375,0.625,1.0,0.8125,0.7624928516630234,0.7692307692307693,0.9375,0.3499999999999999,10,80,0,6
5,1:5,40,5,486,390,78,96,65,325,13,65,16,80,3,0.9745879120879122,60,40,20,0.0005,0.0005,0.5,0.7367465322452744,0.962109375,0.375,0.975,0.675,0.47193990372426947,0.5,0.875,0.5199999999999999,6,78,2,10
5,1:5,41,1,486,384,78,102,64,320,13,65,17,85,16,0.9172180383718844,60,40,20,0.0005,0.0005,0.5,0.9468452721321051,0.9906574394463667,0.8235294117647058,0.9882352941176471,0.9058823529411765,0.8541985556144386,0.8749999999999999,0.9607843137254902,0.48999999999999994,14,84,1,3
5,1:5,41,2,486,390,78,96,65,325,13,65,16,80,1,0.9787545787545786,60,40,20,0.0005,0.0005,0.5,0.9494321741854637,0.98984375,0.1875,1.0,0.59375,0.4016096644512494,0.3157894736842105,0.8645833333333334,0.37499999999999994,3,80,0,13
5,1:5,41,3,486,390,78,96,65,325,13,65,16,80,11,0.9263190680611495,60,40,20,0.0005,0.0005,0.5,0.9145638062917475,0.9625,1.0,0.0,0.5,0.0,0.2857142857142857,0.16666666666666666,0.49999999999999994,16,0,80,0
5,1:5,41,4,486,390,78,96,65,325,13,65,16,80,28,0.926569382034969,60,40,20,0.0005,0.0005,0.5,0.8522337037962038,0.9832031250000001,1.0,0.95,0.975,0.8717797887081347,0.888888888888889,0.9583333333333334,0.48499999999999993,16,76,4,0
5,1:5,41,5,486,390,78,96,65,325,13,65,16,80,39,0.7771085851139519,60,40,20,0.0005,0.0005,0.5,0.8205135233918128,0.977734375,1.0,0.95,0.975,0.8717797887081347,0.888888888888889,0.9583333333333334,0.48999999999999994,16,76,4,0
5,1:5,42,1,486,384,78,102,64,320,13,65,17,85,2,0.974587912087912,60,40,20,0.0005,0.0005,0.5,0.9476620834092151,0.970242214532872,0.8235294117647058,0.9882352941176471,0.9058823529411765,0.8541985556144386,0.8749999999999999,0.9607843137254902,0.62,14,84,1,3
5,1:5,42,2,486,390,78,96,65,325,13,65,16,80,32,0.9819004524886877,60,40,20,0.0005,0.0005,0.5,0.9353289265344219,0.988671875,0.5625,0.9875,0.775,0.6709937094634606,0.6923076923076923,0.9166666666666666,0.49999999999999994,9,79,1,7
5,1:5,42,3,486,390,78,96,65,325,13,65,16,80,1,0.9897435897435898,60,40,20,0.0005,0.0005,0.5,0.9901315789473684,0.99765625,0.9375,0.9625,0.95,0.8593378488473195,0.8823529411764706,0.9583333333333334,0.62,15,77,3,1
5,1:5,42,4,486,390,78,96,65,325,13,65,16,80,21,0.9055269516807978,60,40,20,0.0005,0.0005,0.5,0.9819444444444445,0.99609375,0.625,1.0,0.8125,0.7624928516630234,0.7692307692307693,0.9375,0.49999999999999994,10,80,0,6
5,1:5,42,5,486,390,78,96,65,325,13,65,16,80,5,0.9945054945054945,60,40,20,0.0005,0.0005,0.5,0.9210445804195804,0.9796875,0.625,1.0,0.8125,0.7624928516630234,0.7692307692307693,0.9375,0.44499999999999995,10,80,0,6
5,1:5,43,1,486,384,78,102,64,320,13,65,17,85,6,0.9434755527872936,60,40,20,0.0005,0.0005,0.5,0.9840397923875432,0.9965397923875433,0.7647058823529411,1.0,0.8823529411764706,0.8545976121261312,0.8666666666666666,0.9607843137254902,0.5449999999999999,13,85,0,4
5,1:5,43,2,486,390,78,96,65,325,13,65,16,80,17,1.0,60,40,20,0.0005,0.0005,0.5,0.9655916132478632,0.9937499999999999,1.0,0.975,0.9875,0.9309493362512627,0.9411764705882353,0.9791666666666666,0.5449999999999999,16,78,2,0
5,1:5,43,3,486,390,78,96,65,325,13,65,16,80,1,1.0,60,40,20,0.0005,0.0005,0.5,0.974537037037037,0.9914062499999999,1.0,0.625,0.8125,0.4662524041201569,0.5161290322580645,0.6875,0.4099999999999999,16,50,30,0
5,1:5,43,4,486,390,78,96,65,325,13,65,16,80,2,1.0,60,40,20,0.0005,0.0005,0.5,0.948822463768116,0.9742187499999999,0.4375,1.0,0.71875,0.6271032028034078,0.6086956521739131,0.90625,0.4799999999999999,7,80,0,9
5,1:5,43,5,486,390,78,96,65,325,13,65,16,80,1,0.9625800293221107,60,40,20,0.0005,0.0005,0.5,0.9585095551378446,0.99140625,1.0,0.9625,0.98125,0.9002923501782483,0.9142857142857143,0.96875,0.5499999999999999,16,77,3,0
5,1:5,44,1,486,384,78,102,64,320,13,65,17,85,8,0.8070005660503399,60,40,20,0.0005,0.0005,0.5,0.7960810527419524,0.9726643598615917,1.0,0.8941176470588236,0.9470588235294117,0.7646014547562571,0.7906976744186047,0.9117647058823529,0.5099999999999999,17,76,9,0
5,1:5,44,2,486,390,78,96,65,325,13,65,16,80,17,0.9474671669793621,60,40,20,0.0005,0.0005,0.5,0.8367227390664891,0.973828125,1.0,0.0,0.5,0.0,0.2857142857142857,0.16666666666666666,0.49999999999999994,16,0,80,0
5,1:5,44,3,486,390,78,96,65,325,13,65,16,80,26,0.9645011850894203,60,40,20,0.0005,0.0005,0.5,0.9397425236120089,0.9921875,1.0,0.975,0.9875,0.9309493362512627,0.9411764705882353,0.9791666666666666,0.48499999999999993,16,78,2,0
5,1:5,44,4,486,390,78,96,65,325,13,65,16,80,1,0.9301120887659349,60,40,20,0.0005,0.0005,0.5,0.9387562957875458,0.97578125,1.0,0.0,0.5,0.0,0.2857142857142857,0.16666666666666666,0.49999999999999994,16,0,80,0
5,1:5,44,5,486,390,78,96,65,325,13,65,16,80,2,0.9665158371040723,60,40,20,0.0005,0.0005,0.5,0.9343583244778098,0.9921875,1.0,0.9625,0.98125,0.9002923501782483,0.9142857142857143,0.96875,0.39499999999999996,16,77,3,0
5,1:5,45,1,486,384,78,102,64,320,13,65,17,85,6,0.9301301262839723,60,40,20,0.0005,0.0005,0.5,0.9273714213001228,0.9833910034602077,0.6470588235294118,1.0,0.8235294117647058,0.7774288420142415,0.7857142857142858,0.9411764705882353,0.44499999999999995,11,85,0,6
5,1:5,45,2,486,390,78,96,65,325,13,65,16,80,36,0.8746070169147091,60,40,20,0.0005,0.0005,0.5,0.9177931188501041,0.990625,1.0,0.9375,0.96875,0.8451542547285166,0.8648648648648648,0.9479166666666666,0.4799999999999999,16,75,5,0
5,1:5,45,3,486,390,78,96,65,325,13,65,16,80,11,0.9566544566544566,60,40,20,0.0005,0.0005,0.5,0.8690893665158371,0.9871093750000001,1.0,0.975,0.9875,0.9309493362512627,0.9411764705882353,0.9791666666666666,0.5199999999999999,16,78,2,0
5,1:5,45,4,486,390,78,96,65,325,13,65,16,80,10,0.9165922752461213,60,40,20,0.0005,0.0005,0.5,0.8913652467565973,0.96875,0.9375,0.9625,0.95,0.8593378488473195,0.8823529411764706,0.9583333333333334,0.5349999999999999,15,77,3,1
5,1:5,45,5,486,390,78,96,65,325,13,65,16,80,7,0.945731191885038,60,40,20,0.0005,0.0005,0.5,0.8983274537962038,0.9875,1.0,0.9125,0.95625,0.7967324574131847,0.8205128205128205,0.9270833333333334,0.49499999999999994,16,73,7,0
5,1:5,46,1,486,384,78,102,64,320,13,65,17,85,2,0.9999999999999999,60,40,20,0.0005,0.0005,0.5,0.9361843078106054,0.9626297577854671,0.5294117647058824,1.0,0.7647058823529411,0.6956083436402524,0.6923076923076924,0.9215686274509803,0.5199999999999999,9,85,0,8
5,1:5,46,2,486,390,78,96,65,325,13,65,16,80,2,0.9945054945054945,60,40,20,0.0005,0.0005,0.5,0.8053783426325996,0.97265625,0.9375,0.9,0.91875,0.7312475978997722,0.7692307692307693,0.90625,0.43999999999999995,15,72,8,1
5,1:5,46,3,486,390,78,96,65,325,13,65,16,80,9,0.9344312550194902,60,40,20,0.0005,0.0005,0.5,0.9963235294117647,0.99921875,1.0,0.0,0.5,0.0,0.2857142857142857,0.16666666666666666,0.49999999999999994,16,0,80,0
5,1:5,46,4,486,390,78,96,65,325,13,65,16,80,3,0.9681920643459103,60,40,20,0.0005,0.0005,0.5,0.9930555555555556,0.9984375,1.0,0.0,0.5,0.0,0.2857142857142857,0.16666666666666666,0.49999999999999994,16,0,80,0
5,1:5,46,5,486,390,78,96,65,325,13,65,16,80,23,0.9681776556776556,60,40,20,0.0005,0.0005,0.5,0.9437801781551781,0.9894531249999999,1.0,0.9375,0.96875,0.8451542547285166,0.8648648648648648,0.9479166666666666,0.4699999999999999,16,75,5,0
5,1:5,47,1,486,384,78,102,64,320,13,65,17,85,1,0.9501039501039499,60,40,20,0.0005,0.0005,0.5,0.9502769625606997,0.9910034602076124,0.29411764705882354,1.0,0.6470588235294118,0.5076730825668095,0.45454545454545453,0.8823529411764706,0.3,5,85,0,12
5,1:5,47,2,486,390,78,96,65,325,13,65,16,80,1,0.8841308264385186,60,40,20,0.0005,0.0005,0.5,0.8035538526352826,0.95703125,0.6875,0.9875,0.8375,0.7606388292556648,0.7857142857142857,0.9375,0.5349999999999999,11,79,1,5
5,1:5,47,3,486,390,78,96,65,325,13,65,16,80,51,0.9503987465525927,60,40,20,0.0005,0.0005,0.5,0.9337970637893238,0.9890625000000001,0.9375,0.9625,0.95,0.8593378488473195,0.8823529411764706,0.9583333333333334,0.49999999999999994,15,77,3,1
5,1:5,47,4,486,390,78,96,65,325,13,65,16,80,9,0.9704231665770127,60,40,20,0.0005,0.0005,0.5,0.9840839460784314,0.9968750000000001,0.4375,1.0,0.71875,0.6271032028034078,0.6086956521739131,0.90625,0.4549999999999999,7,80,0,9
5,1:5,47,5,486,390,78,96,65,325,13,65,16,80,11,0.9835164835164834,60,40,20,0.0005,0.0005,0.5,1.0,1.0,1.0,0.9125,0.95625,0.7967324574131847,0.8205128205128205,0.9270833333333334,0.48499999999999993,16,73,7,0
5,1:5,48,1,486,384,78,102,64,320,13,65,17,85,60,0.9560486522024982,60,40,20,0.0005,0.0005,0.5,0.9270898555500632,0.9885813148788928,1.0,0.9529411764705882,0.9764705882352941,0.8783100656536799,0.8947368421052632,0.9607843137254902,0.38999999999999996,17,81,4,0
5,1:5,48,2,486,390,78,96,65,325,13,65,16,80,1,1.0,60,40,20,0.0005,0.0005,0.5,0.9849826388888889,0.996875,0.625,1.0,0.8125,0.7624928516630234,0.7692307692307693,0.9375,0.35999999999999993,10,80,0,6
5,1:5,48,3,486,390,78,96,65,325,13,65,16,80,3,0.9501039501039499,60,40,20,0.0005,0.0005,0.5,0.9757106608669108,0.9953125,1.0,0.0,0.5,0.0,0.2857142857142857,0.16666666666666666,0.49999999999999994,16,0,80,0
5,1:5,48,4,486,390,78,96,65,325,13,65,16,80,22,0.9140129101667562,60,40,20,0.0005,0.0005,0.5,0.8759368258576388,0.97734375,0.5625,0.9875,0.775,0.6709937094634606,0.6923076923076923,0.9166666666666666,0.4499999999999999,9,79,1,7
5,1:5,48,5,486,390,78,96,65,325,13,65,16,80,10,0.9794871794871793,60,40,20,0.0005,0.0005,0.5,0.8141276669237196,0.9624999999999999,0.8125,0.975,0.89375,0.808290376865476,0.8387096774193549,0.9479166666666666,0.49499999999999994,13,78,2,3
5,1:5,49,1,486,384,78,102,64,320,13,65,17,85,6,0.8996858318839743,60,40,20,0.0005,0.0005,0.5,0.9932718185313341,0.9986159169550173,0.8823529411764706,0.9882352941176471,0.9352941176470588,0.8921492210152624,0.9090909090909091,0.9705882352941176,0.5599999999999999,15,84,1,2
5,1:5,49,2,486,390,78,96,65,325,13,65,16,80,1,0.9663050624589085,60,40,20,0.0005,0.0005,0.5,1.0,1.0,1.0,0.0,0.5,0.0,0.2857142857142857,0.16666666666666666,0.49999999999999994,16,0,80,0
5,1:5,49,3,486,390,78,96,65,325,13,65,16,80,1,0.8707532663415015,60,40,20,0.0005,0.0005,0.5,0.9460507887365472,0.9890625,0.9375,0.95,0.94375,0.8301396995150081,0.8571428571428572,0.9479166666666666,0.4499999999999999,15,76,4,1
5,1:5,49,4,486,390,78,96,65,325,13,65,16,80,5,0.9897435897435898,60,40,20,0.0005,0.0005,0.5,0.9079422024734525,0.9640625,1.0,0.0,0.5,0.0,0.2857142857142857,0.16666666666666666,0.44499999999999995,16,0,80,0
5,1:5,49,5,486,390,78,96,65,325,13,65,16,80,4,0.933364507832593,60,40,20,0.0005,0.0005,0.5,0.9070553935443642,0.986328125,0.9375,0.9375,0.9375,0.8029550685469662,0.8333333333333334,0.9375,0.5349999999999999,15,75,5,1
5,1:5,50,1,486,384,78,102,64,320,13,65,17,85,2,0.9730769230769232,60,40,20,0.0005,0.0005,0.5,0.8551513365527206,0.9844290657439446,1.0,0.6,0.8,0.4472135954999579,0.5,0.6666666666666666,0.48999999999999994,17,51,34,0
5,1:5,50,2,486,390,78,96,65,325,13,65,16,80,34,0.8521769896769897,60,40,20,0.0005,0.0005,0.5,0.9849826388888889,0.996875,0.8125,0.9875,0.9,0.8447418837575273,0.8666666666666666,0.9583333333333334,0.49499999999999994,13,79,1,3
5,1:5,50,3,486,390,78,96,65,325,13,65,16,80,27,0.7988700213813336,60,40,20,0.0005,0.0005,0.5,0.9829545454545454,0.9953125,1.0,0.8875,0.94375,0.7536577472566709,0.7804878048780487,0.90625,0.5249999999999999,16,71,9,0
5,1:5,50,4,486,390,78,96,65,325,13,65,16,80,6,1.0,60,40,20,0.0005,0.0005,0.5,0.8907764202172097,0.984375,1.0,0.525,0.7625,0.3944053188733077,0.45714285714285713,0.6041666666666666,0.48499999999999993,16,42,38,0
5,1:5,50,5,486,390,78,96,65,325,13,65,16,80,9,0.9897435897435898,60,40,20,0.0005,0.0005,0.5,0.8360621574052425,0.96328125,1.0,0.0,0.5,0.0,0.2857142857142857,0.16666666666666666,0.4749999999999999,16,0,80,0
10,1:10,1,1,891,704,143,187,64,640,13,130,17,170,5,0.9382164843703305,60,40,20,0.0005,0.0005,0.5,0.9248442608492256,0.9918685121107267,0.6470588235294118,0.9941176470588236,0.8205882352941176,0.7521714596831661,0.7586206896551724,0.9625668449197861,0.49999999999999994,11,169,1,6
10,1:10,1,2,891,715,143,176,65,650,13,130,16,160,66,0.8313386910376876,60,40,20,0.0005,0.0005,0.5,0.8970213329951703,0.9662109375,0.75,0.99375,0.871875,0.8174881820528846,0.8275862068965517,0.9715909090909091,0.615,12,159,1,4
10,1:10,1,3,891,715,143,176,65,650,13,130,16,160,18,0.8755865928942852,60,40,20,0.0005,0.0005,0.5,0.8532963564213564,0.9908203125,0.875,0.9875,0.93125,0.8625,0.875,0.9772727272727273,0.4099999999999999,14,158,2,2
10,1:10,1,4,891,715,143,176,65,650,13,130,16,160,6,0.9405497280497277,60,40,20,0.0005,0.0005,0.5,0.8469879793409205,0.9853515625,0.6875,0.9875,0.8375,0.7419220475774079,0.7586206896551724,0.9602272727272727,0.49999999999999994,11,158,2,5
10,1:10,1,5,891,715,143,176,65,650,13,130,16,160,20,0.9601381524458448,60,40,20,0.0005,0.0005,0.5,0.7684500222000223,0.984375,0.875,0.975,0.925,0.806443809226796,0.823529411764706,0.9659090909090909,0.4049999999999999,14,156,4,2
10,1:10,2,1,891,704,143,187,64,640,13,130,17,170,14,0.9242693204231665,60,40,20,0.0005,0.0005,0.5,0.871922455993327,0.9903114186851211,0.9411764705882353,0.9705882352941176,0.9558823529411764,0.8301718573158744,0.8421052631578947,0.9679144385026738,0.5249999999999999,16,165,5,1
10,1:10,2,2,891,715,143,176,65,650,13,130,16,160,98,0.9441391941391941,60,40,20,0.0005,0.0005,0.5,0.931245760979217,0.99296875,0.9375,0.975,0.95625,0.8453298971001069,0.8571428571428572,0.9715909090909091,0.8799999999999999,15,156,4,1
10,1:10,2,3,891,715,143,176,65,650,13,130,16,160,29,0.7852086827199949,60,40,20,0.0005,0.0005,0.5,0.8648702886025401,0.9623046875,0.25,1.0,0.625,0.48224282217041214,0.4,0.9318181818181818,0.4799999999999999,4,160,0,12
10,1:10,2,4,891,715,143,176,65,650,13,130,16,160,7,0.824177619765855,60,40,20,0.0005,0.0005,0.5,0.8418808203105803,0.9892578125,1.0,0.4625,0.73125,0.26934925210188193,0.2711864406779661,0.5113636363636364,0.43999999999999995,16,74,86,0
10,1:10,2,5,891,715,143,176,65,650,13,130,16,160,5,0.9897435897435897,60,40,20,0.0005,0.0005,0.5,0.8276320901320902,0.987890625,0.75,0.99375,0.871875,0.8174881820528846,0.8275862068965517,0.9715909090909091,0.5149999999999999,12,159,1,4
10,1:10,3,1,891,704,143,187,64,640,13,130,17,170,59,0.8310228233305156,60,40,20,0.0005,0.0005,0.5,0.9388426452440294,0.9944636678200692,0.8823529411764706,0.9882352941176471,0.9352941176470588,0.8705882352941177,0.8823529411764706,0.9786096256684492,0.5199999999999999,15,168,2,2
10,1:10,3,2,891,715,143,176,65,650,13,130,16,160,1,0.9562594268476621,60,40,20,0.0005,0.0005,0.5,0.8536913964303671,0.990625,1.0,0.95625,0.978125,0.8156086017841816,0.8205128205128205,0.9602272727272727,0.48499999999999993,16,153,7,0
10,1:10,3,3,891,715,143,176,65,650,13,130,16,160,19,0.8369583102319674,60,40,20,0.0005,0.0005,0.5,0.8315254567292611,0.9890625000000001,1.0,0.94375,0.971875,0.7771743691090179,0.7804878048780487,0.9488636363636364,0.4549999999999999,16,151,9,0
10,1:10,3,4,891,715,143,176,65,650,13,130,16,160,8,0.8079459002535925,60,40,20,0.0005,0.0005,0.5,0.8765256308019467,0.98984375,1.0,0.9,0.95,0.6708203932499369,0.6666666666666666,0.9090909090909091,0.5049999999999999,16,144,16,0
10,1:10,3,5,891,715,143,176,65,650,13,130,16,160,17,0.818024896037518,60,40,20,0.0005,0.0005,0.5,0.8842029498279499,0.9652343749999999,0.8125,0.99375,0.903125,0.8565805033563155,0.8666666666666666,0.9772727272727273,0.49499999999999994,13,159,1,3
10,1:10,4,1,891,704,143,187,64,640,13,130,17,170,19,0.974587912087912,60,40,20,0.0005,0.0005,0.5,0.8489938262429612,0.963840830449827,0.8823529411764706,0.9411764705882353,0.9117647058823529,0.6956655929999346,0.7142857142857143,0.9358288770053476,0.5049999999999999,15,160,10,2
10,1:10,4,2,891,715,143,176,65,650,13,130,16,160,1,0.8468304102919488,60,40,20,0.0005,0.0005,0.5,0.7309053150245606,0.98125,0.625,0.9875,0.80625,0.6985757869274463,0.7142857142857143,0.9545454545454546,0.4049999999999999,10,158,2,6
10,1:10,4,3,891,715,143,176,65,650,13,130,16,160,10,0.779294019071347,60,40,20,0.0005,0.0005,0.5,0.9210957365955936,0.99296875,0.9375,0.95625,0.946875,0.7768985960673559,0.7894736842105263,0.9545454545454546,0.5099999999999999,15,153,7,1
10,1:10,4,4,891,715,143,176,65,650,13,130,16,160,1,0.9638009049773756,60,40,20,0.0005,0.0005,0.5,0.9930555555555556,0.99921875,0.1875,1.0,0.59375,0.41642574923301445,0.3157894736842105,0.9261363636363636,0.5349999999999999,3,160,0,13
10,1:10,4,5,891,715,143,176,65,650,13,130,16,160,7,0.831342097780454,60,40,20,0.0005,0.0005,0.5,0.8152873456666025,0.98203125,0.5625,0.9875,0.775,0.6531972647421809,0.6666666666666666,0.9488636363636364,0.4499999999999999,9,158,2,7
10,1:10,5,1,891,704,143,187,64,640,13,130,17,170,11,0.8708494721652617,60,40,20,0.0005,0.0005,0.5,0.7144820481325671,0.9572664359861591,0.4117647058823529,0.9941176470588236,0.7029411764705882,0.5766039082759552,0.56,0.9411764705882353,0.43499999999999994,7,169,1,10
10,1:10,5,2,891,715,143,176,65,650,13,130,16,160,17,0.8738236122851508,60,40,20,0.0005,0.0005,0.5,0.8855817283206989,0.9927734375,1.0,0.9625,0.98125,0.8366600265340756,0.8421052631578948,0.9659090909090909,0.4499999999999999,16,154,6,0
10,1:10,5,3,891,715,143,176,65,650,13,130,16,160,1,0.9709114414996767,60,40,20,0.0005,0.0005,0.5,0.9707627442002442,0.9972656249999999,1.0,0.96875,0.984375,0.8591246929842246,0.8648648648648648,0.9715909090909091,0.5499999999999999,16,155,5,0
10,1:10,5,4,891,715,143,176,65,650,13,130,16,160,39,0.856535643843336,60,40,20,0.0005,0.0005,0.5,0.8654792103321515,0.9916015625000001,0.9375,0.98125,0.959375,0.8716708820319045,0.8823529411764706,0.9772727272727273,0.615,15,157,3,1
10,1:10,5,5,891,715,143,176,65,650,13,130,16,160,8,0.9695730363151176,60,40,20,0.0005,0.0005,0.5,0.8389673448191594,0.9812500000000001,0.875,0.93125,0.903125,0.6639436663249226,0.6829268292682927,0.9261363636363636,0.4749999999999999,14,149,11,2
10,1:10,6,1,891,704,143,187,64,640,13,130,17,170,22,0.9945054945054945,60,40,20,0.0005,0.0005,0.5,0.7715589292601677,0.9574394463667819,0.8823529411764706,0.9588235294117647,0.9205882352941177,0.7505553499465134,0.7692307692307693,0.9518716577540107,0.5149999999999999,15,163,7,2
10,1:10,6,2,891,715,143,176,65,650,13,130,16,160,9,0.9605146989762374,60,40,20,0.0005,0.0005,0.5,0.77473162453087,0.9865234375,1.0,0.55,0.775,0.31622776601683794,0.3076923076923077,0.5909090909090909,0.5499999999999999,16,88,72,0
10,1:10,6,3,891,715,143,176,65,650,13,130,16,160,65,0.8084686680840526,60,40,20,0.0005,0.0005,0.5,0.9062161796536796,0.9919921875,0.8125,0.99375,0.903125,0.8565805033563155,0.8666666666666666,0.9772727272727273,0.8549999999999999,13,159,1,3
10,1:10,6,4,891,715,143,176,65,650,13,130,16,160,32,0.7140026454407725,60,40,20,0.0005,0.0005,0.5,0.9458106884057971,0.9935546875,0.6875,1.0,0.84375,0.816496580927726,0.8148148148148148,0.9715909090909091,0.5249999999999999,11,160,0,5
10,1:10,6,5,891,715,143,176,65,650,13,130,16,160,1,0.8840132969092245,60,40,20,0.0005,0.0005,0.5,0.9500003560036454,0.9957031249999999,0.0625,1.0,0.53125,0.23904572186687872,0.11764705882352941,0.9147727272727273,0.58,1,160,0,15
10,1:10,7,1,891,704,143,187,64,640,13,130,17,170,15,0.885191605779841,60,40,20,0.0005,0.0005,0.5,0.7285200766169624,0.9576124567474048,0.47058823529411764,0.9882352941176471,0.7294117647058824,0.5862839018422065,0.5925925925925927,0.9411764705882353,0.4499999999999999,8,168,2,9
10,1:10,7,2,891,715,143,176,65,650,13,130,16,160,25,0.84418613061147,60,40,20,0.0005,0.0005,0.5,0.9571376121298721,0.9957031249999999,0.5625,1.0,0.78125,0.7341131763485946,0.72,0.9602272727272727,0.4599999999999999,9,160,0,7
10,1:10,7,3,891,715,143,176,65,650,13,130,16,160,47,0.9563880788577144,60,40,20,0.0005,0.0005,0.5,0.8321715222650325,0.9875,0.9375,0.95625,0.946875,0.7768985960673559,0.7894736842105263,0.9545454545454546,0.635,15,153,7,1
10,1:10,7,4,891,715,143,176,65,650,13,130,16,160,8,0.8900833706263571,60,40,20,0.0005,0.0005,0.5,0.907469449410239,0.9935546875,1.0,0.5875,0.79375,0.3385766476611513,0.326530612244898,0.625,0.5049999999999999,16,94,66,0
10,1:10,7,5,891,715,143,176,65,650,13,130,16,160,3,0.9589457550996012,60,40,20,0.0005,0.0005,0.5,0.912767094017094,0.9880859375,0.875,0.95,0.9125,0.7171371656006362,0.7368421052631579,0.9431818181818182,0.4499999999999999,14,152,8,2
10,1:10,8,1,891,704,143,187,64,640,13,130,17,170,48,0.9645011850894204,60,40,20,0.0005,0.0005,0.5,0.9304968029198588,0.9942906574394464,0.9411764705882353,0.9882352941176471,0.9647058823529412,0.9058942062691456,0.9142857142857143,0.983957219251337,0.48999999999999994,16,168,2,1
10,1:10,8,2,891,715,143,176,65,650,13,130,16,160,5,0.8680285526439373,60,40,20,0.0005,0.0005,0.5,0.7328237870517282,0.97578125,1.0,0.93125,0.965625,0.7428673177976346,0.7441860465116279,0.9375,0.5299999999999999,16,149,11,0
10,1:10,8,3,891,715,143,176,65,650,13,130,16,160,14,0.8910906966336829,60,40,20,0.0005,0.0005,0.5,0.9421675923713967,0.9929687500000001,0.875,0.9875,0.93125,0.8625,0.875,0.9772727272727273,0.4749999999999999,14,158,2,2
10,1:10,8,4,891,715,143,176,65,650,13,130,16,160,23,0.8438802875037692,60,40,20,0.0005,0.0005,0.5,0.824931857358328,0.987109375,0.875,0.9875,0.93125,0.8625,0.875,0.9772727272727273,0.5049999999999999,14,158,2,2
10,1:10,8,5,891,715,143,176,65,650,13,130,16,160,11,0.8762294141253415,60,40,20,0.0005,0.0005,0.5,0.913058204050851,0.969140625,0.9375,0.575,0.75625,0.29514357394247764,0.30303030303030304,0.6079545454545454,0.4699999999999999,15,92,68,1
10,1:10,9,1,891,704,143,187,64,640,13,130,17,170,32,0.9034920634920636,60,40,20,0.0005,0.0005,0.5,0.966165485802164,0.9968858131487889,0.8823529411764706,0.9882352941176471,0.9352941176470588,0.8705882352941177,0.8823529411764706,0.9786096256684492,0.49999999999999994,15,168,2,2
10,1:10,9,2,891,715,143,176,65,650,13,130,16,160,6,0.9503987465525925,60,40,20,0.0005,0.0005,0.5,0.8271147230822153,0.9640625,1.0,0.0,0.5,0.0,0.16666666666666669,0.09090909090909091,0.48499999999999993,16,0,160,0
10,1:10,9,3,891,715,143,176,65,650,13,130,16,160,7,0.8710213689064374,60,40,20,0.0005,0.0005,0.5,0.8354299757260283,0.9916015625000001,0.5,0.99375,0.746875,0.6443882325726552,0.64,0.9488636363636364,0.4799999999999999,8,159,1,8
10,1:10,9,4,891,715,143,176,65,650,13,130,16,160,26,0.8214877228035122,60,40,20,0.0005,0.0005,0.5,0.7984052272855022,0.987890625,0.9375,0.975,0.95625,0.8453298971001069,0.8571428571428572,0.9715909090909091,0.4749999999999999,15,156,4,1
10,1:10,9,5,891,715,143,176,65,650,13,130,16,160,2,0.9298563427522704,60,40,20,0.0005,0.0005,0.5,0.8155734124943685,0.9835937499999999,1.0,0.0,0.5,0.0,0.16666666666666669,0.09090909090909091,0.4499999999999999,16,0,160,0
10,1:10,10,1,891,704,143,187,64,640,13,130,17,170,50,0.8848873348873347,60,40,20,0.0005,0.0005,0.5,0.8106857127877888,0.9832179930795848,0.7647058823529411,0.9823529411764705,0.8735294117647059,0.7677956980330957,0.787878787878788,0.9625668449197861,0.31499999999999995,13,167,3,4
10,1:10,10,2,891,715,143,176,65,650,13,130,16,160,1,0.989010989010989,60,40,20,0.0005,0.0005,0.5,1.0,1.0,0.5,1.0,0.75,0.6900655593423543,0.6666666666666666,0.9545454545454546,0.5199999999999999,8,160,0,8
10,1:10,10,3,891,715,143,176,65,650,13,130,16,160,6,0.9999999999999999,60,40,20,0.0005,0.0005,0.5,0.910499172256622,0.9693359375,0.9375,0.6125,0.775,0.3187276291558383,0.32258064516129037,0.6420454545454546,0.5249999999999999,15,98,62,1
10,1:10,10,4,891,715,143,176,65,650,13,130,16,160,1,0.9545454545454545,60,40,20,0.0005,0.0005,0.5,0.8730449850394703,0.9943359375,1.0,0.0,0.5,0.0,0.16666666666666669,0.09090909090909091,0.49999999999999994,16,0,160,0
10,1:10,10,5,891,715,143,176,65,650,13,130,16,160,10,0.9774161735700198,60,40,20,0.0005,0.0005,0.5,0.784174941344059,0.97265625,0.1875,0.99375,0.590625,0.3496260460735488,0.3,0.9204545454545454,0.5299999999999999,3,159,1,13
10,1:10,11,1,891,704,143,187,64,640,13,130,17,170,5,0.9280677655677656,60,40,20,0.0005,0.0005,0.5,0.8363608709629471,0.964878892733564,0.9411764705882353,0.5941176470588235,0.7676470588235293,0.3090522029191526,0.3137254901960784,0.6256684491978609,0.4699999999999999,16,101,69,1
10,1:10,11,2,891,715,143,176,65,650,13,130,16,160,42,0.892561284868977,60,40,20,0.0005,0.0005,0.5,0.8244426406926407,0.9880859375,1.0,0.9375,0.96875,0.75955452531275,0.761904761904762,0.9431818181818182,0.49999999999999994,16,150,10,0
10,1:10,11,3,891,715,143,176,65,650,13,130,16,160,24,0.9154375036727977,60,40,20,0.0005,0.0005,0.5,0.8452590791069707,0.9662109375,0.875,0.96875,0.921875,0.7816406582774961,0.7999999999999999,0.9602272727272727,0.49999999999999994,14,155,5,2
10,1:10,11,4,891,715,143,176,65,650,13,130,16,160,6,0.9599511599511599,60,40,20,0.0005,0.0005,0.5,0.9299003559313661,0.991796875,1.0,0.9375,0.96875,0.75955452531275,0.761904761904762,0.9431818181818182,0.4749999999999999,16,150,10,0
10,1:10,11,5,891,715,143,176,65,650,13,130,16,160,14,0.9632478632478633,60,40,20,0.0005,0.0005,0.5,0.9038716868879911,0.9927734375,0.9375,0.96875,0.953125,0.820900849754832,0.8333333333333334,0.9659090909090909,0.4699999999999999,15,155,5,1
10,1:10,12,1,891,704,143,187,64,640,13,130,17,170,21,0.9885883347421809,60,40,20,0.0005,0.0005,0.5,0.8538440970793912,0.985121107266436,0.7647058823529411,0.9882352941176471,0.8764705882352941,0.7968931921468037,0.8125,0.9679144385026738,0.4649999999999999,13,168,2,4
10,1:10,12,2,891,715,143,176,65,650,13,130,16,160,42,0.9612426035502959,60,40,20,0.0005,0.0005,0.5,0.8625714308159163,0.99375,1.0,0.95,0.975,0.7958224257542214,0.8,0.9545454545454546,0.5399999999999999,16,152,8,0
10,1:10,12,3,891,715,143,176,65,650,13,130,16,160,3,0.8886104091986444,60,40,20,0.0005,0.0005,0.5,0.8338444303302596,0.966015625,1.0,0.0,0.5,0.0,0.16666666666666669,0.09090909090909091,0.49999999999999994,16,0,160,0
10,1:10,12,4,891,715,143,176,65,650,13,130,16,160,32,0.7999333999333998,60,40,20,0.0005,0.0005,0.5,0.9416095637893238,0.994921875,0.625,0.99375,0.809375,0.7348469228349535,0.7407407407407406,0.9602272727272727,0.5049999999999999,10,159,1,6
10,1:10,12,5,891,715,143,176,65,650,13,130,16,160,14,0.9774161735700198,60,40,20,0.0005,0.0005,0.5,0.819113005050505,0.9876953125000001,0.6875,0.99375,0.840625,0.776987354847874,0.7857142857142857,0.9659090909090909,0.49999999999999994,11,159,1,5
10,1:10,13,1,891,704,143,187,64,640,13,130,17,170,5,0.8227204984557925,60,40,20,0.0005,0.0005,0.5,0.9428030639103303,0.9949826989619377,1.0,0.0,0.5,0.0,0.16666666666666669,0.09090909090909091,0.4799999999999999,17,0,170,0
10,1:10,13,2,891,715,143,176,65,650,13,130,16,160,3,0.946186166774402,60,40,20,0.0005,0.0005,0.5,0.7755830107392607,0.9851562500000001,1.0,0.0,0.5,0.0,0.16666666666666669,0.09090909090909091,0.4599999999999999,16,0,160,0
10,1:10,13,3,891,715,143,176,65,650,13,130,16,160,4,0.8601446184203982,60,40,20,0.0005,0.0005,0.5,0.7894161780771688,0.9867187500000001,1.0,0.0,0.5,0.0,0.16666666666666669,0.09090909090909091,0.49499999999999994,16,0,160,0
10,1:10,13,4,891,715,143,176,65,650,13,130,16,160,16,0.9265806657111004,60,40,20,0.0005,0.0005,0.5,0.9446445288121489,0.992578125,0.75,1.0,0.875,0.8553989227683015,0.8571428571428571,0.9772727272727273,0.4499999999999999,12,160,0,4
10,1:10,13,5,891,715,143,176,65,650,13,130,16,160,5,0.9647435897435896,60,40,20,0.0005,0.0005,0.5,0.7634791414529318,0.947265625,0.5625,0.99375,0.778125,0.6907739678786363,0.6923076923076923,0.9545454545454546,0.48999999999999994,9,159,1,7
10,1:10,14,1,891,704,143,187,64,640,13,130,17,170,12,0.8510591972130432,60,40,20,0.0005,0.0005,0.5,0.9241986604845196,0.9920415224913495,1.0,0.888235294117647,0.9441176470588235,0.6476453075908483,0.6415094339622641,0.8983957219251337,0.4599999999999999,17,151,19,0
10,1:10,14,2,891,715,143,176,65,650,13,130,16,160,12,0.9282650042265426,60,40,20,0.0005,0.0005,0.5,0.96875,0.9958984375000001,1.0,0.9375,0.96875,0.75955452531275,0.761904761904762,0.9431818181818182,0.5149999999999999,16,150,10,0
10,1:10,14,3,891,715,143,176,65,650,13,130,16,160,1,0.9205128205128206,60,40,20,0.0005,0.0005,0.5,0.9157889955224514,0.991796875,0.0625,1.0,0.53125,0.23904572186687872,0.11764705882352941,0.9147727272727273,0.37999999999999995,1,160,0,15
10,1:10,14,4,891,715,143,176,65,650,13,130,16,160,46,0.8230498537102311,60,40,20,0.0005,0.0005,0.5,0.8450026946737473,0.9890625000000001,0.9375,0.96875,0.953125,0.820900849754832,0.8333333333333334,0.9659090909090909,0.49999999999999994,15,155,5,1
10,1:10,14,5,891,715,143,176,65,650,13,130,16,160,61,0.9309190809190808,60,40,20,0.0005,0.0005,0.5,0.7345800212718316,0.958984375,0.8125,0.9875,0.9,0.8236664986723672,0.8387096774193549,0.9715909090909091,0.42499999999999993,13,158,2,3
10,1:10,15,1,891,704,143,187,64,640,13,130,17,170,80,0.9280936454849499,60,40,20,0.0005,0.0005,0.5,0.7396729169863864,0.9794117647058824,0.8235294117647058,0.9647058823529412,0.8941176470588235,0.733215377920541,0.7567567567567567,0.9518716577540107,0.6799999999999999,14,164,6,3
10,1:10,15,2,891,715,143,176,65,650,13,130,16,160,33,0.9305215701976834,60,40,20,0.0005,0.0005,0.5,0.8252282541804601,0.988671875,0.875,0.98125,0.928125,0.833292636816117,0.8484848484848485,0.9715909090909091,0.5499999999999999,14,157,3,2
10,1:10,15,3,891,715,143,176,65,650,13,130,16,160,2,0.9273263286421181,60,40,20,0.0005,0.0005,0.5,0.7369348623120174,0.9273437500000001,1.0,0.0,0.5,0.0,0.16666666666666669,0.09090909090909091,0.49999999999999994,16,0,160,0
10,1:10,15,4,891,715,143,176,65,650,13,130,16,160,30,0.7894413279028664,60,40,20,0.0005,0.0005,0.5,0.9851190476190477,0.998046875,0.9375,0.99375,0.965625,0.93125,0.9375,0.9886363636363636,0.4799999999999999,15,159,1,1
10,1:10,15,5,891,715,143,176,65,650,13,130,16,160,81,0.9461538461538461,60,40,20,0.0005,0.0005,0.5,0.9096624318663793,0.973046875,0.8125,0.99375,0.903125,0.8565805033563155,0.8666666666666666,0.9772727272727273,0.4749999999999999,13,159,1,3
10,1:10,16,1,891,704,143,187,64,640,13,130,17,170,26,0.8836351233112367,60,40,20,0.0005,0.0005,0.5,0.9672159059702312,0.9967128027681661,0.7058823529411765,1.0,0.8529411764705883,0.8280786712108251,0.8275862068965517,0.9732620320855615,0.5299999999999999,12,170,0,5
10,1:10,16,2,891,715,143,176,65,650,13,130,16,160,21,0.831864503018349,60,40,20,0.0005,0.0005,0.5,0.9208694083694084,0.990234375,0.625,1.0,0.8125,0.7761505257063329,0.7692307692307693,0.9659090909090909,0.5149999999999999,10,160,0,6
10,1:10,16,3,891,715,143,176,65,650,13,130,16,160,20,0.9299396681749623,60,40,20,0.0005,0.0005,0.5,0.8622123464770524,0.987890625,0.875,0.975,0.925,0.806443809226796,0.823529411764706,0.9659090909090909,0.49999999999999994,14,156,4,2
10,1:10,16,4,891,715,143,176,65,650,13,130,16,160,8,0.8793134216211138,60,40,20,0.0005,0.0005,0.5,0.6844650416984976,0.9501953125,0.875,0.95625,0.915625,0.7371844139800121,0.7567567567567567,0.9488636363636364,0.4549999999999999,14,153,7,2
10,1:10,16,5,891,715,143,176,65,650,13,130,16,160,35,0.8420978594055517,60,40,20,0.0005,0.0005,0.5,0.8453503320818068,0.988671875,0.5,0.99375,0.746875,0.6443882325726552,0.64,0.9488636363636364,0.4649999999999999,8,159,1,8
10,1:10,17,1,891,704,143,187,64,640,13,130,17,170,9,0.983826429980276,60,40,20,0.0005,0.0005,0.5,0.8137230608683895,0.986159169550173,0.9411764705882353,0.9705882352941176,0.9558823529411764,0.8301718573158744,0.8421052631578947,0.9679144385026738,0.42499999999999993,16,165,5,1
10,1:10,17,2,891,715,143,176,65,650,13,130,16,160,11,0.9897435897435897,60,40,20,0.0005,0.0005,0.5,0.926018426018426,0.994140625,0.3125,1.0,0.65625,0.5407380704358751,0.47619047619047616,0.9375,0.48499999999999993,5,160,0,11
10,1:10,17,3,891,715,143,176,65,650,13,130,16,160,39,0.8287306710383634,60,40,20,0.0005,0.0005,0.5,0.9215093021014074,0.991796875,0.5625,0.99375,0.778125,0.6907739678786363,0.6923076923076923,0.9545454545454546,0.4649999999999999,9,159,1,7
10,1:10,17,4,891,715,143,176,65,650,13,130,16,160,21,0.8288100788100788,60,40,20,0.0005,0.0005,0.5,0.8422634657009657,0.9671875,0.9375,0.95625,0.946875,0.7768985960673559,0.7894736842105263,0.9545454545454546,0.4699999999999999,15,153,7,1
10,1:10,17,5,891,715,143,176,65,650,13,130,16,160,10,0.9999999999999998,60,40,20,0.0005,0.0005,0.5,0.8852364955306132,0.98984375,1.0,0.93125,0.965625,0.7428673177976346,0.7441860465116279,0.9375,0.5099999999999999,16,149,11,0
10,1:10,18,1,891,704,143,187,64,640,13,130,17,170,2,0.9450615623692549,60,40,20,0.0005,0.0005,0.5,0.8416322609096472,0.9650519031141869,0.4117647058823529,0.9941176470588236,0.7029411764705882,0.5766039082759552,0.56,0.9411764705882353,0.49999999999999994,7,169,1,10
10,1:10,18,2,891,715,143,176,65,650,13,130,16,160,97,0.8896341930593606,60,40,20,0.0005,0.0005,0.5,0.9093834984459985,0.9927734374999999,0.875,0.98125,0.928125,0.833292636816117,0.8484848484848485,0.9715909090909091,0.835,14,157,3,2
10,1:10,18,3,891,715,143,176,65,650,13,130,16,160,1,1.0,60,40,20,0.0005,0.0005,0.5,0.8422759789874729,0.987890625,0.625,0.9875,0.80625,0.6985757869274463,0.7142857142857143,0.9545454545454546,0.42499999999999993,10,158,2,6
10,1:10,18,4,891,715,143,176,65,650,13,130,16,160,72,0.7098885654315519,60,40,20,0.0005,0.0005,0.5,0.8461173732313438,0.9896484375,0.8125,0.99375,0.903125,0.8565805033563155,0.8666666666666666,0.9772727272727273,0.5249999999999999,13,159,1,3
10,1:10,18,5,891,715,143,176,65,650,13,130,16,160,30,0.8241910866910866,60,40,20,0.0005,0.0005,0.5,0.9777661064425771,0.997265625,0.9375,0.9875,0.9625,0.9001993448816447,0.9090909090909091,0.9829545454545454,0.48999999999999994,15,158,2,1
10,1:10,19,1,891,704,143,187,64,640,13,130,17,170,2,0.7820785494698539,60,40,20,0.0005,0.0005,0.5,0.9508938869665513,0.9942906574394463,0.7647058823529411,1.0,0.8823529411764706,0.864364759104401,0.8666666666666666,0.9786096256684492,0.5099999999999999,13,170,0,4
10,1:10,19,2,891,715,143,176,65,650,13,130,16,160,1,0.9945054945054945,60,40,20,0.0005,0.0005,0.5,0.7744619963369963,0.9837890625,1.0,0.91875,0.959375,0.7119666788018508,0.7111111111111111,0.9261363636363636,0.4649999999999999,16,147,13,0
10,1:10,19,3,891,715,143,176,65,650,13,130,16,160,1,0.9245691892453025,60,40,20,0.0005,0.0005,0.5,0.7686519073032231,0.955859375,0.9375,0.54375,0.740625,0.2766992952647332,0.28846153846153844,0.5795454545454546,0.38999999999999996,15,87,73,1
10,1:10,19,4,891,715,143,176,65,650,13,130,16,160,15,0.803540260908682,60,40,20,0.0005,0.0005,0.5,0.9930555555555556,0.9992187499999999,0.5625,1.0,0.78125,0.7341131763485946,0.72,0.9602272727272727,0.4599999999999999,9,160,0,7
10,1:10,19,5,891,715,143,176,65,650,13,130,16,160,4,0.9397435897435895,60,40,20,0.0005,0.0005,0.5,0.8221496898354483,0.986328125,0.9375,0.94375,0.940625,0.7382300133641133,0.75,0.9431818181818182,0.5099999999999999,15,151,9,1
10,1:10,20,1,891,704,143,187,64,640,13,130,17,170,4,0.9945054945054944,60,40,20,0.0005,0.0005,0.5,0.7963324201615825,0.9820069204152249,1.0,0.0,0.5,0.0,0.16666666666666669,0.09090909090909091,0.43999999999999995,17,0,170,0
10,1:10,20,2,891,715,143,176,65,650,13,130,16,160,1,0.9459984459984458,60,40,20,0.0005,0.0005,0.5,0.9384469696969696,0.99140625,0.75,1.0,0.875,0.8553989227683015,0.8571428571428571,0.9772727272727273,0.5099999999999999,12,160,0,4
10,1:10,20,3,891,715,143,176,65,650,13,130,16,160,22,0.7099941932031484,60,40,20,0.0005,0.0005,0.5,0.802390976326735,0.9875,0.9375,0.96875,0.953125,0.820900849754832,0.8333333333333334,0.9659090909090909,0.48499999999999993,15,155,5,1
10,1:10,20,4,891,715,143,176,65,650,13,130,16,160,2,0.8775335775335775,60,40,20,0.0005,0.0005,0.5,0.9676470588235294,0.9958984375,0.8125,1.0,0.90625,0.8930543165283613,0.896551724137931,0.9829545454545454,0.4049999999999999,13,160,0,3
10,1:10,20,5,891,715,143,176,65,650,13,130,16,160,27,0.9412564999103461,60,40,20,0.0005,0.0005,0.5,0.8203108334901813,0.9812500000000002,0.9375,0.94375,0.940625,0.7382300133641133,0.75,0.9431818181818182,0.5149999999999999,15,151,9,1
10,1:10,21,1,891,704,143,187,64,640,13,130,17,170,22,0.8226966016439701,60,40,20,0.0005,0.0005,0.5,0.852842936520773,0.989446366782007,1.0,0.9647058823529412,0.9823529411764707,0.8444190181781019,0.85,0.9679144385026738,0.5299999999999999,17,164,6,0
10,1:10,21,2,891,715,143,176,65,650,13,130,16,160,44,0.8000973385588772,60,40,20,0.0005,0.0005,0.5,0.9069054447014974,0.9912109375,0.875,0.9875,0.93125,0.8625,0.875,0.9772727272727273,0.38999999999999996,14,158,2,2
10,1:10,21,3,891,715,143,176,65,650,13,130,16,160,39,0.8549322472399394,60,40,20,0.0005,0.0005,0.5,0.9193781526601313,0.972265625,0.8125,0.99375,0.903125,0.8565805033563155,0.8666666666666666,0.9772727272727273,0.5199999999999999,13,159,1,3
10,1:10,21,4,891,715,143,176,65,650,13,130,16,160,84,0.8395642818719742,60,40,20,0.0005,0.0005,0.5,0.9595321824381926,0.994921875,0.875,0.98125,0.928125,0.833292636816117,0.8484848484848485,0.9715909090909091,0.6849999999999999,14,157,3,2
10,1:10,21,5,891,715,143,176,65,650,13,130,16,160,35,0.9408882783882784,60,40,20,0.0005,0.0005,0.5,0.7486564945175002,0.9794921875,0.875,0.975,0.925,0.806443809226796,0.823529411764706,0.9659090909090909,0.44499999999999995,14,156,4,2
10,1:10,22,1,891,704,143,187,64,640,13,130,17,170,9,0.8846525269602193,60,40,20,0.0005,0.0005,0.5,0.9911764705882353,0.998961937716263,0.7647058823529411,1.0,0.8823529411764706,0.864364759104401,0.8666666666666666,0.9786096256684492,0.48499999999999993,13,170,0,4
10,1:10,22,2,891,715,143,176,65,650,13,130,16,160,41,0.9855769230769229,60,40,20,0.0005,0.0005,0.5,0.8448959129106188,0.99140625,0.8125,0.99375,0.903125,0.8565805033563155,0.8666666666666666,0.9772727272727273,0.5249999999999999,13,159,1,3
10,1:10,22,3,891,715,143,176,65,650,13,130,16,160,4,0.9945054945054945,60,40,20,0.0005,0.0005,0.5,0.8474948178436551,0.966796875,1.0,0.0,0.5,0.0,0.16666666666666669,0.09090909090909091,0.49499999999999994,16,0,160,0
10,1:10,22,4,891,715,143,176,65,650,13,130,16,160,19,0.9945054945054945,60,40,20,0.0005,0.0005,0.5,0.8041095036499448,0.97734375,0.6875,0.98125,0.834375,0.7104970066598896,0.7333333333333334,0.9545454545454546,0.5549999999999999,11,157,3,5
10,1:10,22,5,891,715,143,176,65,650,13,130,16,160,10,0.8461538461538461,60,40,20,0.0005,0.0005,0.5,0.7922647497483023,0.9849609375,1.0,0.91875,0.959375,0.7119666788018508,0.7111111111111111,0.9261363636363636,0.48499999999999993,16,147,13,0
10,1:10,23,1,891,704,143,187,64,640,13,130,17,170,1,0.8575338123415047,60,40,20,0.0005,0.0005,0.5,0.8002051062648148,0.9771626297577855,0.4117647058823529,0.9882352941176471,0.7,0.5372515248919741,0.5384615384615384,0.9358288770053476,0.5399999999999999,7,168,2,10
10,1:10,23,2,891,715,143,176,65,650,13,130,16,160,1,0.9282880580957502,60,40,20,0.0005,0.0005,0.5,0.7318534013545647,0.9593749999999999,1.0,0.0,0.5,0.0,0.16666666666666669,0.09090909090909091,0.4549999999999999,16,0,160,0
10,1:10,23,3,891,715,143,176,65,650,13,130,16,160,4,0.6722883755391496,60,40,20,0.0005,0.0005,0.5,0.9594135224940179,0.9958984375,1.0,0.9625,0.98125,0.8366600265340756,0.8421052631578948,0.9659090909090909,0.5299999999999999,16,154,6,0
10,1:10,23,4,891,715,143,176,65,650,13,130,16,160,12,0.9821780783319243,60,40,20,0.0005,0.0005,0.5,0.8400569554238032,0.9873046875,0.6875,0.99375,0.840625,0.776987354847874,0.7857142857142857,0.9659090909090909,0.48499999999999993,11,159,1,5
10,1:10,23,5,891,715,143,176,65,650,13,130,16,160,19,0.9435221641103994,60,40,20,0.0005,0.0005,0.5,0.9875,0.9984375,1.0,0.975,0.9875,0.8831760866327847,0.888888888888889,0.9772727272727273,0.5149999999999999,16,156,4,0
10,1:10,24,1,891,704,143,187,64,640,13,130,17,170,48,0.9015540015540016,60,40,20,0.0005,0.0005,0.5,0.9259935246094417,0.991522491349481,0.8823529411764706,0.9882352941176471,0.9352941176470588,0.8705882352941177,0.8823529411764706,0.9786096256684492,0.7999999999999999,15,168,2,2
10,1:10,24,2,891,715,143,176,65,650,13,130,16,160,13,0.974587912087912,60,40,20,0.0005,0.0005,0.5,0.9305149201288907,0.9923828124999999,0.9375,0.95,0.94375,0.7569700748585215,0.7692307692307693,0.9488636363636364,0.4649999999999999,15,152,8,1
10,1:10,24,3,891,715,143,176,65,650,13,130,16,160,11,0.9428904428904429,60,40,20,0.0005,0.0005,0.5,0.8626231019353623,0.9884765625,0.5625,0.9875,0.775,0.6531972647421809,0.6666666666666666,0.9488636363636364,0.5399999999999999,9,158,2,7
10,1:10,24,4,891,715,143,176,65,650,13,130,16,160,17,0.8763368660129793,60,40,20,0.0005,0.0005,0.5,0.8107751204548805,0.9900390625000001,1.0,0.975,0.9875,0.8831760866327847,0.888888888888889,0.9772727272727273,0.4099999999999999,16,156,4,0
10,1:10,24,5,891,715,143,176,65,650,13,130,16,160,13,0.8047148720225643,60,40,20,0.0005,0.0005,0.5,0.8130038293415486,0.9658203125,0.9375,0.96875,0.953125,0.820900849754832,0.8333333333333334,0.9659090909090909,0.3999999999999999,15,155,5,1
10,1:10,25,1,891,704,143,187,64,640,13,130,17,170,14,0.8821569456184841,60,40,20,0.0005,0.0005,0.5,0.8387303993887494,0.9908304498269896,1.0,0.9823529411764705,0.9911764705882353,0.9137833441248533,0.9189189189189189,0.983957219251337,0.5399999999999999,17,167,3,0
10,1:10,25,2,891,715,143,176,65,650,13,130,16,160,51,0.8616092045669511,60,40,20,0.0005,0.0005,0.5,0.811968954248366,0.986328125,0.9375,0.98125,0.959375,0.8716708820319045,0.8823529411764706,0.9772727272727273,0.48999999999999994,15,157,3,1
10,1:10,25,3,891,715,143,176,65,650,13,130,16,160,56,0.784997249127684,60,40,20,0.0005,0.0005,0.5,0.8437251984126984,0.989453125,0.8125,0.9875,0.9,0.8236664986723672,0.8387096774193549,0.9715909090909091,0.49499999999999994,13,158,2,3
10,1:10,25,4,891,715,143,176,65,650,13,130,16,160,59,0.9293569175922116,60,40,20,0.0005,0.0005,0.5,0.9549793601651186,0.994140625,0.8125,0.9875,0.9,0.8236664986723672,0.8387096774193549,0.9715909090909091,0.635,13,158,2,3
10,1:10,25,5,891,715,143,176,65,650,13,130,16,160,33,0.7973889358504744,60,40,20,0.0005,0.0005,0.5,0.8563870614035087,0.965234375,0.75,0.9625,0.85625,0.675989663616579,0.7058823529411765,0.9431818181818182,0.4549999999999999,12,154,6,4
10,1:10,26,1,891,704,143,187,64,640,13,130,17,170,2,0.9148721816142631,60,40,20,0.0005,0.0005,0.5,0.8486896609733979,0.9910034602076124,0.8823529411764706,0.9823529411764705,0.9323529411764706,0.8428256222883823,0.8571428571428571,0.9732620320855615,0.4549999999999999,15,167,3,2
10,1:10,26,2,891,715,143,176,65,650,13,130,16,160,1,0.8798998010536473,60,40,20,0.0005,0.0005,0.5,0.9462042124542125,0.99296875,0.5,1.0,0.75,0.6900655593423543,0.6666666666666666,0.9545454545454546,0.5349999999999999,8,160,0,8
10,1:10,26,3,891,715,143,176,65,650,13,130,16,160,19,0.9471986346986345,60,40,20,0.0005,0.0005,0.5,0.8913587793570379,0.9908203125,0.625,0.99375,0.809375,0.7348469228349535,0.7407407407407406,0.9602272727272727,0.4499999999999999,10,159,1,6
10,1:10,26,4,891,715,143,176,65,650,13,130,16,160,2,0.989010989010989,60,40,20,0.0005,0.0005,0.5,0.799953921261487,0.98125,0.5,0.9875,0.74375,0.6053974100509396,0.6153846153846154,0.9431818181818182,0.33999999999999997,8,158,2,8
10,1:10,26,5,891,715,143,176,65,650,13,130,16,160,12,0.8377725063959882,60,40,20,0.0005,0.0005,0.5,0.7908795925176973,0.958984375,0.9375,0.94375,0.940625,0.7382300133641133,0.75,0.9431818181818182,0.4499999999999999,15,151,9,1
10,1:10,27,1,891,704,143,187,64,640,13,130,17,170,25,0.9821780783319245,60,40,20,0.0005,0.0005,0.5,0.9598226456357946,0.9955017301038063,0.8823529411764706,0.9882352941176471,0.9352941176470588,0.8705882352941177,0.8823529411764706,0.9786096256684492,0.48499999999999993,15,168,2,2
10,1:10,27,2,891,715,143,176,65,650,13,130,16,160,26,0.8825091575091575,60,40,20,0.0005,0.0005,0.5,0.8176982668067228,0.9880859375000001,0.9375,0.975,0.95625,0.8453298971001069,0.8571428571428572,0.9715909090909091,0.4649999999999999,15,156,4,1
10,1:10,27,3,891,715,143,176,65,650,13,130,16,160,38,0.9401913875598087,60,40,20,0.0005,0.0005,0.5,0.8711881868131868,0.9908203125,0.625,0.9875,0.80625,0.6985757869274463,0.7142857142857143,0.9545454545454546,0.49499999999999994,10,158,2,6
10,1:10,27,4,891,715,143,176,65,650,13,130,16,160,24,0.966256499910346,60,40,20,0.0005,0.0005,0.5,0.932500784323701,0.9732421875,0.75,0.99375,0.871875,0.8174881820528846,0.8275862068965517,0.9715909090909091,0.5149999999999999,12,159,1,4
10,1:10,27,5,891,715,143,176,65,650,13,130,16,160,16,0.9595285056823517,60,40,20,0.0005,0.0005,0.5,0.7848245504495506,0.977734375,1.0,0.0,0.5,0.0,0.16666666666666669,0.09090909090909091,0.48999999999999994,16,0,160,0
10,1:10,28,1,891,704,143,187,64,640,13,130,17,170,15,0.8225683316181054,60,40,20,0.0005,0.0005,0.5,0.9093494260449277,0.993598615916955,0.8823529411764706,0.9882352941176471,0.9352941176470588,0.8705882352941177,0.8823529411764706,0.9786096256684492,0.4799999999999999,15,168,2,2
10,1:10,28,2,891,715,143,176,65,650,13,130,16,160,7,0.819774361441028,60,40,20,0.0005,0.0005,0.5,0.7986208336751814,0.98046875,0.6875,0.9875,0.8375,0.7419220475774079,0.7586206896551724,0.9602272727272727,0.4699999999999999,11,158,2,5
10,1:10,28,3,891,715,143,176,65,650,13,130,16,160,5,0.8761518019436572,60,40,20,0.0005,0.0005,0.5,0.9686085972850679,0.9955078125,0.1875,1.0,0.59375,0.41642574923301445,0.3157894736842105,0.9261363636363636,0.5199999999999999,3,160,0,13
10,1:10,28,4,891,715,143,176,65,650,13,130,16,160,45,0.9427053338818046,60,40,20,0.0005,0.0005,0.5,0.8425494134133841,0.9923828124999999,1.0,0.96875,0.984375,0.8591246929842246,0.8648648648648648,0.9715909090909091,0.5449999999999999,16,155,5,0
10,1:10,28,5,891,715,143,176,65,650,13,130,16,160,21,0.9593684093684094,60,40,20,0.0005,0.0005,0.5,0.8658348979024851,0.964453125,0.8125,0.975,0.89375,0.7663859287505894,0.787878787878788,0.9602272727272727,0.41999999999999993,13,156,4,3
10,1:10,29,1,891,704,143,187,64,640,13,130,17,170,3,0.8410256410256411,60,40,20,0.0005,0.0005,0.5,0.8263762694960387,0.9873702422145328,1.0,0.8941176470588236,0.9470588235294117,0.6590035768383312,0.6538461538461539,0.9037433155080213,0.4799999999999999,17,152,18,0
10,1:10,29,2,891,715,143,176,65,650,13,130,16,160,5,0.9885883347421809,60,40,20,0.0005,0.0005,0.5,0.8599413117260758,0.9625,0.875,0.9625,0.91875,0.7586256128768792,0.7777777777777777,0.9545454545454546,0.41999999999999993,14,154,6,2
10,1:10,29,3,891,715,143,176,65,650,13,130,16,160,3,0.9632478632478632,60,40,20,0.0005,0.0005,0.5,0.8911978733434347,0.989453125,1.0,0.0,0.5,0.0,0.16666666666666669,0.09090909090909091,0.49999999999999994,16,0,160,0
10,1:10,29,4,891,715,143,176,65,650,13,130,16,160,16,0.9330271036153388,60,40,20,0.0005,0.0005,0.5,0.8100780653170359,0.98984375,1.0,0.9625,0.98125,0.8366600265340756,0.8421052631578948,0.9659090909090909,0.4699999999999999,16,154,6,0
10,1:10,29,5,891,715,143,176,65,650,13,130,16,160,30,0.9838264299802759,60,40,20,0.0005,0.0005,0.5,0.8132861929736929,0.9806640625,0.8125,0.99375,0.903125,0.8565805033563155,0.8666666666666666,0.9772727272727273,0.6,13,159,1,3
10,1:10,30,1,891,704,143,187,64,640,13,130,17,170,7,0.949913121066967,60,40,20,0.0005,0.0005,0.5,0.8575494564730466,0.9608996539792387,1.0,0.0,0.5,0.0,0.16666666666666669,0.09090909090909091,0.49999999999999994,17,0,170,0
10,1:10,30,2,891,715,143,176,65,650,13,130,16,160,21,0.8070054128877658,60,40,20,0.0005,0.0005,0.5,0.8393969391139476,0.9890625,0.875,0.98125,0.928125,0.833292636816117,0.8484848484848485,0.9715909090909091,0.5099999999999999,14,157,3,2
10,1:10,30,3,891,715,143,176,65,650,13,130,16,160,4,0.7966516389593312,60,40,20,0.0005,0.0005,0.5,0.7818137237182322,0.9839843749999999,0.125,1.0,0.5625,0.33903175181040524,0.2222222222222222,0.9204545454545454,0.5249999999999999,2,160,0,14
10,1:10,30,4,891,715,143,176,65,650,13,130,16,160,65,0.8934104357181278,60,40,20,0.0005,0.0005,0.5,1.0,1.0,0.9375,1.0,0.96875,0.9652341781316803,0.967741935483871,0.9943181818181818,0.5199999999999999,15,160,0,1
10,1:10,30,5,891,715,143,176,65,650,13,130,16,160,48,0.9589457550996012,60,40,20,0.0005,0.0005,0.5,0.8322072725033252,0.9890625,0.875,0.99375,0.934375,0.8944503384020238,0.9032258064516129,0.9829545454545454,0.44499999999999995,14,159,1,2
10,1:10,31,1,891,704,143,187,64,640,13,130,17,170,8,0.9945054945054945,60,40,20,0.0005,0.0005,0.5,0.8340032516503104,0.9899653979238754,1.0,0.0,0.5,0.0,0.16666666666666669,0.09090909090909091,0.49499999999999994,17,0,170,0
10,1:10,31,2,891,715,143,176,65,650,13,130,16,160,1,0.9560080442433383,60,40,20,0.0005,0.0005,0.5,0.8363452009591716,0.991796875,0.4375,0.99375,0.715625,0.5951815449327805,0.5833333333333334,0.9431818181818182,0.4149999999999999,7,159,1,9
10,1:10,31,3,891,715,143,176,65,650,13,130,16,160,22,0.8264612580402054,60,40,20,0.0005,0.0005,0.5,0.8164743491165372,0.9833984375,0.9375,0.925,0.93125,0.688024764134722,0.6976744186046512,0.9261363636363636,0.4149999999999999,15,148,12,1
10,1:10,31,4,891,715,143,176,65,650,13,130,16,160,5,0.9325712471223306,60,40,20,0.0005,0.0005,0.5,0.9100082736356471,0.9712890624999999,1.0,0.0,0.5,0.0,0.16666666666666669,0.09090909090909091,0.4799999999999999,16,0,160,0
10,1:10,31,5,891,715,143,176,65,650,13,130,16,160,36,0.7813627730294397,60,40,20,0.0005,0.0005,0.5,0.9283157357992884,0.9935546875000001,0.875,0.9875,0.93125,0.8625,0.875,0.9772727272727273,0.4699999999999999,14,158,2,2
10,1:10,32,1,891,704,143,187,64,640,13,130,17,170,5,0.8969235892312816,60,40,20,0.0005,0.0005,0.5,0.7992645079702557,0.9844290657439446,1.0,0.0,0.5,0.0,0.16666666666666669,0.09090909090909091,0.4599999999999999,17,0,170,0
10,1:10,32,2,891,715,143,176,65,650,13,130,16,160,30,0.9430727392265854,60,40,20,0.0005,0.0005,0.5,0.7585916250558193,0.9505859375,0.375,0.9875,0.68125,0.5002975305232068,0.5,0.9318181818181818,0.4549999999999999,6,158,2,10
10,1:10,32,3,891,715,143,176,65,650,13,130,16,160,21,0.941268861857097,60,40,20,0.0005,0.0005,0.5,0.9142726608187135,0.9906250000000001,1.0,0.9625,0.98125,0.8366600265340756,0.8421052631578948,0.9659090909090909,0.37499999999999994,16,154,6,0
10,1:10,32,4,891,715,143,176,65,650,13,130,16,160,1,0.9197407720484643,60,40,20,0.0005,0.0005,0.5,0.8764153829701431,0.9912109375,0.75,0.9875,0.86875,0.7835387550081025,0.7999999999999999,0.9659090909090909,0.5549999999999999,12,158,2,4
10,1:10,32,5,891,715,143,176,65,650,13,130,16,160,10,0.8772727272727273,60,40,20,0.0005,0.0005,0.5,0.967055636357107,0.9970703125,0.5,1.0,0.75,0.6900655593423543,0.6666666666666666,0.9545454545454546,0.5299999999999999,8,160,0,8
10,1:10,33,1,891,704,143,187,64,640,13,130,17,170,22,0.8710661133738058,60,40,20,0.0005,0.0005,0.5,0.9186589074132326,0.9721453287197233,0.5882352941176471,1.0,0.7941176470588236,0.7516460280028289,0.7407407407407407,0.9625668449197861,0.49499999999999994,10,170,0,7
10,1:10,33,2,891,715,143,176,65,650,13,130,16,160,58,0.9135170385170386,60,40,20,0.0005,0.0005,0.5,0.7725160256410256,0.9814453125,0.8125,0.9875,0.9,0.8236664986723672,0.8387096774193549,0.9715909090909091,0.48499999999999993,13,158,2,3
10,1:10,33,3,891,715,143,176,65,650,13,130,16,160,15,0.9408882783882782,60,40,20,0.0005,0.0005,0.5,1.0,1.0,1.0,0.0,0.5,0.0,0.16666666666666669,0.09090909090909091,0.4599999999999999,16,0,160,0
10,1:10,33,4,891,715,143,176,65,650,13,130,16,160,23,0.9212058212058213,60,40,20,0.0005,0.0005,0.5,0.8006829998225627,0.984375,1.0,0.925,0.9625,0.7270291799999699,0.7272727272727273,0.9318181818181818,0.5099999999999999,16,148,12,0
10,1:10,33,5,891,715,143,176,65,650,13,130,16,160,2,0.9367755532139093,60,40,20,0.0005,0.0005,0.5,0.9085659521245569,0.9886718750000001,1.0,0.0,0.5,0.0,0.16666666666666669,0.09090909090909091,0.49499999999999994,16,0,160,0
10,1:10,34,1,891,704,143,187,64,640,13,130,17,170,8,0.9541968003506462,60,40,20,0.0005,0.0005,0.5,0.936798490770445,0.9929065743944637,0.7058823529411765,0.9882352941176471,0.8470588235294119,0.7582194797821122,0.7741935483870968,0.9625668449197861,0.43999999999999995,12,168,2,5
10,1:10,34,2,891,715,143,176,65,650,13,130,16,160,39,0.8502726973880821,60,40,20,0.0005,0.0005,0.5,0.8636397283272285,0.9890625000000001,0.9375,0.96875,0.953125,0.820900849754832,0.8333333333333334,0.9659090909090909,0.5549999999999999,15,155,5,1
10,1:10,34,3,891,715,143,176,65,650,13,130,16,160,30,0.9121807177237041,60,40,20,0.0005,0.0005,0.5,0.934529680774749,0.97265625,0.9375,0.9625,0.95,0.7981545534821184,0.8108108108108109,0.9602272727272727,0.42499999999999993,15,154,6,1
10,1:10,34,4,891,715,143,176,65,650,13,130,16,160,16,0.8583412115919855,60,40,20,0.0005,0.0005,0.5,0.9111032196969696,0.9890625,1.0,0.94375,0.971875,0.7771743691090179,0.7804878048780487,0.9488636363636364,0.43499999999999994,16,151,9,0
10,1:10,34,5,891,715,143,176,65,650,13,130,16,160,9,1.0,60,40,20,0.0005,0.0005,0.5,0.6804299130979622,0.97265625,1.0,0.925,0.9625,0.7270291799999699,0.7272727272727273,0.9318181818181818,0.565,16,148,12,0
10,1:10,35,1,891,704,143,187,64,640,13,130,17,170,10,0.966256499910346,60,40,20,0.0005,0.0005,0.5,0.8885579471925311,0.9878892733564013,0.9411764705882353,0.9647058823529412,0.9529411764705882,0.808290376865476,0.8205128205128205,0.9625668449197861,0.48499999999999993,16,164,6,1
10,1:10,35,2,891,715,143,176,65,650,13,130,16,160,8,0.8264320646673586,60,40,20,0.0005,0.0005,0.5,0.7536851682459268,0.9859375000000001,0.1875,0.9875,0.5875,0.30281331944409007,0.2857142857142857,0.9147727272727273,0.48999999999999994,3,158,2,13
10,1:10,35,3,891,715,143,176,65,650,13,130,16,160,9,0.8591004646434511,60,40,20,0.0005,0.0005,0.5,0.7769297542735043,0.9634765624999999,0.9375,0.95625,0.946875,0.7768985960673559,0.7894736842105263,0.9545454545454546,0.4699999999999999,15,153,7,1
10,1:10,35,4,891,715,143,176,65,650,13,130,16,160,1,0.953112573700809,60,40,20,0.0005,0.0005,0.5,0.9636333661809205,0.9958984375,1.0,0.0,0.5,0.0,0.16666666666666669,0.09090909090909091,0.32999999999999996,16,0,160,0
10,1:10,35,5,891,715,143,176,65,650,13,130,16,160,1,1.0,60,40,20,0.0005,0.0005,0.5,0.8524640792321714,0.98125,0.5,1.0,0.75,0.6900655593423543,0.6666666666666666,0.9545454545454546,0.5249999999999999,8,160,0,8
10,1:10,36,1,891,704,143,187,64,640,13,130,17,170,13,0.9704231665770127,60,40,20,0.0005,0.0005,0.5,0.90660494830045,0.9934256055363322,0.7058823529411765,0.9941176470588236,0.8500000000000001,0.7912262025647978,0.8000000000000002,0.9679144385026738,0.49499999999999994,12,169,1,5
10,1:10,36,2,891,715,143,176,65,650,13,130,16,160,9,0.9787545787545786,60,40,20,0.0005,0.0005,0.5,0.8989188762626262,0.9896484375,0.625,0.99375,0.809375,0.7348469228349535,0.7407407407407406,0.9602272727272727,0.49499999999999994,10,159,1,6
10,1:10,36,3,891,715,143,176,65,650,13,130,16,160,2,0.9157748049052397,60,40,20,0.0005,0.0005,0.5,0.8131608454418557,0.9859375,0.625,0.9875,0.80625,0.6985757869274463,0.7142857142857143,0.9545454545454546,0.5549999999999999,10,158,2,6
10,1:10,36,4,891,715,143,176,65,650,13,130,16,160,8,0.8232267732267732,60,40,20,0.0005,0.0005,0.5,0.890009753864874,0.988671875,1.0,0.9375,0.96875,0.75955452531275,0.761904761904762,0.9431818181818182,0.49499999999999994,16,150,10,0
10,1:10,36,5,891,715,143,176,65,650,13,130,16,160,5,0.9260952722491185,60,40,20,0.0005,0.0005,0.5,0.7814189562677466,0.9578125,0.6875,0.99375,0.840625,0.776987354847874,0.7857142857142857,0.9659090909090909,0.43999999999999995,11,159,1,5
10,1:10,37,1,891,704,143,187,64,640,13,130,17,170,10,0.9727153188691651,60,40,20,0.0005,0.0005,0.5,0.9036765789907293,0.9929065743944637,1.0,0.9117647058823529,0.9558823529411764,0.6959705453537527,0.6938775510204082,0.9197860962566845,0.4599999999999999,17,155,15,0
10,1:10,37,2,891,715,143,176,65,650,13,130,16,160,6,0.7766443209882126,60,40,20,0.0005,0.0005,0.5,0.947071158008658,0.9947265625,1.0,0.0,0.5,0.0,0.16666666666666669,0.09090909090909091,0.48999999999999994,16,0,160,0
10,1:10,37,3,891,715,143,176,65,650,13,130,16,160,2,0.8115352725078127,60,40,20,0.0005,0.0005,0.5,0.8180785351371933,0.9638671875,0.6875,0.99375,0.840625,0.776987354847874,0.7857142857142857,0.9659090909090909,0.41999999999999993,11,159,1,5
10,1:10,37,4,891,715,143,176,65,650,13,130,16,160,33,0.9756781679858604,60,40,20,0.0005,0.0005,0.5,0.8041311458794045,0.986328125,0.625,0.9875,0.80625,0.6985757869274463,0.7142857142857143,0.9545454545454546,0.5149999999999999,10,158,2,6
10,1:10,37,5,891,715,143,176,65,650,13,130,16,160,19,0.8275892408245348,60,40,20,0.0005,0.0005,0.5,0.8310781862803297,0.9816406249999999,0.9375,0.94375,0.940625,0.7382300133641133,0.75,0.9431818181818182,0.5049999999999999,15,151,9,1
10,1:10,38,1,891,704,143,187,64,640,13,130,17,170,3,0.8474008619519455,60,40,20,0.0005,0.0005,0.5,0.7901437112288268,0.9664359861591694,1.0,0.0,0.5,0.0,0.16666666666666669,0.09090909090909091,0.43999999999999995,17,0,170,0
10,1:10,38,2,891,715,143,176,65,650,13,130,16,160,63,0.8645642818719741,60,40,20,0.0005,0.0005,0.5,0.9503497305354891,0.99296875,0.875,0.975,0.925,0.806443809226796,0.823529411764706,0.9659090909090909,0.5349999999999999,14,156,4,2
10,1:10,38,3,891,715,143,176,65,650,13,130,16,160,6,0.8966467343032636,60,40,20,0.0005,0.0005,0.5,0.9176896499706602,0.9912109375,1.0,0.94375,0.971875,0.7771743691090179,0.7804878048780487,0.9488636363636364,0.4549999999999999,16,151,9,0
10,1:10,38,4,891,715,143,176,65,650,13,130,16,160,1,1.0,60,40,20,0.0005,0.0005,0.5,0.7779824342324342,0.9855468749999999,0.6875,0.9875,0.8375,0.7419220475774079,0.7586206896551724,0.9602272727272727,0.61,11,158,2,5
10,1:10,38,5,891,715,143,176,65,650,13,130,16,160,1,0.8268834502507765,60,40,20,0.0005,0.0005,0.5,0.8599901289263713,0.9863281250000001,0.5,0.99375,0.746875,0.6443882325726552,0.64,0.9488636363636364,0.36499999999999994,8,159,1,8
10,1:10,39,1,891,704,143,187,64,640,13,130,17,170,9,0.8018658691735616,60,40,20,0.0005,0.0005,0.5,0.9526033942988961,0.994636678200692,0.8823529411764706,0.9823529411764705,0.9323529411764706,0.8428256222883823,0.8571428571428571,0.9732620320855615,0.5549999999999999,15,167,3,2
10,1:10,39,2,891,715,143,176,65,650,13,130,16,160,79,0.9010415677836492,60,40,20,0.0005,0.0005,0.5,0.7845769681707181,0.983203125,0.8125,0.98125,0.896875,0.79375,0.8125,0.9659090909090909,0.44499999999999995,13,157,3,3
10,1:10,39,3,891,715,143,176,65,650,13,130,16,160,32,0.9143096486846487,60,40,20,0.0005,0.0005,0.5,0.9094305867743367,0.9923828124999999,0.9375,0.9875,0.9625,0.9001993448816447,0.9090909090909091,0.9829545454545454,0.57,15,158,2,1
10,1:10,39,4,891,715,143,176,65,650,13,130,16,160,39,0.9337811311495521,60,40,20,0.0005,0.0005,0.5,0.8319744800731413,0.9712890625,0.6875,0.9875,0.8375,0.7419220475774079,0.7586206896551724,0.9602272727272727,0.42999999999999994,11,158,2,5
10,1:10,39,5,891,715,143,176,65,650,13,130,16,160,132,0.849638395792242,60,40,20,0.0005,0.0005,0.5,0.8651811854604542,0.98828125,0.9375,0.9625,0.95,0.7981545534821184,0.8108108108108109,0.9602272727272727,0.95,15,154,6,1
10,1:10,40,1,891,704,143,187,64,640,13,130,17,170,23,0.7695108059361453,60,40,20,0.0005,0.0005,0.5,0.9291833022801881,0.9918685121107267,0.35294117647058826,1.0,0.6764705882352942,0.575753169949747,0.5217391304347826,0.9411764705882353,0.5099999999999999,6,170,0,11
10,1:10,40,2,891,715,143,176,65,650,13,130,16,160,10,0.9945054945054943,60,40,20,0.0005,0.0005,0.5,0.9147601073999101,0.9916015625,0.6875,0.99375,0.840625,0.776987354847874,0.7857142857142857,0.9659090909090909,0.49999999999999994,11,159,1,5
10,1:10,40,3,891,715,143,176,65,650,13,130,16,160,4,0.9349334875650663,60,40,20,0.0005,0.0005,0.5,0.7422107497765392,0.984765625,0.625,0.98125,0.803125,0.6663559131019311,0.6896551724137931,0.9488636363636364,0.5249999999999999,10,157,3,6
10,1:10,40,4,891,715,143,176,65,650,13,130,16,160,42,0.7155648649992541,60,40,20,0.0005,0.0005,0.5,0.8614316006691856,0.9751953125,0.8125,0.9875,0.9,0.8236664986723672,0.8387096774193549,0.9715909090909091,0.43499999999999994,13,158,2,3
10,1:10,40,5,891,715,143,176,65,650,13,130,16,160,3,0.9028998778998778,60,40,20,0.0005,0.0005,0.5,0.9384672619047619,0.9931640625,1.0,0.8875,0.94375,0.6462561866810479,0.6399999999999999,0.8977272727272727,0.4499999999999999,16,142,18,0
10,1:10,41,1,891,704,143,187,64,640,13,130,17,170,10,0.7800932400932401,60,40,20,0.0005,0.0005,0.5,0.7665002577199809,0.964878892733564,0.8235294117647058,0.9823529411764705,0.9029411764705881,0.8058823529411765,0.8235294117647058,0.9679144385026738,0.4599999999999999,14,167,3,3
10,1:10,41,2,891,715,143,176,65,650,13,130,16,160,5,0.9174908424908426,60,40,20,0.0005,0.0005,0.5,0.9078169089682248,0.984375,1.0,0.0,0.5,0.0,0.16666666666666669,0.09090909090909091,0.4799999999999999,16,0,160,0
10,1:10,41,3,891,715,143,176,65,650,13,130,16,160,20,0.901981351981352,60,40,20,0.0005,0.0005,0.5,0.8969164436663006,0.9919921875000001,1.0,0.94375,0.971875,0.7771743691090179,0.7804878048780487,0.9488636363636364,0.5299999999999999,16,151,9,0
10,1:10,41,4,891,715,143,176,65,650,13,130,16,160,48,0.8263787296295035,60,40,20,0.0005,0.0005,0.5,0.8721755857446648,0.99296875,1.0,0.96875,0.984375,0.8591246929842246,0.8648648648648648,0.9715909090909091,0.5599999999999999,16,155,5,0
10,1:10,41,5,891,715,143,176,65,650,13,130,16,160,11,0.862588408742255,60,40,20,0.0005,0.0005,0.5,0.8491327407495886,0.9306640624999999,1.0,0.0,0.5,0.0,0.16666666666666669,0.09090909090909091,0.49999999999999994,16,0,160,0
10,1:10,42,1,891,704,143,187,64,640,13,130,17,170,36,0.7247619258156668,60,40,20,0.0005,0.0005,0.5,0.9279439299950136,0.9955017301038062,0.8823529411764706,0.9941176470588236,0.9382352941176471,0.9007996772199311,0.9090909090909091,0.983957219251337,0.5549999999999999,15,169,1,2
10,1:10,42,2,891,715,143,176,65,650,13,130,16,160,1,0.9501850713389173,60,40,20,0.0005,0.0005,0.5,0.8320296561675872,0.9859374999999999,1.0,0.0,0.5,0.0,0.16666666666666669,0.09090909090909091,0.38499999999999995,16,0,160,0
10,1:10,42,3,891,715,143,176,65,650,13,130,16,160,10,0.8829717291255752,60,40,20,0.0005,0.0005,0.5,0.6398058086237434,0.9425781249999999,0.9375,0.88125,0.909375,0.5961940877127977,0.6,0.8863636363636364,0.5049999999999999,15,141,19,1
10,1:10,42,4,891,715,143,176,65,650,13,130,16,160,6,0.927257872846108,60,40,20,0.0005,0.0005,0.5,0.9467393207282914,0.9937499999999999,1.0,0.95,0.975,0.7958224257542214,0.8,0.9545454545454546,0.4149999999999999,16,152,8,0
10,1:10,42,5,891,715,143,176,65,650,13,130,16,160,9,0.9497377622377623,60,40,20,0.0005,0.0005,0.5,0.8763808753166338,0.9896484375000001,0.5625,0.99375,0.778125,0.6907739678786363,0.6923076923076923,0.9545454545454546,0.4699999999999999,9,159,1,7
10,1:10,43,1,891,704,143,187,64,640,13,130,17,170,42,0.8904428904428905,60,40,20,0.0005,0.0005,0.5,0.8396855057162833,0.9878892733564014,0.6470588235294118,0.9882352941176471,0.8176470588235294,0.7180876460251947,0.7333333333333334,0.9572192513368984,0.49999999999999994,11,168,2,6
10,1:10,43,2,891,715,143,176,65,650,13,130,16,160,7,0.9855769230769229,60,40,20,0.0005,0.0005,0.5,0.9587797619047618,0.9960937500000001,0.125,1.0,0.5625,0.33903175181040524,0.2222222222222222,0.9204545454545454,0.5099999999999999,2,160,0,14
10,1:10,43,3,891,715,143,176,65,650,13,130,16,160,19,0.7568572453187838,60,40,20,0.0005,0.0005,0.5,0.9809782608695652,0.997265625,0.9375,0.95625,0.946875,0.7768985960673559,0.7894736842105263,0.9545454545454546,0.49499999999999994,15,153,7,1
10,1:10,43,4,891,715,143,176,65,650,13,130,16,160,1,0.9244441455979916,60,40,20,0.0005,0.0005,0.5,0.7868177317760352,0.9638671875,0.6875,0.9875,0.8375,0.7419220475774079,0.7586206896551724,0.9602272727272727,0.615,11,158,2,5
10,1:10,43,5,891,715,143,176,65,650,13,130,16,160,1,0.96749276364661,60,40,20,0.0005,0.0005,0.5,0.853247133261793,0.9876953125,0.1875,1.0,0.59375,0.41642574923301445,0.3157894736842105,0.9261363636363636,0.6399999999999999,3,160,0,13
10,1:10,44,1,891,704,143,187,64,640,13,130,17,170,43,0.8128787878787879,60,40,20,0.0005,0.0005,0.5,0.9866310160427807,0.9982698961937717,0.7647058823529411,1.0,0.8823529411764706,0.864364759104401,0.8666666666666666,0.9786096256684492,0.5099999999999999,13,170,0,4
10,1:10,44,2,891,715,143,176,65,650,13,130,16,160,7,0.8590929014005937,60,40,20,0.0005,0.0005,0.5,0.7382441512520848,0.976953125,0.5625,0.9875,0.775,0.6531972647421809,0.6666666666666666,0.9488636363636364,0.4799999999999999,9,158,2,7
10,1:10,44,3,891,715,143,176,65,650,13,130,16,160,68,0.9945054945054945,60,40,20,0.0005,0.0005,0.5,0.8510128250017956,0.9900390625,0.875,0.9875,0.93125,0.8625,0.875,0.9772727272727273,0.7,14,158,2,2
10,1:10,44,4,891,715,143,176,65,650,13,130,16,160,6,1.0,60,40,20,0.0005,0.0005,0.5,0.9261788935701979,0.9910156250000001,1.0,0.0,0.5,0.0,0.16666666666666669,0.09090909090909091,0.43499999999999994,16,0,160,0
10,1:10,44,5,891,715,143,176,65,650,13,130,16,160,25,0.9207997131074053,60,40,20,0.0005,0.0005,0.5,0.7556030528361999,0.9568359375,0.6875,0.98125,0.834375,0.7104970066598896,0.7333333333333334,0.9545454545454546,0.4799999999999999,11,157,3,5
10,1:10,45,1,891,704,143,187,64,640,13,130,17,170,42,0.9855769230769231,60,40,20,0.0005,0.0005,0.5,0.9549329515159966,0.996885813148789,1.0,0.9882352941176471,0.9941176470588236,0.9403246919632545,0.9444444444444444,0.9893048128342246,0.565,17,168,2,0
10,1:10,45,2,891,715,143,176,65,650,13,130,16,160,31,0.9025010936775641,60,40,20,0.0005,0.0005,0.5,0.9710839598997494,0.996875,0.875,0.98125,0.928125,0.833292636816117,0.8484848484848485,0.9715909090909091,0.43999999999999995,14,157,3,2
10,1:10,45,3,891,715,143,176,65,650,13,130,16,160,2,0.9945054945054946,60,40,20,0.0005,0.0005,0.5,0.7672246722363383,0.9541015624999999,1.0,0.0,0.5,0.0,0.16666666666666669,0.09090909090909091,0.49999999999999994,16,0,160,0
10,1:10,45,4,891,715,143,176,65,650,13,130,16,160,67,0.8750981924058847,60,40,20,0.0005,0.0005,0.5,0.7292735042735043,0.9564453125,0.9375,0.975,0.95625,0.8453298971001069,0.8571428571428572,0.9715909090909091,0.61,15,156,4,1
10,1:10,45,5,891,715,143,176,65,650,13,130,16,160,25,0.8190466396348748,60,40,20,0.0005,0.0005,0.5,0.9215315934065934,0.9892578125,0.75,0.9875,0.86875,0.7835387550081025,0.7999999999999999,0.9659090909090909,0.5099999999999999,12,158,2,4
10,1:10,46,1,891,704,143,187,64,640,13,130,17,170,21,0.9230835403912325,60,40,20,0.0005,0.0005,0.5,0.8861638447551761,0.9911764705882353,0.9411764705882353,0.9411764705882353,0.9411764705882353,0.7331479879864508,0.744186046511628,0.9411764705882353,0.4799999999999999,16,160,10,1
10,1:10,46,2,891,715,143,176,65,650,13,130,16,160,63,0.9147608244598211,60,40,20,0.0005,0.0005,0.5,0.8440127070641776,0.990625,0.75,0.99375,0.871875,0.8174881820528846,0.8275862068965517,0.9715909090909091,0.6399999999999999,12,159,1,4
10,1:10,46,3,891,715,143,176,65,650,13,130,16,160,2,0.9709162632239552,60,40,20,0.0005,0.0005,0.5,0.8425231276721216,0.9865234375,0.0625,1.0,0.53125,0.23904572186687872,0.11764705882352941,0.9147727272727273,0.43999999999999995,1,160,0,15
10,1:10,46,4,891,715,143,176,65,650,13,130,16,160,16,0.9267493190570113,60,40,20,0.0005,0.0005,0.5,0.9146800825593395,0.9904296874999999,0.5625,1.0,0.78125,0.7341131763485946,0.72,0.9602272727272727,0.5099999999999999,9,160,0,7
10,1:10,46,5,891,715,143,176,65,650,13,130,16,160,1,0.8354711527788452,60,40,20,0.0005,0.0005,0.5,0.8337964846533396,0.9601562499999999,1.0,0.49375,0.746875,0.28538272366958756,0.2831858407079646,0.5397727272727273,0.5549999999999999,16,79,81,0
10,1:10,47,1,891,704,143,187,64,640,13,130,17,170,2,0.9153846153846152,60,40,20,0.0005,0.0005,0.5,0.9238670610559214,0.9882352941176471,1.0,0.9,0.95,0.6708203932499369,0.6666666666666666,0.9090909090909091,0.37999999999999995,17,153,17,0
10,1:10,47,2,891,715,143,176,65,650,13,130,16,160,13,0.8325383740125345,60,40,20,0.0005,0.0005,0.5,0.7967516631918805,0.983984375,1.0,0.95625,0.978125,0.8156086017841816,0.8205128205128205,0.9602272727272727,0.5449999999999999,16,153,7,0
10,1:10,47,3,891,715,143,176,65,650,13,130,16,160,71,0.7608493358493358,60,40,20,0.0005,0.0005,0.5,0.9793220413165267,0.998046875,0.875,0.99375,0.934375,0.8944503384020238,0.9032258064516129,0.9829545454545454,0.6649999999999999,14,159,1,2
10,1:10,47,4,891,715,143,176,65,650,13,130,16,160,10,0.7868036877652262,60,40,20,0.0005,0.0005,0.5,0.8484816809652336,0.9884765624999999,1.0,0.925,0.9625,0.7270291799999699,0.7272727272727273,0.9318181818181818,0.43999999999999995,16,148,12,0
10,1:10,47,5,891,715,143,176,65,650,13,130,16,160,39,0.9301120887659347,60,40,20,0.0005,0.0005,0.5,0.7348792629357322,0.9623046875,0.875,0.975,0.925,0.806443809226796,0.823529411764706,0.9659090909090909,0.38999999999999996,14,156,4,2
10,1:10,48,1,891,704,143,187,64,640,13,130,17,170,12,0.867372584680277,60,40,20,0.0005,0.0005,0.5,0.8259324091282316,0.9826989619377162,0.9411764705882353,0.9294117647058824,0.9352941176470588,0.7014296785069665,0.7111111111111111,0.93048128342246,0.48999999999999994,16,158,12,1
10,1:10,48,2,891,715,143,176,65,650,13,130,16,160,1,0.9885883347421809,60,40,20,0.0005,0.0005,0.5,0.751235136179963,0.951953125,0.4375,0.99375,0.715625,0.5951815449327805,0.5833333333333334,0.9431818181818182,0.39499999999999996,7,159,1,9
10,1:10,48,3,891,715,143,176,65,650,13,130,16,160,53,0.7585532871067988,60,40,20,0.0005,0.0005,0.5,0.9411248473748474,0.993359375,0.8125,0.99375,0.903125,0.8565805033563155,0.8666666666666666,0.9772727272727273,0.49999999999999994,13,159,1,3
10,1:10,48,4,891,715,143,176,65,650,13,130,16,160,8,0.869726854342239,60,40,20,0.0005,0.0005,0.5,0.9388261911699411,0.9951171875,0.8125,0.99375,0.903125,0.8565805033563155,0.8666666666666666,0.9772727272727273,0.4649999999999999,13,159,1,3
10,1:10,48,5,891,715,143,176,65,650,13,130,16,160,15,0.9121028768802049,60,40,20,0.0005,0.0005,0.5,0.8538356608669108,0.9933593749999999,1.0,0.95,0.975,0.7958224257542214,0.8,0.9545454545454546,0.4499999999999999,16,152,8,0
10,1:10,49,1,891,704,143,187,64,640,13,130,17,170,33,0.9563880788577144,60,40,20,0.0005,0.0005,0.5,0.8594972674384439,0.9688581314878892,0.8823529411764706,0.9823529411764705,0.9323529411764706,0.8428256222883823,0.8571428571428571,0.9732620320855615,0.5099999999999999,15,167,3,2
10,1:10,49,2,891,715,143,176,65,650,13,130,16,160,49,0.9004395604395603,60,40,20,0.0005,0.0005,0.5,0.9076280490342991,0.9933593749999999,0.9375,0.98125,0.959375,0.8716708820319045,0.8823529411764706,0.9772727272727273,0.5449999999999999,15,157,3,1
10,1:10,49,3,891,715,143,176,65,650,13,130,16,160,3,0.931244270355863,60,40,20,0.0005,0.0005,0.5,0.7626895809800222,0.9820312499999999,0.3125,0.99375,0.653125,0.48517229605857043,0.45454545454545453,0.9318181818181818,0.49499999999999994,5,159,1,11
10,1:10,49,4,891,715,143,176,65,650,13,130,16,160,37,0.677873596991244,60,40,20,0.0005,0.0005,0.5,0.967438126566416,0.9966796875000001,1.0,0.975,0.9875,0.8831760866327847,0.888888888888889,0.9772727272727273,0.5499999999999999,16,156,4,0
10,1:10,49,5,891,715,143,176,65,650,13,130,16,160,34,0.9681776556776556,60,40,20,0.0005,0.0005,0.5,0.8874687047021607,0.9900390625000001,0.9375,0.9625,0.95,0.7981545534821184,0.8108108108108109,0.9602272727272727,0.43499999999999994,15,154,6,1
10,1:10,50,1,891,704,143,187,64,640,13,130,17,170,9,1.0,60,40,20,0.0005,0.0005,0.5,0.8703763462477134,0.9811418685121107,1.0,0.0,0.5,0.0,0.16666666666666669,0.09090909090909091,0.49999999999999994,17,0,170,0
10,1:10,50,2,891,715,143,176,65,650,13,130,16,160,5,0.9500171836710298,60,40,20,0.0005,0.0005,0.5,0.7259229038505354,0.9794921875,1.0,0.60625,0.803125,0.3504066353917721,0.3368421052631579,0.6420454545454546,0.4549999999999999,16,97,63,0
10,1:10,50,3,891,715,143,176,65,650,13,130,16,160,20,0.8542679542679542,60,40,20,0.0005,0.0005,0.5,0.903849189005439,0.994140625,1.0,0.98125,0.990625,0.9090191359227177,0.9142857142857143,0.9829545454545454,0.49999999999999994,16,157,3,0
10,1:10,50,4,891,715,143,176,65,650,13,130,16,160,36,0.8273446081974509,60,40,20,0.0005,0.0005,0.5,0.9313169050591652,0.9949218750000001,1.0,0.975,0.9875,0.8831760866327847,0.888888888888889,0.9772727272727273,0.4549999999999999,16,156,4,0
10,1:10,50,5,891,715,143,176,65,650,13,130,16,160,19,0.8707850880927803,60,40,20,0.0005,0.0005,0.5,0.9719611528822055,0.996484375,0.9375,0.975,0.95625,0.8453298971001069,0.8571428571428572,0.9715909090909091,0.4649999999999999,15,156,4,1
